archived_path,recovery_tag,recovery_commit,original_path,git_blob,sha256,bytes
11_archive/phase5r_retired_20260831/00_project_control/audit_reports/phase0a/phase0a_broken_path_report.csv,phase5r-pre-cleanup-20260831,5790e00040dcd07973f4366eaea480eff210c306,00_project_control/audit_reports/phase0a/phase0a_broken_path_report.csv,2f57e592d00f17132ed9d55ea3102ce6af532ab8,15943b3b3b4575552eec4fe9a25d28cba510b3d128cd48474b4562dcf3a48f00,5279
11_archive/phase5r_retired_20260831/00_project_control/audit_reports/phase0a/phase0a_cleanup_plan.md,phase5r-pre-cleanup-20260831,5790e00040dcd07973f4366eaea480eff210c306,00_project_control/audit_reports/phase0a/phase0a_cleanup_plan.md,2ae48a931e5dccf154216443cc3be04773ed945d,ae74ccb2948e54abe209f9715732d398a70fd285daef7ea3a9cb204d6ee7623a,9957
11_archive/phase5r_retired_20260831/00_project_control/audit_reports/phase0a/phase0a_duplicate_file_report.csv,phase5r-pre-cleanup-20260831,5790e00040dcd07973f4366eaea480eff210c306,00_project_control/audit_reports/phase0a/phase0a_duplicate_file_report.csv,4755816942d8e89c6841ea2e8d7bef7dcd0a559a,d3eb3161931fd9734a244bff62a523c8712d64d99612af1dc936dc62bbe36f94,3657
11_archive/phase5r_retired_20260831/00_project_control/audit_reports/phase0a/phase0a_file_classification.csv,phase5r-pre-cleanup-20260831,5790e00040dcd07973f4366eaea480eff210c306,00_project_control/audit_reports/phase0a/phase0a_file_classification.csv,0eae62338e5c6f5593672244bb776ca0023a4aba,5ff1eb571f7f71660a8727cafccb91364687ba2fe9f13ef5598cd4cb0c582afa,86779
11_archive/phase5r_retired_20260831/00_project_control/audit_reports/phase0a/phase0a_full_file_inventory.csv,phase5r-pre-cleanup-20260831,5790e00040dcd07973f4366eaea480eff210c306,00_project_control/audit_reports/phase0a/phase0a_full_file_inventory.csv,b4b6dfd7cf672b3762875125b5819918b1991a69,32f831204d58d5e884e4eb9199367b66bbe07aafb7642acccd96172db6ed5cbc,142388
11_archive/phase5r_retired_20260831/00_project_control/audit_reports/phase0a/phase0a_new_canonical_structure.md,phase5r-pre-cleanup-20260831,5790e00040dcd07973f4366eaea480eff210c306,00_project_control/audit_reports/phase0a/phase0a_new_canonical_structure.md,c78539a9ae0bec975ddaeff666e9f7351bac6862,a8c80f4ee11697e12e6ed30c0e23ab0931948ae25d0e9ad76c9699db18fe4785,2890
11_archive/phase5r_retired_20260831/00_project_control/audit_reports/phase0a/phase0a_phase_dependency_map.csv,phase5r-pre-cleanup-20260831,5790e00040dcd07973f4366eaea480eff210c306,00_project_control/audit_reports/phase0a/phase0a_phase_dependency_map.csv,8a2822e069f93e485c6b47aa1f61642fd7e76ae8,2924a80a2c13476b6d4a4701f785993933771b5e88afcb42652b8cd2b26e0062,118355
11_archive/phase5r_retired_20260831/00_project_control/audit_reports/phase0a/phase0a_real_position_file_map.csv,phase5r-pre-cleanup-20260831,5790e00040dcd07973f4366eaea480eff210c306,00_project_control/audit_reports/phase0a/phase0a_real_position_file_map.csv,8834af2d1ec3ecfc9f93046259aa966360ea2cb8,be999374257184c638dac55d2af368e57b1d1d311cd49c89faf85f9cda0aa560,35265
11_archive/phase5r_retired_20260831/00_project_control/audit_reports/phase0a/phase0a_verification_report.md,phase5r-pre-cleanup-20260831,5790e00040dcd07973f4366eaea480eff210c306,00_project_control/audit_reports/phase0a/phase0a_verification_report.md,4c0d71c5348d996403daf2fdc652ad315f583e22,29a6170d4bea3f1e5e8a6d9fb11041ed1d51510ddda742c878a1a8399ab6b38f,2416
11_archive/phase5r_retired_20260831/00_project_control/audit_reports/phase0b/phase0b_active_entrypoint_register.csv,phase5r-pre-cleanup-20260831,5790e00040dcd07973f4366eaea480eff210c306,00_project_control/audit_reports/phase0b/phase0b_active_entrypoint_register.csv,c4692d267e8bda9ca932e4ee57cc1edd74d63fd8,cbc7f8c1508aeb7f81cd0f6622aa2a982fc1fb6b13ef1b9f1d29d62619e94cd6,4431
11_archive/phase5r_retired_20260831/00_project_control/audit_reports/phase0b/phase0b_broken_path_resolution_plan.csv,phase5r-pre-cleanup-20260831,5790e00040dcd07973f4366eaea480eff210c306,00_project_control/audit_reports/phase0b/phase0b_broken_path_resolution_plan.csv,85f78b79ed32763d44ca0ca0df47c19bc58eb44e,077e7999c722e008de34744ff16d1828cc01c5df6a12e79238ecabc500350629,9051
11_archive/phase5r_retired_20260831/00_project_control/audit_reports/phase0b/phase0b_duplicate_resolution_plan.csv,phase5r-pre-cleanup-20260831,5790e00040dcd07973f4366eaea480eff210c306,00_project_control/audit_reports/phase0b/phase0b_duplicate_resolution_plan.csv,f30d1fd166d346e80ca7629441fdb3193c01801f,e4eec23b9306e8f58553029b22a8006ff31317c584fec217e7a3d4a92f5899b0,1845
11_archive/phase5r_retired_20260831/00_project_control/audit_reports/phase0b/phase0b_human_review_queue.csv,phase5r-pre-cleanup-20260831,5790e00040dcd07973f4366eaea480eff210c306,00_project_control/audit_reports/phase0b/phase0b_human_review_queue.csv,4eb7bafa929103e299afab5ebfb43b1144ee9e19,35a443b6b6f7cb745ab6f4e9d5332a1307ac02ad32e58058e4d94288c1c3977e,77703
11_archive/phase5r_retired_20260831/00_project_control/audit_reports/phase0b/phase0b_migration_map.csv,phase5r-pre-cleanup-20260831,5790e00040dcd07973f4366eaea480eff210c306,00_project_control/audit_reports/phase0b/phase0b_migration_map.csv,7514bdbb4607aae107129810f5d50be8ad25964c,cdade20dcd58f6aec44c4e0daaf8979b1fdb0b09d49d692529dc06d36ae4091e,110859
11_archive/phase5r_retired_20260831/00_project_control/audit_reports/phase0b/phase0b_migration_plan.md,phase5r-pre-cleanup-20260831,5790e00040dcd07973f4366eaea480eff210c306,00_project_control/audit_reports/phase0b/phase0b_migration_plan.md,eeedf6d4421075e679fb6b9da16607f4415e6170,6450d057131ddf1a2c385373e99e6a6b74e7a2cbe36a978e0de8833c4d3b0f1a,3224
11_archive/phase5r_retired_20260831/00_project_control/audit_reports/phase0b/phase0b_phase_register.csv,phase5r-pre-cleanup-20260831,5790e00040dcd07973f4366eaea480eff210c306,00_project_control/audit_reports/phase0b/phase0b_phase_register.csv,57156c653227c0c16bb470fb267ed7726cb83a6d,8e5f4d40e1e9f7cb6fdcfec1fe2857cc5db6d8841c594ad65cc56b66b754dee6,6236
11_archive/phase5r_retired_20260831/00_project_control/audit_reports/phase0b/phase0b_verification_report.md,phase5r-pre-cleanup-20260831,5790e00040dcd07973f4366eaea480eff210c306,00_project_control/audit_reports/phase0b/phase0b_verification_report.md,ff2220449a9abf44308ba4e140894f7294e909e9,626471746859aaf22c91c9ddef5b4dc7f46ee0d0ff040edda21955dc88640521,2964
11_archive/phase5r_retired_20260831/00_project_control/audit_reports/phase0c/phase0c_blocker_reduction_report.csv,phase5r-pre-cleanup-20260831,5790e00040dcd07973f4366eaea480eff210c306,00_project_control/audit_reports/phase0c/phase0c_blocker_reduction_report.csv,74eac44fe224e8b8bffd97bec7aec511efd0be79,24a5b63a33ae5108828115dddd7f87074e99cbba10f5cde9b95072b18a571998,38814
11_archive/phase5r_retired_20260831/00_project_control/audit_reports/phase0c/phase0c_entrypoint_decision_register.csv,phase5r-pre-cleanup-20260831,5790e00040dcd07973f4366eaea480eff210c306,00_project_control/audit_reports/phase0c/phase0c_entrypoint_decision_register.csv,aed7fc7c7135488b02ea9869ade7980dddde0636,9c46a46da16aa5dd50dc6b1ae277e9ccbacf943aa956b86446e6f5f87bf567e6,5994
11_archive/phase5r_retired_20260831/00_project_control/audit_reports/phase0c/phase0c_legacy_quarantine_plan.csv,phase5r-pre-cleanup-20260831,5790e00040dcd07973f4366eaea480eff210c306,00_project_control/audit_reports/phase0c/phase0c_legacy_quarantine_plan.csv,2eafad4bce3578afa5a179d3eb2b4b4507925719,d8c26c9b2e7d4ce97be700cc8ac4371a62071550d0588774d8154d54d28b4016,62493
11_archive/phase5r_retired_20260831/00_project_control/audit_reports/phase0c/phase0c_phase5r_dependency_allowlist.csv,phase5r-pre-cleanup-20260831,5790e00040dcd07973f4366eaea480eff210c306,00_project_control/audit_reports/phase0c/phase0c_phase5r_dependency_allowlist.csv,3b305af692204a0e75f306435ea690ed0d34d3fd,873c438017f38ca1e73a96fe456e8a4031a3b284b5369725ac586feb427b27ff,5810
11_archive/phase5r_retired_20260831/00_project_control/audit_reports/phase0c/phase0c_reframe_decision_map.csv,phase5r-pre-cleanup-20260831,5790e00040dcd07973f4366eaea480eff210c306,00_project_control/audit_reports/phase0c/phase0c_reframe_decision_map.csv,7ee746257c4ad1dc58dc2b87f7db83fbbb0f28de,13c024fb11c461d198a4800aa4fcd161dce8d42d3c3fb25c2cc623ea26de3b96,108028
11_archive/phase5r_retired_20260831/00_project_control/audit_reports/phase0c/phase0c_reframe_plan.md,phase5r-pre-cleanup-20260831,5790e00040dcd07973f4366eaea480eff210c306,00_project_control/audit_reports/phase0c/phase0c_reframe_plan.md,548ddaa5fcb42f36d9ccdb27c11ab38dad7913fc,18eaa187e4e4ffad661fa7c1776cf429c3b42735ee61beb2d40ca6389623f89f,4290
11_archive/phase5r_retired_20260831/00_project_control/audit_reports/phase0c/phase0c_verification_report.md,phase5r-pre-cleanup-20260831,5790e00040dcd07973f4366eaea480eff210c306,00_project_control/audit_reports/phase0c/phase0c_verification_report.md,c4fd6bc2faa82583ddad5f0f8e392c6ce80ae884,6c4100930140fd80d6b505163fcbb4c4896932c44de742e401f026f7ab8d26a1,3464
11_archive/phase5r_retired_20260831/00_project_control/audit_reports/phase0d/phase0d_cleanup_lite_plan.md,phase5r-pre-cleanup-20260831,5790e00040dcd07973f4366eaea480eff210c306,00_project_control/audit_reports/phase0d/phase0d_cleanup_lite_plan.md,69e842ac92ca13b386196b44e4952498a812773d,7a63e8ae0ce9c64483531db52156da16b25a39be0574eaf557bc1844eb0f2c8c,1527
11_archive/phase5r_retired_20260831/00_project_control/audit_reports/phase0d/phase0d_created_folders.csv,phase5r-pre-cleanup-20260831,5790e00040dcd07973f4366eaea480eff210c306,00_project_control/audit_reports/phase0d/phase0d_created_folders.csv,8b5d0855a25b9843bba1f9f7847af15141d6e194,d17eb3b82f148f5433eb7cce1df498b2562d3c87d3072b705f1a4cac989c0c2d,745
11_archive/phase5r_retired_20260831/00_project_control/audit_reports/phase0d/phase0d_deleted_cache_files.csv,phase5r-pre-cleanup-20260831,5790e00040dcd07973f4366eaea480eff210c306,00_project_control/audit_reports/phase0d/phase0d_deleted_cache_files.csv,741a1a955ef64b7bffd4b4d92cb88c55293b436b,5675c0d4b67be3fcb009d25e3d675ed7ec93fc8e6021d1efc76b810a6f781608,6193
11_archive/phase5r_retired_20260831/00_project_control/audit_reports/phase0d/phase0d_preservation_report.csv,phase5r-pre-cleanup-20260831,5790e00040dcd07973f4366eaea480eff210c306,00_project_control/audit_reports/phase0d/phase0d_preservation_report.csv,cbe959313a58171c4a764eba10e60091f9b1fb62,545953599f4b2ad0ae0db618746f066bb062551d56217a90037a7bec11281c82,24240
11_archive/phase5r_retired_20260831/00_project_control/audit_reports/phase0d/phase0d_verification_report.md,phase5r-pre-cleanup-20260831,5790e00040dcd07973f4366eaea480eff210c306,00_project_control/audit_reports/phase0d/phase0d_verification_report.md,00cb79c9c434b896974905e9cc81294810ac47d5,f083dce62d26f66d0415487a30c4935158148367eb050f6b030c98ebadc0fedd,2348
11_archive/phase5r_retired_20260831/00_project_control/future_v2_offline_integration_v1/owner_approvals/owner_approval_reference_template.json,phase5r-pre-cleanup-20260831,5790e00040dcd07973f4366eaea480eff210c306,00_project_control/future_v2_offline_integration_v1/owner_approvals/owner_approval_reference_template.json,a70d735c3a99c1cf8ad09418d0962ce053dc9769,f2e9361167ad218b3a072db69f7939ffab898d6a17bd9505e50c2c0b024d9c6b,838
11_archive/phase5r_retired_20260831/00_project_control/future_v2_offline_integration_v1/project_owner_scope_authorization.json,phase5r-pre-cleanup-20260831,5790e00040dcd07973f4366eaea480eff210c306,00_project_control/future_v2_offline_integration_v1/project_owner_scope_authorization.json,101416bd8b288e3cd517abc60c6c3fd1371ec69e,6b589a26398242b4436a05527a369916597882b9fe26398b38209a0bda2f91f2,1345
11_archive/phase5r_retired_20260831/00_project_control/phase0a_broken_path_report.csv,phase5r-pre-cleanup-20260831,5790e00040dcd07973f4366eaea480eff210c306,00_project_control/phase0a_broken_path_report.csv,2f57e592d00f17132ed9d55ea3102ce6af532ab8,15943b3b3b4575552eec4fe9a25d28cba510b3d128cd48474b4562dcf3a48f00,5279
11_archive/phase5r_retired_20260831/00_project_control/phase0a_cleanup_plan.md,phase5r-pre-cleanup-20260831,5790e00040dcd07973f4366eaea480eff210c306,00_project_control/phase0a_cleanup_plan.md,2ae48a931e5dccf154216443cc3be04773ed945d,ae74ccb2948e54abe209f9715732d398a70fd285daef7ea3a9cb204d6ee7623a,9957
11_archive/phase5r_retired_20260831/00_project_control/phase0a_duplicate_file_report.csv,phase5r-pre-cleanup-20260831,5790e00040dcd07973f4366eaea480eff210c306,00_project_control/phase0a_duplicate_file_report.csv,4755816942d8e89c6841ea2e8d7bef7dcd0a559a,d3eb3161931fd9734a244bff62a523c8712d64d99612af1dc936dc62bbe36f94,3657
11_archive/phase5r_retired_20260831/00_project_control/phase0a_file_classification.csv,phase5r-pre-cleanup-20260831,5790e00040dcd07973f4366eaea480eff210c306,00_project_control/phase0a_file_classification.csv,0eae62338e5c6f5593672244bb776ca0023a4aba,5ff1eb571f7f71660a8727cafccb91364687ba2fe9f13ef5598cd4cb0c582afa,86779
11_archive/phase5r_retired_20260831/00_project_control/phase0a_full_file_inventory.csv,phase5r-pre-cleanup-20260831,5790e00040dcd07973f4366eaea480eff210c306,00_project_control/phase0a_full_file_inventory.csv,b4b6dfd7cf672b3762875125b5819918b1991a69,32f831204d58d5e884e4eb9199367b66bbe07aafb7642acccd96172db6ed5cbc,142388
11_archive/phase5r_retired_20260831/00_project_control/phase0a_new_canonical_structure.md,phase5r-pre-cleanup-20260831,5790e00040dcd07973f4366eaea480eff210c306,00_project_control/phase0a_new_canonical_structure.md,c78539a9ae0bec975ddaeff666e9f7351bac6862,a8c80f4ee11697e12e6ed30c0e23ab0931948ae25d0e9ad76c9699db18fe4785,2890
11_archive/phase5r_retired_20260831/00_project_control/phase0a_phase_dependency_map.csv,phase5r-pre-cleanup-20260831,5790e00040dcd07973f4366eaea480eff210c306,00_project_control/phase0a_phase_dependency_map.csv,8a2822e069f93e485c6b47aa1f61642fd7e76ae8,2924a80a2c13476b6d4a4701f785993933771b5e88afcb42652b8cd2b26e0062,118355
11_archive/phase5r_retired_20260831/00_project_control/phase0a_real_position_file_map.csv,phase5r-pre-cleanup-20260831,5790e00040dcd07973f4366eaea480eff210c306,00_project_control/phase0a_real_position_file_map.csv,8834af2d1ec3ecfc9f93046259aa966360ea2cb8,be999374257184c638dac55d2af368e57b1d1d311cd49c89faf85f9cda0aa560,35265
11_archive/phase5r_retired_20260831/00_project_control/phase0a_verification_report.md,phase5r-pre-cleanup-20260831,5790e00040dcd07973f4366eaea480eff210c306,00_project_control/phase0a_verification_report.md,4c0d71c5348d996403daf2fdc652ad315f583e22,29a6170d4bea3f1e5e8a6d9fb11041ed1d51510ddda742c878a1a8399ab6b38f,2416
11_archive/phase5r_retired_20260831/00_project_control/phase0b_active_entrypoint_register.csv,phase5r-pre-cleanup-20260831,5790e00040dcd07973f4366eaea480eff210c306,00_project_control/phase0b_active_entrypoint_register.csv,c4692d267e8bda9ca932e4ee57cc1edd74d63fd8,cbc7f8c1508aeb7f81cd0f6622aa2a982fc1fb6b13ef1b9f1d29d62619e94cd6,4431
11_archive/phase5r_retired_20260831/00_project_control/phase0b_broken_path_resolution_plan.csv,phase5r-pre-cleanup-20260831,5790e00040dcd07973f4366eaea480eff210c306,00_project_control/phase0b_broken_path_resolution_plan.csv,85f78b79ed32763d44ca0ca0df47c19bc58eb44e,077e7999c722e008de34744ff16d1828cc01c5df6a12e79238ecabc500350629,9051
11_archive/phase5r_retired_20260831/00_project_control/phase0b_duplicate_resolution_plan.csv,phase5r-pre-cleanup-20260831,5790e00040dcd07973f4366eaea480eff210c306,00_project_control/phase0b_duplicate_resolution_plan.csv,f30d1fd166d346e80ca7629441fdb3193c01801f,e4eec23b9306e8f58553029b22a8006ff31317c584fec217e7a3d4a92f5899b0,1845
11_archive/phase5r_retired_20260831/00_project_control/phase0b_human_review_queue.csv,phase5r-pre-cleanup-20260831,5790e00040dcd07973f4366eaea480eff210c306,00_project_control/phase0b_human_review_queue.csv,4eb7bafa929103e299afab5ebfb43b1144ee9e19,35a443b6b6f7cb745ab6f4e9d5332a1307ac02ad32e58058e4d94288c1c3977e,77703
11_archive/phase5r_retired_20260831/00_project_control/phase0b_migration_map.csv,phase5r-pre-cleanup-20260831,5790e00040dcd07973f4366eaea480eff210c306,00_project_control/phase0b_migration_map.csv,7514bdbb4607aae107129810f5d50be8ad25964c,cdade20dcd58f6aec44c4e0daaf8979b1fdb0b09d49d692529dc06d36ae4091e,110859
11_archive/phase5r_retired_20260831/00_project_control/phase0b_migration_plan.md,phase5r-pre-cleanup-20260831,5790e00040dcd07973f4366eaea480eff210c306,00_project_control/phase0b_migration_plan.md,eeedf6d4421075e679fb6b9da16607f4415e6170,6450d057131ddf1a2c385373e99e6a6b74e7a2cbe36a978e0de8833c4d3b0f1a,3224
11_archive/phase5r_retired_20260831/00_project_control/phase0b_phase_register.csv,phase5r-pre-cleanup-20260831,5790e00040dcd07973f4366eaea480eff210c306,00_project_control/phase0b_phase_register.csv,57156c653227c0c16bb470fb267ed7726cb83a6d,8e5f4d40e1e9f7cb6fdcfec1fe2857cc5db6d8841c594ad65cc56b66b754dee6,6236
11_archive/phase5r_retired_20260831/00_project_control/phase0b_verification_report.md,phase5r-pre-cleanup-20260831,5790e00040dcd07973f4366eaea480eff210c306,00_project_control/phase0b_verification_report.md,ff2220449a9abf44308ba4e140894f7294e909e9,626471746859aaf22c91c9ddef5b4dc7f46ee0d0ff040edda21955dc88640521,2964
11_archive/phase5r_retired_20260831/00_project_control/phase0c_blocker_reduction_report.csv,phase5r-pre-cleanup-20260831,5790e00040dcd07973f4366eaea480eff210c306,00_project_control/phase0c_blocker_reduction_report.csv,74eac44fe224e8b8bffd97bec7aec511efd0be79,24a5b63a33ae5108828115dddd7f87074e99cbba10f5cde9b95072b18a571998,38814
11_archive/phase5r_retired_20260831/00_project_control/phase0c_entrypoint_decision_register.csv,phase5r-pre-cleanup-20260831,5790e00040dcd07973f4366eaea480eff210c306,00_project_control/phase0c_entrypoint_decision_register.csv,aed7fc7c7135488b02ea9869ade7980dddde0636,9c46a46da16aa5dd50dc6b1ae277e9ccbacf943aa956b86446e6f5f87bf567e6,5994
11_archive/phase5r_retired_20260831/00_project_control/phase0c_legacy_quarantine_plan.csv,phase5r-pre-cleanup-20260831,5790e00040dcd07973f4366eaea480eff210c306,00_project_control/phase0c_legacy_quarantine_plan.csv,2eafad4bce3578afa5a179d3eb2b4b4507925719,d8c26c9b2e7d4ce97be700cc8ac4371a62071550d0588774d8154d54d28b4016,62493
11_archive/phase5r_retired_20260831/00_project_control/phase0c_phase5r_dependency_allowlist.csv,phase5r-pre-cleanup-20260831,5790e00040dcd07973f4366eaea480eff210c306,00_project_control/phase0c_phase5r_dependency_allowlist.csv,3b305af692204a0e75f306435ea690ed0d34d3fd,873c438017f38ca1e73a96fe456e8a4031a3b284b5369725ac586feb427b27ff,5810
11_archive/phase5r_retired_20260831/00_project_control/phase0c_reframe_decision_map.csv,phase5r-pre-cleanup-20260831,5790e00040dcd07973f4366eaea480eff210c306,00_project_control/phase0c_reframe_decision_map.csv,7ee746257c4ad1dc58dc2b87f7db83fbbb0f28de,13c024fb11c461d198a4800aa4fcd161dce8d42d3c3fb25c2cc623ea26de3b96,108028
11_archive/phase5r_retired_20260831/00_project_control/phase0c_reframe_plan.md,phase5r-pre-cleanup-20260831,5790e00040dcd07973f4366eaea480eff210c306,00_project_control/phase0c_reframe_plan.md,548ddaa5fcb42f36d9ccdb27c11ab38dad7913fc,18eaa187e4e4ffad661fa7c1776cf429c3b42735ee61beb2d40ca6389623f89f,4290
11_archive/phase5r_retired_20260831/00_project_control/phase0c_verification_report.md,phase5r-pre-cleanup-20260831,5790e00040dcd07973f4366eaea480eff210c306,00_project_control/phase0c_verification_report.md,c4fd6bc2faa82583ddad5f0f8e392c6ce80ae884,6c4100930140fd80d6b505163fcbb4c4896932c44de742e401f026f7ab8d26a1,3464
11_archive/phase5r_retired_20260831/00_project_control/phase0d_cleanup_lite_plan.md,phase5r-pre-cleanup-20260831,5790e00040dcd07973f4366eaea480eff210c306,00_project_control/phase0d_cleanup_lite_plan.md,69e842ac92ca13b386196b44e4952498a812773d,7a63e8ae0ce9c64483531db52156da16b25a39be0574eaf557bc1844eb0f2c8c,1527
11_archive/phase5r_retired_20260831/00_project_control/phase0d_created_folders.csv,phase5r-pre-cleanup-20260831,5790e00040dcd07973f4366eaea480eff210c306,00_project_control/phase0d_created_folders.csv,8b5d0855a25b9843bba1f9f7847af15141d6e194,d17eb3b82f148f5433eb7cce1df498b2562d3c87d3072b705f1a4cac989c0c2d,745
11_archive/phase5r_retired_20260831/00_project_control/phase0d_deleted_cache_files.csv,phase5r-pre-cleanup-20260831,5790e00040dcd07973f4366eaea480eff210c306,00_project_control/phase0d_deleted_cache_files.csv,741a1a955ef64b7bffd4b4d92cb88c55293b436b,5675c0d4b67be3fcb009d25e3d675ed7ec93fc8e6021d1efc76b810a6f781608,6193
11_archive/phase5r_retired_20260831/00_project_control/phase0d_preservation_report.csv,phase5r-pre-cleanup-20260831,5790e00040dcd07973f4366eaea480eff210c306,00_project_control/phase0d_preservation_report.csv,cbe959313a58171c4a764eba10e60091f9b1fb62,545953599f4b2ad0ae0db618746f066bb062551d56217a90037a7bec11281c82,24240
11_archive/phase5r_retired_20260831/00_project_control/phase0d_verification_report.md,phase5r-pre-cleanup-20260831,5790e00040dcd07973f4366eaea480eff210c306,00_project_control/phase0d_verification_report.md,00cb79c9c434b896974905e9cc81294810ac47d5,f083dce62d26f66d0415487a30c4935158148367eb050f6b030c98ebadc0fedd,2348
11_archive/phase5r_retired_20260831/00_project_control/phase0e_5r_integrity_check.md,phase5r-pre-cleanup-20260831,5790e00040dcd07973f4366eaea480eff210c306,00_project_control/phase0e_5r_integrity_check.md,7682d74dcff1915281a0faca5f67bd9ba8c43abb,e3213590dc540a7123af7bba5b26bd0052a4961073be3ca7ee6baf299c7ab965,983
11_archive/phase5r_retired_20260831/00_project_control/phase0e_canonical_copy_plan.md,phase5r-pre-cleanup-20260831,5790e00040dcd07973f4366eaea480eff210c306,00_project_control/phase0e_canonical_copy_plan.md,eaea6634d750b9a74f10a44bf04498883f40b959,6f6a03fb01e9c553915608bb47b11b811cf37e8c0c3f8c2a5ba9ba29f45db7ff,1774
11_archive/phase5r_retired_20260831/00_project_control/phase0e_copy_map.csv,phase5r-pre-cleanup-20260831,5790e00040dcd07973f4366eaea480eff210c306,00_project_control/phase0e_copy_map.csv,0faeca4cc0dd58948dba5f23f0aa0015084759d5,6b86735c48bd8acf2100dc3112489403cf14a4d68882d25c949ac83131015fa4,29230
11_archive/phase5r_retired_20260831/00_project_control/phase0e_created_canonical_files.csv,phase5r-pre-cleanup-20260831,5790e00040dcd07973f4366eaea480eff210c306,00_project_control/phase0e_created_canonical_files.csv,58df93ef5a23a9b12dbc514c7e0fecc4f3320e26,ee93615ef464e8c2ba64772f4886eba985290d564d1f1112242b523244cd40a0,21144
11_archive/phase5r_retired_20260831/00_project_control/phase0e_old_folder_status_report.csv,phase5r-pre-cleanup-20260831,5790e00040dcd07973f4366eaea480eff210c306,00_project_control/phase0e_old_folder_status_report.csv,dba0ecac0f9515cee161369fe9c80053ecec3ef9,9a179b6e55a0ba85fed75b3cf130a8a13f9b5ffd1c2b782da165afb9f8a68460,1889
11_archive/phase5r_retired_20260831/00_project_control/phase0e_skipped_sensitive_files.csv,phase5r-pre-cleanup-20260831,5790e00040dcd07973f4366eaea480eff210c306,00_project_control/phase0e_skipped_sensitive_files.csv,ed8513aa73d1d50e3a3be77a731c6465209814f1,b8ad688d5d98389e61e0dd773a08ec9bf79fd530beb50253c57ec4affd6ee147,77220
11_archive/phase5r_retired_20260831/00_project_control/phase0e_verification_report.md,phase5r-pre-cleanup-20260831,5790e00040dcd07973f4366eaea480eff210c306,00_project_control/phase0e_verification_report.md,dfe121a2d6727f4d3f63217684b42cfb5296a2a8,d39941ea73d4dd8ba33e74203bdbc66ba8ac7a65b37f001cba7c1e0898247f02,2474
11_archive/phase5r_retired_20260831/00_project_control/phase0f_archive_manifest.md,phase5r-pre-cleanup-20260831,5790e00040dcd07973f4366eaea480eff210c306,00_project_control/phase0f_archive_manifest.md,9ba2a0f5c267f183d0a0482b17a87c10010bfe56,e30fa8c3a27bba397b3df1b3ca357783ef90d4ccbe99fe9f16305c1e08b657d1,3018
11_archive/phase5r_retired_20260831/00_project_control/phase0f_archive_old_root_plan.md,phase5r-pre-cleanup-20260831,5790e00040dcd07973f4366eaea480eff210c306,00_project_control/phase0f_archive_old_root_plan.md,17dd4b16eade87259b2d4c15e3db3add7644c96c,201f13f3afc407cf55928c8d9228e080b201f26d2c577ad44dfdc4ef3ef9e030,1989
11_archive/phase5r_retired_20260831/00_project_control/phase0f_archived_folder_map.csv,phase5r-pre-cleanup-20260831,5790e00040dcd07973f4366eaea480eff210c306,00_project_control/phase0f_archived_folder_map.csv,ea7ee684d1aeee15fe5aa11049c1578dcd9aae0e,2872f5b1ecb99cfd28f0a18f711ec94210018a9113cdd2a7cd1d56adc2c409e1,1671
11_archive/phase5r_retired_20260831/00_project_control/phase0f_phase5r_canonical_integrity_check.md,phase5r-pre-cleanup-20260831,5790e00040dcd07973f4366eaea480eff210c306,00_project_control/phase0f_phase5r_canonical_integrity_check.md,08d5d1975496910f97e0bcde631e57259db9fa38,153b5a5f19816de13d4f112a98829d66973da870f87db58c68a9e0de7c8582d3,814
11_archive/phase5r_retired_20260831/00_project_control/phase0f_post_root_structure_report.md,phase5r-pre-cleanup-20260831,5790e00040dcd07973f4366eaea480eff210c306,00_project_control/phase0f_post_root_structure_report.md,68848bf0bcf3443c85b30537dfcf9c4a25d76054,1b7b120250a957e72435fbc4afdd93166723305636119c5a3bfc4f7046632899,1149
11_archive/phase5r_retired_20260831/00_project_control/phase0f_verification_report.md,phase5r-pre-cleanup-20260831,5790e00040dcd07973f4366eaea480eff210c306,00_project_control/phase0f_verification_report.md,9a82139c4d6618123880b0b51fc1da77a113a55c,f466e6ef1518ebf7e25550d7aae8a757969a6c7e3435164378c53fdbb4ede8a7,3060
11_archive/phase5r_retired_20260831/00_project_control/phase5r/phase5r_data_contract.md,phase5r-pre-cleanup-20260831,5790e00040dcd07973f4366eaea480eff210c306,00_project_control/phase5r/phase5r_data_contract.md,574847c49557335a981a7ad6018f0f7342d1e0dd,7ad4864751fb931f5ffba1334a68c1e07c0bc85667664da53acee2e1f774620f,2316
11_archive/phase5r_retired_20260831/00_project_control/phase5r/phase5r_dependency_check_report.md,phase5r-pre-cleanup-20260831,5790e00040dcd07973f4366eaea480eff210c306,00_project_control/phase5r/phase5r_dependency_check_report.md,bc6ca83033a0317a94df2fa44718406cd1358895,ee2ac922ed5c258183b7a39e30455a8b40284aceb48c455a2535b092b803f0f5,816
11_archive/phase5r_retired_20260831/00_project_control/phase5r/phase5r_manual_execution_boundary.md,phase5r-pre-cleanup-20260831,5790e00040dcd07973f4366eaea480eff210c306,00_project_control/phase5r/phase5r_manual_execution_boundary.md,2fd2c8dbcc5c8f8fa79509f4a5156b2d715026d3,ac238109f4ffea712baf43e565fa6377ac170e8e8c4fd4d24772e4b3058b2107,1168
11_archive/phase5r_retired_20260831/00_project_control/phase5r/phase5r_strategy_profile.md,phase5r-pre-cleanup-20260831,5790e00040dcd07973f4366eaea480eff210c306,00_project_control/phase5r/phase5r_strategy_profile.md,423d1d8e9655b9a99590fbe4cb240cba55a94baf,6370dceff4dd1116b7a1211396d83a0accb88be1100d8761a7234385a1a1d9f1,2151
11_archive/phase5r_retired_20260831/00_project_control/phase5r_b1_data_readiness_report.md,phase5r-pre-cleanup-20260831,5790e00040dcd07973f4366eaea480eff210c306,00_project_control/phase5r_b1_data_readiness_report.md,d70da2790a4dc48f73059323d5c2b7d130c76c61,fec744516a6fd446c544703c59c44ce4155f5fe49bbf631b2847558fc137d392,915
11_archive/phase5r_retired_20260831/00_project_control/phase5r_b1_install_instructions.md,phase5r-pre-cleanup-20260831,5790e00040dcd07973f4366eaea480eff210c306,00_project_control/phase5r_b1_install_instructions.md,3e643352e495d8e2b2ec329ae4e744e3b675b8c3,e04f77e7a610f0be3d55822d47c72357e418471a83aa2ac3f4cc9496a7d596c5,495
11_archive/phase5r_retired_20260831/00_project_control/phase5r_b1_market_data_enablement_plan.md,phase5r-pre-cleanup-20260831,5790e00040dcd07973f4366eaea480eff210c306,00_project_control/phase5r_b1_market_data_enablement_plan.md,b891c6c667dcdc18ea6cad4d10ef97b0edafe153,3f5804a43a7717b5d24279c968f0a0efa83f0e534640182f4cf2cf0ffe908554,1441
11_archive/phase5r_retired_20260831/00_project_control/phase5r_b1_verification_report.md,phase5r-pre-cleanup-20260831,5790e00040dcd07973f4366eaea480eff210c306,00_project_control/phase5r_b1_verification_report.md,2aaff017807a8a8ab6923a0914c0542c64d7451d,0d52c260d0dd5c5154efdd26a8bc5c50f589e7ad9512754108466a1fbb46e480,1232
11_archive/phase5r_retired_20260831/00_project_control/phase5r_b_data_adapter_policy.md,phase5r-pre-cleanup-20260831,5790e00040dcd07973f4366eaea480eff210c306,00_project_control/phase5r_b_data_adapter_policy.md,51badbeb696a140ec2b3e8615cbb9cab2c6844f2,8974a72b9a376a5b230d903bc00b2787652950c726f8472f0427456451a1169c,1601
11_archive/phase5r_retired_20260831/00_project_control/phase5r_b_data_source_decision.md,phase5r-pre-cleanup-20260831,5790e00040dcd07973f4366eaea480eff210c306,00_project_control/phase5r_b_data_source_decision.md,eb6e1dea4360612a69df7f09bd766cfe7540b1f3,0e4a02f59e14f98fc859907a3c12281c30accbe52be1d6c0840c9aff5349eead,665
11_archive/phase5r_retired_20260831/00_project_control/phase5r_b_verification_report.md,phase5r-pre-cleanup-20260831,5790e00040dcd07973f4366eaea480eff210c306,00_project_control/phase5r_b_verification_report.md,5cddb266557788188167969ef2f8c54472bc031d,70c19d668605564c5fb59eb79bc3a0f6c2eb99f99d237803941fcf5230b98e87,1682
11_archive/phase5r_retired_20260831/00_project_control/phase5r_c1_email_brief_policy.md,phase5r-pre-cleanup-20260831,5790e00040dcd07973f4366eaea480eff210c306,00_project_control/phase5r_c1_email_brief_policy.md,b81d222744eb29c6ccfaf315b94b00262becfae8,9f0bbb033583a1ddbcf6c267019eeb096499eb25e87624b7ae070d738156c951,1426
11_archive/phase5r_retired_20260831/00_project_control/phase5r_c1_low_attention_rules.md,phase5r-pre-cleanup-20260831,5790e00040dcd07973f4366eaea480eff210c306,00_project_control/phase5r_c1_low_attention_rules.md,e7a7504d567ebc6c25bf1557e728dac5b6ed328f,41fa47979208574c9a5b43ab56464601467ef38cc3ffe54062d9140935f1f1fa,696
11_archive/phase5r_retired_20260831/00_project_control/phase5r_c1_verification_report.md,phase5r-pre-cleanup-20260831,5790e00040dcd07973f4366eaea480eff210c306,00_project_control/phase5r_c1_verification_report.md,e2893a52c0a488c7627455fc04025dd4b811532e,2d5056f17bb050e152f08f5236b55aae597758d8d996ba245894607559d1f920,1981
11_archive/phase5r_retired_20260831/00_project_control/phase5r_c2_email_delivery_policy.md,phase5r-pre-cleanup-20260831,5790e00040dcd07973f4366eaea480eff210c306,00_project_control/phase5r_c2_email_delivery_policy.md,34e272404caa04c6cbb289d745ea27abb5d28900,8108553ce1435557b191296f3fb5a40723fc5d64fd8d166bc3cd831bf0e04fab,1365
11_archive/phase5r_retired_20260831/00_project_control/phase5r_c2_gmail_smtp_setup.md,phase5r-pre-cleanup-20260831,5790e00040dcd07973f4366eaea480eff210c306,00_project_control/phase5r_c2_gmail_smtp_setup.md,de07a04a5f5ce53caf222bdbf79850ba6f880e47,0d572e797e22570e5fde06f45e956a90700bac39c626a04fa799e11efeb3a353,1221
11_archive/phase5r_retired_20260831/00_project_control/phase5r_c2_live_delivery_confirmation.md,phase5r-pre-cleanup-20260831,5790e00040dcd07973f4366eaea480eff210c306,00_project_control/phase5r_c2_live_delivery_confirmation.md,6094cb854f59c56993d861b9457272dd509ca74d,eb4d7907037211dd0f69a46d67abcddfe70c52fcf091716aef823e30ff8a104f,922
11_archive/phase5r_retired_20260831/00_project_control/phase5r_c2_live_delivery_verification_report.md,phase5r-pre-cleanup-20260831,5790e00040dcd07973f4366eaea480eff210c306,00_project_control/phase5r_c2_live_delivery_verification_report.md,c8b7a49132667b0b294d9b837053d66237c76a89,4c665d372afa4fafab7c3374f1916f3aaca57b798b1668d3c3c18bc2bef1a11a,1782
11_archive/phase5r_retired_20260831/00_project_control/phase5r_c2_verification_report.md,phase5r-pre-cleanup-20260831,5790e00040dcd07973f4366eaea480eff210c306,00_project_control/phase5r_c2_verification_report.md,9df1f836915dbe7303f5194710dc711825e048af,002cb113ff5a6e5244c6d9e969ec162c29e6ea2bcbc87f9cc7b27c4a5a4b7c79,1698
11_archive/phase5r_retired_20260831/00_project_control/phase5r_c3_daily_pipeline_policy.md,phase5r-pre-cleanup-20260831,5790e00040dcd07973f4366eaea480eff210c306,00_project_control/phase5r_c3_daily_pipeline_policy.md,08fced2e96cd65f71906acacc7269c28f6a9b1bc,c027d3f5914dd27ed715e87052efa8ed90d3b7694d93551d30cc9c514604dbab,1402
11_archive/phase5r_retired_20260831/00_project_control/phase5r_c3_pipeline_status_report.md,phase5r-pre-cleanup-20260831,5790e00040dcd07973f4366eaea480eff210c306,00_project_control/phase5r_c3_pipeline_status_report.md,91a55ade988d3a5f7ee2741b7d5be9a59d8a5af8,2647d09a3c3f04e5cf16dd0e0b00ee628372b764e8e154c8b7195a8d10d44a06,997
11_archive/phase5r_retired_20260831/00_project_control/phase5r_c3_verification_report.md,phase5r-pre-cleanup-20260831,5790e00040dcd07973f4366eaea480eff210c306,00_project_control/phase5r_c3_verification_report.md,2c7b194d3e6a1dc32dac24c074a981c678b834a2,34250fbed578ef09c6ffcb0c1c2d576111e21313f782519ecfd17538c846ebd2,1475
11_archive/phase5r_retired_20260831/00_project_control/phase5r_c3l_live_pipeline_confirmation.md,phase5r-pre-cleanup-20260831,5790e00040dcd07973f4366eaea480eff210c306,00_project_control/phase5r_c3l_live_pipeline_confirmation.md,4f2e71fcbbc0ed69157ce65dd20e64f591ea4c6f,75aaeba85a6ad876926a13d558d52fbe193ff8268e931148da44a054b7b2410b,1079
11_archive/phase5r_retired_20260831/00_project_control/phase5r_c3l_verification_report.md,phase5r-pre-cleanup-20260831,5790e00040dcd07973f4366eaea480eff210c306,00_project_control/phase5r_c3l_verification_report.md,4309c34b28743009d804f16a816867c1996ce09c,25d6bcf4ca643938df8550c8eb8fa85b4665fb4922b7e2eb69af1320c1c8947b,2104
11_archive/phase5r_retired_20260831/00_project_control/phase5r_c4_concentration_policy.md,phase5r-pre-cleanup-20260831,5790e00040dcd07973f4366eaea480eff210c306,00_project_control/phase5r_c4_concentration_policy.md,d57ab60b667b693557f97be27895bcd14b5ea41d,5ca3b2b1f945721c0d041d7c64052b8655a91357238688a6a9d968a33e2a168a,992
11_archive/phase5r_retired_20260831/00_project_control/phase5r_c4_d1_scheduler_parked_status.md,phase5r-pre-cleanup-20260831,5790e00040dcd07973f4366eaea480eff210c306,00_project_control/phase5r_c4_d1_scheduler_parked_status.md,437e92fc4e7c28ba0c793b734542789498475755,ad967ae96be3785409bfbe757a9bee9261a6640bb826628fca4a643d6d3ebcf9,655
11_archive/phase5r_retired_20260831/00_project_control/phase5r_c4_holding_horizon_policy.md,phase5r-pre-cleanup-20260831,5790e00040dcd07973f4366eaea480eff210c306,00_project_control/phase5r_c4_holding_horizon_policy.md,137263aac44f24f195263aa1c013af5f676a47df,a02413da080f20341e636df890ac96a70db5462e2d4010e84eb6cf200982e446,1218
11_archive/phase5r_retired_20260831/00_project_control/phase5r_c4_portfolio_policy.md,phase5r-pre-cleanup-20260831,5790e00040dcd07973f4366eaea480eff210c306,00_project_control/phase5r_c4_portfolio_policy.md,e75b4c2795672770d1d64e8aed46d5f73f3b4755,850c46dc7832f283e81b2ffcf47d49adad77e9b1c4e3cbbbc489f7382457e35b,1189
11_archive/phase5r_retired_20260831/00_project_control/phase5r_c4_trade_cadence_policy.md,phase5r-pre-cleanup-20260831,5790e00040dcd07973f4366eaea480eff210c306,00_project_control/phase5r_c4_trade_cadence_policy.md,b1cb0822fb5b6aaf39988f89a176276f2d44d59c,596a64ca9d9b9658b6d05b0cb24387b3dbc02d6654fdaafdbf34ec0450095a29,758
11_archive/phase5r_retired_20260831/00_project_control/phase5r_c4_verification_report.md,phase5r-pre-cleanup-20260831,5790e00040dcd07973f4366eaea480eff210c306,00_project_control/phase5r_c4_verification_report.md,254427bbe65c73679e07ec93cd541bba2ad5b2a3,a7fc30886d223201c4fa56ea5eb01e9a3d2d4a09727f82dc8d52b03ec6dad41c,2223
11_archive/phase5r_retired_20260831/00_project_control/phase5r_c4_weekly_reframe_policy.md,phase5r-pre-cleanup-20260831,5790e00040dcd07973f4366eaea480eff210c306,00_project_control/phase5r_c4_weekly_reframe_policy.md,3c542d65fecf506dca0b4b6dfd5ca25f73b43b25,dd8c15053317f42437f5918551e0e85f24576fe07246eba3eda42df1112a6119,1363
11_archive/phase5r_retired_20260831/00_project_control/phase5r_c4r_position_intake_policy.md,phase5r-pre-cleanup-20260831,5790e00040dcd07973f4366eaea480eff210c306,00_project_control/phase5r_c4r_position_intake_policy.md,4f92dbd958fd3b3ea4054dcca75cd79792f905f8,267e72ffaefc46f10f0aea7109d957a09160a58d3815da714e26c5ab233be585,1546
11_archive/phase5r_retired_20260831/00_project_control/phase5r_c4r_verification_report.md,phase5r-pre-cleanup-20260831,5790e00040dcd07973f4366eaea480eff210c306,00_project_control/phase5r_c4r_verification_report.md,8b48e2942c1acfbdabcb92fa39940634446342fd,b82a27087d950e35b8f8469fc2589e0cc0dc7661fcc4309d1d193ea8c20c05c0,1787
11_archive/phase5r_retired_20260831/00_project_control/phase5r_c5_deep_research_policy.md,phase5r-pre-cleanup-20260831,5790e00040dcd07973f4366eaea480eff210c306,00_project_control/phase5r_c5_deep_research_policy.md,3050a4a967d10bec8e0b08dfe282a185a548f261,7fd393e08fea75dcf4c7d433721e4fb050ebe4acf98d657222dee7aca39d09ff,1516
11_archive/phase5r_retired_20260831/00_project_control/phase5r_c5_recommendation_label_policy.md,phase5r-pre-cleanup-20260831,5790e00040dcd07973f4366eaea480eff210c306,00_project_control/phase5r_c5_recommendation_label_policy.md,9a403308c2aa06f9551ebe69ba63152e7ff20b71,f8945754b56831a5aaf68cfcef2df63c74ba9a71852be3eb4d4d141ec632c0f3,1341
11_archive/phase5r_retired_20260831/00_project_control/phase5r_c5_source_policy.md,phase5r-pre-cleanup-20260831,5790e00040dcd07973f4366eaea480eff210c306,00_project_control/phase5r_c5_source_policy.md,5a1ed88a96e2f1f2aa371e3dab7a065ea2eee7e1,eac540d77931103f8f670365b1329d9a8c8011a4dfcb987781aa1b474bcd0830,1270
11_archive/phase5r_retired_20260831/00_project_control/phase5r_c5_verification_report.md,phase5r-pre-cleanup-20260831,5790e00040dcd07973f4366eaea480eff210c306,00_project_control/phase5r_c5_verification_report.md,7f6199991fe91f0d4428461d976636fe2ea9f4e2,49b566c2218abdf74afbfb40ddb3aa6e2f56ea3174c24d9cb4170b960f92d208,1737
11_archive/phase5r_retired_20260831/00_project_control/phase5r_c5t_manual_action_policy.md,phase5r-pre-cleanup-20260831,5790e00040dcd07973f4366eaea480eff210c306,00_project_control/phase5r_c5t_manual_action_policy.md,a18a9c7fcffba370c9e09e25c1e879dd1784187e,44887643c575c9abacd3bd5cc8cd5532d8ccdbf803eca0beab788b535b0f14b1,1242
11_archive/phase5r_retired_20260831/00_project_control/phase5r_c5t_verification_report.md,phase5r-pre-cleanup-20260831,5790e00040dcd07973f4366eaea480eff210c306,00_project_control/phase5r_c5t_verification_report.md,f6653dc008f4829eeb971b0e514f212ddb21244d,b81e2c34df3f3c35fe727c24d2ff1653c497d9ec0b041abc109d97a08de8907f,1886
11_archive/phase5r_retired_20260831/00_project_control/phase5r_c6_delivery_policy.md,phase5r-pre-cleanup-20260831,5790e00040dcd07973f4366eaea480eff210c306,00_project_control/phase5r_c6_delivery_policy.md,18255588ee058ebed10abe17650e0b21f5af85e4,148af035a588113d08059e8ba60ea9bfb567092433c20e556baa94df98286f67,1059
11_archive/phase5r_retired_20260831/00_project_control/phase5r_c6_verification_report.md,phase5r-pre-cleanup-20260831,5790e00040dcd07973f4366eaea480eff210c306,00_project_control/phase5r_c6_verification_report.md,8e02246873a8847793c5c979195dd46cc0096434,2a5777b162c18bb1c56880b2913091e8608e5344979ad5444c0cf4e20a58be04,2785
11_archive/phase5r_retired_20260831/00_project_control/phase5r_c6_weekly_email_policy.md,phase5r-pre-cleanup-20260831,5790e00040dcd07973f4366eaea480eff210c306,00_project_control/phase5r_c6_weekly_email_policy.md,403eee12bb9951c923328ef75d50290a68da2d05,38e521efb6c2a5c8c6ed09a5ae47af9d26c4be2988dea360c5b29d943057811d,1155
11_archive/phase5r_retired_20260831/00_project_control/phase5r_c6l_live_delivery_confirmation.md,phase5r-pre-cleanup-20260831,5790e00040dcd07973f4366eaea480eff210c306,00_project_control/phase5r_c6l_live_delivery_confirmation.md,2eb22d878d447a698986365e172c2d361a01a9b1,fee8e1f11714040de63ae8db9bd3d254e6ee8ff16c28b9a2b07f65d73fb3b602,808
11_archive/phase5r_retired_20260831/00_project_control/phase5r_c6l_verification_report.md,phase5r-pre-cleanup-20260831,5790e00040dcd07973f4366eaea480eff210c306,00_project_control/phase5r_c6l_verification_report.md,625dcd68c2350cd7f653f1d2c7a990b2c530cce1,34892e69811c7935553cdf1fd55db20a62baf15a81b9c1f80108ee63e946804c,1641
11_archive/phase5r_retired_20260831/00_project_control/phase5r_c7_pipeline_status_report.md,phase5r-pre-cleanup-20260831,5790e00040dcd07973f4366eaea480eff210c306,00_project_control/phase5r_c7_pipeline_status_report.md,079d4ac9bef776b5b5dd7462ea99e6fe031349c8,42e11d43fbe3ec6b757bc386851d00f7fcee9946bb903dc33f9c2e2b9bfef71e,1534
11_archive/phase5r_retired_20260831/00_project_control/phase5r_c7_verification_report.md,phase5r-pre-cleanup-20260831,5790e00040dcd07973f4366eaea480eff210c306,00_project_control/phase5r_c7_verification_report.md,d102035e554e420f06d5854db84c88b295f45dea,fc2716319a2da85b640a5db8350d76822618a9c830a491de5860e5704a73e01d,2025
11_archive/phase5r_retired_20260831/00_project_control/phase5r_c7_weekly_pipeline_policy.md,phase5r-pre-cleanup-20260831,5790e00040dcd07973f4366eaea480eff210c306,00_project_control/phase5r_c7_weekly_pipeline_policy.md,09b1f0dd6cd9dd93ee376fa6ab331ae3cd2c3545,f55420f2a4939f332a8c2e1e6a7b7afada02f996ac8a1d5a0f01d386bc01e76b,1838
11_archive/phase5r_retired_20260831/00_project_control/phase5r_c7l_live_pipeline_confirmation.md,phase5r-pre-cleanup-20260831,5790e00040dcd07973f4366eaea480eff210c306,00_project_control/phase5r_c7l_live_pipeline_confirmation.md,c1c2fc0640a36cac670dc14c12e4c867cee7534d,8c43cfffa490bb43b1d9f65203ac6761531e7a9e07f65d14983ee0f1479d6ecb,941
11_archive/phase5r_retired_20260831/00_project_control/phase5r_c7l_verification_report.md,phase5r-pre-cleanup-20260831,5790e00040dcd07973f4366eaea480eff210c306,00_project_control/phase5r_c7l_verification_report.md,75c07f47b0b4297c8959d2c881b61b0111254f5e,1a2b26d3cc223de685e61d86a16d236fbadcc67fcbd2bed8752804387faf9b28,1834
11_archive/phase5r_retired_20260831/00_project_control/phase5r_c9_output_regeneration_plan.md,phase5r-pre-cleanup-20260831,5790e00040dcd07973f4366eaea480eff210c306,00_project_control/phase5r_c9_output_regeneration_plan.md,94c2743b255be41ebd5e9884f7d4a2ee59edca80,f23fdae7c61cd713d7fad8cb0b53733cc20669d93096d2b6e3ce2392ad70bf1b,1407
11_archive/phase5r_retired_20260831/00_project_control/phase5r_c9_verification_report.md,phase5r-pre-cleanup-20260831,5790e00040dcd07973f4366eaea480eff210c306,00_project_control/phase5r_c9_verification_report.md,c9f2aa26335562ed20f77621d0f27b6f9cc8d1f4,637d21dd8d397635f6ed2bb7052aae018e7080160069d48237934337cc2f2b46,2546
11_archive/phase5r_retired_20260831/00_project_control/phase5r_c9a_audit_policy.md,phase5r-pre-cleanup-20260831,5790e00040dcd07973f4366eaea480eff210c306,00_project_control/phase5r_c9a_audit_policy.md,75b1d6ea582800e3775ab9cd7bc069be72063593,0544aaf1f9d61622463d7ffd0666ca402cd02c82ff2decb74c99c1e2425cfdf6,3064
11_archive/phase5r_retired_20260831/00_project_control/phase5r_c9a_canonical_account_input_decision.md,phase5r-pre-cleanup-20260831,5790e00040dcd07973f4366eaea480eff210c306,00_project_control/phase5r_c9a_canonical_account_input_decision.md,289ca82682c2cc1a81369be6ab93bd329de08568,0f1cfaf3ee81bd08946793bd9acb4657dc9644a3a21963ae0557e349d20959d6,3129
11_archive/phase5r_retired_20260831/00_project_control/phase5r_c9a_financial_dependency_map.csv,phase5r-pre-cleanup-20260831,5790e00040dcd07973f4366eaea480eff210c306,00_project_control/phase5r_c9a_financial_dependency_map.csv,43c1399856e7f67295d75a26d33b8da6153a3588,5fcfec7044f821f8708677da9e86f4f88a1336156197d39d3deca0b9bf03990a,6862
11_archive/phase5r_retired_20260831/00_project_control/phase5r_c9a_output_supersession_plan.csv,phase5r-pre-cleanup-20260831,5790e00040dcd07973f4366eaea480eff210c306,00_project_control/phase5r_c9a_output_supersession_plan.csv,8aca504fc7e1e56261d6ed56fc607ffd31109cdd,c6dc4bc15d2fd46a95b38a1014f7278ed77f7151d8aceb100f749af4f328d474,8162
11_archive/phase5r_retired_20260831/00_project_control/phase5r_c9a_scheduler_maintenance_policy.md,phase5r-pre-cleanup-20260831,5790e00040dcd07973f4366eaea480eff210c306,00_project_control/phase5r_c9a_scheduler_maintenance_policy.md,cc27f610a7368d3ace82b297840b701a552a2657,42af4298c23db2b10f58bd822a93f424351018d6b81f6991f37e5ab990abd75d,2521
11_archive/phase5r_retired_20260831/00_project_control/phase5r_c9a_stale_assumption_report.csv,phase5r-pre-cleanup-20260831,5790e00040dcd07973f4366eaea480eff210c306,00_project_control/phase5r_c9a_stale_assumption_report.csv,5ef960b2a8a64bfc726a80bfaf6c4d9e1e684fd2,d5cc237a51a0c358efa4f6ec774c6f69c45a9ed7978303a63ced007061496ccd,13032
11_archive/phase5r_retired_20260831/00_project_control/phase5r_c9a_verification_report.md,phase5r-pre-cleanup-20260831,5790e00040dcd07973f4366eaea480eff210c306,00_project_control/phase5r_c9a_verification_report.md,69617c890e0e6317c08e841fe03381fae9888110,752f7e5cf0190f19f6d645514044d60db16ed2e4262dbb1f720c6ba92852b41f,5091
11_archive/phase5r_retired_20260831/00_project_control/phase5r_c9b_verification_report.md,phase5r-pre-cleanup-20260831,5790e00040dcd07973f4366eaea480eff210c306,00_project_control/phase5r_c9b_verification_report.md,a570c1b8b84aaac798856ed8a85efb8c47ff60e5,41c18c538fe3d889ee580392cb03bdba7019c3716be16458d191de371e6a7567,2766
11_archive/phase5r_retired_20260831/00_project_control/phase5r_d1_install_instructions.md,phase5r-pre-cleanup-20260831,5790e00040dcd07973f4366eaea480eff210c306,00_project_control/phase5r_d1_install_instructions.md,2af732b1cc4d872f15f0b7fa12758df7db473e7d,7e252a2037b6adbe2bd96242334ab6a03f58182fe2c84bd7f904124d32f34c9d,1412
11_archive/phase5r_retired_20260831/00_project_control/phase5r_d1_mac_scheduler_policy.md,phase5r-pre-cleanup-20260831,5790e00040dcd07973f4366eaea480eff210c306,00_project_control/phase5r_d1_mac_scheduler_policy.md,2ecce9132493d31cf11108b5043900f5ab8586c8,652f735c4ce04425981decd25a4aa3dc94342d81959ce52365ac7b24027448c2,1381
11_archive/phase5r_retired_20260831/00_project_control/phase5r_d1_verification_report.md,phase5r-pre-cleanup-20260831,5790e00040dcd07973f4366eaea480eff210c306,00_project_control/phase5r_d1_verification_report.md,76919e3d9190edf59f21d26ded9663239019d462,8eaa7b282dac2bb8be5067422bc2dc3040cebf9c2971fb9877a721bf540a0929,2103
11_archive/phase5r_retired_20260831/00_project_control/phase5r_d2_install_instructions.md,phase5r-pre-cleanup-20260831,5790e00040dcd07973f4366eaea480eff210c306,00_project_control/phase5r_d2_install_instructions.md,542df1892c2a12dfdfedfcf737ccd913003878e1,7405f387d5108ef61e0c65626761436abbdc51ac2c08d163ddb841040069dbe2,1619
11_archive/phase5r_retired_20260831/00_project_control/phase5r_d2_scheduler_decision.md,phase5r-pre-cleanup-20260831,5790e00040dcd07973f4366eaea480eff210c306,00_project_control/phase5r_d2_scheduler_decision.md,d6d02b8854681291b6fbd265a6e0bd64f05fc3b5,5d71efd124bb27d600785d6b26c777c4546a87ba1ff362b7c18159bb0d58e7f7,1126
11_archive/phase5r_retired_20260831/00_project_control/phase5r_d2_verification_report.md,phase5r-pre-cleanup-20260831,5790e00040dcd07973f4366eaea480eff210c306,00_project_control/phase5r_d2_verification_report.md,3dfb4384615c7a95d9209e30df35c379c8d09ce5,2d6fbf5616627ccdbb36f65b7fa7432544c6859277cb9cb04296ee2221f2f9a9,2672
11_archive/phase5r_retired_20260831/00_project_control/phase5r_d2_weekly_scheduler_policy.md,phase5r-pre-cleanup-20260831,5790e00040dcd07973f4366eaea480eff210c306,00_project_control/phase5r_d2_weekly_scheduler_policy.md,c8292015ddeaa14a2773ef94f0c9980ffd6e1377,9a57755e042167849b2a94ebe6094b2b9cb3f951e279d3cd78a14642f053e970,1805
11_archive/phase5r_retired_20260831/00_project_control/phase5r_d2l_installation_confirmation.md,phase5r-pre-cleanup-20260831,5790e00040dcd07973f4366eaea480eff210c306,00_project_control/phase5r_d2l_installation_confirmation.md,ffceafc02d40bc98dfcdee565ea2ebe151dcfe10,b76440da6d5e826a4306460d7fd7f0d6459c907ec0b4dd2f063bc159c60b7535,1146
11_archive/phase5r_retired_20260831/00_project_control/phase5r_d2l_operational_status.md,phase5r-pre-cleanup-20260831,5790e00040dcd07973f4366eaea480eff210c306,00_project_control/phase5r_d2l_operational_status.md,85aafc879d84c9015a68baee7df7c98b821b6b5b,fd7d04208e428dccd0689c30520efe4729f4edb96b73b9e55b0f8154ab3a8516,1145
11_archive/phase5r_retired_20260831/00_project_control/phase5r_d2l_verification_report.md,phase5r-pre-cleanup-20260831,5790e00040dcd07973f4366eaea480eff210c306,00_project_control/phase5r_d2l_verification_report.md,1dd0e79483eda1e813c12d3ba1be6c251e4b72f5,1a31a256346825777949cdc118b71e4d14d8d458d6f1d75e122363e1fbde9df8,1637
11_archive/phase5r_retired_20260831/00_project_control/phase5r_d3_catchup_scheduler_policy.md,phase5r-pre-cleanup-20260831,5790e00040dcd07973f4366eaea480eff210c306,00_project_control/phase5r_d3_catchup_scheduler_policy.md,00b9a12c773003772f9783efefd57cf8cdbc80e3,eeb1a7eb6ac82a87602688eaf76c79ccee4ab3a2307f9770e7d4a5c345f26ae4,3278
11_archive/phase5r_retired_20260831/00_project_control/phase5r_d3_catchup_state_policy.md,phase5r-pre-cleanup-20260831,5790e00040dcd07973f4366eaea480eff210c306,00_project_control/phase5r_d3_catchup_state_policy.md,e499c43673438000582828011f3348767c9c7f68,fa9af9da856133ec501783fe2899e1d89134eefc3acf0a3e19550b60617260c1,2223
11_archive/phase5r_retired_20260831/00_project_control/phase5r_d3_install_instructions.md,phase5r-pre-cleanup-20260831,5790e00040dcd07973f4366eaea480eff210c306,00_project_control/phase5r_d3_install_instructions.md,6818b7e2f018cf88df579e96b9af6a07f98fae90,16a5d1a23cae224e1e35033b09b63ed2e58264160d7889a5810c4bc180c4c862,2596
11_archive/phase5r_retired_20260831/00_project_control/phase5r_d3_migration_from_d2_plan.md,phase5r-pre-cleanup-20260831,5790e00040dcd07973f4366eaea480eff210c306,00_project_control/phase5r_d3_migration_from_d2_plan.md,5cfe85df15a6c38c25f6a9ede7c45f4162076009,945a7f40479e2e23f233437b2f83b006d9abe04b229b8ba0062e11f52550abde,1702
11_archive/phase5r_retired_20260831/00_project_control/phase5r_d3_verification_report.md,phase5r-pre-cleanup-20260831,5790e00040dcd07973f4366eaea480eff210c306,00_project_control/phase5r_d3_verification_report.md,3ec1926f7a0e4ef42f7994a08f8def8668c5f22d,46478d9bb6ee6ed0e369405d6ecb34544842bd493e75deee035c6d5d87dce9e8,4106
11_archive/phase5r_retired_20260831/00_project_control/phase5r_d3f_hotfix_plan.md,phase5r-pre-cleanup-20260831,5790e00040dcd07973f4366eaea480eff210c306,00_project_control/phase5r_d3f_hotfix_plan.md,f8eefaa080ee0b809edd53b4fffaa178e20fadd6,60d2826807bae053728c0e30a81a72ce558be8894ea0cb9965bb74d20bd56909,3094
11_archive/phase5r_retired_20260831/00_project_control/phase5r_d3f_operational_status.md,phase5r-pre-cleanup-20260831,5790e00040dcd07973f4366eaea480eff210c306,00_project_control/phase5r_d3f_operational_status.md,dcd323de3a507cfc7b6a93ad67b1d2b7bc8bc73e,cbe8d19ed5c6c59e2f907b55d75f581088ded6201182da942104161c0ab14d1a,2056
11_archive/phase5r_retired_20260831/00_project_control/phase5r_d3f_verification_report.md,phase5r-pre-cleanup-20260831,5790e00040dcd07973f4366eaea480eff210c306,00_project_control/phase5r_d3f_verification_report.md,d9c806100548db0b64c265c6bb10a8ef5533593b,9c8110c6d6ad2fe5817adac77d1350ebd28881346e38911453fbef98f08fc685,4236
11_archive/phase5r_retired_20260831/00_project_control/phase5r_d3g_dynamic_c6_policy.md,phase5r-pre-cleanup-20260831,5790e00040dcd07973f4366eaea480eff210c306,00_project_control/phase5r_d3g_dynamic_c6_policy.md,bb11c758f33cbaa3f95d7e9f4907b6f5d1d916f2,73bf9dd2dd97476eeb69335a87664e976884826ec11fbd7feae82fccd173d4c8,2939
11_archive/phase5r_retired_20260831/00_project_control/phase5r_d3g_failed_cycle_recovery_policy.md,phase5r-pre-cleanup-20260831,5790e00040dcd07973f4366eaea480eff210c306,00_project_control/phase5r_d3g_failed_cycle_recovery_policy.md,ed6c82048b01c1bcc4de274c9e91ee16edcb6134,8632d4385b348df4dbc4b24a07afa4836b72c29dd33ca8812e35581dde7c22e1,2264
11_archive/phase5r_retired_20260831/00_project_control/phase5r_d3g_root_cause_report.md,phase5r-pre-cleanup-20260831,5790e00040dcd07973f4366eaea480eff210c306,00_project_control/phase5r_d3g_root_cause_report.md,ad1fdf7ebcd980fed8e2cc631756026f51ba98cf,4e7f419553be9ffa03a5d2be1dbe870270947827cc651b0d7cdcaa43603f81bd,2113
11_archive/phase5r_retired_20260831/00_project_control/phase5r_d3g_verification_report.md,phase5r-pre-cleanup-20260831,5790e00040dcd07973f4366eaea480eff210c306,00_project_control/phase5r_d3g_verification_report.md,820be5350ff0b2208200ce271b9d1f740e4d368d,e21d12085b0199d0ce81d7cb8d5b02b0de3c685a9e32866fe145cd9105a12c59,3139
11_archive/phase5r_retired_20260831/00_project_control/phase5r_daily_operational_status.md,phase5r-pre-cleanup-20260831,5790e00040dcd07973f4366eaea480eff210c306,00_project_control/phase5r_daily_operational_status.md,44607183103fe46e25bfaaa5d153c77a5a38a5cc,394efdf69ee232602c322497bce8c6e6d7d362e054fd65a2500628beb1ed55cb,3612
11_archive/phase5r_retired_20260831/00_project_control/phase5r_daily_upgrade_plan.md,phase5r-pre-cleanup-20260831,5790e00040dcd07973f4366eaea480eff210c306,00_project_control/phase5r_daily_upgrade_plan.md,666091db8b33ecf77ac8901ed1c45fb2d4083cc2,dadaddcf6729bfad0eb47a2e5be091eea1180c5bf26e2e2121ec04f8fcb78f2a,3562
11_archive/phase5r_retired_20260831/00_project_control/phase5r_data_contract.md,phase5r-pre-cleanup-20260831,5790e00040dcd07973f4366eaea480eff210c306,00_project_control/phase5r_data_contract.md,574847c49557335a981a7ad6018f0f7342d1e0dd,7ad4864751fb931f5ffba1334a68c1e07c0bc85667664da53acee2e1f774620f,2316
11_archive/phase5r_retired_20260831/00_project_control/phase5r_dependency_check_report.md,phase5r-pre-cleanup-20260831,5790e00040dcd07973f4366eaea480eff210c306,00_project_control/phase5r_dependency_check_report.md,bc6ca83033a0317a94df2fa44718406cd1358895,ee2ac922ed5c258183b7a39e30455a8b40284aceb48c455a2535b092b803f0f5,816
11_archive/phase5r_retired_20260831/00_project_control/phase5r_economical_dependency_decision.md,phase5r-pre-cleanup-20260831,5790e00040dcd07973f4366eaea480eff210c306,00_project_control/phase5r_economical_dependency_decision.md,5a802c6aa15e4e6fba0c548d0f3b1279d51e9d38,6b9fd545144e18f9bfab56ddac0ec4457d91837f53fff73a121f22a6f978e1dc,6789
11_archive/phase5r_retired_20260831/00_project_control/phase5r_external_decision_brief.md,phase5r-pre-cleanup-20260831,5790e00040dcd07973f4366eaea480eff210c306,00_project_control/phase5r_external_decision_brief.md,0f6dfb57ebe99dfcfdccd23f639c311f81d5afb5,4b90c6d57604e76a19c2382050fe0a58827cd48edb7c610454a965f992acfca0,2530
11_archive/phase5r_retired_20260831/00_project_control/phase5r_future_notification_plan.md,phase5r-pre-cleanup-20260831,5790e00040dcd07973f4366eaea480eff210c306,00_project_control/phase5r_future_notification_plan.md,7bf2da36da7ebe3e46f78a56abafd0e30ec8280b,0daea558581d17bbb75251f41ccff0718d2566ec149ebe7d199ac888990f6d1c,1702
11_archive/phase5r_retired_20260831/00_project_control/phase5r_llm_decision_upgrade_plan.md,phase5r-pre-cleanup-20260831,5790e00040dcd07973f4366eaea480eff210c306,00_project_control/phase5r_llm_decision_upgrade_plan.md,41f48d2d28e4a8865f7ea4ea9fdfe912f1b9b95f,3471339eac026be1d4dbc3317c678dc9ace17a4991b44d7bb070e8628dbb72d6,38590
11_archive/phase5r_retired_20260831/00_project_control/phase5r_llm_evaluation_policy.md,phase5r-pre-cleanup-20260831,5790e00040dcd07973f4366eaea480eff210c306,00_project_control/phase5r_llm_evaluation_policy.md,337342d2861340da52fd4cdfc35f110c0b395af4,eebd982abc97970e70aadc1d8d19bf19693504879ca93fe68321804f62c6d3f4,7235
11_archive/phase5r_retired_20260831/00_project_control/phase5r_llm_model_registry.json,phase5r-pre-cleanup-20260831,5790e00040dcd07973f4366eaea480eff210c306,00_project_control/phase5r_llm_model_registry.json,dec00646148a899f02bfab5b823da871b8914dfd,219ed9e1c0169a8cb9896a98344bfd51e1183941e24826edc6596393ce01f04e,1725
11_archive/phase5r_retired_20260831/00_project_control/phase5r_llm_transition_annotation_rubric.md,phase5r-pre-cleanup-20260831,5790e00040dcd07973f4366eaea480eff210c306,00_project_control/phase5r_llm_transition_annotation_rubric.md,7d092dd39f58d54e16016099467270cd1a21f2a4,aad1aff74a774a45b9f7bf73aa783c997d092637fc07647e431e64ce581b15bf,5242
11_archive/phase5r_retired_20260831/00_project_control/phase5r_llm_upgrade_execution_report.md,phase5r-pre-cleanup-20260831,5790e00040dcd07973f4366eaea480eff210c306,00_project_control/phase5r_llm_upgrade_execution_report.md,6d15d39f350c0a34063e57a6dceb74b4f0388626,244512e58b406567844a323aaaabb5c9f3f74dece98f84b0e85b6a9644c6136b,26237
11_archive/phase5r_retired_20260831/00_project_control/phase5r_local_valuation_and_performance_foundation.md,phase5r-pre-cleanup-20260831,5790e00040dcd07973f4366eaea480eff210c306,00_project_control/phase5r_local_valuation_and_performance_foundation.md,d3e9dacaf53a5ada94f3da41d211bb9a1edf9253,16458f6e20ad83452cba39d83ce1ccb92f9eb8e6629d1ab0ea82440e67e42faf,10828
11_archive/phase5r_retired_20260831/00_project_control/phase5r_manual_execution_boundary.md,phase5r-pre-cleanup-20260831,5790e00040dcd07973f4366eaea480eff210c306,00_project_control/phase5r_manual_execution_boundary.md,2fd2c8dbcc5c8f8fa79509f4a5156b2d715026d3,ac238109f4ffea712baf43e565fa6377ac170e8e8c4fd4d24772e4b3058b2107,1168
11_archive/phase5r_retired_20260831/00_project_control/phase5r_market_data_provider_registry.json,phase5r-pre-cleanup-20260831,5790e00040dcd07973f4366eaea480eff210c306,00_project_control/phase5r_market_data_provider_registry.json,9aee6080fd430e984073123f84c11d86070ff0c6,aa02bb9c8fe53b0d4fb909319bfb475d4ce7d3473f1427c85a45c584cd5425fc,581
11_archive/phase5r_retired_20260831/00_project_control/phase5r_model_api_actual_upgrade_plan.md,phase5r-pre-cleanup-20260831,5790e00040dcd07973f4366eaea480eff210c306,00_project_control/phase5r_model_api_actual_upgrade_plan.md,71c397f74e693b287d73770b98d73e9b4f893adb,7c2e02f8e3e838898411ca8773a5f1231a0ddbcd5d802d1844cc1050b3d72d6c,43244
11_archive/phase5r_retired_20260831/00_project_control/phase5r_model_pilot_v1_stop_diagnosis.md,phase5r-pre-cleanup-20260831,5790e00040dcd07973f4366eaea480eff210c306,00_project_control/phase5r_model_pilot_v1_stop_diagnosis.md,2b39a733545badadb431ee0c6a32eea7a474272a,a7c17c514ff90c6b9bd8736c174e106535dfacdf0d98ac3313c0b2499b662916,2992
11_archive/phase5r_retired_20260831/00_project_control/phase5r_open_source_adoption_decision.md,phase5r-pre-cleanup-20260831,5790e00040dcd07973f4366eaea480eff210c306,00_project_control/phase5r_open_source_adoption_decision.md,a38a09c034d1bb7b5a0ef98b70de5c9ca1f4afde,8742a468b2acf897cca9273922235853dc804b0f3d36ad1f164265fc4eef369b,2304
11_archive/phase5r_retired_20260831/00_project_control/phase5r_paid_dependency_policy.json,phase5r-pre-cleanup-20260831,5790e00040dcd07973f4366eaea480eff210c306,00_project_control/phase5r_paid_dependency_policy.json,b6433cae3ee32422d5dcfc1df8508945ae12cd4e,84249957a1b10bcdbeb077495c61db2b90f6a074ccc5590a5fee9ea9bcad5ca3,5840
11_archive/phase5r_retired_20260831/00_project_control/phase5r_pilot_go_no_go_report.md,phase5r-pre-cleanup-20260831,5790e00040dcd07973f4366eaea480eff210c306,00_project_control/phase5r_pilot_go_no_go_report.md,00306d6e7d5ac218ef6e232766ef272630a8560d,b2c835d744019ead2f97a9b35f7c6103d414ccb721d5a5ba8fe3e9476b54e7af,5991
11_archive/phase5r_retired_20260831/00_project_control/phase5r_return_objective_operational_status.md,phase5r-pre-cleanup-20260831,5790e00040dcd07973f4366eaea480eff210c306,00_project_control/phase5r_return_objective_operational_status.md,d03b1d07bc6bc7fec17025ad584d00b759af36a1,f94e7c401cc455673dc776ce7cb5cff30ddba717836ad2aa1f382c44eee704f5,2568
11_archive/phase5r_retired_20260831/00_project_control/phase5r_safe_shadow_readiness_report.md,phase5r-pre-cleanup-20260831,5790e00040dcd07973f4366eaea480eff210c306,00_project_control/phase5r_safe_shadow_readiness_report.md,249e82c0a257adf4205068207a183f548ea172a6,ca3c31057118f25b231188564f5c1a406c5769af6448a732ba239a2cd033de3b,5131
11_archive/phase5r_retired_20260831/00_project_control/phase5r_strategy_profile.md,phase5r-pre-cleanup-20260831,5790e00040dcd07973f4366eaea480eff210c306,00_project_control/phase5r_strategy_profile.md,423d1d8e9655b9a99590fbe4cb240cba55a94baf,6370dceff4dd1116b7a1211396d83a0accb88be1100d8761a7234385a1a1d9f1,2151
11_archive/phase5r_retired_20260831/00_project_control/phase5r_strict_pilot_corpus_completion_report.md,phase5r-pre-cleanup-20260831,5790e00040dcd07973f4366eaea480eff210c306,00_project_control/phase5r_strict_pilot_corpus_completion_report.md,d155cacf7dc38c10722429b0d4b08633cabcafdb,512fa2e60aa29ce46de75b64adbedb32ad4db9cd300d285fc3ee99e35721bc16,2182
11_archive/phase5r_retired_20260831/00_project_control/phase5r_v10_ai_assisted_review_governance_adoption.json,phase5r-pre-cleanup-20260831,5790e00040dcd07973f4366eaea480eff210c306,00_project_control/phase5r_v10_ai_assisted_review_governance_adoption.json,f53d4b5c837f7e7caf77115dffe101aac1094307,c7de1228a30ba5af883c18ac479bba8ac9c8e791bc46e3f33a0af761d0d5d5af,2333
11_archive/phase5r_retired_20260831/00_project_control/phase5r_v10_project_owner_internal_use_decision.json,phase5r-pre-cleanup-20260831,5790e00040dcd07973f4366eaea480eff210c306,00_project_control/phase5r_v10_project_owner_internal_use_decision.json,63e63127545f18fc741928ead3aeb84e5d2ed9cb,2cde88ab9cf2b1dc4ce1372edf6cc583d24d7d4ac8175b0074f2d53a17a8626c,1704
11_archive/phase5r_retired_20260831/00_project_control/project_docs/.gitignore,phase5r-pre-cleanup-20260831,5790e00040dcd07973f4366eaea480eff210c306,00_project_control/project_docs/.gitignore,56ad26bdf3a5996d3dfe221e5151a2126c7fe832,a34884df8277c855d7a2be942edd38b91b168301f2313fb237884a1a3db3b00e,148
11_archive/phase5r_retired_20260831/00_project_control/project_docs/AGENTS.md,phase5r-pre-cleanup-20260831,5790e00040dcd07973f4366eaea480eff210c306,00_project_control/project_docs/AGENTS.md,a21119fa41976ede85d644f3f8baefb288da3d96,8eef7565c1bf464f38bb12e7e3fa2c4aa76e4bedcfb6c05dbf9ebd3b80d94fd9,2267
11_archive/phase5r_retired_20260831/00_project_control/project_docs/README.md,phase5r-pre-cleanup-20260831,5790e00040dcd07973f4366eaea480eff210c306,00_project_control/project_docs/README.md,f872f0b6218e3bc6512f6b1307869c4e128a0b65,03c058ee73417b0b21e923a3b340504cefeb133a13a69cd95753745ec3def8a1,2013
11_archive/phase5r_retired_20260831/00_project_control/run_logs/phase0a_audit_run_log.csv,phase5r-pre-cleanup-20260831,5790e00040dcd07973f4366eaea480eff210c306,00_project_control/run_logs/phase0a_audit_run_log.csv,0f2dc37e40086a98d9c8bb4f4152221496c40fab,a35bb4698916a3b076a6f3686835bdbe00e0c4bbbdad366ba96ffcb88dba3fa6,1046
11_archive/phase5r_retired_20260831/00_project_control/run_logs/phase0b_run_log.csv,phase5r-pre-cleanup-20260831,5790e00040dcd07973f4366eaea480eff210c306,00_project_control/run_logs/phase0b_run_log.csv,1ec013e9d1e5e0db0a3d68880626efc98fdb1aae,579fbb101bc4428576e02b355585829bdae17c2892c16a4d8ac99d9b35fc5906,1320
11_archive/phase5r_retired_20260831/00_project_control/run_logs/phase0c_run_log.csv,phase5r-pre-cleanup-20260831,5790e00040dcd07973f4366eaea480eff210c306,00_project_control/run_logs/phase0c_run_log.csv,f9c517400f04b0bc68dbbe92ff2be00e145a5660,47a5e77c43492ebf671b8889e029351b583889d1bf66e47a377f537ce939d35c,1252
11_archive/phase5r_retired_20260831/00_project_control/run_logs/phase0d_cleanup_lite_run_log.csv,phase5r-pre-cleanup-20260831,5790e00040dcd07973f4366eaea480eff210c306,00_project_control/run_logs/phase0d_cleanup_lite_run_log.csv,1f2d590a7e08ed2e0e3e1ee10675d123208d05d2,bc16ce127ea83c0a0a368417a300193d9553d3100ac6ba34e0fe73cce714b692,921
11_archive/phase5r_retired_20260831/00_project_control/run_logs/phase0f_archive_old_root_run_log.csv,phase5r-pre-cleanup-20260831,5790e00040dcd07973f4366eaea480eff210c306,00_project_control/run_logs/phase0f_archive_old_root_run_log.csv,aecc0afb665cdfd7b23fa2cb2f2ef241a7ffce17,a382e8bd5c8c9c7a661e97310c56d417e16f598b7cd9898c2c808f6a9628a0da,2086
11_archive/phase5r_retired_20260831/00_project_control/run_logs/phase5r_a_run_log.csv,phase5r-pre-cleanup-20260831,5790e00040dcd07973f4366eaea480eff210c306,00_project_control/run_logs/phase5r_a_run_log.csv,3edddde8004149a9527c796e68d5d4a080fcd5f4,db428492a9ca7a1aa61843a3e804dbd6be1a4d2ac371b312aaac5d61ec0e4bc9,3806
11_archive/phase5r_retired_20260831/00_project_control/run_logs/phase5r_audit_trail.csv,phase5r-pre-cleanup-20260831,5790e00040dcd07973f4366eaea480eff210c306,00_project_control/run_logs/phase5r_audit_trail.csv,3edddde8004149a9527c796e68d5d4a080fcd5f4,db428492a9ca7a1aa61843a3e804dbd6be1a4d2ac371b312aaac5d61ec0e4bc9,3806
11_archive/phase5r_retired_20260831/00_project_control/run_logs/phase5r_b1_run_log.csv,phase5r-pre-cleanup-20260831,5790e00040dcd07973f4366eaea480eff210c306,00_project_control/run_logs/phase5r_b1_run_log.csv,5456531083622e700cafc8b6f25de20e5b4bd9fe,3b7234b5617bf87436dfd63eac8f9fe90d36757a98b74bc445f8e9d388cc4ddc,1367
11_archive/phase5r_retired_20260831/00_project_control/run_logs/phase5r_b_run_log.csv,phase5r-pre-cleanup-20260831,5790e00040dcd07973f4366eaea480eff210c306,00_project_control/run_logs/phase5r_b_run_log.csv,d40a98c9dbb2e984d61aa5140c8fb47e7eb740c3,d4f021878c3069281b8d757a8e810c69be8019842f5d3f3a22a1ef8c68aec488,2902
11_archive/phase5r_retired_20260831/00_project_control/run_logs/phase5r_c1_run_log.csv,phase5r-pre-cleanup-20260831,5790e00040dcd07973f4366eaea480eff210c306,00_project_control/run_logs/phase5r_c1_run_log.csv,81cab040c74641840554ff4c755aaaabf90b9c5e,1a06d2e44ffb6eb6fe98615a41147ea1b9466c9d2d97755641a3c7fdb6ad45db,8089
11_archive/phase5r_retired_20260831/00_project_control/run_logs/phase5r_c2_live_delivery_run_log.csv,phase5r-pre-cleanup-20260831,5790e00040dcd07973f4366eaea480eff210c306,00_project_control/run_logs/phase5r_c2_live_delivery_run_log.csv,4cbee24143f459f7c2f7aee3708a709f58ce05e5,65208d54df801fdc29546bb3f5533a267b7f91c4b22ffda0ca9744aecec540e8,1032
11_archive/phase5r_retired_20260831/00_project_control/run_logs/phase5r_c2_run_log.csv,phase5r-pre-cleanup-20260831,5790e00040dcd07973f4366eaea480eff210c306,00_project_control/run_logs/phase5r_c2_run_log.csv,b02580ad462897b6aa6a0275b9d73ba42f8a5345,d4c2a37b367bd7e7efcbf723e1e487f5829e6dcfa114f567d1df779fd0280492,3739
11_archive/phase5r_retired_20260831/00_project_control/run_logs/phase5r_c3_daily_pipeline_run_log.csv,phase5r-pre-cleanup-20260831,5790e00040dcd07973f4366eaea480eff210c306,00_project_control/run_logs/phase5r_c3_daily_pipeline_run_log.csv,de80eac294525ba9c7c04f4665a9e0aa96c1476d,8296dcbe3442bdfd9b9c065de89de6daf85cd4ad9160e7f889b3b52c29a1c649,6726
11_archive/phase5r_retired_20260831/00_project_control/run_logs/phase5r_c3l_confirmation_run_log.csv,phase5r-pre-cleanup-20260831,5790e00040dcd07973f4366eaea480eff210c306,00_project_control/run_logs/phase5r_c3l_confirmation_run_log.csv,bfd1b95c598bcd46a7b1c4b75b557da7a91db3df,0a5011baff1e7730c92e3d9896e5da2bde4106cdbd13c28bfba09bbec1560339,1175
11_archive/phase5r_retired_20260831/00_project_control/run_logs/phase5r_c4_run_log.csv,phase5r-pre-cleanup-20260831,5790e00040dcd07973f4366eaea480eff210c306,00_project_control/run_logs/phase5r_c4_run_log.csv,03c8c80d0283037d02a87fb968f13aac8de09968,84d8f04635f697df95a4c69f0850426cd2c74d6a792d2cc02d7f7a0006decc76,5441
11_archive/phase5r_retired_20260831/00_project_control/run_logs/phase5r_c4r_run_log.csv,phase5r-pre-cleanup-20260831,5790e00040dcd07973f4366eaea480eff210c306,00_project_control/run_logs/phase5r_c4r_run_log.csv,3be941df8663489cc4e81842d958116860d868a7,b42b5a523ae7699ac0ce6f2afe97c003de95e61645413c95fe9eaf5d601d661a,7478
11_archive/phase5r_retired_20260831/00_project_control/run_logs/phase5r_c5_run_log.csv,phase5r-pre-cleanup-20260831,5790e00040dcd07973f4366eaea480eff210c306,00_project_control/run_logs/phase5r_c5_run_log.csv,829c1a43cc2996d9848fb56ae756823e13883f5c,d1a5192b12e1734a2deba801897952d16522d0c127ee9dcb4b10b4dc2bcfb7cb,18457
11_archive/phase5r_retired_20260831/00_project_control/run_logs/phase5r_c5t_run_log.csv,phase5r-pre-cleanup-20260831,5790e00040dcd07973f4366eaea480eff210c306,00_project_control/run_logs/phase5r_c5t_run_log.csv,9221078ff4bff281dc5f0eb38c734c99498b4a74,7382e0373abb3b2815b60a036153b6d80bad77ab42f7acba2031fd7505f3a933,10908
11_archive/phase5r_retired_20260831/00_project_control/run_logs/phase5r_c6_run_log.csv,phase5r-pre-cleanup-20260831,5790e00040dcd07973f4366eaea480eff210c306,00_project_control/run_logs/phase5r_c6_run_log.csv,181fee51e479c031e850bf4a6e20cf2dfe8ddec9,ef2d40154c09db8fbda6f7aa44eace54a5115094d985179991da81952a30eb0e,25841
11_archive/phase5r_retired_20260831/00_project_control/run_logs/phase5r_c6l_run_log.csv,phase5r-pre-cleanup-20260831,5790e00040dcd07973f4366eaea480eff210c306,00_project_control/run_logs/phase5r_c6l_run_log.csv,0fa09e4c132892c7a2a06093b30ce324eb55bf57,0b95b87a640a429e0070b92df53734c75ee0ad76af1cd35ae5134a792f592e65,984
11_archive/phase5r_retired_20260831/00_project_control/run_logs/phase5r_c7_weekly_pipeline_run_log.csv,phase5r-pre-cleanup-20260831,5790e00040dcd07973f4366eaea480eff210c306,00_project_control/run_logs/phase5r_c7_weekly_pipeline_run_log.csv,41edae718e580859401eed3f130b441e54eafec7,77b76f8eb6cb02fb939b91bdb5e5c58667b5e159ec215473099c97f9a141af15,50202
11_archive/phase5r_retired_20260831/00_project_control/run_logs/phase5r_c7l_run_log.csv,phase5r-pre-cleanup-20260831,5790e00040dcd07973f4366eaea480eff210c306,00_project_control/run_logs/phase5r_c7l_run_log.csv,3bd6f993fcb3455b75d41b0fc5748fcca8b3e66d,cdc1aab3d696578ccde361d055405e210f5908dd335c6eba42abacc065c2b780,1343
11_archive/phase5r_retired_20260831/00_project_control/run_logs/phase5r_c8_run_log.csv,phase5r-pre-cleanup-20260831,5790e00040dcd07973f4366eaea480eff210c306,00_project_control/run_logs/phase5r_c8_run_log.csv,5cd27fb8ee3a6522768e6c740b1a0deb1a9e995e,6d24c862125379f7fcd29d6fe0f62ce1d54f4a01bfde04de97994074f338d765,1771
11_archive/phase5r_retired_20260831/00_project_control/run_logs/phase5r_c9a_audit_log.csv,phase5r-pre-cleanup-20260831,5790e00040dcd07973f4366eaea480eff210c306,00_project_control/run_logs/phase5r_c9a_audit_log.csv,8e7a4ccf201601e759888e826ef0a79f47c52dd9,fcaff5837fa1c0c85df85f6418be817203768046a30adafea93c49de764bdb06,574
11_archive/phase5r_retired_20260831/00_project_control/run_logs/phase5r_d1_scheduler_setup_log.csv,phase5r-pre-cleanup-20260831,5790e00040dcd07973f4366eaea480eff210c306,00_project_control/run_logs/phase5r_d1_scheduler_setup_log.csv,ca876969aecc63b2e74f6fcb2b59e87a51e950f0,1bf17fe1cfda0383aeccf97acbace151937cebf92302489fdda0cfab7a29da85,1437
11_archive/phase5r_retired_20260831/00_project_control/run_logs/phase5r_d2_launchd_stderr.log,phase5r-pre-cleanup-20260831,5790e00040dcd07973f4366eaea480eff210c306,00_project_control/run_logs/phase5r_d2_launchd_stderr.log,0b472512ce83597296e2b2efbf7b5fd7a7bb7eef,c0606e5a01dc54d87e606c5746e6885be0d1b7141a99ffc2e89e289d78f3c7a8,88
11_archive/phase5r_retired_20260831/00_project_control/run_logs/phase5r_d2_launchd_stdout.log,phase5r-pre-cleanup-20260831,5790e00040dcd07973f4366eaea480eff210c306,00_project_control/run_logs/phase5r_d2_launchd_stdout.log,3bd9e10c4a25e02b5a298a2e85b51aa29b7ad397,344553a086a36ff007ff1905e3fcb6985839fafde7e810dadd188444fc52841c,79
11_archive/phase5r_retired_20260831/00_project_control/run_logs/phase5r_d2_scheduler_setup_log.csv,phase5r-pre-cleanup-20260831,5790e00040dcd07973f4366eaea480eff210c306,00_project_control/run_logs/phase5r_d2_scheduler_setup_log.csv,6c3a335b4da27f532e7fb889b6ce57e08c01e0cd,529dd7fea66a1d59018e1b4900522b41388beddc9abc04f8e751dabdc0009da1,531
11_archive/phase5r_retired_20260831/00_project_control/run_logs/phase5r_d2l_installation_confirmation_log.csv,phase5r-pre-cleanup-20260831,5790e00040dcd07973f4366eaea480eff210c306,00_project_control/run_logs/phase5r_d2l_installation_confirmation_log.csv,ca3e7f6a12f048a95e366c7d7375600661f1aad7,dd044266a1a1c0cb778fa75ace4c253963657230e1e40a2b5030227f4fb598d2,809
11_archive/phase5r_retired_20260831/00_project_control/run_logs/phase5r_d3_catchup.lock,phase5r-pre-cleanup-20260831,5790e00040dcd07973f4366eaea480eff210c306,00_project_control/run_logs/phase5r_d3_catchup.lock,9115f158fd9c71038bb6a391f99e45cc78a22a79,48f8838f625cc8b972dd10c03f37b2da13b922e8efd98a8786ccf9c94fce8714,48
11_archive/phase5r_retired_20260831/00_project_control/run_logs/phase5r_d3_catchup_check_log.csv,phase5r-pre-cleanup-20260831,5790e00040dcd07973f4366eaea480eff210c306,00_project_control/run_logs/phase5r_d3_catchup_check_log.csv,d66745e8a2b454a5cc1571ab81e1a78ceef7be19,0bb571fcbcac2657330d187fbea7328ed62f2f37070f76d87313523a8b1600bc,91987
11_archive/phase5r_retired_20260831/00_project_control/run_logs/phase5r_d3_catchup_state.local.json,phase5r-pre-cleanup-20260831,5790e00040dcd07973f4366eaea480eff210c306,00_project_control/run_logs/phase5r_d3_catchup_state.local.json,91afa7acf0545f37f8c4d7694ec84be6a0c44d9b,a5be3c6f3cea3403a7108c55f41d3c564c58b62e54f4573f8f1c1e8a0c974e4c,1093
11_archive/phase5r_retired_20260831/00_project_control/run_logs/phase5r_d3_launchd_stderr.log,phase5r-pre-cleanup-20260831,5790e00040dcd07973f4366eaea480eff210c306,00_project_control/run_logs/phase5r_d3_launchd_stderr.log,8b137891791fe96927ad78e64b0aad7bded08bdc,01ba4719c80b6fe911b091a7c05124b64eeece964e09c058ef8f9805daca546b,1
11_archive/phase5r_retired_20260831/00_project_control/run_logs/phase5r_d3_launchd_stdout.log,phase5r-pre-cleanup-20260831,5790e00040dcd07973f4366eaea480eff210c306,00_project_control/run_logs/phase5r_d3_launchd_stdout.log,8b137891791fe96927ad78e64b0aad7bded08bdc,01ba4719c80b6fe911b091a7c05124b64eeece964e09c058ef8f9805daca546b,1
11_archive/phase5r_retired_20260831/00_project_control/run_logs/phase5r_d3f_hotfix_log.csv,phase5r-pre-cleanup-20260831,5790e00040dcd07973f4366eaea480eff210c306,00_project_control/run_logs/phase5r_d3f_hotfix_log.csv,42ed53ecc6d3c5c76a9dd6e0da8bf28df9417c5b,915758fff748075bdc70e5b736ba7b018d3edf0017506db4e420236eced7c2bd,1089
11_archive/phase5r_retired_20260831/00_project_control/run_logs/phase5r_d3g_recovery_log.csv,phase5r-pre-cleanup-20260831,5790e00040dcd07973f4366eaea480eff210c306,00_project_control/run_logs/phase5r_d3g_recovery_log.csv,8adf737d47d9de588c24d1b494c2f226e5b4d44e,e45c879cf44556103023e7f36ce6f83b041b4f1353f851fe0ce7100db7f7e0d2,1179
11_archive/phase5r_retired_20260831/00_project_control/run_logs/phase5r_daily_activation_log.csv,phase5r-pre-cleanup-20260831,5790e00040dcd07973f4366eaea480eff210c306,00_project_control/run_logs/phase5r_daily_activation_log.csv,7d4c7a3c1cdaedba899ec6be252c3b6b2a94c283,ac53b6f3723936ed05c04c901b585fd98026ba116cdf7dc6d2d02c9ee59d8842,298
11_archive/phase5r_retired_20260831/00_project_control/run_logs/phase5r_llm_upgrade_log.csv,phase5r-pre-cleanup-20260831,5790e00040dcd07973f4366eaea480eff210c306,00_project_control/run_logs/phase5r_llm_upgrade_log.csv,838d93652c8dc668300bc562a96ec7a778a31c0f,719838cb5f1cfc2c08d0ada466e64e0dd1d1d10c37f27266e8709ec3c77ae944,18480
11_archive/phase5r_retired_20260831/01_policies/phase5r_ai_assisted_review_correction_addendum_template.json,phase5r-pre-cleanup-20260831,5790e00040dcd07973f4366eaea480eff210c306,01_policies/phase5r_ai_assisted_review_correction_addendum_template.json,99b972c2b56efcb1220fa68a54ea8bf531c2488b,8766dd08e2a110ed9da96b8d8153b37da0fdb5fc6b95624ecdc0de70891c9f2c,511
11_archive/phase5r_retired_20260831/01_policies/phase5r_llm_decision_authority_policy.md,phase5r-pre-cleanup-20260831,5790e00040dcd07973f4366eaea480eff210c306,01_policies/phase5r_llm_decision_authority_policy.md,0a3b3199b78ef6cdd657d7f7ceec34a01af81a32,22d7f35b9b04b5ebbdf7b1b5b580beea0a1168d9d3d062e38848b4166c4f2c28,4935
11_archive/phase5r_retired_20260831/01_policies/phase5r_v10_ai_assisted_review_adoption_record_template.json,phase5r-pre-cleanup-20260831,5790e00040dcd07973f4366eaea480eff210c306,01_policies/phase5r_v10_ai_assisted_review_adoption_record_template.json,26054bf090f7d566e57e80ad1ce3b11b5722b7eb,e5f7cf4f77b3675b4a6330243b280394420e1bebf53b7f4dd1a66b62842a870b,1718
11_archive/phase5r_retired_20260831/01_policies/phase5r_v10_ai_assisted_review_limited_governance_amendment_draft.md,phase5r-pre-cleanup-20260831,5790e00040dcd07973f4366eaea480eff210c306,01_policies/phase5r_v10_ai_assisted_review_limited_governance_amendment_draft.md,4f652885b8e6e9ea8163befc4bf97e7a4ea06f7d,5fe5f9b0cac3cd7ba1a285ab89eee0414b6add53ab260a08effa997cfda9ad8f,13552
11_archive/phase5r_retired_20260831/01_policies/phase5r_v10_noncanonical_internal_use_policy.md,phase5r-pre-cleanup-20260831,5790e00040dcd07973f4366eaea480eff210c306,01_policies/phase5r_v10_noncanonical_internal_use_policy.md,6bb48dce05550468f2eb05c5b27483adfa2667a8,f8fa157178a68d0ef67763bfd2c6a963fbae67ab72579ad672cbc21bba3e36e9,2545
11_archive/phase5r_retired_20260831/02_universe/raw_sources/real_candidate_sources.md,phase5r-pre-cleanup-20260831,5790e00040dcd07973f4366eaea480eff210c306,02_universe/raw_sources/real_candidate_sources.md,f7f541b515a79a50b9715aefaa5c7029e9aa4bf6,4c68ba1e97e97ff995af4856576852e37ccb56827c027513170b1ab66a11ad00,972
11_archive/phase5r_retired_20260831/02_universe/universe.csv,phase5r-pre-cleanup-20260831,5790e00040dcd07973f4366eaea480eff210c306,02_universe/universe.csv,9476f65ae3c0dc72604df73f19a47709dabd75fc,1daefe16c3cce92536b6a21f701777e30ef73617af9306086bd8c89cc395fd59,1804
11_archive/phase5r_retired_20260831/03_source_data/phase5r/phase5r_b1_data_source_smoke_test.csv,phase5r-pre-cleanup-20260831,5790e00040dcd07973f4366eaea480eff210c306,03_source_data/phase5r/phase5r_b1_data_source_smoke_test.csv,3bdd108837f5734835cd371a299d1b55442b9d20,f1d5322f37ed54b47d006197a2a65796622a7e9dc959e700bc7d97ee0f6534fc,644
11_archive/phase5r_retired_20260831/03_source_data/phase5r/phase5r_b_audit_trail.csv,phase5r-pre-cleanup-20260831,5790e00040dcd07973f4366eaea480eff210c306,03_source_data/phase5r/phase5r_b_audit_trail.csv,d40a98c9dbb2e984d61aa5140c8fb47e7eb740c3,d4f021878c3069281b8d757a8e810c69be8019842f5d3f3a22a1ef8c68aec488,2902
11_archive/phase5r_retired_20260831/03_source_data/phase5r/phase5r_b_candidates_with_market_data.csv,phase5r-pre-cleanup-20260831,5790e00040dcd07973f4366eaea480eff210c306,03_source_data/phase5r/phase5r_b_candidates_with_market_data.csv,bb6089eb91db35ebb938a83c5025f750e234d2ec,b5ee23f104e4fea105c8c2385f54ee3300e3ac1eb74be255fae2570e7e624ad9,6143
11_archive/phase5r_retired_20260831/03_source_data/phase5r/phase5r_b_manual_market_data_fallback_template.csv,phase5r-pre-cleanup-20260831,5790e00040dcd07973f4366eaea480eff210c306,03_source_data/phase5r/phase5r_b_manual_market_data_fallback_template.csv,f9b84a02dbf1d6eaa2ad286056f3aa9743e8d089,215221574f44e386aaaac4ee30d1738da37b8c0915dbe0f48b5051f8bba91d4b,1787
11_archive/phase5r_retired_20260831/03_source_data/phase5r/phase5r_b_manual_trade_tickets.csv,phase5r-pre-cleanup-20260831,5790e00040dcd07973f4366eaea480eff210c306,03_source_data/phase5r/phase5r_b_manual_trade_tickets.csv,946bc592de8a63349d1091e29f7694c09ac36b43,4ace7108cf9bf72fb0acf655e7a3ef8ff2b88597a4e3f57732c048bbffb0b43a,12390
11_archive/phase5r_retired_20260831/03_source_data/phase5r/phase5r_b_market_data_quality_report.csv,phase5r-pre-cleanup-20260831,5790e00040dcd07973f4366eaea480eff210c306,03_source_data/phase5r/phase5r_b_market_data_quality_report.csv,f0d26243e29f20d11ac406455b7d59400bbd5d19,a36a244ec5120a915c0026d6bf9d397962979c036ae05f5b6634d51265373963,5411
11_archive/phase5r_retired_20260831/03_source_data/phase5r/phase5r_b_market_data_snapshot.csv,phase5r-pre-cleanup-20260831,5790e00040dcd07973f4366eaea480eff210c306,03_source_data/phase5r/phase5r_b_market_data_snapshot.csv,2005836f15251ee241adb7f09ed4a33aa694a21f,714c154cc6c0d254ce6a509911385d24084469b9703bbd600d5221d2b84a1fd8,2597
11_archive/phase5r_retired_20260831/03_source_data/phase5r/phase5r_b_signal_scores.csv,phase5r-pre-cleanup-20260831,5790e00040dcd07973f4366eaea480eff210c306,03_source_data/phase5r/phase5r_b_signal_scores.csv,9c77303ad50a17b1a1da24ec8004b9dc06fd2406,5daae2a63ed52b450d8e40f36d9adab15627b950a28e612f9e383691a36ba9e5,6178
11_archive/phase5r_retired_20260831/03_source_data/phase5r/phase5r_dry_run_candidates.csv,phase5r-pre-cleanup-20260831,5790e00040dcd07973f4366eaea480eff210c306,03_source_data/phase5r/phase5r_dry_run_candidates.csv,0e6c1f0f876f9bce59f3502769f130219632c699,54c5a08c28f74c2f1014330c3f5ba4fe0d00e2ad8db44eecf4056030343c789f,3039
11_archive/phase5r_retired_20260831/03_source_data/phase5r/phase5r_signal_scores.csv,phase5r-pre-cleanup-20260831,5790e00040dcd07973f4366eaea480eff210c306,03_source_data/phase5r/phase5r_signal_scores.csv,8be312b919211f7e12945f64badcf7ef6d27019f,fb8eedb9dbf7d8ccf23adfc252fba6da5767672eac51fe88979e7690f0741fb9,5584
11_archive/phase5r_retired_20260831/04_research/realtime_stock_picker_phase5r/phase5r_a_scaffold_report.md,phase5r-pre-cleanup-20260831,5790e00040dcd07973f4366eaea480eff210c306,04_research/realtime_stock_picker_phase5r/phase5r_a_scaffold_report.md,2c71e19c9be59afa9b24d4452bf811f5b11e2053,4281019afdc2d345688e4fcdfbe704aab163091ff81518058686269257f6460e,1282
11_archive/phase5r_retired_20260831/04_research/realtime_stock_picker_phase5r/phase5r_a_verification_report.md,phase5r-pre-cleanup-20260831,5790e00040dcd07973f4366eaea480eff210c306,04_research/realtime_stock_picker_phase5r/phase5r_a_verification_report.md,656b1d175840a23dbec117189f9b2fcb1e2634f7,cd4e251d6bd2781159df60e61a7c1d316cfca1fa11e396421980d6ecbe2208e3,1461
11_archive/phase5r_retired_20260831/04_research/realtime_stock_picker_phase5r/phase5r_b_market_data_adapter_report.md,phase5r-pre-cleanup-20260831,5790e00040dcd07973f4366eaea480eff210c306,04_research/realtime_stock_picker_phase5r/phase5r_b_market_data_adapter_report.md,fb45d27fe62219b14f90f5848813c1dcdfceaf21,5574dc5b7d97f33a579db88e820de721d1f92271bf6f5f08e74e170994675220,631
11_archive/phase5r_retired_20260831/04_research/realtime_stock_picker_phase5r/phase5r_b_verification_report.md,phase5r-pre-cleanup-20260831,5790e00040dcd07973f4366eaea480eff210c306,04_research/realtime_stock_picker_phase5r/phase5r_b_verification_report.md,5cddb266557788188167969ef2f8c54472bc031d,70c19d668605564c5fb59eb79bc3a0f6c2eb99f99d237803941fcf5230b98e87,1682
11_archive/phase5r_retired_20260831/04_research/realtime_stock_picker_phase5r/phase5r_c1_email_brief_report.md,phase5r-pre-cleanup-20260831,5790e00040dcd07973f4366eaea480eff210c306,04_research/realtime_stock_picker_phase5r/phase5r_c1_email_brief_report.md,b31de361ae7f0c6196b128423bc5dee5eac8a1a5,ebaa97ed67b79a90b9dcd425c47d93f8cd9cdf1f062cc3aeb4cc1db35fa98d57,533
11_archive/phase5r_retired_20260831/04_research/realtime_stock_picker_phase5r/phase5r_c1_verification_report.md,phase5r-pre-cleanup-20260831,5790e00040dcd07973f4366eaea480eff210c306,04_research/realtime_stock_picker_phase5r/phase5r_c1_verification_report.md,e2893a52c0a488c7627455fc04025dd4b811532e,2d5056f17bb050e152f08f5236b55aae597758d8d996ba245894607559d1f920,1981
11_archive/phase5r_retired_20260831/04_research/realtime_stock_picker_phase5r/phase5r_c2_email_delivery_report.md,phase5r-pre-cleanup-20260831,5790e00040dcd07973f4366eaea480eff210c306,04_research/realtime_stock_picker_phase5r/phase5r_c2_email_delivery_report.md,633241d936480a77f1aa431a89879719426e5931,794af128b36028a0fabdff0dd1b6a8703f8bc0b6eea8faf984bc46686e90f06f,452
11_archive/phase5r_retired_20260831/04_research/realtime_stock_picker_phase5r/phase5r_c2_live_delivery_report.md,phase5r-pre-cleanup-20260831,5790e00040dcd07973f4366eaea480eff210c306,04_research/realtime_stock_picker_phase5r/phase5r_c2_live_delivery_report.md,f43594bf6d41dc77d1755f6ec01ef0b620a1b9df,23cd53864871039af429032ca1574e3fef83114b25166a69d5efe94f3c6d3f06,917
11_archive/phase5r_retired_20260831/04_research/realtime_stock_picker_phase5r/phase5r_c2_verification_report.md,phase5r-pre-cleanup-20260831,5790e00040dcd07973f4366eaea480eff210c306,04_research/realtime_stock_picker_phase5r/phase5r_c2_verification_report.md,9df1f836915dbe7303f5194710dc711825e048af,002cb113ff5a6e5244c6d9e969ec162c29e6ea2bcbc87f9cc7b27c4a5a4b7c79,1698
11_archive/phase5r_retired_20260831/04_research/realtime_stock_picker_phase5r/phase5r_c3_pipeline_report.md,phase5r-pre-cleanup-20260831,5790e00040dcd07973f4366eaea480eff210c306,04_research/realtime_stock_picker_phase5r/phase5r_c3_pipeline_report.md,ce3f2f0251e8eb6f7f7b9add9653a7fa0e4eae08,ec4f6f8e10c22d997d2ec8c3fb7109841368f23e891cb31f79c63c429c370d75,697
11_archive/phase5r_retired_20260831/04_research/realtime_stock_picker_phase5r/phase5r_c3_verification_report.md,phase5r-pre-cleanup-20260831,5790e00040dcd07973f4366eaea480eff210c306,04_research/realtime_stock_picker_phase5r/phase5r_c3_verification_report.md,2c7b194d3e6a1dc32dac24c074a981c678b834a2,34250fbed578ef09c6ffcb0c1c2d576111e21313f782519ecfd17538c846ebd2,1475
11_archive/phase5r_retired_20260831/04_research/realtime_stock_picker_phase5r/phase5r_c3l_live_pipeline_report.md,phase5r-pre-cleanup-20260831,5790e00040dcd07973f4366eaea480eff210c306,04_research/realtime_stock_picker_phase5r/phase5r_c3l_live_pipeline_report.md,c623ec3e337a82ec7ecbc2151eca8d2131ebac89,6fd0ac10193a1b9a5d2c44dd64f99c2dd09292aa4f6fb859d70dbc2217ff2a16,877
11_archive/phase5r_retired_20260831/04_research/realtime_stock_picker_phase5r/phase5r_c4_portfolio_framework_report.md,phase5r-pre-cleanup-20260831,5790e00040dcd07973f4366eaea480eff210c306,04_research/realtime_stock_picker_phase5r/phase5r_c4_portfolio_framework_report.md,9a7a4ff1488d6b9add58c1756fffbf7b4db87da7,c5803a71c3cbf04b343367c28cd3ae930b51cbde3372d7b759d387e3a3a7e103,759
11_archive/phase5r_retired_20260831/04_research/realtime_stock_picker_phase5r/phase5r_c4_verification_report.md,phase5r-pre-cleanup-20260831,5790e00040dcd07973f4366eaea480eff210c306,04_research/realtime_stock_picker_phase5r/phase5r_c4_verification_report.md,254427bbe65c73679e07ec93cd541bba2ad5b2a3,a7fc30886d223201c4fa56ea5eb01e9a3d2d4a09727f82dc8d52b03ec6dad41c,2223
11_archive/phase5r_retired_20260831/04_research/realtime_stock_picker_phase5r/phase5r_c4r_position_intake_report.md,phase5r-pre-cleanup-20260831,5790e00040dcd07973f4366eaea480eff210c306,04_research/realtime_stock_picker_phase5r/phase5r_c4r_position_intake_report.md,18db023ffcaa4774e49f89c6383c9c4140b4b0d7,92a60a945525e15bc102946d7500a4c7ad119aa21f16861e26ad510c5d9ca6d5,583
11_archive/phase5r_retired_20260831/04_research/realtime_stock_picker_phase5r/phase5r_c4r_verification_report.md,phase5r-pre-cleanup-20260831,5790e00040dcd07973f4366eaea480eff210c306,04_research/realtime_stock_picker_phase5r/phase5r_c4r_verification_report.md,8b48e2942c1acfbdabcb92fa39940634446342fd,b82a27087d950e35b8f8469fc2589e0cc0dc7661fcc4309d1d193ea8c20c05c0,1787
11_archive/phase5r_retired_20260831/04_research/realtime_stock_picker_phase5r/phase5r_c5_company_research_packets.csv,phase5r-pre-cleanup-20260831,5790e00040dcd07973f4366eaea480eff210c306,04_research/realtime_stock_picker_phase5r/phase5r_c5_company_research_packets.csv,4ce63ac2d01356534fbd0064d41664e41997beee,68a3e2621ae0b47bad8488c5e1332c255496062c32a0eaa742f8b0c141b2bb37,10821
11_archive/phase5r_retired_20260831/04_research/realtime_stock_picker_phase5r/phase5r_c5_new_candidate_recommendations.csv,phase5r-pre-cleanup-20260831,5790e00040dcd07973f4366eaea480eff210c306,04_research/realtime_stock_picker_phase5r/phase5r_c5_new_candidate_recommendations.csv,f7bcdabfc6a4fd5102ef98e6d60f71d94c3867a4,6e29c0310fa51afd6094b02bbd8f9fb689e419e613cfc3990505b6908ad8d19d,1109
11_archive/phase5r_retired_20260831/04_research/realtime_stock_picker_phase5r/phase5r_c5_position_review_recommendations.csv,phase5r-pre-cleanup-20260831,5790e00040dcd07973f4366eaea480eff210c306,04_research/realtime_stock_picker_phase5r/phase5r_c5_position_review_recommendations.csv,fe980b6382914b8c085677213644a3cc656ed280,d8731c634f474555c26bf4fbbc8ea948566397b025cb233491ab0fb75e7c8333,910
11_archive/phase5r_retired_20260831/04_research/realtime_stock_picker_phase5r/phase5r_c5_research_queue.csv,phase5r-pre-cleanup-20260831,5790e00040dcd07973f4366eaea480eff210c306,04_research/realtime_stock_picker_phase5r/phase5r_c5_research_queue.csv,1b49041271832c84df3a3b1027fc7006bf1f0aa7,4a511214abd3c817340b06aea477d5309dbe5deb08d7953611b05406f6c51870,1800
11_archive/phase5r_retired_20260831/04_research/realtime_stock_picker_phase5r/phase5r_c5_verification_report.md,phase5r-pre-cleanup-20260831,5790e00040dcd07973f4366eaea480eff210c306,04_research/realtime_stock_picker_phase5r/phase5r_c5_verification_report.md,7f6199991fe91f0d4428461d976636fe2ea9f4e2,49b566c2218abdf74afbfb40ddb3aa6e2f56ea3174c24d9cb4170b960f92d208,1737
11_archive/phase5r_retired_20260831/04_research/realtime_stock_picker_phase5r/phase5r_c5_weekly_conviction_memo.md,phase5r-pre-cleanup-20260831,5790e00040dcd07973f4366eaea480eff210c306,04_research/realtime_stock_picker_phase5r/phase5r_c5_weekly_conviction_memo.md,be265de4c4d8209349cf11b950483528373780c9,3845a32f8fd512bad41c331bf829a0852ff5a4d53d865c8555749563b65d03f8,2623
11_archive/phase5r_retired_20260831/04_research/realtime_stock_picker_phase5r/phase5r_c5_weekly_conviction_scores.csv,phase5r-pre-cleanup-20260831,5790e00040dcd07973f4366eaea480eff210c306,04_research/realtime_stock_picker_phase5r/phase5r_c5_weekly_conviction_scores.csv,40a5d8b93134bd408abb757aa597e02a64738044,04529dd3b89245db0e61dc0e3301aafc6a6523e30e5a21f643c3be10eb89475a,1997
11_archive/phase5r_retired_20260831/04_research/realtime_stock_picker_phase5r/phase5r_c5t_manual_action_report.md,phase5r-pre-cleanup-20260831,5790e00040dcd07973f4366eaea480eff210c306,04_research/realtime_stock_picker_phase5r/phase5r_c5t_manual_action_report.md,6d13fb50b8888c06a05cb8d6eeb17f212d0d25e8,095b48614ecf2f7f0b27d040b2862d46e3831470e8f92abd003b98691c1a5747,656
11_archive/phase5r_retired_20260831/04_research/realtime_stock_picker_phase5r/phase5r_c5t_verification_report.md,phase5r-pre-cleanup-20260831,5790e00040dcd07973f4366eaea480eff210c306,04_research/realtime_stock_picker_phase5r/phase5r_c5t_verification_report.md,f6653dc008f4829eeb971b0e514f212ddb21244d,b81e2c34df3f3c35fe727c24d2ff1653c497d9ec0b041abc109d97a08de8907f,1886
11_archive/phase5r_retired_20260831/04_research/realtime_stock_picker_phase5r/phase5r_c6_verification_report.md,phase5r-pre-cleanup-20260831,5790e00040dcd07973f4366eaea480eff210c306,04_research/realtime_stock_picker_phase5r/phase5r_c6_verification_report.md,8e02246873a8847793c5c979195dd46cc0096434,2a5777b162c18bb1c56880b2913091e8608e5344979ad5444c0cf4e20a58be04,2785
11_archive/phase5r_retired_20260831/04_research/realtime_stock_picker_phase5r/phase5r_c6_weekly_email_report.md,phase5r-pre-cleanup-20260831,5790e00040dcd07973f4366eaea480eff210c306,04_research/realtime_stock_picker_phase5r/phase5r_c6_weekly_email_report.md,6bf005e1462aa7e1b64dbe728cc7f9f3cb1102ff,5b551db6c87f0412f91fe1a425d4546b18e4d53d95315ef6b38b1cf3eea63b0d,552
11_archive/phase5r_retired_20260831/04_research/realtime_stock_picker_phase5r/phase5r_c6l_live_delivery_report.md,phase5r-pre-cleanup-20260831,5790e00040dcd07973f4366eaea480eff210c306,04_research/realtime_stock_picker_phase5r/phase5r_c6l_live_delivery_report.md,52107009aa89ee0b674f16755a3c3c651d51f8cd,1a8edca97f64a0e672d60f1f72ba1e3520b2910635d181eed7899910ef6d1a09,720
11_archive/phase5r_retired_20260831/04_research/realtime_stock_picker_phase5r/phase5r_c7_pipeline_report.md,phase5r-pre-cleanup-20260831,5790e00040dcd07973f4366eaea480eff210c306,04_research/realtime_stock_picker_phase5r/phase5r_c7_pipeline_report.md,a0b7cca5495799e3267bf4b1f42e884ee2764464,f57ca3b3eca5f89f9a7132334a6e9eb41bf1882155f0b21e4251a70c6da5776b,723
11_archive/phase5r_retired_20260831/04_research/realtime_stock_picker_phase5r/phase5r_c7_verification_report.md,phase5r-pre-cleanup-20260831,5790e00040dcd07973f4366eaea480eff210c306,04_research/realtime_stock_picker_phase5r/phase5r_c7_verification_report.md,d102035e554e420f06d5854db84c88b295f45dea,fc2716319a2da85b640a5db8350d76822618a9c830a491de5860e5704a73e01d,2025
11_archive/phase5r_retired_20260831/04_research/realtime_stock_picker_phase5r/phase5r_c7l_live_pipeline_report.md,phase5r-pre-cleanup-20260831,5790e00040dcd07973f4366eaea480eff210c306,04_research/realtime_stock_picker_phase5r/phase5r_c7l_live_pipeline_report.md,9b9af39537f12d7b2498a34ca1fa2cb59594b219,31e92d66dc4af5d5c8d936300ed374a89fdc9cf6cfb537735284a661873aee15,870
11_archive/phase5r_retired_20260831/04_research/realtime_stock_picker_phase5r/phase5r_c8_active_state_report.md,phase5r-pre-cleanup-20260831,5790e00040dcd07973f4366eaea480eff210c306,04_research/realtime_stock_picker_phase5r/phase5r_c8_active_state_report.md,2d06a7d4adc20793f1084e8e37f7eeb0afc37f86,fee405455eaa3a44a837e640166914ecec68d183206d752df6c6c0cbbedac495,946
11_archive/phase5r_retired_20260831/04_research/realtime_stock_picker_phase5r/phase5r_c8_verification_report.md,phase5r-pre-cleanup-20260831,5790e00040dcd07973f4366eaea480eff210c306,04_research/realtime_stock_picker_phase5r/phase5r_c8_verification_report.md,71fa233d2cdf87d7f037fd3c09550fc37605d7d9,ddca369fe1ea7347802807b8247d5e44fb82f172e6f77182251bd29863deb165,1780
11_archive/phase5r_retired_20260831/04_research/realtime_stock_picker_phase5r/phase5r_c9a_audit_report.md,phase5r-pre-cleanup-20260831,5790e00040dcd07973f4366eaea480eff210c306,04_research/realtime_stock_picker_phase5r/phase5r_c9a_audit_report.md,088d0f78cd4be3eaf79b39fc29535f79c54416f3,32b7b577751d5eb59ccb6624079765dcdda47369d32e654bb22f8f553b5d4b67,3026
11_archive/phase5r_retired_20260831/04_research/realtime_stock_picker_phase5r/phase5r_c9a_verification_report.md,phase5r-pre-cleanup-20260831,5790e00040dcd07973f4366eaea480eff210c306,04_research/realtime_stock_picker_phase5r/phase5r_c9a_verification_report.md,3a670a12fdf8236e1ca7b4fbb7f76a615ae894c8,5143df0ae85bca33157dfafa9449ff66dbc091508a26113f6112c957edec7271,1570
11_archive/phase5r_retired_20260831/04_research/realtime_stock_picker_phase5r/phase5r_d1_scheduler_report.md,phase5r-pre-cleanup-20260831,5790e00040dcd07973f4366eaea480eff210c306,04_research/realtime_stock_picker_phase5r/phase5r_d1_scheduler_report.md,8fe833b4d1046489cd14ffa8bf7c4962e310d177,78ce1dd4ba3ac06e9c7ca79148cd10b4fd28529dda9006b413a3255ee5fd8e03,643
11_archive/phase5r_retired_20260831/04_research/realtime_stock_picker_phase5r/phase5r_d1_verification_report.md,phase5r-pre-cleanup-20260831,5790e00040dcd07973f4366eaea480eff210c306,04_research/realtime_stock_picker_phase5r/phase5r_d1_verification_report.md,76919e3d9190edf59f21d26ded9663239019d462,8eaa7b282dac2bb8be5067422bc2dc3040cebf9c2971fb9877a721bf540a0929,2103
11_archive/phase5r_retired_20260831/04_research/realtime_stock_picker_phase5r/phase5r_d2_scheduler_report.md,phase5r-pre-cleanup-20260831,5790e00040dcd07973f4366eaea480eff210c306,04_research/realtime_stock_picker_phase5r/phase5r_d2_scheduler_report.md,32114af992d3edd50c0a6d5ec8450327f54344f5,3001817dcacb3362e380dbd0c101f0225ae14ad26779b8c0b16f1d3f0b97f764,791
11_archive/phase5r_retired_20260831/04_research/realtime_stock_picker_phase5r/phase5r_d2_verification_report.md,phase5r-pre-cleanup-20260831,5790e00040dcd07973f4366eaea480eff210c306,04_research/realtime_stock_picker_phase5r/phase5r_d2_verification_report.md,3dfb4384615c7a95d9209e30df35c379c8d09ce5,2d6fbf5616627ccdbb36f65b7fa7432544c6859277cb9cb04296ee2221f2f9a9,2672
11_archive/phase5r_retired_20260831/04_research/realtime_stock_picker_phase5r/phase5r_d2l_scheduler_installation_report.md,phase5r-pre-cleanup-20260831,5790e00040dcd07973f4366eaea480eff210c306,04_research/realtime_stock_picker_phase5r/phase5r_d2l_scheduler_installation_report.md,a8ce4b5d63910d4fa9ff397a4ccaa32f19579a20,72561db37fea655bb6fd79051249d7ea7d14a2395461555fd0dee8d30a17a1d2,949
11_archive/phase5r_retired_20260831/04_research/realtime_stock_picker_phase5r/phase5r_d2l_verification_report.md,phase5r-pre-cleanup-20260831,5790e00040dcd07973f4366eaea480eff210c306,04_research/realtime_stock_picker_phase5r/phase5r_d2l_verification_report.md,067c5389c64bdc72054d9ae08cd1665473a24c3b,596c6541c2e92a3d407160ed64adbd10bf254e519975be079c2d9b2f05c5db58,1092
11_archive/phase5r_retired_20260831/04_research/realtime_stock_picker_phase5r/phase5r_d3_catchup_scheduler_report.md,phase5r-pre-cleanup-20260831,5790e00040dcd07973f4366eaea480eff210c306,04_research/realtime_stock_picker_phase5r/phase5r_d3_catchup_scheduler_report.md,e5b9a22f56691224d71317d2b1bcb7f78915d81b,658f43d5fa27cdc7b9aa15124f0d38b7003c5f1562585f87b23a52ab0c97e682,1611
11_archive/phase5r_retired_20260831/04_research/realtime_stock_picker_phase5r/phase5r_d3_verification_report.md,phase5r-pre-cleanup-20260831,5790e00040dcd07973f4366eaea480eff210c306,04_research/realtime_stock_picker_phase5r/phase5r_d3_verification_report.md,3ec1926f7a0e4ef42f7994a08f8def8668c5f22d,46478d9bb6ee6ed0e369405d6ecb34544842bd493e75deee035c6d5d87dce9e8,4106
11_archive/phase5r_retired_20260831/04_research/realtime_stock_picker_phase5r/phase5r_d3f_hotfix_report.md,phase5r-pre-cleanup-20260831,5790e00040dcd07973f4366eaea480eff210c306,04_research/realtime_stock_picker_phase5r/phase5r_d3f_hotfix_report.md,cac84573129e7425af1662a40c62301e7f6bfdbe,6aace7bcfbcef12920663952893b23c88d50eee458851ed337d0f1368d241c63,1493
11_archive/phase5r_retired_20260831/04_research/realtime_stock_picker_phase5r/phase5r_d3f_verification_report.md,phase5r-pre-cleanup-20260831,5790e00040dcd07973f4366eaea480eff210c306,04_research/realtime_stock_picker_phase5r/phase5r_d3f_verification_report.md,d9c806100548db0b64c265c6bb10a8ef5533593b,9c8110c6d6ad2fe5817adac77d1350ebd28881346e38911453fbef98f08fc685,4236
11_archive/phase5r_retired_20260831/04_research/realtime_stock_picker_phase5r/phase5r_d3g_hotfix_report.md,phase5r-pre-cleanup-20260831,5790e00040dcd07973f4366eaea480eff210c306,04_research/realtime_stock_picker_phase5r/phase5r_d3g_hotfix_report.md,3058b84d076eecad1d5fcb3bba4e4233817d7c7e,3ad352a66d0107666e2cbb906aff5cb75456374f9e89cd74f884488e5d7ad520,1766
11_archive/phase5r_retired_20260831/04_research/realtime_stock_picker_phase5r/phase5r_d3g_verification_report.md,phase5r-pre-cleanup-20260831,5790e00040dcd07973f4366eaea480eff210c306,04_research/realtime_stock_picker_phase5r/phase5r_d3g_verification_report.md,8147114dcb61813fefd1e84b2a2dfae0dad3535b,458d0d59bd34baf4a33bfc1fd73065b949b3df42b63def48d170861742b62c3d,1567
11_archive/phase5r_retired_20260831/04_research/realtime_stock_picker_phase5r/phase5r_daily_upgrade_report.md,phase5r-pre-cleanup-20260831,5790e00040dcd07973f4366eaea480eff210c306,04_research/realtime_stock_picker_phase5r/phase5r_daily_upgrade_report.md,9b3a31356f9519f2e4da392f2af9f3581c834370,1e40b99eb6d2136d09a917c8d7e3e60203b6c2befa1dbc2ee5c3654ac7e79ed1,1844
11_archive/phase5r_retired_20260831/04_research/realtime_stock_picker_phase5r/phase5r_llm_decision_architecture_research.md,phase5r-pre-cleanup-20260831,5790e00040dcd07973f4366eaea480eff210c306,04_research/realtime_stock_picker_phase5r/phase5r_llm_decision_architecture_research.md,fc5ba6be3bb60ca542cecccd13658ba9482e142c,1cb179d606afc307cd71a8f4871bd11c9e5a9d7c486ba9b3e3c0a9655b90ff79,29243
11_archive/phase5r_retired_20260831/04_research/realtime_stock_picker_phase5r/phase5r_llm_replay_corpus_design.md,phase5r-pre-cleanup-20260831,5790e00040dcd07973f4366eaea480eff210c306,04_research/realtime_stock_picker_phase5r/phase5r_llm_replay_corpus_design.md,c12655178aa4c97ac79de109c8c69eb1702a25b7,1dac915a07a32f4a795b57dc8a7812db6bbf61beb126450712e2b582c48103c4,5164
11_archive/phase5r_retired_20260831/04_research/realtime_stock_picker_phase5r/phase5r_llm_shadow_verification_report.md,phase5r-pre-cleanup-20260831,5790e00040dcd07973f4366eaea480eff210c306,04_research/realtime_stock_picker_phase5r/phase5r_llm_shadow_verification_report.md,89fdc83b83192f2c13593e3722fb797e6221c5a1,993aa870c0142e826944cdb452ecc367b7fa575af2a72b761e07e9f93f0233ce,4313
11_archive/phase5r_retired_20260831/04_research/realtime_stock_picker_phase5r/phase5r_model_api_upgrade_research_20260725.md,phase5r-pre-cleanup-20260831,5790e00040dcd07973f4366eaea480eff210c306,04_research/realtime_stock_picker_phase5r/phase5r_model_api_upgrade_research_20260725.md,81e9b710f78a1cbe185dd4a940396174144a4437,798da3697176a77ab779fa3bbd1b0d353c69d72f75225b809d30bf5e3359cecc,37359
11_archive/phase5r_retired_20260831/04_research/realtime_stock_picker_phase5r/phase5r_model_pilot_go_no_go_report.md,phase5r-pre-cleanup-20260831,5790e00040dcd07973f4366eaea480eff210c306,04_research/realtime_stock_picker_phase5r/phase5r_model_pilot_go_no_go_report.md,23fde932ef2cf2ff492446276cea10b6482d54b4,4203fe8b036d1a1dcc98a049ebfacd8c1ccd10d3795520f60fdf9347cb7cd581,1112
11_archive/phase5r_retired_20260831/04_research/realtime_stock_picker_phase5r/phase5r_model_shadow_readiness_report.md,phase5r-pre-cleanup-20260831,5790e00040dcd07973f4366eaea480eff210c306,04_research/realtime_stock_picker_phase5r/phase5r_model_shadow_readiness_report.md,1411a39a456892d1aec221050d755e23a4734c66,9a557de6fd0e1c4e653216693843f64288bb5b135460bc02f0128b4fe2b03dc9,3164
11_archive/phase5r_retired_20260831/04_research/realtime_stock_picker_phase5r/phase5r_production_shadow_v1.md,phase5r-pre-cleanup-20260831,5790e00040dcd07973f4366eaea480eff210c306,04_research/realtime_stock_picker_phase5r/phase5r_production_shadow_v1.md,72b492003feb946b47f2ad9b6b04b72eaa552a91,9e7fe2b5eaa1b4f962b31c0198e474437259f14f324e650aedd8abe89c20c268,8899
11_archive/phase5r_retired_20260831/05_risk_and_positions/phase5r/phase5r_manual_trade_tickets.csv,phase5r-pre-cleanup-20260831,5790e00040dcd07973f4366eaea480eff210c306,05_risk_and_positions/phase5r/phase5r_manual_trade_tickets.csv,5cc829ab5a8b8b3c5ece0618f2dce683dbc61a69,6dedeb75a8e19fb50f1a00aaa61296dd0ba8954e467b4e5c1d16dd5a972c2eff,11336
11_archive/phase5r_retired_20260831/05_risk_and_positions/phase5r_c4_blank_position_review.md,phase5r-pre-cleanup-20260831,5790e00040dcd07973f4366eaea480eff210c306,05_risk_and_positions/phase5r_c4_blank_position_review.md,927281674ebe5e65056a425c93e44e9175bf80c8,67c170fc9d6a78cacc70f03a2b0c74113ee04f3774b4f6e969d8ca71b44d5f32,800
11_archive/phase5r_retired_20260831/05_risk_and_positions/phase5r_c4_portfolio_state_report.csv,phase5r-pre-cleanup-20260831,5790e00040dcd07973f4366eaea480eff210c306,05_risk_and_positions/phase5r_c4_portfolio_state_report.csv,1bfbb906bba6da38dbb4ba7545a437cb90677da5,2a9a37ce7cb238176d2264ae1d3ccb5a6c7088461744258133f6487b81003189,802
11_archive/phase5r_retired_20260831/05_risk_and_positions/phase5r_c4_position_schema.csv,phase5r-pre-cleanup-20260831,5790e00040dcd07973f4366eaea480eff210c306,05_risk_and_positions/phase5r_c4_position_schema.csv,c44b4b8c5de13ad3484ac4b9772ffb6d7b55fd2f,156172ccba242af206650d5c596d9d2652097d2147a0d9add997fc4bb2b85ce3,1222
11_archive/phase5r_retired_20260831/05_risk_and_positions/phase5r_c4r_current_portfolio_summary.md,phase5r-pre-cleanup-20260831,5790e00040dcd07973f4366eaea480eff210c306,05_risk_and_positions/phase5r_c4r_current_portfolio_summary.md,82002af3ffd19ddee80d3c684d8501deded9fd8f,b1e2d31c2b1f55d44a5dc446a6d35c32e0755bcabf513b060ef18bd4e613e99d,943
11_archive/phase5r_retired_20260831/05_risk_and_positions/phase5r_c4r_current_position_validation.csv,phase5r-pre-cleanup-20260831,5790e00040dcd07973f4366eaea480eff210c306,05_risk_and_positions/phase5r_c4r_current_position_validation.csv,6077b0a7b36d2183ff80b5e161a30b56d9366fc2,03236f003f1704a9e761cc934785d067e3d06e2e84b427a165b899a4a4a5c91a,303
11_archive/phase5r_retired_20260831/05_risk_and_positions/phase5r_c4r_portfolio_concentration_report.csv,phase5r-pre-cleanup-20260831,5790e00040dcd07973f4366eaea480eff210c306,05_risk_and_positions/phase5r_c4r_portfolio_concentration_report.csv,75b7daa1488f4b8c04570ce1fcb9953390efb0d1,017e179b247047dbcd8d0752c32c0c4811f45f40ae2ef911c2cfb813e893994f,1215
11_archive/phase5r_retired_20260831/05_risk_and_positions/phase5r_c4r_position_review_queue.csv,phase5r-pre-cleanup-20260831,5790e00040dcd07973f4366eaea480eff210c306,05_risk_and_positions/phase5r_c4r_position_review_queue.csv,126d5dac29f8309fa0a4ae6cd20958659497292e,d9be0383fc3fb85c5360c5365a02af75e62806462de69680ad1386a01b11ac55,505
11_archive/phase5r_retired_20260831/05_risk_and_positions/phase5r_c5t_hold_vs_trim_checklist.csv,phase5r-pre-cleanup-20260831,5790e00040dcd07973f4366eaea480eff210c306,05_risk_and_positions/phase5r_c5t_hold_vs_trim_checklist.csv,5bd129703cf189e4d02666f34f71de52c55d09eb,f5b07ae88b2657a28a259e7ba82a7116d19281e88b782aeb5c593bf007cfb5de,2137
11_archive/phase5r_retired_20260831/05_risk_and_positions/phase5r_c5t_manual_action_plan.md,phase5r-pre-cleanup-20260831,5790e00040dcd07973f4366eaea480eff210c306,05_risk_and_positions/phase5r_c5t_manual_action_plan.md,787396b3dc51488c7e9337f878df7650a8bf8035,90d8e290d0bef9ff492485a0e4a487952955bbfa4e7fb2174aba355306c07dff,3392
11_archive/phase5r_retired_20260831/05_risk_and_positions/phase5r_c5t_next_review_triggers.csv,phase5r-pre-cleanup-20260831,5790e00040dcd07973f4366eaea480eff210c306,05_risk_and_positions/phase5r_c5t_next_review_triggers.csv,c2da09b0cf92f18875b7a7df5b509fef9ebbe6ce,2833fdda72ad69bf12ab6819ffa96822ae5953bc6899febfbe335623ee6a3e9f,3590
11_archive/phase5r_retired_20260831/05_risk_and_positions/phase5r_c5t_trim_scenario_table.csv,phase5r-pre-cleanup-20260831,5790e00040dcd07973f4366eaea480eff210c306,05_risk_and_positions/phase5r_c5t_trim_scenario_table.csv,8f494ad89d9fe89085966db062d9c5060d96c884,4418333b643a81c4c5bc3a0ae9462ccdadc05afbdd5b4c2c0286c03a9167c294,4618
11_archive/phase5r_retired_20260831/07_automation/email_briefs/phase5r_c1_daily_email_body.html,phase5r-pre-cleanup-20260831,5790e00040dcd07973f4366eaea480eff210c306,07_automation/email_briefs/phase5r_c1_daily_email_body.html,36224d9f8f78c2ec86459a76edd980880195704d,68f1425e6907a095af698c59230b0750fd9a07c536bac9663e444e03bcd5ea85,2740
11_archive/phase5r_retired_20260831/07_automation/email_briefs/phase5r_c1_daily_email_body.txt,phase5r-pre-cleanup-20260831,5790e00040dcd07973f4366eaea480eff210c306,07_automation/email_briefs/phase5r_c1_daily_email_body.txt,26f2f8c600a967ca9a3cdaf93c9a714c5c2a20c5,6995e8b711826e132f3437d26bbc5ea14eb5e83c5ae6acd806014fb5ed67fb5d,1567
11_archive/phase5r_retired_20260831/07_automation/email_briefs/phase5r_c1_daily_email_subject.txt,phase5r-pre-cleanup-20260831,5790e00040dcd07973f4366eaea480eff210c306,07_automation/email_briefs/phase5r_c1_daily_email_subject.txt,8d5cef779d46881f4d1ca515ab3ece29d2feb56a,0d535a09470c3fd2e51d8e2bc008d3be273776884c75901fea763cc85cfa10d4,71
11_archive/phase5r_retired_20260831/07_automation/email_briefs/phase5r_c1_email_brief_metadata.csv,phase5r-pre-cleanup-20260831,5790e00040dcd07973f4366eaea480eff210c306,07_automation/email_briefs/phase5r_c1_email_brief_metadata.csv,d3ed5bc9423b336e20efaad62f97b8db443fbad6,950a9f5e0dff2609e00a3f62a780b5fa8d7e31cd0d1420d65480db80bffd7186,484
11_archive/phase5r_retired_20260831/07_automation/email_briefs/phase5r_c6_email_metadata.csv,phase5r-pre-cleanup-20260831,5790e00040dcd07973f4366eaea480eff210c306,07_automation/email_briefs/phase5r_c6_email_metadata.csv,d43de905ed2e6114d890d40497cbf66225a30c1b,c68e50c30c58a8c5def7767daaf97f9993d9a89b3d1a615f03e1e1163f5b156a,1431
11_archive/phase5r_retired_20260831/07_automation/email_briefs/phase5r_c6_weekly_email_body.html,phase5r-pre-cleanup-20260831,5790e00040dcd07973f4366eaea480eff210c306,07_automation/email_briefs/phase5r_c6_weekly_email_body.html,c373416378815d92fce5b9ca6a91dd8e81709cd9,fb6b4eb5634fce83cd3764764459add12102db440cecf7d891dd723c918548e2,3099
11_archive/phase5r_retired_20260831/07_automation/email_briefs/phase5r_c6_weekly_email_body.txt,phase5r-pre-cleanup-20260831,5790e00040dcd07973f4366eaea480eff210c306,07_automation/email_briefs/phase5r_c6_weekly_email_body.txt,d3d6554d2b72743fac33dab6a136dd1c04614767,8ce93b7afed2e1d8bb04c070270299f486d408f73180cdb7fc3ec56618eab361,3419
11_archive/phase5r_retired_20260831/07_automation/email_briefs/phase5r_c6_weekly_email_subject.txt,phase5r-pre-cleanup-20260831,5790e00040dcd07973f4366eaea480eff210c306,07_automation/email_briefs/phase5r_c6_weekly_email_subject.txt,c8bcb5838d08da28f8a4bba84629e44ae25c0e56,85b9f30c4e0d13bcb797a868c6abaaab6514340bf0c1d9c8ffd57091092a87e7,87
11_archive/phase5r_retired_20260831/07_automation/email_delivery/phase5r_c2_delivery_status.csv,phase5r-pre-cleanup-20260831,5790e00040dcd07973f4366eaea480eff210c306,07_automation/email_delivery/phase5r_c2_delivery_status.csv,1fb78b4131434f368f2c1d37e50e4e4041240ba8,c548c061f0433fce31f5024af54c8ab540230e92db848989c0d1e2f02787a063,3694
11_archive/phase5r_retired_20260831/07_automation/email_delivery/phase5r_c2_last_email_preview.eml,phase5r-pre-cleanup-20260831,5790e00040dcd07973f4366eaea480eff210c306,07_automation/email_delivery/phase5r_c2_last_email_preview.eml,e6181492330b639e47deb0b06ee4ad354839e44f,891282f5b0dd8cbca68b4912a00a5ee93522614c61b41044fda802b68189cff6,4969
11_archive/phase5r_retired_20260831/07_automation/email_delivery/phase5r_c6_delivery_status.csv,phase5r-pre-cleanup-20260831,5790e00040dcd07973f4366eaea480eff210c306,07_automation/email_delivery/phase5r_c6_delivery_status.csv,6f0661a84d596ddfd1b7565e4a25f81b56b17c54,9870aa5dbb008ee32fe50b87deec8c73ed3ff255b21a4695460c2fe591060f9e,2360
11_archive/phase5r_retired_20260831/07_automation/email_delivery/phase5r_c6_last_email_preview.eml,phase5r-pre-cleanup-20260831,5790e00040dcd07973f4366eaea480eff210c306,07_automation/email_delivery/phase5r_c6_last_email_preview.eml,2b8b938ba8d148b2980b8b967cf2f7e8a6a5c83d,18bdb3ae6639d49339f7239006d6cd48dc89234b5a91ec9a622426f2795b54c0,7192
11_archive/phase5r_retired_20260831/07_automation/scheduler/check_phase5r_d1_scheduler_status.sh,phase5r-pre-cleanup-20260831,5790e00040dcd07973f4366eaea480eff210c306,07_automation/scheduler/check_phase5r_d1_scheduler_status.sh,bd58c46e4067fbb0c0e903fba049881c5ad3d134,62e463c8a925271b818c5199b16b7061577903430e76f38da09ea9bd3101d0d4,531
11_archive/phase5r_retired_20260831/07_automation/scheduler/check_phase5r_d2_scheduler_status.sh,phase5r-pre-cleanup-20260831,5790e00040dcd07973f4366eaea480eff210c306,07_automation/scheduler/check_phase5r_d2_scheduler_status.sh,e702ab574cd0500a4f02bc1b04dfb2f1748debe6,ee5ae8c3c2bffb228ec436d87b1662fb5e05bdbe3569adf14b5523b8d1cb3a5d,1452
11_archive/phase5r_retired_20260831/07_automation/scheduler/check_phase5r_d3_catchup_status.sh,phase5r-pre-cleanup-20260831,5790e00040dcd07973f4366eaea480eff210c306,07_automation/scheduler/check_phase5r_d3_catchup_status.sh,0bbb1b54a97a2217b0a911c506a76c44a02aea7c,c4c0aeb369fa39ae5d64a2596a0ece6069f7914c2e31290aad7bbe0439ada3ef,5878
11_archive/phase5r_retired_20260831/07_automation/scheduler/check_phase5r_llm_shadow_status.sh,phase5r-pre-cleanup-20260831,5790e00040dcd07973f4366eaea480eff210c306,07_automation/scheduler/check_phase5r_llm_shadow_status.sh,f038ff4bb59cc6bfc46af159ca8db65ff632f121,bf125cefda93664da43f48e747e30f74c3bc0c9959537d8f47b05359b965fe53,1162
11_archive/phase5r_retired_20260831/07_automation/scheduler/com.steven.phase5r.dailybrief.plist.template,phase5r-pre-cleanup-20260831,5790e00040dcd07973f4366eaea480eff210c306,07_automation/scheduler/com.steven.phase5r.dailybrief.plist.template,1119083d0a7f17c77cd63ac79d6e7c2459692617,58a7147ec36f1e2e79cb6f5f07d9948201c9c96e90c26cc9d181ab7b08e06110,2306
11_archive/phase5r_retired_20260831/07_automation/scheduler/com.steven.phase5r.llmshadow.plist.template,phase5r-pre-cleanup-20260831,5790e00040dcd07973f4366eaea480eff210c306,07_automation/scheduler/com.steven.phase5r.llmshadow.plist.template,a0ab8e8f15aeacef4bf4857198e0d8e8b1bd2c25,4584108779e73def37fc5a90acfba5d9b7d04c84313d3400ada838f1bc30dabd,1123
11_archive/phase5r_retired_20260831/07_automation/scheduler/com.steven.phase5r.weeklycatchup.plist.template,phase5r-pre-cleanup-20260831,5790e00040dcd07973f4366eaea480eff210c306,07_automation/scheduler/com.steven.phase5r.weeklycatchup.plist.template,8e0e95b939dc34c94eda2ca90142e83f0af5da1f,947d4e2a838e5184b08f09b6264e9a2b95ea24fa062a719aa09ff403a9a6aab5,1141
11_archive/phase5r_retired_20260831/07_automation/scheduler/com.steven.phase5r.weeklyconviction.plist.template,phase5r-pre-cleanup-20260831,5790e00040dcd07973f4366eaea480eff210c306,07_automation/scheduler/com.steven.phase5r.weeklyconviction.plist.template,b6de3556abe10da98c348ff060de33800f0445de,106d889b0ae82624c0c3cd7f5de8b69dfec52d6f117f8b0ee2cd9c57878bc4c1,1386
11_archive/phase5r_retired_20260831/07_automation/scheduler/install_phase5r_d1_scheduler.sh,phase5r-pre-cleanup-20260831,5790e00040dcd07973f4366eaea480eff210c306,07_automation/scheduler/install_phase5r_d1_scheduler.sh,c7a493f21477659547b7b5cdb7b23c9f4e17f053,d0791c2483747fb2ef2f75de73bd208d313291887d61c437a7eaaf1d9395ebc3,1693
11_archive/phase5r_retired_20260831/07_automation/scheduler/install_phase5r_d2_weekly_scheduler.sh,phase5r-pre-cleanup-20260831,5790e00040dcd07973f4366eaea480eff210c306,07_automation/scheduler/install_phase5r_d2_weekly_scheduler.sh,c8075470477b512f7cbbd40a0e40255db268a9cc,58bbd1156ba101c22fccf38bfe7ba46c75bfbede2e5ad61e5c47fcbf03cad8ee,2685
11_archive/phase5r_retired_20260831/07_automation/scheduler/install_phase5r_d3_catchup_scheduler.sh,phase5r-pre-cleanup-20260831,5790e00040dcd07973f4366eaea480eff210c306,07_automation/scheduler/install_phase5r_d3_catchup_scheduler.sh,80992f96222728f61a0c60679f1ae65c2dbcbe85,5bde810392ea76b3d164e1466f50590b9deaff3bcf280be277056c9d382cb6db,4827
11_archive/phase5r_retired_20260831/07_automation/scheduler/install_phase5r_llm_shadow_scheduler.sh,phase5r-pre-cleanup-20260831,5790e00040dcd07973f4366eaea480eff210c306,07_automation/scheduler/install_phase5r_llm_shadow_scheduler.sh,fb3f6e1ff3e564aec3e086ac191ca95aa9c00c78,81f754b125112efda48e218e04ab1d474154a688dcc257750fbcca3a1f3e83c8,4126
11_archive/phase5r_retired_20260831/07_automation/scheduler/migrate_phase5r_to_daily_workflow.sh,phase5r-pre-cleanup-20260831,5790e00040dcd07973f4366eaea480eff210c306,07_automation/scheduler/migrate_phase5r_to_daily_workflow.sh,5847754642f18f7f2cab7b6b0f8d5de1100f21c4,0b5fb0d1b4db3d1ea3ea964a00fd58162fe9dc75009dab3a9d4e632fe79170b3,3817
11_archive/phase5r_retired_20260831/07_automation/scheduler/phase5r_d3_catchup_state.local.json.example,phase5r-pre-cleanup-20260831,5790e00040dcd07973f4366eaea480eff210c306,07_automation/scheduler/phase5r_d3_catchup_state.local.json.example,34b35bf9ee2e0d634f4e840b16b1efb4c6f2db63,79752f99942d07090b4df17778d606cda74d3310275996a23fd08f19d32eaafa,812
11_archive/phase5r_retired_20260831/07_automation/scheduler/phase5r_d3_catchup_state.template.json,phase5r-pre-cleanup-20260831,5790e00040dcd07973f4366eaea480eff210c306,07_automation/scheduler/phase5r_d3_catchup_state.template.json,f85996deaac3c1ddea53444692d0a4dbcd84cbe3,e1c077d1a85570a91b27883c43c1bea4864839ed662f8180176e93eb8730e136,519
11_archive/phase5r_retired_20260831/07_automation/scheduler/reset_phase5r_d3_failed_cycle_after_fix.sh,phase5r-pre-cleanup-20260831,5790e00040dcd07973f4366eaea480eff210c306,07_automation/scheduler/reset_phase5r_d3_failed_cycle_after_fix.sh,e6e2c37bbb6129dd64625dc7be724535fb656dc1,e66d6bd986e901336cd3ca9af7ea5aea82b80521fabd33bf6e5ff663d95c76b5,12159
11_archive/phase5r_retired_20260831/07_automation/scheduler/unblock_phase5r_d3_catchup_after_verification.sh,phase5r-pre-cleanup-20260831,5790e00040dcd07973f4366eaea480eff210c306,07_automation/scheduler/unblock_phase5r_d3_catchup_after_verification.sh,2ecff9c0af7e3ce23300046b995b1380269fe02b,1ad327a976bd72b982fd684d73d5dc68f4234e1b76c8b36a1accfb04c8764b44,9460
11_archive/phase5r_retired_20260831/07_automation/scheduler/uninstall_phase5r_d1_scheduler.sh,phase5r-pre-cleanup-20260831,5790e00040dcd07973f4366eaea480eff210c306,07_automation/scheduler/uninstall_phase5r_d1_scheduler.sh,3ffafff47c0da4890f966aeabbdd3d43b567bb33,cf6909533b8f326921ef5d282aebfa8341a66f1290c400f97304b808a56f55b5,412
11_archive/phase5r_retired_20260831/07_automation/scheduler/uninstall_phase5r_d2_weekly_scheduler.sh,phase5r-pre-cleanup-20260831,5790e00040dcd07973f4366eaea480eff210c306,07_automation/scheduler/uninstall_phase5r_d2_weekly_scheduler.sh,519fda37e74332e06483659a3a1a20b98401b44e,7e6d68911fd21fa0525da035294f62d60a718ce46efbcc24a112fcdf3548acac,596
11_archive/phase5r_retired_20260831/07_automation/scheduler/uninstall_phase5r_d3_catchup_scheduler.sh,phase5r-pre-cleanup-20260831,5790e00040dcd07973f4366eaea480eff210c306,07_automation/scheduler/uninstall_phase5r_d3_catchup_scheduler.sh,a58bda4f480bf9df76f137f4cbd61d735688865b,7502816162f1cc3d8910e20398d6115c94972313e9144b51e07f78ed2816abe6,1040
11_archive/phase5r_retired_20260831/07_automation/scheduler/uninstall_phase5r_llm_shadow_scheduler.sh,phase5r-pre-cleanup-20260831,5790e00040dcd07973f4366eaea480eff210c306,07_automation/scheduler/uninstall_phase5r_llm_shadow_scheduler.sh,7f85e90f46111d1cb439cd93a8a27efcb0b0a717,1850ea8021e81c56489aec882c1ba8b89164d0e541eb5339bad2036a6e270519,505
11_archive/phase5r_retired_20260831/08_reviews/current/latest_phase5r_b_manual_trade_tickets.md,phase5r-pre-cleanup-20260831,5790e00040dcd07973f4366eaea480eff210c306,08_reviews/current/latest_phase5r_b_manual_trade_tickets.md,b0266fa5a66ba846acbdfc4b52bb50c912f98221,28da57df74eafd531dcc2f0b41b8167b2cc98752728b8e6242dc188e9516d42e,4449
11_archive/phase5r_retired_20260831/08_reviews/current/latest_phase5r_b_watchlist.md,phase5r-pre-cleanup-20260831,5790e00040dcd07973f4366eaea480eff210c306,08_reviews/current/latest_phase5r_b_watchlist.md,8e3d97a5c8454c1a448c4c8b2efacef0768ebf88,b63bdb5e14febb7d02a2d51ad98aca857ee7aad564612eeafc187d32f8906558,3222
11_archive/phase5r_retired_20260831/08_reviews/current/latest_phase5r_c1_email_preview.md,phase5r-pre-cleanup-20260831,5790e00040dcd07973f4366eaea480eff210c306,08_reviews/current/latest_phase5r_c1_email_preview.md,8038059b207d8b6bb940cfa67bf5667153e47957,11ca8a970ab3ad0f747f06a0b7d87020efc67acba2852cd112442954dc29375f,1756
11_archive/phase5r_retired_20260831/08_reviews/current/latest_phase5r_c6_weekly_email_preview.md,phase5r-pre-cleanup-20260831,5790e00040dcd07973f4366eaea480eff210c306,08_reviews/current/latest_phase5r_c6_weekly_email_preview.md,9241e14284b522cae5fc5967a95b9a18fd382ac8,b67be0d6f76f05b1e815cf8c2502d52f000c8d9f118a85041bf6863d973bc605,3613
11_archive/phase5r_retired_20260831/08_reviews/current/latest_phase5r_manual_trade_tickets.md,phase5r-pre-cleanup-20260831,5790e00040dcd07973f4366eaea480eff210c306,08_reviews/current/latest_phase5r_manual_trade_tickets.md,89d89a8a8551bc29ed598141dfca4c423685eb38,4b57a7ba03c36be50f7f9360d01d5ca96d63a4f22f083e7670a53b12d574b9db,2855
11_archive/phase5r_retired_20260831/08_reviews/current/latest_phase5r_watchlist.md,phase5r-pre-cleanup-20260831,5790e00040dcd07973f4366eaea480eff210c306,08_reviews/current/latest_phase5r_watchlist.md,3b9862b0e6ab9bc1935a5f564b74a0bededf651d,f51d95c62ffa9860756fd7a5144f6d1c1585b5f6a81cdb7d492209031aea2e48,2108
11_archive/phase5r_retired_20260831/08_reviews/phase5r_llm_eval_cases/v1/base_fixture.json,phase5r-pre-cleanup-20260831,5790e00040dcd07973f4366eaea480eff210c306,08_reviews/phase5r_llm_eval_cases/v1/base_fixture.json,84b992eb8ff122cff2f362f2ea0cfc1289854718,c7afac4af3f0f88b709e026a65026bd06ae5d80d388f61e4ba45306b5d9a2b16,27235
11_archive/phase5r_retired_20260831/08_reviews/phase5r_llm_eval_cases/v1/manifest.json,phase5r-pre-cleanup-20260831,5790e00040dcd07973f4366eaea480eff210c306,08_reviews/phase5r_llm_eval_cases/v1/manifest.json,49d60be489440beb33c588d94ca5f7e78e606c6c,6645b2ca39c357732e0176ae5e6dfecbb40bafad3f037e2eb702e6ee424d5502,4807
11_archive/phase5r_retired_20260831/08_reviews/phase5r_llm_eval_cases/v1/sources/sec_filing_excerpt.txt,phase5r-pre-cleanup-20260831,5790e00040dcd07973f4366eaea480eff210c306,08_reviews/phase5r_llm_eval_cases/v1/sources/sec_filing_excerpt.txt,816be7ef898a67f3ee87ea7e64d51c05521868f4,88d0db2b688c7db72cc7074533e38f38e1668377a4ab93feb2217a09c0b96434,208
11_archive/phase5r_retired_20260831/08_reviews/phase5r_model_pilot/ai_assisted_v10_review/phase5r_model_pilot_v10_ai_assisted_review.json,phase5r-pre-cleanup-20260831,5790e00040dcd07973f4366eaea480eff210c306,08_reviews/phase5r_model_pilot/ai_assisted_v10_review/phase5r_model_pilot_v10_ai_assisted_review.json,6d281681424ba07fef2b459204fb66a4930c3bbb,5282ea924a564e2a2fda7a2f49f5c63643f5aa706b2f95ad023ddad678de3775,24963
11_archive/phase5r_retired_20260831/08_reviews/phase5r_model_pilot/ai_assisted_v10_review/phase5r_model_pilot_v10_ai_assisted_review_report.md,phase5r-pre-cleanup-20260831,5790e00040dcd07973f4366eaea480eff210c306,08_reviews/phase5r_model_pilot/ai_assisted_v10_review/phase5r_model_pilot_v10_ai_assisted_review_report.md,e624891f3442f5d7cba51e7a0fdbbe93d0b64503,be4dbda89ddbca4cbaaa7621907508457d8ff9cb7d4d636b8dec4d06f39da764,4295
11_archive/phase5r_retired_20260831/08_reviews/phase5r_model_pilot/ai_assisted_v10_review/phase5r_model_pilot_v10_noncanonical_correction_addendum.json,phase5r-pre-cleanup-20260831,5790e00040dcd07973f4366eaea480eff210c306,08_reviews/phase5r_model_pilot/ai_assisted_v10_review/phase5r_model_pilot_v10_noncanonical_correction_addendum.json,f991c6494f9ed08ef3bc3acf6d420f79363ca4c6,fc7adda71c12b9ca3bcb31d77a12e955c2e9eb4dfd670cdcb34c6629bcdf84e0,3656
11_archive/phase5r_retired_20260831/08_reviews/phase5r_model_pilot/ai_assisted_v10_review/phase5r_model_pilot_v10_noncanonical_correction_addendum.md,phase5r-pre-cleanup-20260831,5790e00040dcd07973f4366eaea480eff210c306,08_reviews/phase5r_model_pilot/ai_assisted_v10_review/phase5r_model_pilot_v10_noncanonical_correction_addendum.md,0d1846d10058fc1c25af6c250c35e857e2421306,51bc741b75d1b6beac2e3f4a6524cb8b2440e7d1a2cc2090e2e5470478d988fd,3335
11_archive/phase5r_retired_20260831/08_reviews/phase5r_model_pilot/ai_assisted_v10_review/phase5r_v10_blind_key_boundary_incident.json,phase5r-pre-cleanup-20260831,5790e00040dcd07973f4366eaea480eff210c306,08_reviews/phase5r_model_pilot/ai_assisted_v10_review/phase5r_v10_blind_key_boundary_incident.json,58b4d0fef6fa644ad3e230b88f4f0de3e555ed47,9b7104cab401207daf0fb0b1a7d923e6c0a2342f4943aa703d880b1e5cf72523,3358
11_archive/phase5r_retired_20260831/08_reviews/phase5r_model_pilot/ai_assisted_v10_review/phase5r_v10_noncanonical_internal_improvement_backlog.md,phase5r-pre-cleanup-20260831,5790e00040dcd07973f4366eaea480eff210c306,08_reviews/phase5r_model_pilot/ai_assisted_v10_review/phase5r_v10_noncanonical_internal_improvement_backlog.md,b44988f00c0fd6df3a558e3db1739c4ecd76be64,abe1155180358a6bb6daf2a36a8eadcad58e4e5dacab4a0e43f0c44724a824e7,17268
11_archive/phase5r_retired_20260831/08_reviews/phase5r_model_pilot/future_v2_offline_integration_v1/README.md,phase5r-pre-cleanup-20260831,5790e00040dcd07973f4366eaea480eff210c306,08_reviews/phase5r_model_pilot/future_v2_offline_integration_v1/README.md,d8516f81cac2c252079fd498d6b759b58bbde757,59425348e53d9b4df20261c333473e61bfc540271ecc498cc7e82308252b9702,3860
11_archive/phase5r_retired_20260831/08_reviews/phase5r_model_pilot/future_v2_offline_integration_v1/readiness_report.md,phase5r-pre-cleanup-20260831,5790e00040dcd07973f4366eaea480eff210c306,08_reviews/phase5r_model_pilot/future_v2_offline_integration_v1/readiness_report.md,83ecb7a4dac4f8d9a2c817f042bd65a9fabf2df0,b27f9666787f79b1c187a9402a2ad42b276bf8958b22959fa59366c58f49d648,2225
11_archive/phase5r_retired_20260831/08_reviews/phase5r_model_pilot/phase5r_anonymous_review_materials_status.md,phase5r-pre-cleanup-20260831,5790e00040dcd07973f4366eaea480eff210c306,08_reviews/phase5r_model_pilot/phase5r_anonymous_review_materials_status.md,781637be34f44bb4fada86542f34ac02cefabb49,e8b7967367129c50800879c8db11984c924ed12ead20f6f31d1a912e79beeb96,2358
11_archive/phase5r_retired_20260831/08_reviews/phase5r_model_pilot/phase5r_anonymous_review_protocol.md,phase5r-pre-cleanup-20260831,5790e00040dcd07973f4366eaea480eff210c306,08_reviews/phase5r_model_pilot/phase5r_anonymous_review_protocol.md,7a8f753c45bf15144582009447510dc03c792442,c44f9d2086cb1310d65240580ca86a2dcd52cf8823dab65413ad565c6bb00e7d,1489
11_archive/phase5r_retired_20260831/08_reviews/phase5r_model_pilot/phase5r_model_pilot_terminal_no_go_report.md,phase5r-pre-cleanup-20260831,5790e00040dcd07973f4366eaea480eff210c306,08_reviews/phase5r_model_pilot/phase5r_model_pilot_terminal_no_go_report.md,20eb04f00bcad073f2925b40e212b619bfde67ea,608e24296ddbdb9613930bf1a76b5add51d3c0eb4ebd63e3ac21e91d47fa540e,2596
11_archive/phase5r_retired_20260831/08_reviews/phase5r_model_pilot/phase5r_model_pilot_v10_independent_review_preflight.md,phase5r-pre-cleanup-20260831,5790e00040dcd07973f4366eaea480eff210c306,08_reviews/phase5r_model_pilot/phase5r_model_pilot_v10_independent_review_preflight.md,31e2f951daaad6cc3f293d31683a0ba2b21ff904,549db17c469ffd20296f733a11194b10db0ecea44151db2926df613e848cc312,3355
11_archive/phase5r_retired_20260831/08_reviews/phase5r_model_pilot/phase5r_model_pilot_v6_terminal_diagnosis.md,phase5r-pre-cleanup-20260831,5790e00040dcd07973f4366eaea480eff210c306,08_reviews/phase5r_model_pilot/phase5r_model_pilot_v6_terminal_diagnosis.md,2828b16ac0564a7fafec48c5a5268df2c1a8ed95,86bba848c9ab843d9b707a68884d8f42d8fc5769431dba82159c9ecedfad0eb6,2984
11_archive/phase5r_retired_20260831/08_reviews/phase5r_model_pilot/phase5r_model_pilot_v8_reliability_gate_proposal.md,phase5r-pre-cleanup-20260831,5790e00040dcd07973f4366eaea480eff210c306,08_reviews/phase5r_model_pilot/phase5r_model_pilot_v8_reliability_gate_proposal.md,2622677e99faaf22980a54e19f89c754bf3324a7,3430ed317bf871ad4b7e83ea9094171a2b713a32ed3b42b5706573970894a82e,2685
11_archive/phase5r_retired_20260831/08_reviews/phase5r_model_pilot/phase5r_model_pilot_v9_terminal_diagnosis.md,phase5r-pre-cleanup-20260831,5790e00040dcd07973f4366eaea480eff210c306,08_reviews/phase5r_model_pilot/phase5r_model_pilot_v9_terminal_diagnosis.md,89c247f1f9a2fa77ceb50c68ea6049e3cde734f0,11fc5547b4778ad446788fc30a69d9618d3148365ff40d2c7a51f16a805b316d,1765
11_archive/phase5r_retired_20260831/08_reviews/phase5r_model_pilot/replacement_v10/phase5r_model_pilot_v10_plan.json,phase5r-pre-cleanup-20260831,5790e00040dcd07973f4366eaea480eff210c306,08_reviews/phase5r_model_pilot/replacement_v10/phase5r_model_pilot_v10_plan.json,a1f36ecfa1bad8c934d329b9b91051e5f7416a08,eb83e66977fe5fec92ffbc4cd33225d2a18a9fe410e6617704598b3cb53aa2f6,4334
11_archive/phase5r_retired_20260831/08_reviews/phase5r_model_pilot/replacement_v2/phase5r_model_pilot_v2_plan.json,phase5r-pre-cleanup-20260831,5790e00040dcd07973f4366eaea480eff210c306,08_reviews/phase5r_model_pilot/replacement_v2/phase5r_model_pilot_v2_plan.json,8b8e68c5228b03cf942838cf6d440e04b594f28e,93fcad25373b79bf3b0db906e232291c7a4b34fa2ac15ce2bb548bed1f8e5d7b,3817
11_archive/phase5r_retired_20260831/08_reviews/phase5r_model_pilot/replacement_v3/phase5r_model_pilot_v3_plan.json,phase5r-pre-cleanup-20260831,5790e00040dcd07973f4366eaea480eff210c306,08_reviews/phase5r_model_pilot/replacement_v3/phase5r_model_pilot_v3_plan.json,67491275e8ec17384f447cd877f094983048a3e8,3fa3c0b746c9ecda5938aba59a8f32480b5af85ea40811308f5863fe27c46df3,4662
11_archive/phase5r_retired_20260831/08_reviews/phase5r_model_pilot/replacement_v4/phase5r_model_pilot_v4_plan.json,phase5r-pre-cleanup-20260831,5790e00040dcd07973f4366eaea480eff210c306,08_reviews/phase5r_model_pilot/replacement_v4/phase5r_model_pilot_v4_plan.json,e8c3b097495bf71172a2f85c3c02fae7b954178a,1e155aafcb6017250d793e3460077fd4d13f05d8188716edb62f59f36474b4db,5449
11_archive/phase5r_retired_20260831/08_reviews/phase5r_model_pilot/replacement_v5/phase5r_model_pilot_v5_plan.json,phase5r-pre-cleanup-20260831,5790e00040dcd07973f4366eaea480eff210c306,08_reviews/phase5r_model_pilot/replacement_v5/phase5r_model_pilot_v5_plan.json,6ff9126ef9b9c1f5945106ffe2290584d858b9ff,71c5d81b053bfcd4166c3abbf89bca158520565151f8f93c3d3f95ceaf5a1cea,4460
11_archive/phase5r_retired_20260831/08_reviews/phase5r_model_pilot/replacement_v6/phase5r_model_pilot_v6_authorization_request.md,phase5r-pre-cleanup-20260831,5790e00040dcd07973f4366eaea480eff210c306,08_reviews/phase5r_model_pilot/replacement_v6/phase5r_model_pilot_v6_authorization_request.md,55d7cf0abd17b21587a21b7fc9f7bdaff5609842,e3e6860cc0f81d24ab20feb21bcd4e0e1d88f47907202d28f0d92e3468551e81,2007
11_archive/phase5r_retired_20260831/08_reviews/phase5r_model_pilot/replacement_v6/phase5r_model_pilot_v6_capability_gate_report.md,phase5r-pre-cleanup-20260831,5790e00040dcd07973f4366eaea480eff210c306,08_reviews/phase5r_model_pilot/replacement_v6/phase5r_model_pilot_v6_capability_gate_report.md,6345fdb4c63489fae9c5a0cbbdeee4cc56d81eb4,a8f381780db844247f4e667778b651f78ac4e214ba1a378688d7b34e72b3aba6,3139
11_archive/phase5r_retired_20260831/08_reviews/phase5r_model_pilot/replacement_v6/phase5r_model_pilot_v6_plan.json,phase5r-pre-cleanup-20260831,5790e00040dcd07973f4366eaea480eff210c306,08_reviews/phase5r_model_pilot/replacement_v6/phase5r_model_pilot_v6_plan.json,c744a2d62c5af93c57ebdaee22070faca88b3093,7c40a3de5ca66235c85884908d189c7aaf88ef8c341333247b6d56c0d27af9af,3286
11_archive/phase5r_retired_20260831/08_reviews/phase5r_model_pilot/replacement_v7/phase5r_model_pilot_v7_plan.json,phase5r-pre-cleanup-20260831,5790e00040dcd07973f4366eaea480eff210c306,08_reviews/phase5r_model_pilot/replacement_v7/phase5r_model_pilot_v7_plan.json,98da66a90e18ff542dc4a4f9b0be091382c927d6,66158938242a058ea433208038664f8abc36e84c462ac545144bf37e0233b647,2959
11_archive/phase5r_retired_20260831/08_reviews/phase5r_model_pilot/replacement_v8/phase5r_model_pilot_v8_qualification_plan.json,phase5r-pre-cleanup-20260831,5790e00040dcd07973f4366eaea480eff210c306,08_reviews/phase5r_model_pilot/replacement_v8/phase5r_model_pilot_v8_qualification_plan.json,db38c687a83966aeab75348c097facc164bc6b72,1b5ed914acbf87d06486be952cc77c04a5395c8400188e25c08facb0e920ce05,1497
11_archive/phase5r_retired_20260831/08_reviews/phase5r_model_pilot/replacement_v9/phase5r_model_pilot_v9_plan.json,phase5r-pre-cleanup-20260831,5790e00040dcd07973f4366eaea480eff210c306,08_reviews/phase5r_model_pilot/replacement_v9/phase5r_model_pilot_v9_plan.json,ce31e15f3d77576da1e5be42012c46be309240e5,47307013550e2e0f3414d06f955e63f630f01abe3b7596e8db63bd2c7aebf458,3766
11_archive/phase5r_retired_20260831/09_scripts/phase5r/check_phase5r_b1_market_data_source.py,phase5r-pre-cleanup-20260831,5790e00040dcd07973f4366eaea480eff210c306,09_scripts/phase5r/check_phase5r_b1_market_data_source.py,2d85e39c9638941d0adc60cd72c951480cd25026,b858dd6531c7ccd243272812d8c9fcabe6a29bf0de81ef85265beaf98a520868,10543
11_archive/phase5r_retired_20260831/09_scripts/phase5r/create_phase5r_b2_manual_trade_tickets.py,phase5r-pre-cleanup-20260831,5790e00040dcd07973f4366eaea480eff210c306,09_scripts/phase5r/create_phase5r_b2_manual_trade_tickets.py,35379284b9388ffc9356012d1f3f26565c296ea8,a25dea165c4cae7b18a6bb0d5785a464813206fbd4e43affca5e2016db8ae553,6430
11_archive/phase5r_retired_20260831/09_scripts/phase5r/create_phase5r_b_manual_fallback_template.py,phase5r-pre-cleanup-20260831,5790e00040dcd07973f4366eaea480eff210c306,09_scripts/phase5r/create_phase5r_b_manual_fallback_template.py,11c9027c7a7872fe731a684a6975c952d695e1d2,522bb49e4c95997a404355f32ed62554d2b880f3c7ae7932d3cd4ea72d9901b1,3163
11_archive/phase5r_retired_20260831/09_scripts/phase5r/create_phase5r_b_manual_trade_tickets.py,phase5r-pre-cleanup-20260831,5790e00040dcd07973f4366eaea480eff210c306,09_scripts/phase5r/create_phase5r_b_manual_trade_tickets.py,9ad72caafb297b33dd2f8016941d6e475c799ecc,fabe4618fc9dcc1230acccdb9a430c4fab3d512b6fe6ecf779690aa7c2778ff5,7594
11_archive/phase5r_retired_20260831/09_scripts/phase5r/create_phase5r_c1_daily_email_brief.py,phase5r-pre-cleanup-20260831,5790e00040dcd07973f4366eaea480eff210c306,09_scripts/phase5r/create_phase5r_c1_daily_email_brief.py,1752cb8122cb87695c5ba22b67785e4da9bb1112,c0dde754f812531de94455c63e70cde52a1638ce0578c72434d9506ea4fe6132,11827
11_archive/phase5r_retired_20260831/09_scripts/phase5r/create_phase5r_c4_position_template.py,phase5r-pre-cleanup-20260831,5790e00040dcd07973f4366eaea480eff210c306,09_scripts/phase5r/create_phase5r_c4_position_template.py,b1747f595a69968777cbc2f3b0bc8b5809375186,6e8b833a8645a5c8517f0e3f9137b2b3533493ac50bf1622288ce39ed2ffb12e,9323
11_archive/phase5r_retired_20260831/09_scripts/phase5r/create_phase5r_c5_company_research_packets.py,phase5r-pre-cleanup-20260831,5790e00040dcd07973f4366eaea480eff210c306,09_scripts/phase5r/create_phase5r_c5_company_research_packets.py,d270ad73d257744339396e965aca89dab887a129,31d6ca2eefacb5cf12d04408813bc4b2194c986d903103535b433a22c1b6337b,18909
11_archive/phase5r_retired_20260831/09_scripts/phase5r/create_phase5r_c5_research_queue.py,phase5r-pre-cleanup-20260831,5790e00040dcd07973f4366eaea480eff210c306,09_scripts/phase5r/create_phase5r_c5_research_queue.py,f17212d58eb6f5986e0fba3fabcd313e49ccd466,a62f895a0a3f12c6e08c2d957f37e350066750387d65841d804e0277b1a354e1,6931
11_archive/phase5r_retired_20260831/09_scripts/phase5r/create_phase5r_c5_weekly_conviction_memo.py,phase5r-pre-cleanup-20260831,5790e00040dcd07973f4366eaea480eff210c306,09_scripts/phase5r/create_phase5r_c5_weekly_conviction_memo.py,aef93f45cae157cb6f599c2a8377b813a8208e7c,020c58112c7d44c08df4279c4526ff14f683050e6d5737b7cb43efc5f2d6faf9,6432
11_archive/phase5r_retired_20260831/09_scripts/phase5r/create_phase5r_c5t_manual_action_plan.py,phase5r-pre-cleanup-20260831,5790e00040dcd07973f4366eaea480eff210c306,09_scripts/phase5r/create_phase5r_c5t_manual_action_plan.py,7ddf7fef356f889da1e6abcd13a169e5bff5254e,5f3f757a2476f1807b6d25fb448319f5f5fc12262e0d37f7a2a70a019b2c5189,13307
11_archive/phase5r_retired_20260831/09_scripts/phase5r/create_phase5r_c5t_trim_scenarios.py,phase5r-pre-cleanup-20260831,5790e00040dcd07973f4366eaea480eff210c306,09_scripts/phase5r/create_phase5r_c5t_trim_scenarios.py,5563b7afa7b370be2d9875eb146774cb71aea51e,122a29b740651619a0b9b81a9b010eeae5d398b95ec50ee1dfe785f373020405,10686
11_archive/phase5r_retired_20260831/09_scripts/phase5r/create_phase5r_c6_weekly_email_brief.py,phase5r-pre-cleanup-20260831,5790e00040dcd07973f4366eaea480eff210c306,09_scripts/phase5r/create_phase5r_c6_weekly_email_brief.py,de88e00b73c75d1eac31d30bd66cc5ea122813c3,12602c7c35f7574b1b2a85acfe5c2b65a74f2184276afd69cb3cf29e80244375,17589
11_archive/phase5r_retired_20260831/09_scripts/phase5r/create_phase5r_c9b_execution_template.py,phase5r-pre-cleanup-20260831,5790e00040dcd07973f4366eaea480eff210c306,09_scripts/phase5r/create_phase5r_c9b_execution_template.py,96c6346b6b5ad772385fbc5a9ba7c5a6b289a9f1,0b0d65c6c8976ec9cb2c45f6de5e95463142b1a27376c572378650521cb7f270,4769
11_archive/phase5r_retired_20260831/09_scripts/phase5r/create_phase5r_llm_transition_annotation_template.py,phase5r-pre-cleanup-20260831,5790e00040dcd07973f4366eaea480eff210c306,09_scripts/phase5r/create_phase5r_llm_transition_annotation_template.py,ab79b947f364234c2cf6460d5617d527abac2224,2e7599f95f470c3ef5876051eaf93a90639997549170b46b3a710f18f8c4a6f2,5428
11_archive/phase5r_retired_20260831/09_scripts/phase5r/create_phase5r_manual_trade_tickets.py,phase5r-pre-cleanup-20260831,5790e00040dcd07973f4366eaea480eff210c306,09_scripts/phase5r/create_phase5r_manual_trade_tickets.py,73993a482897fd23f0df51fc8154f4907d19c82a,7ef8d42fea143da1aab08600097f04971848977eb63eaa014279c7f5382de3af,6910
11_archive/phase5r_retired_20260831/09_scripts/phase5r/create_phase5r_universe_seed.py,phase5r-pre-cleanup-20260831,5790e00040dcd07973f4366eaea480eff210c306,09_scripts/phase5r/create_phase5r_universe_seed.py,f3bcb27b462b4ab5e8bb8fb243668627741e5e32,662f340c9f30ad39f590969ce8f7484c951d1788c2a5310946ab3a4560054a98,7578
11_archive/phase5r_retired_20260831/09_scripts/phase5r/enable_phase5r_llm_live_shadow.py,phase5r-pre-cleanup-20260831,5790e00040dcd07973f4366eaea480eff210c306,09_scripts/phase5r/enable_phase5r_llm_live_shadow.py,742eebbf02cd5a10bf069f96ebe51fa8d625e294,9366ec2f2e5ec03abc853b492c907f4b43fad96f808998df91e218639009c825,12112
11_archive/phase5r_retired_20260831/09_scripts/phase5r/evaluate_phase5r_llm_decision.py,phase5r-pre-cleanup-20260831,5790e00040dcd07973f4366eaea480eff210c306,09_scripts/phase5r/evaluate_phase5r_llm_decision.py,ad1470233b73ae0a1cfa9bc44f6d2319ed0fb2b5,b1f32382698a503e97b2ae66c1b0114d8954c95119a3e6a7f4f03c4abe34688f,22144
11_archive/phase5r_retired_20260831/09_scripts/phase5r/inventory_phase5r_llm_replay_corpus.py,phase5r-pre-cleanup-20260831,5790e00040dcd07973f4366eaea480eff210c306,09_scripts/phase5r/inventory_phase5r_llm_replay_corpus.py,fbff4919e15c3a9ef2f29f17e3dd76d16616fdfa,bf26501ddea82f8f9a7c6a3ef50a4402aa8a006ea8b8a285cabe174e835ba0b6,54768
11_archive/phase5r_retired_20260831/09_scripts/phase5r/phase5r_assertion_span_contract_v3.py,phase5r-pre-cleanup-20260831,5790e00040dcd07973f4366eaea480eff210c306,09_scripts/phase5r/phase5r_assertion_span_contract_v3.py,5f8560de141a44864a475fbbb6de5b386c3e856c,33a80b68e8ba9878e98aa1b1dcbc28662b860c31b6da47e6fef4a11426f59999,29933
11_archive/phase5r_retired_20260831/09_scripts/phase5r/phase5r_llm_activation_receipt.py,phase5r-pre-cleanup-20260831,5790e00040dcd07973f4366eaea480eff210c306,09_scripts/phase5r/phase5r_llm_activation_receipt.py,2171397343b751e1c435707c06fe3ffe6ce537f9,618f7a388a7bfe13611891bb8b0289e6de2a29f33a16218e15616cd4c059a19d,37737
11_archive/phase5r_retired_20260831/09_scripts/phase5r/phase5r_llm_blinded_challenger.py,phase5r-pre-cleanup-20260831,5790e00040dcd07973f4366eaea480eff210c306,09_scripts/phase5r/phase5r_llm_blinded_challenger.py,25a389d887ef2c765a81888d1f65cba87f6bc5af,1085de989830044566f94f6582a029cc29af20cf2617c6f849dea25fbbd747d3,7117
11_archive/phase5r_retired_20260831/09_scripts/phase5r/phase5r_llm_citation_reviews.py,phase5r-pre-cleanup-20260831,5790e00040dcd07973f4366eaea480eff210c306,09_scripts/phase5r/phase5r_llm_citation_reviews.py,b1fa3bf82bd126dee4b8cc0cb254664eb40b9c3d,e5453ab486816657a07690c0c6931106d925e97e5dd59465fc30cf7dec55ca51,13836
11_archive/phase5r_retired_20260831/09_scripts/phase5r/phase5r_llm_contract.py,phase5r-pre-cleanup-20260831,5790e00040dcd07973f4366eaea480eff210c306,09_scripts/phase5r/phase5r_llm_contract.py,9593bb609f0791fba1f9f1f20ae241512da53ef7,165ccaa7559425111f3b229afbd113fe30a75e224a18486418b0e92505811b2f,113632
11_archive/phase5r_retired_20260831/09_scripts/phase5r/phase5r_llm_cost_aware_router.py,phase5r-pre-cleanup-20260831,5790e00040dcd07973f4366eaea480eff210c306,09_scripts/phase5r/phase5r_llm_cost_aware_router.py,e584ccaca7a05c83ad1162203f3fae13733fe163,e20d84fdfea8e8482069eab28bc585e853fbb92c2d1211b8860d76a98ece520f,42842
11_archive/phase5r_retired_20260831/09_scripts/phase5r/phase5r_llm_evidence_contract_v2.py,phase5r-pre-cleanup-20260831,5790e00040dcd07973f4366eaea480eff210c306,09_scripts/phase5r/phase5r_llm_evidence_contract_v2.py,303fa5ae5b931f517dcba85bfb88c7618c6822ec,85417888d00250af3dfeaf3519e5c9bfd95295dabd6ffa45da87c14174b59bf6,66495
11_archive/phase5r_retired_20260831/09_scripts/phase5r/phase5r_llm_evidence_contract_v2_handoff.py,phase5r-pre-cleanup-20260831,5790e00040dcd07973f4366eaea480eff210c306,09_scripts/phase5r/phase5r_llm_evidence_contract_v2_handoff.py,9cb81a9a18b3e34833ab39f2022a603b2a9b1426,ad7bf153c3ae5bee85049b4f65858002eaa962e4206f56ec92439e5de444b91e,32761
11_archive/phase5r_retired_20260831/09_scripts/phase5r/phase5r_llm_internal_quality.py,phase5r-pre-cleanup-20260831,5790e00040dcd07973f4366eaea480eff210c306,09_scripts/phase5r/phase5r_llm_internal_quality.py,08a9036bbd81ebdc3cee52b97e3ecfa965841c95,faf24fa18bac82e9d35dff14a00de76a655a0b24bb8b5a4862e6c6cc0a0636ee,8798
11_archive/phase5r_retired_20260831/09_scripts/phase5r/phase5r_llm_provider.py,phase5r-pre-cleanup-20260831,5790e00040dcd07973f4366eaea480eff210c306,09_scripts/phase5r/phase5r_llm_provider.py,97deaf1b900f27da14edf38a41439c3e528545a3,344298debfcaf8f6b4c22c1bf9d1c658e92b01b21bf4df057f979bedc79d0c73,40724
11_archive/phase5r_retired_20260831/09_scripts/phase5r/phase5r_llm_role_execution_ledger.py,phase5r-pre-cleanup-20260831,5790e00040dcd07973f4366eaea480eff210c306,09_scripts/phase5r/phase5r_llm_role_execution_ledger.py,7fac017fc8735fb8691210444749401fe932efff,0d0bcae76650220fbb18438b372f753930a98300a0eb6e642ee5bbc9e04cc2ed,45111
11_archive/phase5r_retired_20260831/09_scripts/phase5r/phase5r_llm_shadow_router_gate.py,phase5r-pre-cleanup-20260831,5790e00040dcd07973f4366eaea480eff210c306,09_scripts/phase5r/phase5r_llm_shadow_router_gate.py,fb14d549c3b06070400b7fea936c0eddab10dead,af8d47e95e411a6bbbf68dacbe9040aead7921950b0de27411bcfb277eb25a44,20110
11_archive/phase5r_retired_20260831/09_scripts/phase5r/phase5r_llm_transition_annotations.py,phase5r-pre-cleanup-20260831,5790e00040dcd07973f4366eaea480eff210c306,09_scripts/phase5r/phase5r_llm_transition_annotations.py,46a3ad90b6fe7643b0b7f8d1b2e0bd70b3654bf5,80b4cc59b7270cb8a1fd3c19616f5ca29b22508f555cb2ef3b89b7980031c115,26624
11_archive/phase5r_retired_20260831/09_scripts/phase5r/phase5r_market_data_adapter.py,phase5r-pre-cleanup-20260831,5790e00040dcd07973f4366eaea480eff210c306,09_scripts/phase5r/phase5r_market_data_adapter.py,ef1147f4f97d2a529f58c1990d96e9ba32c21d28,660853ca1f26c9652b128c4f4486341e53afd79f1adda892e415dda0a1a4dd69,9430
11_archive/phase5r_retired_20260831/09_scripts/phase5r/phase5r_market_data_contract.py,phase5r-pre-cleanup-20260831,5790e00040dcd07973f4366eaea480eff210c306,09_scripts/phase5r/phase5r_market_data_contract.py,f2a3bab367e1ccfb589ad17ade7d1a8b227ee2cd,4f34ef839cfa1a7b66596bb1dedf6cf7de40c7bebd987eed266de2a2ae57b129,19933
11_archive/phase5r_retired_20260831/09_scripts/phase5r/phase5r_massive_payload_adapter.py,phase5r-pre-cleanup-20260831,5790e00040dcd07973f4366eaea480eff210c306,09_scripts/phase5r/phase5r_massive_payload_adapter.py,1a58128551de36111b8afea4e6113d6820f62111,0e7fa76b919e440a80382edbc42e138fda6554b49be010e4dede437f616ad58c,17477
11_archive/phase5r_retired_20260831/09_scripts/phase5r/phase5r_model_pilot_requirements.lock.txt,phase5r-pre-cleanup-20260831,5790e00040dcd07973f4366eaea480eff210c306,09_scripts/phase5r/phase5r_model_pilot_requirements.lock.txt,9af4b8b141cd6ed3192fe8eee824464b76bd8592,c5933cead47e6f965b1f293e0a6f58a66cecd65f8d9706992f47ea0e57ea610a,380
11_archive/phase5r_retired_20260831/09_scripts/phase5r/phase5r_model_pilot_v3_prompt.py,phase5r-pre-cleanup-20260831,5790e00040dcd07973f4366eaea480eff210c306,09_scripts/phase5r/phase5r_model_pilot_v3_prompt.py,85fbce0b3027f3cbf7f0702db8be8e0deec64b8d,2832e029fbcb3d828da8b6013c9c49880d3a63cb29f96b62bd1ebdf59b054a2b,1331
11_archive/phase5r_retired_20260831/09_scripts/phase5r/phase5r_model_pilot_v4_contract.py,phase5r-pre-cleanup-20260831,5790e00040dcd07973f4366eaea480eff210c306,09_scripts/phase5r/phase5r_model_pilot_v4_contract.py,d18edeceedfaebeeaf0e94490b617ae7b261a9fb,f28064563332c3da874fe0bfc51647534ad58397b06130f0acc1371681a62a53,3423
11_archive/phase5r_retired_20260831/09_scripts/phase5r/phase5r_model_pilot_v5_contract.py,phase5r-pre-cleanup-20260831,5790e00040dcd07973f4366eaea480eff210c306,09_scripts/phase5r/phase5r_model_pilot_v5_contract.py,350c40e64a1f50661b207a32695aa95a05e1283d,e9bde5426c79be5b05f1a090cbc395c92ac7954f7355b4d6533bc2674a0e2f22,5393
11_archive/phase5r_retired_20260831/09_scripts/phase5r/phase5r_model_pilot_v6_contract.py,phase5r-pre-cleanup-20260831,5790e00040dcd07973f4366eaea480eff210c306,09_scripts/phase5r/phase5r_model_pilot_v6_contract.py,69d4b3ae2188a9b1824be8c54c7fe01fc61ec21f,d149a3674b7631ca6bd24b77ea6c71c35770301fe7b9bde220a0e0984ce578e1,7614
11_archive/phase5r_retired_20260831/09_scripts/phase5r/phase5r_model_router.py,phase5r-pre-cleanup-20260831,5790e00040dcd07973f4366eaea480eff210c306,09_scripts/phase5r/phase5r_model_router.py,564224423998c028b616f24b1cad6beca5069c90,430b6153b2a91e1a95bcd9de213213b1f77740d20eb73d2795a73411b281667a,3103
11_archive/phase5r_retired_20260831/09_scripts/phase5r/phase5r_point_in_time_performance.py,phase5r-pre-cleanup-20260831,5790e00040dcd07973f4366eaea480eff210c306,09_scripts/phase5r/phase5r_point_in_time_performance.py,4b3ce10a0dd5599e3c4fb30514fb304f968a6185,e4da9530d77e0ae49c5e3e39984f32487b143295bc3d31a30f85c158c9635520,45926
11_archive/phase5r_retired_20260831/09_scripts/phase5r/phase5r_production_shadow_email_gate.py,phase5r-pre-cleanup-20260831,5790e00040dcd07973f4366eaea480eff210c306,09_scripts/phase5r/phase5r_production_shadow_email_gate.py,986d83bf3fac37d480a4b15de0bd3b154308d359,cb4aa78c102fd8f33b05f090e049182b09ad05a05b631e22ff8b820b3dda1a71,6808
11_archive/phase5r_retired_20260831/09_scripts/phase5r/phase5r_production_shadow_requirements.txt,phase5r-pre-cleanup-20260831,5790e00040dcd07973f4366eaea480eff210c306,09_scripts/phase5r/phase5r_production_shadow_requirements.txt,2292df11f7c314cad2b9cc103b07b2cd69e30130,dd301630e019f73d2f8e88dbd35706d27687f29a53bef1fb50ec10d7350245ec,172
11_archive/phase5r_retired_20260831/09_scripts/phase5r/phase5r_production_shadow_v1.py,phase5r-pre-cleanup-20260831,5790e00040dcd07973f4366eaea480eff210c306,09_scripts/phase5r/phase5r_production_shadow_v1.py,2b64e9d8a19890bd7d6c12884057d0ede310a5f9,f76dacfb360c1271fbeee12ef632bdccde6bc323d39ff7f09dccc653d6b0b353,144013
11_archive/phase5r_retired_20260831/09_scripts/phase5r/phase5r_sequential_portfolio_simulator.py,phase5r-pre-cleanup-20260831,5790e00040dcd07973f4366eaea480eff210c306,09_scripts/phase5r/phase5r_sequential_portfolio_simulator.py,a7ed475dc92c531a709f1c85092a75b7b11cee49,876875a7cdb86db1cf670264944607cdac6aff88d7e1313aaf23ba3dca297c3a,45226
11_archive/phase5r_retired_20260831/09_scripts/phase5r/phase5r_strict_replay_artifacts.py,phase5r-pre-cleanup-20260831,5790e00040dcd07973f4366eaea480eff210c306,09_scripts/phase5r/phase5r_strict_replay_artifacts.py,b74f9c6e82c9f7e71b08d8263145c366bb185b1d,dc813ad7be1fe9e274a511909842d6fd34056f62595077f1daa32d7f74307852,56242
11_archive/phase5r_retired_20260831/09_scripts/phase5r/prepare_phase5r_llm_replay_corpus.py,phase5r-pre-cleanup-20260831,5790e00040dcd07973f4366eaea480eff210c306,09_scripts/phase5r/prepare_phase5r_llm_replay_corpus.py,e50be15978b9835ed0ea462dd3256291348771e7,63d89023a2a6b0b613f34ca13882d81238064d751e319afa86ddc919edd2d8cb,64633
11_archive/phase5r_retired_20260831/09_scripts/phase5r/record_phase5r_production_shadow_human_assessment.py,phase5r-pre-cleanup-20260831,5790e00040dcd07973f4366eaea480eff210c306,09_scripts/phase5r/record_phase5r_production_shadow_human_assessment.py,dc38524b6f9ec22ad4aa93148ba732edad1b760a,b13f5624ca652aa5addf6a63010d4a46349a8390388a67455b4ccb0c6f3ed731,1979
11_archive/phase5r_retired_20260831/09_scripts/phase5r/refresh_phase5r_c4r_current_position_intake.py,phase5r-pre-cleanup-20260831,5790e00040dcd07973f4366eaea480eff210c306,09_scripts/phase5r/refresh_phase5r_c4r_current_position_intake.py,74d18e7dbf3f1ae3559efa5244e8d9a2bd9fd038,e602eb24e0e4aafe4a7a20fe0a95d239914d886695969a3f842b111e7cd24137,14861
11_archive/phase5r_retired_20260831/09_scripts/phase5r/run_phase5r_b_market_data_update.py,phase5r-pre-cleanup-20260831,5790e00040dcd07973f4366eaea480eff210c306,09_scripts/phase5r/run_phase5r_b_market_data_update.py,e375d3335d13caf228f0b30f38d0fe24719bfe79,7c891a1a85463d61116ee03f492aff96611de7dd144827f8bd84e466b4a3b727,8366
11_archive/phase5r_retired_20260831/09_scripts/phase5r/run_phase5r_c3_daily_email_pipeline.py,phase5r-pre-cleanup-20260831,5790e00040dcd07973f4366eaea480eff210c306,09_scripts/phase5r/run_phase5r_c3_daily_email_pipeline.py,ec0ce052ed8fbbca920bfeab5a4a19151b68f6ec,cb102fed306f111f2151b79e40000d1215bb0a5543f704b65ae80f74517e23e3,10136
11_archive/phase5r_retired_20260831/09_scripts/phase5r/run_phase5r_c7_weekly_conviction_pipeline.py,phase5r-pre-cleanup-20260831,5790e00040dcd07973f4366eaea480eff210c306,09_scripts/phase5r/run_phase5r_c7_weekly_conviction_pipeline.py,3a4c2f06ed008eb62930e3dc1b29e848a7cc51c8,47bc1ae36f369b999c313f36be286de71625d704caa34becddadf32563f858e1,15361
11_archive/phase5r_retired_20260831/09_scripts/phase5r/run_phase5r_d3_weekly_catchup.py,phase5r-pre-cleanup-20260831,5790e00040dcd07973f4366eaea480eff210c306,09_scripts/phase5r/run_phase5r_d3_weekly_catchup.py,434d6ae852a4d62c4257b8c2f3ad681b6268cfba,7cc15200551e7364060057c340262f6cea742aa75bd2acde4efddfdec8bd137a,21009
11_archive/phase5r_retired_20260831/09_scripts/phase5r/run_phase5r_dry_run_screener.py,phase5r-pre-cleanup-20260831,5790e00040dcd07973f4366eaea480eff210c306,09_scripts/phase5r/run_phase5r_dry_run_screener.py,dfdba322dc58eb5192733977027a2fdf1af61653,a735a2744065bbaabd1e5525897bef8da78efac458b847eb996b6b8f97a649d0,7865
11_archive/phase5r_retired_20260831/09_scripts/phase5r/run_phase5r_future_v2_offline_integration.py,phase5r-pre-cleanup-20260831,5790e00040dcd07973f4366eaea480eff210c306,09_scripts/phase5r/run_phase5r_future_v2_offline_integration.py,f64673e70242162d66712722b7fcf159a70535f3,77ae07014710e619fd04f8959403a2a7105aa4571f18c49b26ae604cf9a19857,16908
11_archive/phase5r_retired_20260831/09_scripts/phase5r/run_phase5r_llm_provider_replay_evaluation.py,phase5r-pre-cleanup-20260831,5790e00040dcd07973f4366eaea480eff210c306,09_scripts/phase5r/run_phase5r_llm_provider_replay_evaluation.py,985006950669c872225b307d2f4ad5a74f532e45,fa5b3a0eb0505bd66551c25eab589a951be94f39ce2dd078a0be9a143279eb25,206875
11_archive/phase5r_retired_20260831/09_scripts/phase5r/run_phase5r_llm_shadow.py,phase5r-pre-cleanup-20260831,5790e00040dcd07973f4366eaea480eff210c306,09_scripts/phase5r/run_phase5r_llm_shadow.py,cdd32571ea58af577c1bd1913503fd52d66f8379,f4e7e009a0ab42558f8d74369d6a65f810d8ca6fb11218b97a29b0855a631aee,125452
11_archive/phase5r_retired_20260831/09_scripts/phase5r/run_phase5r_llm_shadow_scheduler.py,phase5r-pre-cleanup-20260831,5790e00040dcd07973f4366eaea480eff210c306,09_scripts/phase5r/run_phase5r_llm_shadow_scheduler.py,8942ea35d4d70810ab09e6a345d7432bb0364f68,11516f24ad4c4cf09a8471797ea3a4c59325dffaed3aeffb22c7e63a54c2c147,14481
11_archive/phase5r_retired_20260831/09_scripts/phase5r/run_phase5r_model_pilot.py,phase5r-pre-cleanup-20260831,5790e00040dcd07973f4366eaea480eff210c306,09_scripts/phase5r/run_phase5r_model_pilot.py,4340f48b3425a9fb973c190a4b4e6b1d42fb330b,682c101c63cb214313c373eabff9b5bceeb1ad88a3bcf0f952eaf33f2fff687a,159039
11_archive/phase5r_retired_20260831/09_scripts/phase5r/run_phase5r_model_pilot_v10.py,phase5r-pre-cleanup-20260831,5790e00040dcd07973f4366eaea480eff210c306,09_scripts/phase5r/run_phase5r_model_pilot_v10.py,27bf72f000e4e4a255356923aae4e371368ab9b8,a9c1b2d32be3e68153f0610886b682b47e27122e9863075d4b0d3a9a1da0952e,10163
11_archive/phase5r_retired_20260831/09_scripts/phase5r/run_phase5r_model_pilot_v2.py,phase5r-pre-cleanup-20260831,5790e00040dcd07973f4366eaea480eff210c306,09_scripts/phase5r/run_phase5r_model_pilot_v2.py,ec63508dbad53807a08fe12a190700f311d4ca67,2595f5af10c92e1b2cb0b65774722497c6dc82c8ec6abc4fc717981f8e3c4d90,37197
11_archive/phase5r_retired_20260831/09_scripts/phase5r/run_phase5r_model_pilot_v3.py,phase5r-pre-cleanup-20260831,5790e00040dcd07973f4366eaea480eff210c306,09_scripts/phase5r/run_phase5r_model_pilot_v3.py,626d4bef2a4d62116b9dc6fd2360e2286a2f847e,c45a857fd078410cf84a62bc072c1642e5f40b125332fbaae53d8fc7275b0ecc,31776
11_archive/phase5r_retired_20260831/09_scripts/phase5r/run_phase5r_model_pilot_v4.py,phase5r-pre-cleanup-20260831,5790e00040dcd07973f4366eaea480eff210c306,09_scripts/phase5r/run_phase5r_model_pilot_v4.py,04fb4e682e78fcc7b29cdf9dc2633c4ed56e47d8,065af32537b72eb6528726f83003d0d30a0cca0ab0218944e008bd0470bfe15e,37238
11_archive/phase5r_retired_20260831/09_scripts/phase5r/run_phase5r_model_pilot_v5.py,phase5r-pre-cleanup-20260831,5790e00040dcd07973f4366eaea480eff210c306,09_scripts/phase5r/run_phase5r_model_pilot_v5.py,ad0e9197934451647d9c0d663931117c218c58bc,c3c05ffb21f9835fb061b719bf98d5b959aa456e41cee148bb2bbae30bf09612,30029
11_archive/phase5r_retired_20260831/09_scripts/phase5r/run_phase5r_model_pilot_v6.py,phase5r-pre-cleanup-20260831,5790e00040dcd07973f4366eaea480eff210c306,09_scripts/phase5r/run_phase5r_model_pilot_v6.py,bec3170d852f95470344d0223a60979caf99ba0b,15a85323549fa39eab82f3f99f6198d664933e49fcc5d42310437384230e4d71,36988
11_archive/phase5r_retired_20260831/09_scripts/phase5r/run_phase5r_model_pilot_v7.py,phase5r-pre-cleanup-20260831,5790e00040dcd07973f4366eaea480eff210c306,09_scripts/phase5r/run_phase5r_model_pilot_v7.py,062785a8b2d271465ee1bcfe7b0c6e220fc485b3,4f39105eb61060b4f8fb1d90ab269c3cb9a29ea9c42bf5dddd5f7b6c23f01c33,36450
11_archive/phase5r_retired_20260831/09_scripts/phase5r/run_phase5r_model_pilot_v8_qualification.py,phase5r-pre-cleanup-20260831,5790e00040dcd07973f4366eaea480eff210c306,09_scripts/phase5r/run_phase5r_model_pilot_v8_qualification.py,82c112038701febaa9d209095fdb60d5b78b74c7,be615c5bf2a8cb5b9f26cf6a60871ff4feb8e0e28655bcf973da04a4489f1896,26837
11_archive/phase5r_retired_20260831/09_scripts/phase5r/run_phase5r_model_pilot_v9.py,phase5r-pre-cleanup-20260831,5790e00040dcd07973f4366eaea480eff210c306,09_scripts/phase5r/run_phase5r_model_pilot_v9.py,576fa1ee636fd2da565c3746d6f9c79768f40928,5c6543b69aa5ad1b95ac3163f6a38e6c1ab2afeac4bc82a6f2c090a778d3e678,6623
11_archive/phase5r_retired_20260831/09_scripts/phase5r/run_phase5r_production_shadow.py,phase5r-pre-cleanup-20260831,5790e00040dcd07973f4366eaea480eff210c306,09_scripts/phase5r/run_phase5r_production_shadow.py,ff987c22694183f740d4306963ac08d7c7a299e7,718e4ed8cc93d4307432065822a017bf46cd37799c2351bab818021c95446c25,5736
11_archive/phase5r_retired_20260831/09_scripts/phase5r/score_phase5r_b_candidates.py,phase5r-pre-cleanup-20260831,5790e00040dcd07973f4366eaea480eff210c306,09_scripts/phase5r/score_phase5r_b_candidates.py,1a4255725b3f0d98b44ad5c2c11f7bf42dda92c1,d00906b0d95388985551520bf67e7e6a9ee253014d1afd893dd7bc0be7ffb7d4,9559
11_archive/phase5r_retired_20260831/09_scripts/phase5r/score_phase5r_c5_weekly_conviction.py,phase5r-pre-cleanup-20260831,5790e00040dcd07973f4366eaea480eff210c306,09_scripts/phase5r/score_phase5r_c5_weekly_conviction.py,b35ad152b79849d01a80e0c3a5b6d5c3913cd6cc,7a71183998073e6d0fb492667352e8525fa47dc5b2058a38a505ba604e7f1ce4,9926
11_archive/phase5r_retired_20260831/09_scripts/phase5r/score_phase5r_candidates.py,phase5r-pre-cleanup-20260831,5790e00040dcd07973f4366eaea480eff210c306,09_scripts/phase5r/score_phase5r_candidates.py,03f3aa1234c6629e8f780d639498326756563354,0ec6d248399f59b2aa4b52ac44aa931857299c02ae7d9e856affbe825fafcb0b,5866
11_archive/phase5r_retired_20260831/09_scripts/phase5r/send_phase5r_c2_daily_email.py,phase5r-pre-cleanup-20260831,5790e00040dcd07973f4366eaea480eff210c306,09_scripts/phase5r/send_phase5r_c2_daily_email.py,5f57732405fa91a2bcefb81c5f452426a5bd3535,e4304fd1d01e48e1d9aa9ad1c8a9b0449963839b567eb22b60f0c90a08773ac9,9260
11_archive/phase5r_retired_20260831/09_scripts/phase5r/send_phase5r_c6_weekly_email.py,phase5r-pre-cleanup-20260831,5790e00040dcd07973f4366eaea480eff210c306,09_scripts/phase5r/send_phase5r_c6_weekly_email.py,3cac3c18d6e2a314c7770dfbf69991bf1f7d4b33,8cf6ebbd4b79173a777e156482b7d0f03def5039184d749d01a70d0ea6aa8376,12529
11_archive/phase5r_retired_20260831/09_scripts/phase5r/send_phase5r_production_shadow_email.py,phase5r-pre-cleanup-20260831,5790e00040dcd07973f4366eaea480eff210c306,09_scripts/phase5r/send_phase5r_production_shadow_email.py,0f7e534dce81fce53ee9087cabd4f71e5132b914,704308a56d37eea7ee3231eff3a451b39b6e0b7ab0e4e974ccd215b940c2f057,30979
11_archive/phase5r_retired_20260831/09_scripts/phase5r/tests/fixtures/market_data/massive_valid_synthetic.json,phase5r-pre-cleanup-20260831,5790e00040dcd07973f4366eaea480eff210c306,09_scripts/phase5r/tests/fixtures/market_data/massive_valid_synthetic.json,dbf1ca7c5ac747b0bccb48fbc27a7a5a2ebbd3d2,8f38852809bff83fb0d030698e075b2116f7cd6f34ff0e61c39a16f59f8a202e,3648
11_archive/phase5r_retired_20260831/09_scripts/phase5r/tests/test_phase5r_assertion_span_contract_v3.py,phase5r-pre-cleanup-20260831,5790e00040dcd07973f4366eaea480eff210c306,09_scripts/phase5r/tests/test_phase5r_assertion_span_contract_v3.py,2eb569cf59f9dad54987a319319fa4be4800f8d1,974e1a7c87194b9f776a1123e4be56d56e0b4981abc0b03c68b5e33de4ebd646,40752
11_archive/phase5r_retired_20260831/09_scripts/phase5r/tests/test_phase5r_llm_blinded_challenger.py,phase5r-pre-cleanup-20260831,5790e00040dcd07973f4366eaea480eff210c306,09_scripts/phase5r/tests/test_phase5r_llm_blinded_challenger.py,b1149624092814418570db5244dcb3c1216ed321,cdff7f35390bed55832cbc05535bf2f702d20c5700c6f8834c405a1de4777536,9152
11_archive/phase5r_retired_20260831/09_scripts/phase5r/tests/test_phase5r_llm_citations.py,phase5r-pre-cleanup-20260831,5790e00040dcd07973f4366eaea480eff210c306,09_scripts/phase5r/tests/test_phase5r_llm_citations.py,9f7d02dfb481b2ca5518d91808df598a2224b207,56e7dfeac4a76b89f11e199019fd9dcf8476514fc37350bbccd183841d329478,2568
11_archive/phase5r_retired_20260831/09_scripts/phase5r/tests/test_phase5r_llm_contract.py,phase5r-pre-cleanup-20260831,5790e00040dcd07973f4366eaea480eff210c306,09_scripts/phase5r/tests/test_phase5r_llm_contract.py,74e63203d947b62219a60b5acf856c79f37d249b,7359f5a5d6bbca72f9c60db0196a8e03e20c137bf6493a124ca7bf7de7a2ca6a,14599
11_archive/phase5r_retired_20260831/09_scripts/phase5r/tests/test_phase5r_llm_cost_aware_router.py,phase5r-pre-cleanup-20260831,5790e00040dcd07973f4366eaea480eff210c306,09_scripts/phase5r/tests/test_phase5r_llm_cost_aware_router.py,532a3ebc6faf534240a688491076986223242857,6651ff73614a1ddf5bbea2cb2c423681e1d06cf1ff417e775f06c1062e2bcced,25510
11_archive/phase5r_retired_20260831/09_scripts/phase5r/tests/test_phase5r_llm_evidence_contract_v2.py,phase5r-pre-cleanup-20260831,5790e00040dcd07973f4366eaea480eff210c306,09_scripts/phase5r/tests/test_phase5r_llm_evidence_contract_v2.py,5bce2f449c53cd86935e6b15381f59080d298cc7,67a078c4d76a9773181c57fdf9b9a5f086462fd6fb5f2bbc2f16bd08b61e56a6,40265
11_archive/phase5r_retired_20260831/09_scripts/phase5r/tests/test_phase5r_llm_evidence_contract_v2_handoff.py,phase5r-pre-cleanup-20260831,5790e00040dcd07973f4366eaea480eff210c306,09_scripts/phase5r/tests/test_phase5r_llm_evidence_contract_v2_handoff.py,e129c7265132780791bff2be17d3dc882fbe9990,53299598892963c82b5980014013e40de5e92f6116533eb1afcae49b7be79c68,39290
11_archive/phase5r_retired_20260831/09_scripts/phase5r/tests/test_phase5r_llm_internal_quality.py,phase5r-pre-cleanup-20260831,5790e00040dcd07973f4366eaea480eff210c306,09_scripts/phase5r/tests/test_phase5r_llm_internal_quality.py,70609d7ff185de90e152c489be7ae071cf8a7f59,298826c7b75f12372cb0d7c1a36736a1a2a594f35a479ffcf235055a2ea21c08,4743
11_archive/phase5r_retired_20260831/09_scripts/phase5r/tests/test_phase5r_llm_numeric.py,phase5r-pre-cleanup-20260831,5790e00040dcd07973f4366eaea480eff210c306,09_scripts/phase5r/tests/test_phase5r_llm_numeric.py,3bb0d37262f015998cbf54b3a92ffd7a6326e0f6,d4fdb0d36fd814ccd5ed1eb5ea868d85335ea00809162d9ec8366638d8926369,2346
11_archive/phase5r_retired_20260831/09_scripts/phase5r/tests/test_phase5r_llm_policy_gate.py,phase5r-pre-cleanup-20260831,5790e00040dcd07973f4366eaea480eff210c306,09_scripts/phase5r/tests/test_phase5r_llm_policy_gate.py,e25d330be21bbea1d47bbca9ce3ea42d4a4560db,1759f42c635998407674924191d00141c8d49252374030c41cb1531678ac3ba7,38984
11_archive/phase5r_retired_20260831/09_scripts/phase5r/tests/test_phase5r_llm_provider.py,phase5r-pre-cleanup-20260831,5790e00040dcd07973f4366eaea480eff210c306,09_scripts/phase5r/tests/test_phase5r_llm_provider.py,cacda7abbbee70b80c96663450873e7731c99b9c,dbc77e8b239a00b6a41587ee0b77e105529813ca8c0101e3483f7854996974f1,22755
11_archive/phase5r_retired_20260831/09_scripts/phase5r/tests/test_phase5r_llm_provider_replay_gate.py,phase5r-pre-cleanup-20260831,5790e00040dcd07973f4366eaea480eff210c306,09_scripts/phase5r/tests/test_phase5r_llm_provider_replay_gate.py,39cd190c2725ed88c414033dfd63f21de14969a2,1f0860274c1fde4010061ff79f9e15805707fa78bf98684aaf67403ccc39f3e3,132386
11_archive/phase5r_retired_20260831/09_scripts/phase5r/tests/test_phase5r_llm_provider_replay_runner.py,phase5r-pre-cleanup-20260831,5790e00040dcd07973f4366eaea480eff210c306,09_scripts/phase5r/tests/test_phase5r_llm_provider_replay_runner.py,e664f5fc719a04490873aa162728f5924a00b46e,7181ce7a90b9d615274672296cf64a12abcbbe9a6767779b58650b3bf3c06f56,65928
11_archive/phase5r_retired_20260831/09_scripts/phase5r/tests/test_phase5r_llm_replay.py,phase5r-pre-cleanup-20260831,5790e00040dcd07973f4366eaea480eff210c306,09_scripts/phase5r/tests/test_phase5r_llm_replay.py,dbd3b5c9fa7a0f55c86c2226910a787b129a9620,543c13db3ff837c0c54fa05554e0e47d9010b664e6759910d07df9cd259c60f2,2779
11_archive/phase5r_retired_20260831/09_scripts/phase5r/tests/test_phase5r_llm_replay_corpus.py,phase5r-pre-cleanup-20260831,5790e00040dcd07973f4366eaea480eff210c306,09_scripts/phase5r/tests/test_phase5r_llm_replay_corpus.py,d243a1e460ba526aafe839f078d80a6e617e14a7,8f81434a371acb5f6ffd1a18a5189d5ac5643afe795a11f1e4dafdb8d2e472bd,24081
11_archive/phase5r_retired_20260831/09_scripts/phase5r/tests/test_phase5r_llm_replay_inventory.py,phase5r-pre-cleanup-20260831,5790e00040dcd07973f4366eaea480eff210c306,09_scripts/phase5r/tests/test_phase5r_llm_replay_inventory.py,745d84e5a81b4803c7e122844a767da8d06d59d0,29565a2538714545b40e0cf865ac3a9a9423d5853087dc5b19635c62624a5dd9,27596
11_archive/phase5r_retired_20260831/09_scripts/phase5r/tests/test_phase5r_llm_role_execution_ledger.py,phase5r-pre-cleanup-20260831,5790e00040dcd07973f4366eaea480eff210c306,09_scripts/phase5r/tests/test_phase5r_llm_role_execution_ledger.py,8e9407280319e3e7b58dbd94dfc2d8f86fc2a5a4,10963d293e47f94b767b38230cdbdc9831df6d198eb9c4acf322a1f2b293a803,17272
11_archive/phase5r_retired_20260831/09_scripts/phase5r/tests/test_phase5r_llm_role_inputs.py,phase5r-pre-cleanup-20260831,5790e00040dcd07973f4366eaea480eff210c306,09_scripts/phase5r/tests/test_phase5r_llm_role_inputs.py,070d5e2d05f2718d0d2b5704ec5451adb35d0434,0942e4407707a2548ebd487e3f1041182f8878db67b587387679b97999ffb51e,11452
11_archive/phase5r_retired_20260831/09_scripts/phase5r/tests/test_phase5r_llm_shadow_boundary.py,phase5r-pre-cleanup-20260831,5790e00040dcd07973f4366eaea480eff210c306,09_scripts/phase5r/tests/test_phase5r_llm_shadow_boundary.py,09d108cb8d329ee9ad0878db5421ca3f31b10b18,c628af23fbe0064ec62a9cf4b2fd8919e35df53c6120005eddc98e63a4cb45b1,93629
11_archive/phase5r_retired_20260831/09_scripts/phase5r/tests/test_phase5r_llm_shadow_router_gate.py,phase5r-pre-cleanup-20260831,5790e00040dcd07973f4366eaea480eff210c306,09_scripts/phase5r/tests/test_phase5r_llm_shadow_router_gate.py,fa1df3da4f56fe806a7ab0b4bef472b620d063a2,f0a63fd2dab0df5ded534e18ab4c054aa16803da5c6ddbe81bc84eb6440cbe05,14502
11_archive/phase5r_retired_20260831/09_scripts/phase5r/tests/test_phase5r_llm_transition_annotations.py,phase5r-pre-cleanup-20260831,5790e00040dcd07973f4366eaea480eff210c306,09_scripts/phase5r/tests/test_phase5r_llm_transition_annotations.py,66401aa6acb7a072fd01404771232ab142b59a5d,859a069fbce86c51fe158e53d2210b71ce4d52bcf080c8b9b318e5fc6a277c20,9935
11_archive/phase5r_retired_20260831/09_scripts/phase5r/tests/test_phase5r_llm_valuation_integration.py,phase5r-pre-cleanup-20260831,5790e00040dcd07973f4366eaea480eff210c306,09_scripts/phase5r/tests/test_phase5r_llm_valuation_integration.py,9e8e3fbac6f67911959f9525dc8a1b88843e82c4,0469e1e94f5ca93052acd62d8e3ec1855c354df97f0aa650db189523b5df0618,3910
11_archive/phase5r_retired_20260831/09_scripts/phase5r/tests/test_phase5r_market_data_contract.py,phase5r-pre-cleanup-20260831,5790e00040dcd07973f4366eaea480eff210c306,09_scripts/phase5r/tests/test_phase5r_market_data_contract.py,47479235e87ec70ca314991979240affa72fe287,9c5527c6bef7822ca059f0dea0b147da914ba9c1183716dc3d7daa895366ae58,9303
11_archive/phase5r_retired_20260831/09_scripts/phase5r/tests/test_phase5r_model_pilot.py,phase5r-pre-cleanup-20260831,5790e00040dcd07973f4366eaea480eff210c306,09_scripts/phase5r/tests/test_phase5r_model_pilot.py,dc8a0b8c47471fbb8123d3031663a86806150014,fcd01fe2ca291c02afc0a27ea3dbaa0bc53d3ed821d8f476a3d4f5bc03eec9de,24019
11_archive/phase5r_retired_20260831/09_scripts/phase5r/tests/test_phase5r_model_pilot_v10.py,phase5r-pre-cleanup-20260831,5790e00040dcd07973f4366eaea480eff210c306,09_scripts/phase5r/tests/test_phase5r_model_pilot_v10.py,fccb5f08d0ec0e3fc111d96c8e7f62a9597008d8,4a9ba10c22ea4862b198604240b7ca099b13a5661144aaa1bbc2247255317836,2255
11_archive/phase5r_retired_20260831/09_scripts/phase5r/tests/test_phase5r_model_pilot_v2.py,phase5r-pre-cleanup-20260831,5790e00040dcd07973f4366eaea480eff210c306,09_scripts/phase5r/tests/test_phase5r_model_pilot_v2.py,d3be151021bdde36289d9f8fa908874424f6d172,1040b2ce44651df4a5b779215ab5b44bc3ae36be0940673d76c083bd3a340690,1614
11_archive/phase5r_retired_20260831/09_scripts/phase5r/tests/test_phase5r_model_pilot_v3.py,phase5r-pre-cleanup-20260831,5790e00040dcd07973f4366eaea480eff210c306,09_scripts/phase5r/tests/test_phase5r_model_pilot_v3.py,2fda63c32b0fdc275114386798296921e13d6337,2c2f2a1d4130ccc4e6aea86c941da07bb522962afda089ea82f33cbd992226d2,3724
11_archive/phase5r_retired_20260831/09_scripts/phase5r/tests/test_phase5r_model_pilot_v3_prompt.py,phase5r-pre-cleanup-20260831,5790e00040dcd07973f4366eaea480eff210c306,09_scripts/phase5r/tests/test_phase5r_model_pilot_v3_prompt.py,607f36f337fd5c1a66e74fe2d6033e2502a39090,ce718b52eee3d137205d8ab3a80c5f3ee7fbe8f12ff881179e15c5ab38d11777,1808
11_archive/phase5r_retired_20260831/09_scripts/phase5r/tests/test_phase5r_model_pilot_v4.py,phase5r-pre-cleanup-20260831,5790e00040dcd07973f4366eaea480eff210c306,09_scripts/phase5r/tests/test_phase5r_model_pilot_v4.py,66033b7231317bddb6209dc8616c32f1954eb4ed,072b19f3ac995a78cb857c7d05d441228efc157a6d0b6ade292a31a685ef15b0,4034
11_archive/phase5r_retired_20260831/09_scripts/phase5r/tests/test_phase5r_model_pilot_v4_contract.py,phase5r-pre-cleanup-20260831,5790e00040dcd07973f4366eaea480eff210c306,09_scripts/phase5r/tests/test_phase5r_model_pilot_v4_contract.py,b87f9b76134d162feb517548c2c0834e28d59280,52a6cf489be08e17c13d04fbeab37d377a19e8aac94be825916dc1d1768e5f4a,3322
11_archive/phase5r_retired_20260831/09_scripts/phase5r/tests/test_phase5r_model_pilot_v5.py,phase5r-pre-cleanup-20260831,5790e00040dcd07973f4366eaea480eff210c306,09_scripts/phase5r/tests/test_phase5r_model_pilot_v5.py,fbf1b1737e2f35e9ff5a1ee197eaf4f690354376,e1ce9b4e06095d49063eb66596f2eeeb6f5daafd5a36581c50fb56ea2e0e3444,1878
11_archive/phase5r_retired_20260831/09_scripts/phase5r/tests/test_phase5r_model_pilot_v5_contract.py,phase5r-pre-cleanup-20260831,5790e00040dcd07973f4366eaea480eff210c306,09_scripts/phase5r/tests/test_phase5r_model_pilot_v5_contract.py,2c64d012913a2c4a6c9d3af18abe15959511eb69,f4a4f29015aa4b3d78a3fd14b7993384d9056bc5a19420b7ddc115266ca7d01a,3512
11_archive/phase5r_retired_20260831/09_scripts/phase5r/tests/test_phase5r_model_pilot_v6.py,phase5r-pre-cleanup-20260831,5790e00040dcd07973f4366eaea480eff210c306,09_scripts/phase5r/tests/test_phase5r_model_pilot_v6.py,6c5fae6e437f2348428a34b92fcc44947c5eec42,ce28fa62ce31f2e0f8cf90a252d1d067d6675abaae396d067b5d6930be89ae09,14163
11_archive/phase5r_retired_20260831/09_scripts/phase5r/tests/test_phase5r_model_pilot_v7.py,phase5r-pre-cleanup-20260831,5790e00040dcd07973f4366eaea480eff210c306,09_scripts/phase5r/tests/test_phase5r_model_pilot_v7.py,36da69ae0aacf511cfbb93fa88fa41a16b8a471d,e764ca12b8a3a598d88403117638379d1e57b0f6c96c0a0aaaa84de5edea136f,4905
11_archive/phase5r_retired_20260831/09_scripts/phase5r/tests/test_phase5r_model_pilot_v8_qualification.py,phase5r-pre-cleanup-20260831,5790e00040dcd07973f4366eaea480eff210c306,09_scripts/phase5r/tests/test_phase5r_model_pilot_v8_qualification.py,32fff67ccd3d459332aa6d4fa60490f726fb9939,ea88d653dda736e2551eb16d0143c418b7388c7b7a81272841aaceabf67795d7,4860
11_archive/phase5r_retired_20260831/09_scripts/phase5r/tests/test_phase5r_model_pilot_v9.py,phase5r-pre-cleanup-20260831,5790e00040dcd07973f4366eaea480eff210c306,09_scripts/phase5r/tests/test_phase5r_model_pilot_v9.py,89745a99783fc77fbbc330dcbc6348c104dc096b,b26014e55f0805c586fc05ea226abbfc5fb6d1e05ac5605756bf610823925bcf,942
11_archive/phase5r_retired_20260831/09_scripts/phase5r/tests/test_phase5r_point_in_time_performance.py,phase5r-pre-cleanup-20260831,5790e00040dcd07973f4366eaea480eff210c306,09_scripts/phase5r/tests/test_phase5r_point_in_time_performance.py,e7257fa8ea7933166255db13de515a20d08b02f4,a39de7a0a5d5407343f901a28a91e1ec9d67b06794785a68412a130e4b3339d5,19770
11_archive/phase5r_retired_20260831/09_scripts/phase5r/tests/test_phase5r_production_shadow_email.py,phase5r-pre-cleanup-20260831,5790e00040dcd07973f4366eaea480eff210c306,09_scripts/phase5r/tests/test_phase5r_production_shadow_email.py,85bb3196c46940f3b5d2990c98f13e648ae550ac,c47281de7643896eccd66ae61973d038477165893ec0afe59f147068c3d39490,9755
11_archive/phase5r_retired_20260831/09_scripts/phase5r/tests/test_phase5r_production_shadow_v1.py,phase5r-pre-cleanup-20260831,5790e00040dcd07973f4366eaea480eff210c306,09_scripts/phase5r/tests/test_phase5r_production_shadow_v1.py,97b3771aeacdce054495f799a3f910ba93aa51b7,91e3818abdfec8850b876f0346fab031a9eb490bc8006ab4b0330618c74ffc47,43353
11_archive/phase5r_retired_20260831/09_scripts/phase5r/tests/test_phase5r_safe_shadow_readiness.py,phase5r-pre-cleanup-20260831,5790e00040dcd07973f4366eaea480eff210c306,09_scripts/phase5r/tests/test_phase5r_safe_shadow_readiness.py,846ab72b4bcd1a45ea9025fc618cda20af3de0f0,f31be66b8d2ab4c54f9ca5c749a6695e540fa1b17368a65a2389519336165dc3,2257
11_archive/phase5r_retired_20260831/09_scripts/phase5r/tests/test_phase5r_sequential_portfolio_simulator.py,phase5r-pre-cleanup-20260831,5790e00040dcd07973f4366eaea480eff210c306,09_scripts/phase5r/tests/test_phase5r_sequential_portfolio_simulator.py,3df7aa6fe3a9a55ea5807a3559b55485c293f505,36e2a33d93d26aa5af9419ae7af445c0b0d411432a39771183683a2f3e2e962a,20879
11_archive/phase5r_retired_20260831/09_scripts/phase5r/tests/test_phase5r_strict_replay_artifacts.py,phase5r-pre-cleanup-20260831,5790e00040dcd07973f4366eaea480eff210c306,09_scripts/phase5r/tests/test_phase5r_strict_replay_artifacts.py,9a83519d9669649ecd602801569ad9b80b4d12b8,99d9b0006699bb11fb4365ccb8d44e350cdee133dc4c25d4de5a0b8ac664ba71,11390
11_archive/phase5r_retired_20260831/09_scripts/phase5r/tests/test_run_phase5r_future_v2_offline_integration.py,phase5r-pre-cleanup-20260831,5790e00040dcd07973f4366eaea480eff210c306,09_scripts/phase5r/tests/test_run_phase5r_future_v2_offline_integration.py,7544c131b19b691fceaef87a30419303801708e5,51ea4c68e9e3b6702c52030c5563319417b19abf3d656595de1f51fb3c7a3ad8,7405
11_archive/phase5r_retired_20260831/09_scripts/phase5r/tests/test_verify_phase5r_v10_ai_review_governance.py,phase5r-pre-cleanup-20260831,5790e00040dcd07973f4366eaea480eff210c306,09_scripts/phase5r/tests/test_verify_phase5r_v10_ai_review_governance.py,c33fa987e169db5e0d598630708cf21ad6d56504,26fac4283ec164cc2b304a3495cada0c5b136c7c4fae6ea0aa55347a0a9064b5,3505
11_archive/phase5r_retired_20260831/09_scripts/phase5r/validate_phase5r_c4_position_state.py,phase5r-pre-cleanup-20260831,5790e00040dcd07973f4366eaea480eff210c306,09_scripts/phase5r/validate_phase5r_c4_position_state.py,638fc1512b18230d86a589f6bb12310cd6bcf5cc,26f1b9a8d696a105553a74efcb8f8867e07e10433a791f2ea8131afd2c4bddd5,8019
11_archive/phase5r_retired_20260831/09_scripts/phase5r/verify_phase5r_b1_data_enablement.py,phase5r-pre-cleanup-20260831,5790e00040dcd07973f4366eaea480eff210c306,09_scripts/phase5r/verify_phase5r_b1_data_enablement.py,1de2cc52b6e6f220ab37d3914bac39d313118517,7a8414cbadfafc1d18575c945e127b4d2cf72194ff49ed2ad1c2966721964cd9,10201
11_archive/phase5r_retired_20260831/09_scripts/phase5r/verify_phase5r_b2_read_only_boundary.py,phase5r-pre-cleanup-20260831,5790e00040dcd07973f4366eaea480eff210c306,09_scripts/phase5r/verify_phase5r_b2_read_only_boundary.py,dde23bfe6c85c2e0cba21a4f4619e5d3bf96aa78,32e51c0466efe84155ee10e438c98a5c5e7828340f86ad8f06d9c9656c324f95,18431
11_archive/phase5r_retired_20260831/09_scripts/phase5r/verify_phase5r_b_read_only_boundary.py,phase5r-pre-cleanup-20260831,5790e00040dcd07973f4366eaea480eff210c306,09_scripts/phase5r/verify_phase5r_b_read_only_boundary.py,7a8bb42a471e2a29ce4683b02d9e0507a115be4b,1584354a5b760b66ffe6ca810b77255dfa0f42b103fe88bfcf1a2ebfd138a50f,15958
11_archive/phase5r_retired_20260831/09_scripts/phase5r/verify_phase5r_c1_email_brief_boundary.py,phase5r-pre-cleanup-20260831,5790e00040dcd07973f4366eaea480eff210c306,09_scripts/phase5r/verify_phase5r_c1_email_brief_boundary.py,82824e3218147c59bc3739e7e0d8ac044ffd797e,0121574e333a362b92501173b5bca59832e9388248ea4ae7472593d9f3a84cdb,10897
11_archive/phase5r_retired_20260831/09_scripts/phase5r/verify_phase5r_c2_email_delivery_boundary.py,phase5r-pre-cleanup-20260831,5790e00040dcd07973f4366eaea480eff210c306,09_scripts/phase5r/verify_phase5r_c2_email_delivery_boundary.py,9beeb4a67358de8361aee95f690ea36231b135c2,53e433eabd3aea7c53604f78d85ffe22392c1fc39e2fb96f93c41ed55a96947b,11533
11_archive/phase5r_retired_20260831/09_scripts/phase5r/verify_phase5r_c3_daily_pipeline_boundary.py,phase5r-pre-cleanup-20260831,5790e00040dcd07973f4366eaea480eff210c306,09_scripts/phase5r/verify_phase5r_c3_daily_pipeline_boundary.py,0f419e503ffdf4d2bcf8572070509b6982aa8670,5d589f81f1e0cadbb13efb3d0a6140d2304e0284a000d8d7be4117083c477cc5,11816
11_archive/phase5r_retired_20260831/09_scripts/phase5r/verify_phase5r_c4_portfolio_boundary.py,phase5r-pre-cleanup-20260831,5790e00040dcd07973f4366eaea480eff210c306,09_scripts/phase5r/verify_phase5r_c4_portfolio_boundary.py,0085a40203a9613397f815050d22bb435b251dfe,e889aefa5e1158a93863f959942c17941176aec6ef8a74ab8db54aa9687cb1bd,13945
11_archive/phase5r_retired_20260831/09_scripts/phase5r/verify_phase5r_c4r_boundary.py,phase5r-pre-cleanup-20260831,5790e00040dcd07973f4366eaea480eff210c306,09_scripts/phase5r/verify_phase5r_c4r_boundary.py,a38208d0ee8d71fcfa198aa85509f8d607697baa,f63eb5b2606bb3bb8e011fac75164eee76f2460feb01677433bafff2d7671bdd,11942
11_archive/phase5r_retired_20260831/09_scripts/phase5r/verify_phase5r_c5_deep_research_boundary.py,phase5r-pre-cleanup-20260831,5790e00040dcd07973f4366eaea480eff210c306,09_scripts/phase5r/verify_phase5r_c5_deep_research_boundary.py,f186016381468edde453c3b788049c0b938e631d,92e31829b58866bea87b11e2548076e21a451a710a92f239638f4316fd7f10f0,12261
11_archive/phase5r_retired_20260831/09_scripts/phase5r/verify_phase5r_c5t_manual_action_boundary.py,phase5r-pre-cleanup-20260831,5790e00040dcd07973f4366eaea480eff210c306,09_scripts/phase5r/verify_phase5r_c5t_manual_action_boundary.py,76fda86b0127f94db0a6c32c8a91d68d257582de,ac21342beba633db5dc719c3274c3936c30aae0de665e887ae40dd5675f0bb90,11691
11_archive/phase5r_retired_20260831/09_scripts/phase5r/verify_phase5r_c6_weekly_email_boundary.py,phase5r-pre-cleanup-20260831,5790e00040dcd07973f4366eaea480eff210c306,09_scripts/phase5r/verify_phase5r_c6_weekly_email_boundary.py,0730e1057a74568cb63a2dfd19980e84db4ca048,37cee7f0f20612d9e968ab88719834d633e2e00f030a99f8ab3bf18343c5714e,15871
11_archive/phase5r_retired_20260831/09_scripts/phase5r/verify_phase5r_c7_weekly_pipeline_boundary.py,phase5r-pre-cleanup-20260831,5790e00040dcd07973f4366eaea480eff210c306,09_scripts/phase5r/verify_phase5r_c7_weekly_pipeline_boundary.py,daa32963ed7bb41f0e24c65c2da1c105f8aed550,53b9def47c8b10f8c9437d6e1a42366ee09b5435eb85523174750eb68090c94d,13994
11_archive/phase5r_retired_20260831/09_scripts/phase5r/verify_phase5r_c9_account_boundary.py,phase5r-pre-cleanup-20260831,5790e00040dcd07973f4366eaea480eff210c306,09_scripts/phase5r/verify_phase5r_c9_account_boundary.py,a17745c30c67efe5394eb33af9e59bc4409ce3e1,5291336e7db1cd1cdeff3945205da90c09c0a17160e5f348f907a47321192fa0,15866
11_archive/phase5r_retired_20260831/09_scripts/phase5r/verify_phase5r_c9b_boundary.py,phase5r-pre-cleanup-20260831,5790e00040dcd07973f4366eaea480eff210c306,09_scripts/phase5r/verify_phase5r_c9b_boundary.py,aed89be5ce57769f1a162528ec550c03fcaa1565,c06346433d4aad515785974c17ee8a6cb85f85d18f332059ec38e659d09651f9,15009
11_archive/phase5r_retired_20260831/09_scripts/phase5r/verify_phase5r_d1_scheduler_boundary.py,phase5r-pre-cleanup-20260831,5790e00040dcd07973f4366eaea480eff210c306,09_scripts/phase5r/verify_phase5r_d1_scheduler_boundary.py,28730f1524f41f7ba2a66179e582a15758bd053d,c0a093c225ae8d42fe5f0980679631ebfa6965145f88000f2e7a49eebb90d24f,10793
11_archive/phase5r_retired_20260831/09_scripts/phase5r/verify_phase5r_d2_weekly_scheduler_boundary.py,phase5r-pre-cleanup-20260831,5790e00040dcd07973f4366eaea480eff210c306,09_scripts/phase5r/verify_phase5r_d2_weekly_scheduler_boundary.py,aff3e507fa280c508956e5afba42f2b3fb16979d,a9c2bf211d4e2ffed8bfaac53b4fd08da1decddc025617f3c04dc0723d3ca402,16172
11_archive/phase5r_retired_20260831/09_scripts/phase5r/verify_phase5r_d3_catchup_scheduler_boundary.py,phase5r-pre-cleanup-20260831,5790e00040dcd07973f4366eaea480eff210c306,09_scripts/phase5r/verify_phase5r_d3_catchup_scheduler_boundary.py,193f6942098fb61b5c04b9f1a5e2e813b6a98ca9,6eb01a281436596ae6f227d69f33308fb3cea30e91939b9483ea16f1ae718d84,20468
11_archive/phase5r_retired_20260831/09_scripts/phase5r/verify_phase5r_d3f_hotfix.py,phase5r-pre-cleanup-20260831,5790e00040dcd07973f4366eaea480eff210c306,09_scripts/phase5r/verify_phase5r_d3f_hotfix.py,07816e6938bd2995d79eeb068e878da649fd829d,c8b86548aa3df3fffa80905b72ad3386da93202aef132c1b3c82f3c728291e74,19123
11_archive/phase5r_retired_20260831/09_scripts/phase5r/verify_phase5r_llm_provider_replay_gate.py,phase5r-pre-cleanup-20260831,5790e00040dcd07973f4366eaea480eff210c306,09_scripts/phase5r/verify_phase5r_llm_provider_replay_gate.py,8612903de4641f3611980ec213f2f86091f8e830,9714e80d8a8bf8400dd95bbdd75bfd1bf7c99f664a8ff2fac54eed1c8ae24f06,240409
11_archive/phase5r_retired_20260831/09_scripts/phase5r/verify_phase5r_llm_replay_corpus.py,phase5r-pre-cleanup-20260831,5790e00040dcd07973f4366eaea480eff210c306,09_scripts/phase5r/verify_phase5r_llm_replay_corpus.py,3206f7870dad9b31b9d5adf99a02ebacecbebc7c,ec15880f597ef9f7b7e2d0f871b5c1316496dd51227478faa9618a61ac176c9b,29926
11_archive/phase5r_retired_20260831/09_scripts/phase5r/verify_phase5r_llm_shadow_boundary.py,phase5r-pre-cleanup-20260831,5790e00040dcd07973f4366eaea480eff210c306,09_scripts/phase5r/verify_phase5r_llm_shadow_boundary.py,60bab791edccccf0d24633ad2d5b5d0d36e4be1f,214b53bc5fa1ca393cfc7983a495488825f82633f1576f26843b2b47d6ba92dc,17416
11_archive/phase5r_retired_20260831/09_scripts/phase5r/verify_phase5r_manual_execution_boundary.py,phase5r-pre-cleanup-20260831,5790e00040dcd07973f4366eaea480eff210c306,09_scripts/phase5r/verify_phase5r_manual_execution_boundary.py,c367e8374c13a3018016754095b56b6e21dc4682,92671a7bc8ae18769687e6b3689634c5ed2c73f996c5e3591f9222479809075f,14006
11_archive/phase5r_retired_20260831/09_scripts/phase5r/verify_phase5r_production_shadow_readiness.py,phase5r-pre-cleanup-20260831,5790e00040dcd07973f4366eaea480eff210c306,09_scripts/phase5r/verify_phase5r_production_shadow_readiness.py,350d63790f77e22bd8fe52e258a05ce436252636,b2131d19206017afafad141ee63f64c0494b45cbc6c71919868b3d3812748299,6303
11_archive/phase5r_retired_20260831/09_scripts/phase5r/verify_phase5r_safe_shadow_readiness.py,phase5r-pre-cleanup-20260831,5790e00040dcd07973f4366eaea480eff210c306,09_scripts/phase5r/verify_phase5r_safe_shadow_readiness.py,bbd8b3f94439409c46f4b763273aa8e24e418e3e,3a298467031a120ba1527262ba5401a5f998de6a5068ca1f63225fa55dbb8eaf,25311
11_archive/phase5r_retired_20260831/09_scripts/phase5r/verify_phase5r_v10_ai_review_governance.py,phase5r-pre-cleanup-20260831,5790e00040dcd07973f4366eaea480eff210c306,09_scripts/phase5r/verify_phase5r_v10_ai_review_governance.py,ee9027426a0e335adc8e3b77a884014bae851822,bdcf50c4141026efde647fd6f1611935c35aa9f82bed00dd7b973b8a0f459286,28078
