relative_path,current_classification,sensitivity,touch_categories,phase_tokens,proposed_new_path,proposed_action,action_reason,human_approval_required,safe_to_copy_now,safe_to_move_later,safe_to_delete_later,blocks_phase5r,notes
.DS_Store,DELETE_CANDIDATE,LOW,,,(none - local cache cleanup candidate),DELETE_LATER_LOCAL_CACHE_ONLY,Generated local cache or OS metadata; deletion is allowed only in a later cleanup phase.,no,no,no,yes,no,Do not delete in Phase 0B.
.git/HEAD,KEEP,LOW,,,.git/HEAD,KEEP_IN_PLACE,Already in an acceptable canonical/current location.,no,no,no,no,no,
.git/config,KEEP,LOW,,,.git/config,KEEP_IN_PLACE,Already in an acceptable canonical/current location.,no,no,no,no,no,
.git/description,KEEP,LOW,,,.git/description,KEEP_IN_PLACE,Already in an acceptable canonical/current location.,no,no,no,no,no,
.git/hooks/applypatch-msg.sample,KEEP,LOW,,,.git/hooks/applypatch-msg.sample,KEEP_IN_PLACE,Already in an acceptable canonical/current location.,no,no,no,no,no,
.git/hooks/commit-msg.sample,KEEP,LOW,,,.git/hooks/commit-msg.sample,KEEP_IN_PLACE,Already in an acceptable canonical/current location.,no,no,no,no,no,
.git/hooks/fsmonitor-watchman.sample,KEEP,LOW,,,.git/hooks/fsmonitor-watchman.sample,KEEP_IN_PLACE,Already in an acceptable canonical/current location.,no,no,no,no,no,
.git/hooks/post-update.sample,KEEP,LOW,,,.git/hooks/post-update.sample,KEEP_IN_PLACE,Already in an acceptable canonical/current location.,no,no,no,no,no,
.git/hooks/pre-applypatch.sample,KEEP,LOW,,,.git/hooks/pre-applypatch.sample,KEEP_IN_PLACE,Already in an acceptable canonical/current location.,no,no,no,no,no,
.git/hooks/pre-commit.sample,KEEP,LOW,,,.git/hooks/pre-commit.sample,KEEP_IN_PLACE,Already in an acceptable canonical/current location.,no,no,no,no,no,
.git/hooks/pre-merge-commit.sample,KEEP,LOW,,,.git/hooks/pre-merge-commit.sample,KEEP_IN_PLACE,Already in an acceptable canonical/current location.,no,no,no,no,no,
.git/hooks/pre-push.sample,KEEP,LOW,,,.git/hooks/pre-push.sample,KEEP_IN_PLACE,Already in an acceptable canonical/current location.,no,no,no,no,no,
.git/hooks/pre-rebase.sample,KEEP,LOW,,,.git/hooks/pre-rebase.sample,KEEP_IN_PLACE,Already in an acceptable canonical/current location.,no,no,no,no,no,
.git/hooks/pre-receive.sample,KEEP,LOW,,,.git/hooks/pre-receive.sample,KEEP_IN_PLACE,Already in an acceptable canonical/current location.,no,no,no,no,no,
.git/hooks/prepare-commit-msg.sample,KEEP,LOW,,,.git/hooks/prepare-commit-msg.sample,KEEP_IN_PLACE,Already in an acceptable canonical/current location.,no,no,no,no,no,
.git/hooks/push-to-checkout.sample,KEEP,LOW,,,.git/hooks/push-to-checkout.sample,KEEP_IN_PLACE,Already in an acceptable canonical/current location.,no,no,no,no,no,
.git/hooks/sendemail-validate.sample,KEEP,LOW,,,.git/hooks/sendemail-validate.sample,KEEP_IN_PLACE,Already in an acceptable canonical/current location.,no,no,no,no,no,
.git/hooks/update.sample,KEEP,LOW,,,.git/hooks/update.sample,KEEP_IN_PLACE,Already in an acceptable canonical/current location.,no,no,no,no,no,
.git/info/exclude,KEEP,LOW,,,.git/info/exclude,KEEP_IN_PLACE,Already in an acceptable canonical/current location.,no,no,no,no,no,
.git/objects/42/5f1ac1077784ebcf2f8127035048708b12987f,KEEP,LOW,,,.git/objects/42/5f1ac1077784ebcf2f8127035048708b12987f,KEEP_IN_PLACE,Already in an acceptable canonical/current location.,no,no,no,no,no,
.git/objects/4b/825dc642cb6eb9a060e54bf8d69288fbee4904,KEEP,LOW,,,.git/objects/4b/825dc642cb6eb9a060e54bf8d69288fbee4904,KEEP_IN_PLACE,Already in an acceptable canonical/current location.,no,no,no,no,no,
.git/objects/60/adbe17bd45eee44e0d50b4956539f048e0017f,KEEP,LOW,,,.git/objects/60/adbe17bd45eee44e0d50b4956539f048e0017f,KEEP_IN_PLACE,Already in an acceptable canonical/current location.,no,no,no,no,no,
.git/objects/65/e813e43fda1a9a86a8b702b45e83c3188a811c,KEEP,LOW,,,.git/objects/65/e813e43fda1a9a86a8b702b45e83c3188a811c,KEEP_IN_PLACE,Already in an acceptable canonical/current location.,no,no,no,no,no,
.git/objects/66/ebe5260b0fa6cae248577fe0ab3e32000ef807,KEEP,LOW,,,.git/objects/66/ebe5260b0fa6cae248577fe0ab3e32000ef807,KEEP_IN_PLACE,Already in an acceptable canonical/current location.,no,no,no,no,no,
.git/objects/68/06f17f76e0aa28b689fb3164a585ace9583b3b,KEEP,LOW,,,.git/objects/68/06f17f76e0aa28b689fb3164a585ace9583b3b,KEEP_IN_PLACE,Already in an acceptable canonical/current location.,no,no,no,no,no,
.git/objects/80/6f63d9b8047e12aeaf066371c9f655ca2f2999,KEEP,LOW,,,.git/objects/80/6f63d9b8047e12aeaf066371c9f655ca2f2999,KEEP_IN_PLACE,Already in an acceptable canonical/current location.,no,no,no,no,no,
.git/refs/codex/turn-diffs/checkpoints/02430b8373d3f93b682c891c41b9a7166cd3eefa3a8489cb5d965eaf7e85eafe/24c0d06aab44d2429ab95e6f2366626cc943dc970977c1328609c0f56f5d3f4c/1783130552306/858148de-9f96-457a-a0b7-17e462a2db85,KEEP,LOW,,,.git/refs/codex/turn-diffs/checkpoints/02430b8373d3f93b682c891c41b9a7166cd3eefa3a8489cb5d965eaf7e85eafe/24c0d06aab44d2429ab95e6f2366626cc943dc970977c1328609c0f56f5d3f4c/1783130552306/858148de-9f96-457a-a0b7-17e462a2db85,KEEP_IN_PLACE,Already in an acceptable canonical/current location.,no,no,no,no,no,
.gitignore,KEEP,HIGH,email_drafts,,.gitignore,KEEP_IN_PLACE,Already in an acceptable canonical/current location.,yes,no,no,no,yes,Human gate required by Phase0B touch-category rule.
00_rules/brokerage_boundary.md,KEEP,HIGH,trade_logs,,01_policies/brokerage_boundary.md,COPY_TO_CANONICAL,Preserve source but stage a canonical copy/migration plan.,yes,no,no,no,yes,Human gate required by Phase0B touch-category rule.
00_rules/data_source_policy.md,KEEP,LOW,,,01_policies/data_source_policy.md,COPY_TO_CANONICAL,Preserve source but stage a canonical copy/migration plan.,no,yes,yes,no,no,
00_rules/manual_approval_policy.md,KEEP,MEDIUM,risk_rules,,01_policies/manual_approval_policy.md,COPY_TO_CANONICAL,Preserve source but stage a canonical copy/migration plan.,yes,no,no,no,yes,Human gate required by Phase0B touch-category rule.
00_rules/risk_policy.md,KEEP,MEDIUM,risk_rules,,01_policies/risk_policy.md,COPY_TO_CANONICAL,Preserve source but stage a canonical copy/migration plan.,yes,no,no,no,yes,Human gate required by Phase0B touch-category rule.
00_rules/source_policy.md,KEEP,LOW,,,01_policies/source_policy.md,COPY_TO_CANONICAL,Preserve source but stage a canonical copy/migration plan.,no,yes,yes,no,no,
00_rules/trading_checklist.md,KEEP,MEDIUM,risk_rules,,01_policies/trading_checklist.md,COPY_TO_CANONICAL,Preserve source but stage a canonical copy/migration plan.,yes,no,no,no,yes,Human gate required by Phase0B touch-category rule.
01_universe/phase2b_candidate_source_log.md,MIGRATE,MEDIUM,risk_rules,phase2b,02_universe/raw_sources/phase2b_candidate_source_log.md,COPY_TO_CANONICAL,Needs canonical placement; copy can be planned before any later move/delete decision.,yes,no,no,no,no,Human gate required by Phase0B touch-category rule.
01_universe/phase2c_selected_candidates.csv,MIGRATE,LOW,,phase2b;phase2c,02_universe/selected_candidates.csv,COPY_TO_CANONICAL,Needs canonical placement; copy can be planned before any later move/delete decision.,no,yes,yes,no,no,
01_universe/quarantined_placeholder_rows.csv,MIGRATE,LOW,,phase0b,10_tests/fixtures/quarantined_placeholder_rows.csv,COPY_TO_CANONICAL,Needs canonical placement; copy can be planned before any later move/delete decision.,no,yes,yes,no,no,
01_universe/real_candidate_sources.md,KEEP,LOW,,,02_universe/raw_sources/real_candidate_sources.md,COPY_TO_CANONICAL,Preserve source but stage a canonical copy/migration plan.,no,yes,yes,no,no,
01_universe/real_candidate_universe.csv,KEEP,LOW,,,02_universe/candidate_universe.csv,COPY_TO_CANONICAL,Preserve source but stage a canonical copy/migration plan.,no,yes,yes,no,no,
01_universe/rejected.csv,MIGRATE,LOW,,,02_universe/rejected_candidates.csv,COPY_TO_CANONICAL,Needs canonical placement; copy can be planned before any later move/delete decision.,no,yes,yes,no,no,
01_universe/test_fixtures.csv,MIGRATE,LOW,,,10_tests/fixtures/test_fixtures.csv,COPY_TO_CANONICAL,Needs canonical placement; copy can be planned before any later move/delete decision.,no,yes,yes,no,no,
01_universe/universe.csv,KEEP,LOW,,,02_universe/legacy/universe.csv,COPY_TO_CANONICAL,Preserve source but stage a canonical copy/migration plan.,no,yes,yes,no,no,
02_filings/filing_notes/ACMR_filing_note.md,KEEP,LOW,,,03_source_data/filing_notes/ACMR_filing_note.md,COPY_TO_CANONICAL,Preserve source but stage a canonical copy/migration plan.,no,yes,yes,no,no,
02_filings/filing_notes/ALAB_filing_note.md,KEEP,LOW,,,03_source_data/filing_notes/ALAB_filing_note.md,COPY_TO_CANONICAL,Preserve source but stage a canonical copy/migration plan.,no,yes,yes,no,no,
02_filings/filing_notes/AMD_filing_note.md,KEEP,LOW,,,03_source_data/filing_notes/AMD_filing_note.md,COPY_TO_CANONICAL,Preserve source but stage a canonical copy/migration plan.,no,yes,yes,no,no,
02_filings/filing_notes/ARRY_filing_note.md,KEEP,LOW,,,03_source_data/filing_notes/ARRY_filing_note.md,COPY_TO_CANONICAL,Preserve source but stage a canonical copy/migration plan.,no,yes,yes,no,no,
02_filings/filing_notes/CRSP_filing_note.md,KEEP,LOW,,,03_source_data/filing_notes/CRSP_filing_note.md,COPY_TO_CANONICAL,Preserve source but stage a canonical copy/migration plan.,no,yes,yes,no,no,
02_filings/filing_notes/CRWV_filing_note.md,KEEP,LOW,,,03_source_data/filing_notes/CRWV_filing_note.md,COPY_TO_CANONICAL,Preserve source but stage a canonical copy/migration plan.,no,yes,yes,no,no,
02_filings/filing_notes/ENPH_filing_note.md,KEEP,LOW,,,03_source_data/filing_notes/ENPH_filing_note.md,COPY_TO_CANONICAL,Preserve source but stage a canonical copy/migration plan.,no,yes,yes,no,no,
02_filings/filing_notes/ENVX_filing_note.md,KEEP,LOW,,,03_source_data/filing_notes/ENVX_filing_note.md,COPY_TO_CANONICAL,Preserve source but stage a canonical copy/migration plan.,no,yes,yes,no,no,
02_filings/filing_notes/FLNC_filing_note.md,KEEP,LOW,,,03_source_data/filing_notes/FLNC_filing_note.md,COPY_TO_CANONICAL,Preserve source but stage a canonical copy/migration plan.,no,yes,yes,no,no,
02_filings/filing_notes/IOT_filing_note.md,KEEP,LOW,,,03_source_data/filing_notes/IOT_filing_note.md,COPY_TO_CANONICAL,Preserve source but stage a canonical copy/migration plan.,no,yes,yes,no,no,
02_filings/filing_notes/NVTS_filing_note.md,KEEP,LOW,,,03_source_data/filing_notes/NVTS_filing_note.md,COPY_TO_CANONICAL,Preserve source but stage a canonical copy/migration plan.,no,yes,yes,no,no,
02_filings/filing_notes/RBRK_filing_note.md,KEEP,LOW,,,03_source_data/filing_notes/RBRK_filing_note.md,COPY_TO_CANONICAL,Preserve source but stage a canonical copy/migration plan.,no,yes,yes,no,no,
02_filings/filing_notes/RXRX_filing_note.md,KEEP,LOW,,,03_source_data/filing_notes/RXRX_filing_note.md,COPY_TO_CANONICAL,Preserve source but stage a canonical copy/migration plan.,no,yes,yes,no,no,
02_filings/filing_notes/TEM_filing_note.md,KEEP,LOW,,,03_source_data/filing_notes/TEM_filing_note.md,COPY_TO_CANONICAL,Preserve source but stage a canonical copy/migration plan.,no,yes,yes,no,no,
02_filings/filing_notes/TSLA_filing_note.md,KEEP,LOW,,,03_source_data/filing_notes/TSLA_filing_note.md,COPY_TO_CANONICAL,Preserve source but stage a canonical copy/migration plan.,no,yes,yes,no,no,
02_filings/sec_raw/ACMR_submissions.json,KEEP,LOW,,,03_source_data/sec_raw/ACMR_submissions.json,COPY_TO_CANONICAL,Preserve source but stage a canonical copy/migration plan.,no,yes,yes,no,no,
02_filings/sec_raw/ALAB_submissions.json,KEEP,LOW,,,03_source_data/sec_raw/ALAB_submissions.json,COPY_TO_CANONICAL,Preserve source but stage a canonical copy/migration plan.,no,yes,yes,no,no,
02_filings/sec_raw/AMD_submissions.json,KEEP,LOW,,,03_source_data/sec_raw/AMD_submissions.json,COPY_TO_CANONICAL,Preserve source but stage a canonical copy/migration plan.,no,yes,yes,no,no,
02_filings/sec_raw/ARRY_submissions.json,KEEP,LOW,,,03_source_data/sec_raw/ARRY_submissions.json,COPY_TO_CANONICAL,Preserve source but stage a canonical copy/migration plan.,no,yes,yes,no,no,
02_filings/sec_raw/CRSP_submissions.json,KEEP,LOW,,,03_source_data/sec_raw/CRSP_submissions.json,COPY_TO_CANONICAL,Preserve source but stage a canonical copy/migration plan.,no,yes,yes,no,no,
02_filings/sec_raw/CRWV_submissions.json,KEEP,LOW,,,03_source_data/sec_raw/CRWV_submissions.json,COPY_TO_CANONICAL,Preserve source but stage a canonical copy/migration plan.,no,yes,yes,no,no,
02_filings/sec_raw/ENPH_submissions.json,KEEP,LOW,,phase13ga;phase2017de;phase2017pr;phase2018de;phase2018pr;phase8,03_source_data/sec_raw/ENPH_submissions.json,COPY_TO_CANONICAL,Preserve source but stage a canonical copy/migration plan.,no,yes,yes,no,no,
02_filings/sec_raw/ENVX_submissions.json,KEEP,LOW,,,03_source_data/sec_raw/ENVX_submissions.json,COPY_TO_CANONICAL,Preserve source but stage a canonical copy/migration plan.,no,yes,yes,no,no,
02_filings/sec_raw/FLNC_submissions.json,KEEP,LOW,,,03_source_data/sec_raw/FLNC_submissions.json,COPY_TO_CANONICAL,Preserve source but stage a canonical copy/migration plan.,no,yes,yes,no,no,
02_filings/sec_raw/IOT_submissions.json,KEEP,LOW,,,03_source_data/sec_raw/IOT_submissions.json,COPY_TO_CANONICAL,Preserve source but stage a canonical copy/migration plan.,no,yes,yes,no,no,
02_filings/sec_raw/NVTS_submissions.json,KEEP,LOW,,,03_source_data/sec_raw/NVTS_submissions.json,COPY_TO_CANONICAL,Preserve source but stage a canonical copy/migration plan.,no,yes,yes,no,no,
02_filings/sec_raw/RBRK_submissions.json,KEEP,LOW,,,03_source_data/sec_raw/RBRK_submissions.json,COPY_TO_CANONICAL,Preserve source but stage a canonical copy/migration plan.,no,yes,yes,no,no,
02_filings/sec_raw/RXRX_submissions.json,KEEP,LOW,,,03_source_data/sec_raw/RXRX_submissions.json,COPY_TO_CANONICAL,Preserve source but stage a canonical copy/migration plan.,no,yes,yes,no,no,
02_filings/sec_raw/TEM_submissions.json,KEEP,LOW,,,03_source_data/sec_raw/TEM_submissions.json,COPY_TO_CANONICAL,Preserve source but stage a canonical copy/migration plan.,no,yes,yes,no,no,
02_filings/sec_raw/TSLA_submissions.json,KEEP,LOW,,,03_source_data/sec_raw/TSLA_submissions.json,COPY_TO_CANONICAL,Preserve source but stage a canonical copy/migration plan.,no,yes,yes,no,no,
03_research/.DS_Store,DELETE_CANDIDATE,LOW,,,(none - local cache cleanup candidate),DELETE_LATER_LOCAL_CACHE_ONLY,Generated local cache or OS metadata; deletion is allowed only in a later cleanup phase.,no,no,no,yes,no,Do not delete in Phase 0B.
03_research/agent_restructure_phase3c/current_structure_audit.md,NEEDS_HUMAN_REVIEW,HIGH,real_positions;trade_logs;email_drafts;weekly_reviews;risk_rules,phase0;phase2;phase2n;phase2p;phase2q;phase2r;phase3;phase3a;phase3b;phase3c,04_research/agent_restructure_phase3c/current_structure_audit.md,NEEDS_HUMAN_REVIEW,Phase 0A classified this file as requiring human review.,yes,no,no,no,yes,Human gate required by Phase0B touch-category rule.
03_research/agent_restructure_phase3c/proposed_real_monitoring_architecture.md,NEEDS_HUMAN_REVIEW,HIGH,real_positions;email_drafts;sec_alerts;weekly_reviews;risk_rules,phase3;phase3b;phase3c;phase4;phase4b;phase5,04_research/agent_restructure_phase3c/proposed_real_monitoring_architecture.md,NEEDS_HUMAN_REVIEW,Phase 0A classified this file as requiring human review.,yes,no,no,no,yes,Human gate required by Phase0B touch-category rule.
03_research/agent_restructure_phase3c/security_boundary.md,NEEDS_HUMAN_REVIEW,HIGH,email_drafts;sec_alerts;risk_rules,phase3c;phase4;phase5,04_research/agent_restructure_phase3c/security_boundary.md,NEEDS_HUMAN_REVIEW,Phase 0A classified this file as requiring human review.,yes,no,no,no,yes,Human gate required by Phase0B touch-category rule.
03_research/agent_restructure_phase3c/weekly_email_agent_spec.md,NEEDS_HUMAN_REVIEW,HIGH,email_drafts;sec_alerts,phase3c;phase4b;phase5,07_automation/email_drafts/agent_restructure_phase3c/weekly_email_agent_spec.md,NEEDS_HUMAN_REVIEW,Phase 0A classified this file as requiring human review.,yes,no,no,no,yes,Human gate required by Phase0B touch-category rule.
03_research/company_memo_template.md,KEEP,MEDIUM,risk_rules,,04_research/templates/company_memo_template.md,COPY_TO_CANONICAL,Preserve source but stage a canonical copy/migration plan.,yes,no,no,no,yes,Human gate required by Phase0B touch-category rule.
03_research/company_memos_phase2f/IOT_company_memo.md,ARCHIVE,LOW,,phase2e;phase2e1;phase2f,04_research/company_memos/IOT_company_memo.md,ARCHIVE_AFTER_APPROVAL,Historical phase artifact from Phase 0A classification.,yes,no,yes,no,no,
03_research/company_memos_phase2f/RBRK_company_memo.md,ARCHIVE,LOW,,phase2e;phase2e1;phase2f,04_research/company_memos/RBRK_company_memo.md,ARCHIVE_AFTER_APPROVAL,Historical phase artifact from Phase 0A classification.,yes,no,yes,no,no,
03_research/email_automation_phase5a/email_send_gate_policy.md,NEEDS_HUMAN_REVIEW,HIGH,email_drafts;weekly_reviews,phase5a,07_automation/email_drafts/email_automation_phase5a/email_send_gate_policy.md,NEEDS_HUMAN_REVIEW,Phase 0A classified this file as requiring human review.,yes,no,no,no,yes,Human gate required by Phase0B touch-category rule.
03_research/email_automation_phase5a/failure_handling_plan.md,NEEDS_HUMAN_REVIEW,HIGH,email_drafts,phase5a,07_automation/email_drafts/email_automation_phase5a/failure_handling_plan.md,NEEDS_HUMAN_REVIEW,Phase 0A classified this file as requiring human review.,yes,no,no,no,yes,Human gate required by Phase0B touch-category rule.
03_research/email_automation_phase5a/gmail_dry_run_plan.md,NEEDS_HUMAN_REVIEW,HIGH,email_drafts;sec_alerts;weekly_reviews,phase5a;phase5b;phase5c;phase5d;phase5e;phase5f,07_automation/email_drafts/email_automation_phase5a/gmail_dry_run_plan.md,NEEDS_HUMAN_REVIEW,Phase 0A classified this file as requiring human review.,yes,no,no,no,yes,Human gate required by Phase0B touch-category rule.
03_research/email_automation_phase5a/oauth_security_plan.md,NEEDS_HUMAN_REVIEW,HIGH,email_drafts,phase5a,07_automation/email_drafts/email_automation_phase5a/oauth_security_plan.md,NEEDS_HUMAN_REVIEW,Phase 0A classified this file as requiring human review.,yes,no,no,no,yes,Human gate required by Phase0B touch-category rule.
03_research/email_draft_agent_phase4b/weekly_email_draft.html,NEEDS_HUMAN_REVIEW,HIGH,email_drafts;sec_alerts;weekly_reviews;risk_rules,phase4b,07_automation/email_drafts/email_draft_agent_phase4b/weekly_email_draft.html,NEEDS_HUMAN_REVIEW,Phase 0A classified this file as requiring human review.,yes,no,no,no,yes,Human gate required by Phase0B touch-category rule.
03_research/email_draft_agent_phase4b/weekly_email_draft.md,NEEDS_HUMAN_REVIEW,HIGH,email_drafts;sec_alerts;weekly_reviews;risk_rules,phase4b,07_automation/email_drafts/email_draft_agent_phase4b/weekly_email_draft.md,NEEDS_HUMAN_REVIEW,Phase 0A classified this file as requiring human review.,yes,no,no,no,yes,Human gate required by Phase0B touch-category rule.
03_research/email_draft_agent_phase4b/weekly_email_subject.txt,NEEDS_HUMAN_REVIEW,HIGH,email_drafts;risk_rules,phase4b,07_automation/email_drafts/email_draft_agent_phase4b/weekly_email_subject.txt,NEEDS_HUMAN_REVIEW,Phase 0A classified this file as requiring human review.,yes,no,no,no,yes,Human gate required by Phase0B touch-category rule.
03_research/email_preflight_phase5b/preflight_rules.md,NEEDS_HUMAN_REVIEW,HIGH,email_drafts;weekly_reviews,phase5b,07_automation/email_drafts/email_preflight_phase5b/preflight_rules.md,NEEDS_HUMAN_REVIEW,Phase 0A classified this file as requiring human review.,yes,no,no,no,yes,Human gate required by Phase0B touch-category rule.
03_research/email_preflight_phase5b/recipient_allowlist_policy.md,NEEDS_HUMAN_REVIEW,HIGH,email_drafts,phase5b,07_automation/email_drafts/email_preflight_phase5b/recipient_allowlist_policy.md,NEEDS_HUMAN_REVIEW,Phase 0A classified this file as requiring human review.,yes,no,no,no,yes,Human gate required by Phase0B touch-category rule.
03_research/filing_excerpts_phase2f/IOT_filing_excerpts.md,ARCHIVE,LOW,,phase2f,04_research/filing_excerpts/IOT_filing_excerpts.md,ARCHIVE_AFTER_APPROVAL,Historical phase artifact from Phase 0A classification.,yes,no,yes,no,no,
03_research/filing_excerpts_phase2f/RBRK_filing_excerpts.md,ARCHIVE,LOW,,phase2f,04_research/filing_excerpts/RBRK_filing_excerpts.md,ARCHIVE_AFTER_APPROVAL,Historical phase artifact from Phase 0A classification.,yes,no,yes,no,no,
03_research/gpt_packets/ACMR_gpt_packet.md,MIGRATE,LOW,,phase2b;phase2c,04_research/gpt_packets/ACMR_gpt_packet.md,COPY_TO_CANONICAL,Needs canonical placement; copy can be planned before any later move/delete decision.,no,yes,yes,no,no,
03_research/gpt_packets/ALAB_gpt_packet.md,MIGRATE,LOW,,phase2b;phase2c,04_research/gpt_packets/ALAB_gpt_packet.md,COPY_TO_CANONICAL,Needs canonical placement; copy can be planned before any later move/delete decision.,no,yes,yes,no,no,
03_research/gpt_packets/AMD_gpt_packet.md,MIGRATE,LOW,,,04_research/gpt_packets/AMD_gpt_packet.md,COPY_TO_CANONICAL,Needs canonical placement; copy can be planned before any later move/delete decision.,no,yes,yes,no,no,
03_research/gpt_packets/ARRY_gpt_packet.md,MIGRATE,LOW,,phase2b;phase2c,04_research/gpt_packets/ARRY_gpt_packet.md,COPY_TO_CANONICAL,Needs canonical placement; copy can be planned before any later move/delete decision.,no,yes,yes,no,no,
03_research/gpt_packets/CRSP_gpt_packet.md,MIGRATE,LOW,,phase2b;phase2c,04_research/gpt_packets/CRSP_gpt_packet.md,COPY_TO_CANONICAL,Needs canonical placement; copy can be planned before any later move/delete decision.,no,yes,yes,no,no,
03_research/gpt_packets/CRWV_gpt_packet.md,MIGRATE,LOW,,phase2b;phase2c,04_research/gpt_packets/CRWV_gpt_packet.md,COPY_TO_CANONICAL,Needs canonical placement; copy can be planned before any later move/delete decision.,no,yes,yes,no,no,
03_research/gpt_packets/ENPH_gpt_packet.md,MIGRATE,LOW,,,04_research/gpt_packets/ENPH_gpt_packet.md,COPY_TO_CANONICAL,Needs canonical placement; copy can be planned before any later move/delete decision.,no,yes,yes,no,no,
03_research/gpt_packets/ENVX_gpt_packet.md,MIGRATE,LOW,,phase2b;phase2c,04_research/gpt_packets/ENVX_gpt_packet.md,COPY_TO_CANONICAL,Needs canonical placement; copy can be planned before any later move/delete decision.,no,yes,yes,no,no,
03_research/gpt_packets/FLNC_gpt_packet.md,MIGRATE,LOW,,phase2b;phase2c,04_research/gpt_packets/FLNC_gpt_packet.md,COPY_TO_CANONICAL,Needs canonical placement; copy can be planned before any later move/delete decision.,no,yes,yes,no,no,
03_research/gpt_packets/IOT_gpt_packet.md,MIGRATE,LOW,,phase2b;phase2c,04_research/gpt_packets/IOT_gpt_packet.md,COPY_TO_CANONICAL,Needs canonical placement; copy can be planned before any later move/delete decision.,no,yes,yes,no,no,
03_research/gpt_packets/NVTS_gpt_packet.md,MIGRATE,LOW,,phase2b;phase2c,04_research/gpt_packets/NVTS_gpt_packet.md,COPY_TO_CANONICAL,Needs canonical placement; copy can be planned before any later move/delete decision.,no,yes,yes,no,no,
03_research/gpt_packets/RBRK_gpt_packet.md,MIGRATE,LOW,,phase2b;phase2c,04_research/gpt_packets/RBRK_gpt_packet.md,COPY_TO_CANONICAL,Needs canonical placement; copy can be planned before any later move/delete decision.,no,yes,yes,no,no,
03_research/gpt_packets/RXRX_gpt_packet.md,MIGRATE,LOW,,phase2b;phase2c,04_research/gpt_packets/RXRX_gpt_packet.md,COPY_TO_CANONICAL,Needs canonical placement; copy can be planned before any later move/delete decision.,no,yes,yes,no,no,
03_research/gpt_packets/TEM_gpt_packet.md,MIGRATE,LOW,,phase2b;phase2c,04_research/gpt_packets/TEM_gpt_packet.md,COPY_TO_CANONICAL,Needs canonical placement; copy can be planned before any later move/delete decision.,no,yes,yes,no,no,
03_research/gpt_packets/TSLA_gpt_packet.md,MIGRATE,LOW,,,04_research/gpt_packets/TSLA_gpt_packet.md,COPY_TO_CANONICAL,Needs canonical placement; copy can be planned before any later move/delete decision.,no,yes,yes,no,no,
03_research/gpt_review_phase2g/IOT_gpt_review.md,ARCHIVE,LOW,,phase2e;phase2e1;phase2g,11_archive/historical_phase_outputs/phase2e/03_research/gpt_review_phase2g/IOT_gpt_review.md,ARCHIVE_AFTER_APPROVAL,Historical phase artifact from Phase 0A classification.,yes,no,yes,no,no,
03_research/gpt_review_phase2g/RBRK_gpt_review.md,ARCHIVE,LOW,,phase2e;phase2e1;phase2g,11_archive/historical_phase_outputs/phase2e/03_research/gpt_review_phase2g/RBRK_gpt_review.md,ARCHIVE_AFTER_APPROVAL,Historical phase artifact from Phase 0A classification.,yes,no,yes,no,no,
03_research/human_notes_synthesis_phase2i/IOT_synthesis.md,ARCHIVE,LOW,,phase2g;phase2h;phase2i;phase2j,11_archive/historical_phase_outputs/phase2g/03_research/human_notes_synthesis_phase2i/IOT_synthesis.md,ARCHIVE_AFTER_APPROVAL,Historical phase artifact from Phase 0A classification.,yes,no,yes,no,no,
03_research/human_notes_synthesis_phase2i/RBRK_synthesis.md,ARCHIVE,LOW,,phase2g;phase2h;phase2i;phase2j,11_archive/historical_phase_outputs/phase2g/03_research/human_notes_synthesis_phase2i/RBRK_synthesis.md,ARCHIVE_AFTER_APPROVAL,Historical phase artifact from Phase 0A classification.,yes,no,yes,no,no,
03_research/manual_filing_review_phase2h/.DS_Store,DELETE_CANDIDATE,LOW,,phase2h,(none - local cache cleanup candidate),DELETE_LATER_LOCAL_CACHE_ONLY,Generated local cache or OS metadata; deletion is allowed only in a later cleanup phase.,no,no,no,yes,no,Do not delete in Phase 0B.
03_research/manual_filing_review_phase2h/IOT_manual_filing_review.md,ARCHIVE,LOW,,phase2f;phase2g;phase2h,11_archive/historical_phase_outputs/phase2f/03_research/manual_filing_review_phase2h/IOT_manual_filing_review.md,ARCHIVE_AFTER_APPROVAL,Historical phase artifact from Phase 0A classification.,yes,no,yes,no,no,
03_research/manual_filing_review_phase2h/RBRK_manual_filing_review.md,ARCHIVE,LOW,,phase2f;phase2g;phase2h,11_archive/historical_phase_outputs/phase2f/03_research/manual_filing_review_phase2h/RBRK_manual_filing_review.md,ARCHIVE_AFTER_APPROVAL,Historical phase artifact from Phase 0A classification.,yes,no,yes,no,no,
03_research/manual_filing_review_phase2h/phase2h_review_tracker.csv,ARCHIVE,LOW,,phase2h,11_archive/historical_phase_outputs/phase2h/03_research/manual_filing_review_phase2h/phase2h_review_tracker.csv,ARCHIVE_AFTER_APPROVAL,Historical phase artifact from Phase 0A classification.,yes,no,yes,no,no,
03_research/paper_execution_decision_phase2q/IOT_phase2q_decision_gate.md,ARCHIVE,MEDIUM,risk_rules,phase2q;phase2r,05_risk_and_positions/paper_position_reviews/paper_execution_decision_phase2q/IOT_phase2q_decision_gate.md,ARCHIVE_AFTER_APPROVAL,Historical phase artifact from Phase 0A classification.,yes,no,yes,no,no,Human gate required by Phase0B touch-category rule.
03_research/paper_execution_decision_phase2q/RBRK_phase2q_decision_gate.md,ARCHIVE,MEDIUM,risk_rules,phase2q;phase2r,05_risk_and_positions/paper_position_reviews/paper_execution_decision_phase2q/RBRK_phase2q_decision_gate.md,ARCHIVE_AFTER_APPROVAL,Historical phase artifact from Phase 0A classification.,yes,no,yes,no,no,Human gate required by Phase0B touch-category rule.
03_research/paper_execution_log_phase2p/IOT_paper_execution_log_setup.md,NEEDS_HUMAN_REVIEW,HIGH,trade_logs;risk_rules,phase2o;phase2p;phase2q,05_risk_and_positions/paper_position_reviews/paper_execution_log_phase2p/IOT_paper_execution_log_setup.md,NEEDS_HUMAN_REVIEW,Phase 0A classified this file as requiring human review.,yes,no,no,no,no,Human gate required by Phase0B touch-category rule.
03_research/paper_execution_log_phase2p/RBRK_paper_execution_log_setup.md,NEEDS_HUMAN_REVIEW,HIGH,trade_logs;risk_rules,phase2o;phase2p;phase2q,05_risk_and_positions/paper_position_reviews/paper_execution_log_phase2p/RBRK_paper_execution_log_setup.md,NEEDS_HUMAN_REVIEW,Phase 0A classified this file as requiring human review.,yes,no,no,no,no,Human gate required by Phase0B touch-category rule.
03_research/paper_execution_phase2r/IOT_paper_execution_record.md,NEEDS_HUMAN_REVIEW,MEDIUM,weekly_reviews;risk_rules,phase2q;phase2r,05_risk_and_positions/paper_position_reviews/paper_execution_phase2r/IOT_paper_execution_record.md,NEEDS_HUMAN_REVIEW,Phase 0A classified this file as requiring human review.,yes,no,no,no,no,Human gate required by Phase0B touch-category rule.
03_research/paper_execution_phase2r/RBRK_paper_execution_record.md,NEEDS_HUMAN_REVIEW,MEDIUM,weekly_reviews;risk_rules,phase2q;phase2r,05_risk_and_positions/paper_position_reviews/paper_execution_phase2r/RBRK_paper_execution_record.md,NEEDS_HUMAN_REVIEW,Phase 0A classified this file as requiring human review.,yes,no,no,no,no,Human gate required by Phase0B touch-category rule.
03_research/paper_execution_readiness_phase2o/IOT_paper_execution_readiness.md,NEEDS_HUMAN_REVIEW,HIGH,trade_logs;risk_rules,phase2h;phase2n;phase2o;phase2p,05_risk_and_positions/paper_position_reviews/paper_execution_readiness_phase2o/IOT_paper_execution_readiness.md,NEEDS_HUMAN_REVIEW,Phase 0A classified this file as requiring human review.,yes,no,no,no,no,Human gate required by Phase0B touch-category rule.
03_research/paper_execution_readiness_phase2o/RBRK_paper_execution_readiness.md,NEEDS_HUMAN_REVIEW,HIGH,trade_logs;risk_rules,phase2h;phase2n;phase2o;phase2p,05_risk_and_positions/paper_position_reviews/paper_execution_readiness_phase2o/RBRK_paper_execution_readiness.md,NEEDS_HUMAN_REVIEW,Phase 0A classified this file as requiring human review.,yes,no,no,no,no,Human gate required by Phase0B touch-category rule.
03_research/paper_plan_drafts_phase2n/IOT_paper_plan_draft.md,ARCHIVE,MEDIUM,risk_rules,phase2j;phase2k;phase2m;phase2n,05_risk_and_positions/paper_position_reviews/paper_plan_drafts_phase2n/IOT_paper_plan_draft.md,ARCHIVE_AFTER_APPROVAL,Historical phase artifact from Phase 0A classification.,yes,no,yes,no,no,Human gate required by Phase0B touch-category rule.
03_research/paper_plan_drafts_phase2n/RBRK_paper_plan_draft.md,ARCHIVE,MEDIUM,risk_rules,phase2j;phase2k;phase2m;phase2n,05_risk_and_positions/paper_position_reviews/paper_plan_drafts_phase2n/RBRK_paper_plan_draft.md,ARCHIVE_AFTER_APPROVAL,Historical phase artifact from Phase 0A classification.,yes,no,yes,no,no,Human gate required by Phase0B touch-category rule.
03_research/peer_data_phase2k/IOT_peer_data.md,ARCHIVE,LOW,,phase2k;phase2l,04_research/peer_work/peer_data_phase2k/IOT_peer_data.md,ARCHIVE_AFTER_APPROVAL,Historical phase artifact from Phase 0A classification.,yes,no,yes,no,no,
03_research/peer_data_phase2k/RBRK_peer_data.md,ARCHIVE,LOW,,phase2k;phase2l,04_research/peer_work/peer_data_phase2k/RBRK_peer_data.md,ARCHIVE_AFTER_APPROVAL,Historical phase artifact from Phase 0A classification.,yes,no,yes,no,no,
03_research/real_position_audit_phase3a/IOT_real_position_audit.md,NEEDS_HUMAN_REVIEW,HIGH,real_positions;risk_rules,phase3a,05_risk_and_positions/real_position_reviews/real_position_audit_phase3a/IOT_real_position_audit.md,NEEDS_HUMAN_REVIEW,Phase 0A classified this file as requiring human review.,yes,no,no,no,yes,Human gate required by Phase0B touch-category rule.
03_research/real_position_audit_phase3a/RBRK_real_position_audit.md,NEEDS_HUMAN_REVIEW,HIGH,real_positions;risk_rules,phase3a,05_risk_and_positions/real_position_reviews/real_position_audit_phase3a/RBRK_real_position_audit.md,NEEDS_HUMAN_REVIEW,Phase 0A classified this file as requiring human review.,yes,no,no,no,yes,Human gate required by Phase0B touch-category rule.
03_research/real_position_monitoring_phase3b/IOT_real_position_note.md,NEEDS_HUMAN_REVIEW,HIGH,real_positions;weekly_reviews;risk_rules,phase3b;phase3c,05_risk_and_positions/real_position_reviews/real_position_monitoring_phase3b/IOT_real_position_note.md,NEEDS_HUMAN_REVIEW,Phase 0A classified this file as requiring human review.,yes,no,no,no,yes,Human gate required by Phase0B touch-category rule.
03_research/real_position_monitoring_phase3b/RBRK_real_position_note.md,NEEDS_HUMAN_REVIEW,HIGH,real_positions;weekly_reviews;risk_rules,phase3b;phase3c,05_risk_and_positions/real_position_reviews/real_position_monitoring_phase3b/RBRK_real_position_note.md,NEEDS_HUMAN_REVIEW,Phase 0A classified this file as requiring human review.,yes,no,no,no,yes,Human gate required by Phase0B touch-category rule.
03_research/red_team_phase2f/IOT_red_team.md,ARCHIVE,MEDIUM,risk_rules,phase2f,04_research/red_team/IOT_red_team.md,ARCHIVE_AFTER_APPROVAL,Historical phase artifact from Phase 0A classification.,yes,no,yes,no,no,Human gate required by Phase0B touch-category rule.
03_research/red_team_phase2f/RBRK_red_team.md,ARCHIVE,LOW,,phase2f,04_research/red_team/RBRK_red_team.md,ARCHIVE_AFTER_APPROVAL,Historical phase artifact from Phase 0A classification.,yes,no,yes,no,no,
03_research/research_decision_phase2m/IOT_research_decision.md,ARCHIVE,LOW,,phase2k;phase2l;phase2m;phase2n,11_archive/historical_phase_outputs/phase2k/03_research/research_decision_phase2m/IOT_research_decision.md,ARCHIVE_AFTER_APPROVAL,Historical phase artifact from Phase 0A classification.,yes,no,yes,no,no,
03_research/research_decision_phase2m/RBRK_research_decision.md,ARCHIVE,LOW,,phase2k;phase2l;phase2m;phase2n,11_archive/historical_phase_outputs/phase2k/03_research/research_decision_phase2m/RBRK_research_decision.md,ARCHIVE_AFTER_APPROVAL,Historical phase artifact from Phase 0A classification.,yes,no,yes,no,no,
03_research/scenario_peer_work_phase2j/IOT_peer_framework.md,ARCHIVE,LOW,,phase2j,04_research/peer_work/scenario_peer_work_phase2j/IOT_peer_framework.md,ARCHIVE_AFTER_APPROVAL,Historical phase artifact from Phase 0A classification.,yes,no,yes,no,no,
03_research/scenario_peer_work_phase2j/IOT_scenario_workpaper.md,ARCHIVE,LOW,,phase2i;phase2j,04_research/peer_work/scenario_peer_work_phase2j/IOT_scenario_workpaper.md,ARCHIVE_AFTER_APPROVAL,Historical phase artifact from Phase 0A classification.,yes,no,yes,no,no,
03_research/scenario_peer_work_phase2j/RBRK_peer_framework.md,ARCHIVE,LOW,,phase2j,04_research/peer_work/scenario_peer_work_phase2j/RBRK_peer_framework.md,ARCHIVE_AFTER_APPROVAL,Historical phase artifact from Phase 0A classification.,yes,no,yes,no,no,
03_research/scenario_peer_work_phase2j/RBRK_scenario_workpaper.md,ARCHIVE,LOW,,phase2i;phase2j,04_research/peer_work/scenario_peer_work_phase2j/RBRK_scenario_workpaper.md,ARCHIVE_AFTER_APPROVAL,Historical phase artifact from Phase 0A classification.,yes,no,yes,no,no,
03_research/sector_frameworks/ai_infrastructure_framework.md,KEEP,LOW,,,04_research/sector_frameworks/ai_infrastructure_framework.md,COPY_TO_CANONICAL,Preserve source but stage a canonical copy/migration plan.,no,yes,yes,no,no,
03_research/sector_frameworks/biotech_framework.md,KEEP,LOW,,phase1;phase2;phase3,04_research/sector_frameworks/biotech_framework.md,COPY_TO_CANONICAL,Preserve source but stage a canonical copy/migration plan.,no,yes,yes,no,no,
03_research/sector_frameworks/clean_tech_framework.md,KEEP,LOW,,,04_research/sector_frameworks/clean_tech_framework.md,COPY_TO_CANONICAL,Preserve source but stage a canonical copy/migration plan.,no,yes,yes,no,no,
03_research/sector_frameworks/semiconductor_framework.md,KEEP,LOW,,,04_research/sector_frameworks/semiconductor_framework.md,COPY_TO_CANONICAL,Preserve source but stage a canonical copy/migration plan.,no,yes,yes,no,no,
03_research/triage_notes/ACMR_triage_note.md,MIGRATE,LOW,,phase2e,04_research/triage_notes/ACMR_triage_note.md,COPY_TO_CANONICAL,Needs canonical placement; copy can be planned before any later move/delete decision.,no,yes,yes,no,no,
03_research/triage_notes/ALAB_triage_note.md,MIGRATE,LOW,,phase2e,04_research/triage_notes/ALAB_triage_note.md,COPY_TO_CANONICAL,Needs canonical placement; copy can be planned before any later move/delete decision.,no,yes,yes,no,no,
03_research/triage_notes/ARRY_triage_note.md,MIGRATE,LOW,,phase2e,04_research/triage_notes/ARRY_triage_note.md,COPY_TO_CANONICAL,Needs canonical placement; copy can be planned before any later move/delete decision.,no,yes,yes,no,no,
03_research/triage_notes/CRSP_triage_note.md,MIGRATE,LOW,,phase2e,04_research/triage_notes/CRSP_triage_note.md,COPY_TO_CANONICAL,Needs canonical placement; copy can be planned before any later move/delete decision.,no,yes,yes,no,no,
03_research/triage_notes/CRWV_triage_note.md,MIGRATE,LOW,,phase2e,04_research/triage_notes/CRWV_triage_note.md,COPY_TO_CANONICAL,Needs canonical placement; copy can be planned before any later move/delete decision.,no,yes,yes,no,no,
03_research/triage_notes/ENVX_triage_note.md,MIGRATE,LOW,,phase2e,04_research/triage_notes/ENVX_triage_note.md,COPY_TO_CANONICAL,Needs canonical placement; copy can be planned before any later move/delete decision.,no,yes,yes,no,no,
03_research/triage_notes/FLNC_triage_note.md,MIGRATE,LOW,,phase2e,04_research/triage_notes/FLNC_triage_note.md,COPY_TO_CANONICAL,Needs canonical placement; copy can be planned before any later move/delete decision.,no,yes,yes,no,no,
03_research/triage_notes/IOT_triage_note.md,MIGRATE,LOW,,phase2e,04_research/triage_notes/IOT_triage_note.md,COPY_TO_CANONICAL,Needs canonical placement; copy can be planned before any later move/delete decision.,no,yes,yes,no,no,
03_research/triage_notes/NVTS_triage_note.md,MIGRATE,LOW,,phase2e,04_research/triage_notes/NVTS_triage_note.md,COPY_TO_CANONICAL,Needs canonical placement; copy can be planned before any later move/delete decision.,no,yes,yes,no,no,
03_research/triage_notes/RBRK_triage_note.md,MIGRATE,LOW,,phase2e,04_research/triage_notes/RBRK_triage_note.md,COPY_TO_CANONICAL,Needs canonical placement; copy can be planned before any later move/delete decision.,no,yes,yes,no,no,
03_research/triage_notes/RXRX_triage_note.md,MIGRATE,LOW,,phase2e,04_research/triage_notes/RXRX_triage_note.md,COPY_TO_CANONICAL,Needs canonical placement; copy can be planned before any later move/delete decision.,no,yes,yes,no,no,
03_research/triage_notes/TEM_triage_note.md,MIGRATE,LOW,,phase2e,04_research/triage_notes/TEM_triage_note.md,COPY_TO_CANONICAL,Needs canonical placement; copy can be planned before any later move/delete decision.,no,yes,yes,no,no,
03_research/triage_notes_phase2e1/ACMR_phase2e1_note.md,ARCHIVE,MEDIUM,risk_rules,phase2e;phase2e1,11_archive/historical_phase_outputs/phase2e/03_research/triage_notes_phase2e1/ACMR_phase2e1_note.md,ARCHIVE_AFTER_APPROVAL,Historical phase artifact from Phase 0A classification.,yes,no,yes,no,no,Human gate required by Phase0B touch-category rule.
03_research/triage_notes_phase2e1/ALAB_phase2e1_note.md,ARCHIVE,MEDIUM,risk_rules,phase2e;phase2e1,11_archive/historical_phase_outputs/phase2e/03_research/triage_notes_phase2e1/ALAB_phase2e1_note.md,ARCHIVE_AFTER_APPROVAL,Historical phase artifact from Phase 0A classification.,yes,no,yes,no,no,Human gate required by Phase0B touch-category rule.
03_research/triage_notes_phase2e1/ARRY_phase2e1_note.md,ARCHIVE,MEDIUM,risk_rules,phase2e;phase2e1,11_archive/historical_phase_outputs/phase2e/03_research/triage_notes_phase2e1/ARRY_phase2e1_note.md,ARCHIVE_AFTER_APPROVAL,Historical phase artifact from Phase 0A classification.,yes,no,yes,no,no,Human gate required by Phase0B touch-category rule.
03_research/triage_notes_phase2e1/CRSP_phase2e1_note.md,ARCHIVE,MEDIUM,risk_rules,phase2e;phase2e1,11_archive/historical_phase_outputs/phase2e/03_research/triage_notes_phase2e1/CRSP_phase2e1_note.md,ARCHIVE_AFTER_APPROVAL,Historical phase artifact from Phase 0A classification.,yes,no,yes,no,no,Human gate required by Phase0B touch-category rule.
03_research/triage_notes_phase2e1/CRWV_phase2e1_note.md,ARCHIVE,MEDIUM,risk_rules,phase2e;phase2e1,11_archive/historical_phase_outputs/phase2e/03_research/triage_notes_phase2e1/CRWV_phase2e1_note.md,ARCHIVE_AFTER_APPROVAL,Historical phase artifact from Phase 0A classification.,yes,no,yes,no,no,Human gate required by Phase0B touch-category rule.
03_research/triage_notes_phase2e1/ENVX_phase2e1_note.md,ARCHIVE,LOW,,phase2e;phase2e1,11_archive/historical_phase_outputs/phase2e/03_research/triage_notes_phase2e1/ENVX_phase2e1_note.md,ARCHIVE_AFTER_APPROVAL,Historical phase artifact from Phase 0A classification.,yes,no,yes,no,no,
03_research/triage_notes_phase2e1/FLNC_phase2e1_note.md,ARCHIVE,MEDIUM,risk_rules,phase2e;phase2e1,11_archive/historical_phase_outputs/phase2e/03_research/triage_notes_phase2e1/FLNC_phase2e1_note.md,ARCHIVE_AFTER_APPROVAL,Historical phase artifact from Phase 0A classification.,yes,no,yes,no,no,Human gate required by Phase0B touch-category rule.
03_research/triage_notes_phase2e1/IOT_phase2e1_note.md,ARCHIVE,LOW,,phase2e;phase2e1,11_archive/historical_phase_outputs/phase2e/03_research/triage_notes_phase2e1/IOT_phase2e1_note.md,ARCHIVE_AFTER_APPROVAL,Historical phase artifact from Phase 0A classification.,yes,no,yes,no,no,
03_research/triage_notes_phase2e1/NVTS_phase2e1_note.md,ARCHIVE,MEDIUM,risk_rules,phase2e;phase2e1,11_archive/historical_phase_outputs/phase2e/03_research/triage_notes_phase2e1/NVTS_phase2e1_note.md,ARCHIVE_AFTER_APPROVAL,Historical phase artifact from Phase 0A classification.,yes,no,yes,no,no,Human gate required by Phase0B touch-category rule.
03_research/triage_notes_phase2e1/RBRK_phase2e1_note.md,ARCHIVE,LOW,,phase2e;phase2e1,11_archive/historical_phase_outputs/phase2e/03_research/triage_notes_phase2e1/RBRK_phase2e1_note.md,ARCHIVE_AFTER_APPROVAL,Historical phase artifact from Phase 0A classification.,yes,no,yes,no,no,
03_research/triage_notes_phase2e1/RXRX_phase2e1_note.md,ARCHIVE,MEDIUM,risk_rules,phase2e;phase2e1,11_archive/historical_phase_outputs/phase2e/03_research/triage_notes_phase2e1/RXRX_phase2e1_note.md,ARCHIVE_AFTER_APPROVAL,Historical phase artifact from Phase 0A classification.,yes,no,yes,no,no,Human gate required by Phase0B touch-category rule.
03_research/triage_notes_phase2e1/TEM_phase2e1_note.md,ARCHIVE,MEDIUM,risk_rules,phase2e;phase2e1,11_archive/historical_phase_outputs/phase2e/03_research/triage_notes_phase2e1/TEM_phase2e1_note.md,ARCHIVE_AFTER_APPROVAL,Historical phase artifact from Phase 0A classification.,yes,no,yes,no,no,Human gate required by Phase0B touch-category rule.
03_research/valuation_earnings_phase2l/IOT_next_earnings_checklist.md,ARCHIVE,MEDIUM,risk_rules,phase2h;phase2k;phase2l,04_research/valuation_work/valuation_earnings_phase2l/IOT_next_earnings_checklist.md,ARCHIVE_AFTER_APPROVAL,Historical phase artifact from Phase 0A classification.,yes,no,yes,no,no,Human gate required by Phase0B touch-category rule.
03_research/valuation_earnings_phase2l/IOT_valuation_risk_workpaper.md,ARCHIVE,LOW,,phase2j;phase2k;phase2l,04_research/valuation_work/valuation_earnings_phase2l/IOT_valuation_risk_workpaper.md,ARCHIVE_AFTER_APPROVAL,Historical phase artifact from Phase 0A classification.,yes,no,yes,no,no,
03_research/valuation_earnings_phase2l/RBRK_next_earnings_checklist.md,ARCHIVE,MEDIUM,risk_rules,phase2h;phase2k;phase2l,04_research/valuation_work/valuation_earnings_phase2l/RBRK_next_earnings_checklist.md,ARCHIVE_AFTER_APPROVAL,Historical phase artifact from Phase 0A classification.,yes,no,yes,no,no,Human gate required by Phase0B touch-category rule.
03_research/valuation_earnings_phase2l/RBRK_valuation_risk_workpaper.md,ARCHIVE,LOW,,phase2j;phase2k;phase2l,04_research/valuation_work/valuation_earnings_phase2l/RBRK_valuation_risk_workpaper.md,ARCHIVE_AFTER_APPROVAL,Historical phase artifact from Phase 0A classification.,yes,no,yes,no,no,
03_research/weekly_review_agent_phase4a/IOT_weekly_review_note.md,NEEDS_HUMAN_REVIEW,HIGH,real_positions;sec_alerts;weekly_reviews;risk_rules,phase4a,07_automation/weekly_review_agent/weekly_review_agent_phase4a/IOT_weekly_review_note.md,NEEDS_HUMAN_REVIEW,Phase 0A classified this file as requiring human review.,yes,no,no,no,yes,Human gate required by Phase0B touch-category rule.
03_research/weekly_review_agent_phase4a/RBRK_weekly_review_note.md,NEEDS_HUMAN_REVIEW,HIGH,real_positions;sec_alerts;weekly_reviews;risk_rules,phase4a,07_automation/weekly_review_agent/weekly_review_agent_phase4a/RBRK_weekly_review_note.md,NEEDS_HUMAN_REVIEW,Phase 0A classified this file as requiring human review.,yes,no,no,no,yes,Human gate required by Phase0B touch-category rule.
04_data/.DS_Store,DELETE_CANDIDATE,LOW,,,(none - local cache cleanup candidate),DELETE_LATER_LOCAL_CACHE_ONLY,Generated local cache or OS metadata; deletion is allowed only in a later cleanup phase.,no,no,no,yes,no,Do not delete in Phase 0B.
04_data/phase2b_candidate_screening_results.csv,ARCHIVE,LOW,,phase2b,11_archive/historical_phase_outputs/phase2b/04_data/phase2b_candidate_screening_results.csv,ARCHIVE_AFTER_APPROVAL,Historical phase artifact from Phase 0A classification.,yes,no,yes,no,no,
04_data/phase2e1_8k_dilution_review.csv,ARCHIVE,LOW,,phase2e1,11_archive/historical_phase_outputs/phase2e1/04_data/phase2e1_8k_dilution_review.csv,ARCHIVE_AFTER_APPROVAL,Historical phase artifact from Phase 0A classification.,yes,no,yes,no,no,
04_data/phase2e1_manual_market_data_README.md,ARCHIVE,LOW,,phase2c;phase2e;phase2e1,03_source_data/market_data_manual/phase2e1_manual_market_data_README.md,ARCHIVE_AFTER_APPROVAL,Historical phase artifact from Phase 0A classification.,yes,no,yes,no,no,
04_data/phase2e1_manual_market_data_filled.csv,ARCHIVE,LOW,,phase2e1,03_source_data/market_data_manual/phase2e1_manual_market_data_filled.csv,ARCHIVE_AFTER_APPROVAL,Historical phase artifact from Phase 0A classification.,yes,no,yes,no,no,
04_data/phase2e1_manual_market_data_template.csv,ARCHIVE,LOW,,phase2e1,03_source_data/market_data_manual/phase2e1_manual_market_data_template.csv,ARCHIVE_AFTER_APPROVAL,Historical phase artifact from Phase 0A classification.,yes,no,yes,no,no,
04_data/phase2e1_manual_market_data_validated.csv,ARCHIVE,LOW,,phase2e1,03_source_data/market_data_manual/phase2e1_manual_market_data_validated.csv,ARCHIVE_AFTER_APPROVAL,Historical phase artifact from Phase 0A classification.,yes,no,yes,no,no,
04_data/phase2e1_rescored_candidates.csv,ARCHIVE,LOW,,phase2e1,11_archive/historical_phase_outputs/phase2e1/04_data/phase2e1_rescored_candidates.csv,ARCHIVE_AFTER_APPROVAL,Historical phase artifact from Phase 0A classification.,yes,no,yes,no,no,
04_data/phase2e_financial_enrichment.csv,ARCHIVE,LOW,,phase2e,11_archive/historical_phase_outputs/phase2e/04_data/phase2e_financial_enrichment.csv,ARCHIVE_AFTER_APPROVAL,Historical phase artifact from Phase 0A classification.,yes,no,yes,no,no,
04_data/phase2e_first_triage_scores.csv,ARCHIVE,LOW,,phase2e,11_archive/historical_phase_outputs/phase2e/04_data/phase2e_first_triage_scores.csv,ARCHIVE_AFTER_APPROVAL,Historical phase artifact from Phase 0A classification.,yes,no,yes,no,no,
04_data/phase2f_memo_scores.csv,ARCHIVE,LOW,,phase2e;phase2f,11_archive/historical_phase_outputs/phase2e/04_data/phase2f_memo_scores.csv,ARCHIVE_AFTER_APPROVAL,Historical phase artifact from Phase 0A classification.,yes,no,yes,no,no,
04_data/phase2g_review_labels.csv,ARCHIVE,LOW,,phase2f;phase2g,11_archive/historical_phase_outputs/phase2f/04_data/phase2g_review_labels.csv,ARCHIVE_AFTER_APPROVAL,Historical phase artifact from Phase 0A classification.,yes,no,yes,no,no,
04_data/phase2i_evidence_gap_matrix.csv,ARCHIVE,LOW,,phase2i;phase2j,11_archive/historical_phase_outputs/phase2i/04_data/phase2i_evidence_gap_matrix.csv,ARCHIVE_AFTER_APPROVAL,Historical phase artifact from Phase 0A classification.,yes,no,yes,no,no,
04_data/phase2i_synthesis_labels.csv,ARCHIVE,LOW,,phase2g;phase2h;phase2i;phase2j,11_archive/historical_phase_outputs/phase2g/04_data/phase2i_synthesis_labels.csv,ARCHIVE_AFTER_APPROVAL,Historical phase artifact from Phase 0A classification.,yes,no,yes,no,no,
04_data/phase2j_scenario_peer_labels.csv,ARCHIVE,LOW,,phase2i;phase2j,11_archive/historical_phase_outputs/phase2i/04_data/phase2j_scenario_peer_labels.csv,ARCHIVE_AFTER_APPROVAL,Historical phase artifact from Phase 0A classification.,yes,no,yes,no,no,
04_data/phase2k_peer_data.csv,ARCHIVE,LOW,,phase2k,11_archive/historical_phase_outputs/phase2k/04_data/phase2k_peer_data.csv,ARCHIVE_AFTER_APPROVAL,Historical phase artifact from Phase 0A classification.,yes,no,yes,no,no,
04_data/phase2k_peer_data_quality.csv,ARCHIVE,LOW,,phase2k;phase2l,11_archive/historical_phase_outputs/phase2k/04_data/phase2k_peer_data_quality.csv,ARCHIVE_AFTER_APPROVAL,Historical phase artifact from Phase 0A classification.,yes,no,yes,no,no,
04_data/phase2l_valuation_earnings_labels.csv,ARCHIVE,LOW,,phase2l;phase2m,11_archive/historical_phase_outputs/phase2l/04_data/phase2l_valuation_earnings_labels.csv,ARCHIVE_AFTER_APPROVAL,Historical phase artifact from Phase 0A classification.,yes,no,yes,no,no,
04_data/phase2m_research_decision_labels.csv,ARCHIVE,LOW,,phase2l;phase2m;phase2n,11_archive/historical_phase_outputs/phase2l/04_data/phase2m_research_decision_labels.csv,ARCHIVE_AFTER_APPROVAL,Historical phase artifact from Phase 0A classification.,yes,no,yes,no,no,
04_data/phase2n_paper_plan_draft_labels.csv,ARCHIVE,MEDIUM,risk_rules,phase2m;phase2n,11_archive/historical_phase_outputs/phase2m/04_data/phase2n_paper_plan_draft_labels.csv,ARCHIVE_AFTER_APPROVAL,Historical phase artifact from Phase 0A classification.,yes,no,yes,no,no,Human gate required by Phase0B touch-category rule.
04_data/phase2n_paper_plan_risk_template.csv,ARCHIVE,MEDIUM,risk_rules,phase2n,11_archive/historical_phase_outputs/phase2n/04_data/phase2n_paper_plan_risk_template.csv,ARCHIVE_AFTER_APPROVAL,Historical phase artifact from Phase 0A classification.,yes,no,yes,no,no,Human gate required by Phase0B touch-category rule.
04_data/phase2o_manual_chart_review_filled.csv,ARCHIVE,LOW,,phase2h;phase2o,05_risk_and_positions/paper_position_reviews/phase2o_manual_chart_review_filled.csv,ARCHIVE_AFTER_APPROVAL,Historical phase artifact from Phase 0A classification.,yes,no,yes,no,no,
04_data/phase2o_manual_chart_review_validated.csv,ARCHIVE,LOW,,phase2o,05_risk_and_positions/paper_position_reviews/phase2o_manual_chart_review_validated.csv,ARCHIVE_AFTER_APPROVAL,Historical phase artifact from Phase 0A classification.,yes,no,yes,no,no,
04_data/phase2o_paper_execution_readiness.csv,NEEDS_HUMAN_REVIEW,HIGH,trade_logs;risk_rules,phase2o;phase2p,05_risk_and_positions/paper_position_reviews/phase2o_paper_execution_readiness.csv,NEEDS_HUMAN_REVIEW,Phase 0A classified this file as requiring human review.,yes,no,no,no,no,Human gate required by Phase0B touch-category rule.
04_data/phase2p_human_signoff_template.csv,ARCHIVE,MEDIUM,risk_rules,phase2p;phase2q,05_risk_and_positions/paper_position_reviews/phase2p_human_signoff_template.csv,ARCHIVE_AFTER_APPROVAL,Historical phase artifact from Phase 0A classification.,yes,no,yes,no,no,Human gate required by Phase0B touch-category rule.
04_data/phase2p_paper_execution_log.csv,NEEDS_HUMAN_REVIEW,HIGH,trade_logs;risk_rules,phase2o1b;phase2p;phase2q,05_risk_and_positions/paper_position_reviews/phase2p_paper_execution_log.csv,NEEDS_HUMAN_REVIEW,Phase 0A classified this file as requiring human review.,yes,no,no,no,no,Human gate required by Phase0B touch-category rule.
04_data/phase2p_risk_calculator_inputs.csv,ARCHIVE,MEDIUM,risk_rules,phase2p;phase2q,05_risk_and_positions/paper_position_reviews/phase2p_risk_calculator_inputs.csv,ARCHIVE_AFTER_APPROVAL,Historical phase artifact from Phase 0A classification.,yes,no,yes,no,no,Human gate required by Phase0B touch-category rule.
04_data/phase2q_execution_decision.csv,ARCHIVE,LOW,,phase2q;phase2r,05_risk_and_positions/paper_position_reviews/phase2q_execution_decision.csv,ARCHIVE_AFTER_APPROVAL,Historical phase artifact from Phase 0A classification.,yes,no,yes,no,no,
04_data/phase2q_manual_execution_inputs_filled.xlsx,ARCHIVE,LOW,,phase2q,05_risk_and_positions/paper_position_reviews/phase2q_manual_execution_inputs_filled.xlsx,ARCHIVE_AFTER_APPROVAL,Historical phase artifact from Phase 0A classification.,yes,no,yes,no,no,
04_data/phase2q_manual_execution_inputs_filled_normalized.csv,ARCHIVE,LOW,,phase2h;phase2o;phase2q,05_risk_and_positions/paper_position_reviews/phase2q_manual_execution_inputs_filled_normalized.csv,ARCHIVE_AFTER_APPROVAL,Historical phase artifact from Phase 0A classification.,yes,no,yes,no,no,
04_data/phase2q_manual_execution_inputs_validated.csv,ARCHIVE,LOW,,phase2q,05_risk_and_positions/paper_position_reviews/phase2q_manual_execution_inputs_validated.csv,ARCHIVE_AFTER_APPROVAL,Historical phase artifact from Phase 0A classification.,yes,no,yes,no,no,
04_data/phase2q_risk_calculator_results.csv,ARCHIVE,MEDIUM,risk_rules,phase2q;phase2r,05_risk_and_positions/paper_position_reviews/phase2q_risk_calculator_results.csv,ARCHIVE_AFTER_APPROVAL,Historical phase artifact from Phase 0A classification.,yes,no,yes,no,no,Human gate required by Phase0B touch-category rule.
04_data/phase2r_monitoring_checklist.csv,ARCHIVE,LOW,,phase2r,05_risk_and_positions/paper_position_reviews/phase2r_monitoring_checklist.csv,ARCHIVE_AFTER_APPROVAL,Historical phase artifact from Phase 0A classification.,yes,no,yes,no,no,
04_data/phase2r_open_paper_positions.csv,ARCHIVE,LOW,,phase2r,05_risk_and_positions/paper_position_reviews/phase2r_open_paper_positions.csv,ARCHIVE_AFTER_APPROVAL,Historical phase artifact from Phase 0A classification.,yes,no,yes,no,no,
04_data/phase2r_paper_execution_log.csv,NEEDS_HUMAN_REVIEW,HIGH,trade_logs,phase2q;phase2r,05_risk_and_positions/paper_position_reviews/phase2r_paper_execution_log.csv,NEEDS_HUMAN_REVIEW,Phase 0A classified this file as requiring human review.,yes,no,no,no,no,Human gate required by Phase0B touch-category rule.
04_data/phase3a_real_position_audit.csv,NEEDS_HUMAN_REVIEW,HIGH,real_positions,phase3a,05_risk_and_positions/real_position_reviews/phase3a_real_position_audit.csv,NEEDS_HUMAN_REVIEW,Phase 0A classified this file as requiring human review.,yes,no,no,no,yes,Human gate required by Phase0B touch-category rule.
04_data/phase3a_structure_transition_checklist.csv,NEEDS_HUMAN_REVIEW,HIGH,real_positions;trade_logs,phase2;phase3;phase3a,05_risk_and_positions/real_position_reviews/phase3a_structure_transition_checklist.csv,NEEDS_HUMAN_REVIEW,Phase 0A classified this file as requiring human review.,yes,no,no,no,no,Human gate required by Phase0B touch-category rule.
04_data/phase3b_real_position_input_template.csv,NEEDS_HUMAN_REVIEW,HIGH,real_positions,phase3b,05_risk_and_positions/real_position_reviews/phase3b_real_position_input_template.csv,NEEDS_HUMAN_REVIEW,Phase 0A classified this file as requiring human review.,yes,no,no,no,yes,Human gate required by Phase0B touch-category rule.
04_data/phase3b_real_position_inputs_filled.csv,NEEDS_HUMAN_REVIEW,HIGH,real_positions,phase3b,05_risk_and_positions/real_position_reviews/phase3b_real_position_inputs_filled.csv,NEEDS_HUMAN_REVIEW,Phase 0A classified this file as requiring human review.,yes,no,no,no,yes,Human gate required by Phase0B touch-category rule.
04_data/phase3b_real_position_inputs_filled_normalized.csv,NEEDS_HUMAN_REVIEW,HIGH,real_positions,phase3b,05_risk_and_positions/real_position_reviews/phase3b_real_position_inputs_filled_normalized.csv,NEEDS_HUMAN_REVIEW,Phase 0A classified this file as requiring human review.,yes,no,no,no,yes,Human gate required by Phase0B touch-category rule.
04_data/phase3b_real_position_log.csv,NEEDS_HUMAN_REVIEW,HIGH,real_positions,phase3b,05_risk_and_positions/real_position_reviews/phase3b_real_position_log.csv,NEEDS_HUMAN_REVIEW,Phase 0A classified this file as requiring human review.,yes,no,no,no,yes,Human gate required by Phase0B touch-category rule.
04_data/phase3b_real_position_risk_review.csv,NEEDS_HUMAN_REVIEW,HIGH,real_positions;risk_rules,phase3b,05_risk_and_positions/real_position_reviews/phase3b_real_position_risk_review.csv,NEEDS_HUMAN_REVIEW,Phase 0A classified this file as requiring human review.,yes,no,no,no,yes,Human gate required by Phase0B touch-category rule.
04_data/phase3b_real_risk_calculation.csv,NEEDS_HUMAN_REVIEW,HIGH,real_positions,phase3b,05_risk_and_positions/real_position_reviews/phase3b_real_risk_calculation.csv,NEEDS_HUMAN_REVIEW,Phase 0A classified this file as requiring human review.,yes,no,no,no,yes,Human gate required by Phase0B touch-category rule.
04_data/phase3b_weekly_monitoring_checklist.csv,NEEDS_HUMAN_REVIEW,HIGH,trade_logs;weekly_reviews,phase3b,05_risk_and_positions/real_position_reviews/phase3b_weekly_monitoring_checklist.csv,NEEDS_HUMAN_REVIEW,Phase 0A classified this file as requiring human review.,yes,no,no,no,yes,Human gate required by Phase0B touch-category rule.
04_data/phase3c_restructure_action_items.csv,NEEDS_HUMAN_REVIEW,HIGH,real_positions;email_drafts;sec_alerts;weekly_reviews;risk_rules,phase3b;phase3c;phase4a;phase4b;phase5,03_source_data/derived/phase3c_restructure_action_items.csv,NEEDS_HUMAN_REVIEW,Phase 0A classified this file as requiring human review.,yes,no,no,no,yes,Human gate required by Phase0B touch-category rule.
04_data/phase4a_weekly_action_labels.csv,NEEDS_HUMAN_REVIEW,MEDIUM,weekly_reviews,phase4a,07_automation/weekly_review_agent/outputs/phase4a_weekly_action_labels.csv,NEEDS_HUMAN_REVIEW,Phase 0A classified this file as requiring human review.,yes,no,no,no,yes,Human gate required by Phase0B touch-category rule.
04_data/phase4a_weekly_real_position_alerts.csv,NEEDS_HUMAN_REVIEW,HIGH,real_positions;weekly_reviews,phase4a,05_risk_and_positions/real_position_reviews/phase4a_weekly_real_position_alerts.csv,NEEDS_HUMAN_REVIEW,Phase 0A classified this file as requiring human review.,yes,no,no,no,yes,Human gate required by Phase0B touch-category rule.
04_data/phase4a_weekly_review_run_log.csv,NEEDS_HUMAN_REVIEW,MEDIUM,weekly_reviews,phase4a,07_automation/weekly_review_agent/outputs/phase4a_weekly_review_run_log.csv,NEEDS_HUMAN_REVIEW,Phase 0A classified this file as requiring human review.,yes,no,no,no,yes,Human gate required by Phase0B touch-category rule.
04_data/phase4b_email_draft_metadata.csv,NEEDS_HUMAN_REVIEW,HIGH,email_drafts;risk_rules,phase4b,07_automation/email_preflight/phase4b_email_draft_metadata.csv,NEEDS_HUMAN_REVIEW,Phase 0A classified this file as requiring human review.,yes,no,no,no,yes,Human gate required by Phase0B touch-category rule.
04_data/phase4b_email_draft_run_log.csv,NEEDS_HUMAN_REVIEW,HIGH,real_positions;email_drafts;weekly_reviews,phase4b,07_automation/email_preflight/phase4b_email_draft_run_log.csv,NEEDS_HUMAN_REVIEW,Phase 0A classified this file as requiring human review.,yes,no,no,no,yes,Human gate required by Phase0B touch-category rule.
04_data/phase5a_email_automation_action_items.csv,NEEDS_HUMAN_REVIEW,HIGH,email_drafts,phase5a;phase5b;phase5d;phase5e;phase5f,07_automation/email_preflight/phase5a_email_automation_action_items.csv,NEEDS_HUMAN_REVIEW,Phase 0A classified this file as requiring human review.,yes,no,no,no,yes,Human gate required by Phase0B touch-category rule.
04_data/phase5b_email_preflight_results.csv,NEEDS_HUMAN_REVIEW,HIGH,email_drafts,phase4b;phase5a;phase5b,07_automation/email_preflight/phase5b_email_preflight_results.csv,NEEDS_HUMAN_REVIEW,Phase 0A classified this file as requiring human review.,yes,no,no,no,yes,Human gate required by Phase0B touch-category rule.
04_data/phase5b_email_preflight_run_log.csv,NEEDS_HUMAN_REVIEW,HIGH,email_drafts,phase5b,07_automation/email_preflight/phase5b_email_preflight_run_log.csv,NEEDS_HUMAN_REVIEW,Phase 0A classified this file as requiring human review.,yes,no,no,no,yes,Human gate required by Phase0B touch-category rule.
04_data/phase5b_recipient_allowlist.csv,NEEDS_HUMAN_REVIEW,HIGH,email_drafts,phase5b,07_automation/email_preflight/phase5b_recipient_allowlist.csv,NEEDS_HUMAN_REVIEW,Phase 0A classified this file as requiring human review.,yes,no,no,no,yes,Human gate required by Phase0B touch-category rule.
04_data/screening_results.csv,MIGRATE,LOW,,,03_source_data/derived/screening_results.csv,COPY_TO_CANONICAL,Needs canonical placement; copy can be planned before any later move/delete decision.,no,yes,yes,no,no,
05_scripts/__pycache__/audit_phase3a_real_position_structure.cpython-313.pyc,DELETE_CANDIDATE,HIGH,real_positions,phase3a,(none - local cache cleanup candidate),DELETE_LATER_LOCAL_CACHE_ONLY,Generated local cache or OS metadata; deletion is allowed only in a later cleanup phase.,yes,no,no,yes,no,Human gate required by Phase0B touch-category rule. Do not delete in Phase 0B.
05_scripts/__pycache__/audit_phase3c_agent_restructure.cpython-313.pyc,DELETE_CANDIDATE,LOW,,phase3c,(none - local cache cleanup candidate),DELETE_LATER_LOCAL_CACHE_ONLY,Generated local cache or OS metadata; deletion is allowed only in a later cleanup phase.,no,no,no,yes,no,Do not delete in Phase 0B.
05_scripts/__pycache__/calculate_phase3b_real_risk.cpython-313.pyc,DELETE_CANDIDATE,LOW,,phase3b,(none - local cache cleanup candidate),DELETE_LATER_LOCAL_CACHE_ONLY,Generated local cache or OS metadata; deletion is allowed only in a later cleanup phase.,no,no,no,yes,no,Do not delete in Phase 0B.
05_scripts/__pycache__/check_phase4a_sec_filing_alerts.cpython-313.pyc,DELETE_CANDIDATE,MEDIUM,sec_alerts,phase4a,(none - local cache cleanup candidate),DELETE_LATER_LOCAL_CACHE_ONLY,Generated local cache or OS metadata; deletion is allowed only in a later cleanup phase.,yes,no,no,yes,no,Human gate required by Phase0B touch-category rule. Do not delete in Phase 0B.
05_scripts/__pycache__/collect_phase2k_peer_data.cpython-313.pyc,DELETE_CANDIDATE,LOW,,phase2k,(none - local cache cleanup candidate),DELETE_LATER_LOCAL_CACHE_ONLY,Generated local cache or OS metadata; deletion is allowed only in a later cleanup phase.,no,no,no,yes,no,Do not delete in Phase 0B.
05_scripts/__pycache__/create_phase2h_manual_review_worksheets.cpython-312.pyc,DELETE_CANDIDATE,LOW,,phase2h,(none - local cache cleanup candidate),DELETE_LATER_LOCAL_CACHE_ONLY,Generated local cache or OS metadata; deletion is allowed only in a later cleanup phase.,no,no,no,yes,no,Do not delete in Phase 0B.
05_scripts/__pycache__/create_phase2j_scenario_peer_workpapers.cpython-313.pyc,DELETE_CANDIDATE,LOW,,phase2j,(none - local cache cleanup candidate),DELETE_LATER_LOCAL_CACHE_ONLY,Generated local cache or OS metadata; deletion is allowed only in a later cleanup phase.,no,no,no,yes,no,Do not delete in Phase 0B.
05_scripts/__pycache__/create_phase2l_valuation_earnings_workpapers.cpython-313.pyc,DELETE_CANDIDATE,LOW,,phase2l,(none - local cache cleanup candidate),DELETE_LATER_LOCAL_CACHE_ONLY,Generated local cache or OS metadata; deletion is allowed only in a later cleanup phase.,no,no,no,yes,no,Do not delete in Phase 0B.
05_scripts/__pycache__/create_phase2m_research_decision_review.cpython-313.pyc,DELETE_CANDIDATE,LOW,,phase2m,(none - local cache cleanup candidate),DELETE_LATER_LOCAL_CACHE_ONLY,Generated local cache or OS metadata; deletion is allowed only in a later cleanup phase.,no,no,no,yes,no,Do not delete in Phase 0B.
05_scripts/__pycache__/create_phase2n_paper_plan_drafts.cpython-313.pyc,DELETE_CANDIDATE,LOW,,phase2n,(none - local cache cleanup candidate),DELETE_LATER_LOCAL_CACHE_ONLY,Generated local cache or OS metadata; deletion is allowed only in a later cleanup phase.,no,no,no,yes,no,Do not delete in Phase 0B.
05_scripts/__pycache__/create_phase2o_paper_execution_readiness.cpython-313.pyc,DELETE_CANDIDATE,LOW,,phase2o,(none - local cache cleanup candidate),DELETE_LATER_LOCAL_CACHE_ONLY,Generated local cache or OS metadata; deletion is allowed only in a later cleanup phase.,no,no,no,yes,no,Do not delete in Phase 0B.
05_scripts/__pycache__/create_phase2p_paper_execution_log_setup.cpython-313.pyc,DELETE_CANDIDATE,HIGH,trade_logs,phase2p,(none - local cache cleanup candidate),DELETE_LATER_LOCAL_CACHE_ONLY,Generated local cache or OS metadata; deletion is allowed only in a later cleanup phase.,yes,no,no,yes,no,Human gate required by Phase0B touch-category rule. Do not delete in Phase 0B.
05_scripts/__pycache__/create_phase2q_execution_decision_gate.cpython-313.pyc,DELETE_CANDIDATE,LOW,,phase2q,(none - local cache cleanup candidate),DELETE_LATER_LOCAL_CACHE_ONLY,Generated local cache or OS metadata; deletion is allowed only in a later cleanup phase.,no,no,no,yes,no,Do not delete in Phase 0B.
05_scripts/__pycache__/create_phase2r_paper_execution_log.cpython-313.pyc,DELETE_CANDIDATE,HIGH,trade_logs,phase2r,(none - local cache cleanup candidate),DELETE_LATER_LOCAL_CACHE_ONLY,Generated local cache or OS metadata; deletion is allowed only in a later cleanup phase.,yes,no,no,yes,no,Human gate required by Phase0B touch-category rule. Do not delete in Phase 0B.
05_scripts/__pycache__/create_phase3b_real_position_log.cpython-313.pyc,DELETE_CANDIDATE,HIGH,real_positions,phase3b,(none - local cache cleanup candidate),DELETE_LATER_LOCAL_CACHE_ONLY,Generated local cache or OS metadata; deletion is allowed only in a later cleanup phase.,yes,no,no,yes,no,Human gate required by Phase0B touch-category rule. Do not delete in Phase 0B.
05_scripts/__pycache__/create_phase4a_weekly_action_labels.cpython-313.pyc,DELETE_CANDIDATE,MEDIUM,weekly_reviews,phase4a,(none - local cache cleanup candidate),DELETE_LATER_LOCAL_CACHE_ONLY,Generated local cache or OS metadata; deletion is allowed only in a later cleanup phase.,yes,no,no,yes,no,Human gate required by Phase0B touch-category rule. Do not delete in Phase 0B.
05_scripts/__pycache__/create_phase4b_weekly_email_draft.cpython-313.pyc,DELETE_CANDIDATE,HIGH,email_drafts,phase4b,(none - local cache cleanup candidate),DELETE_LATER_LOCAL_CACHE_ONLY,Generated local cache or OS metadata; deletion is allowed only in a later cleanup phase.,yes,no,no,yes,no,Human gate required by Phase0B touch-category rule. Do not delete in Phase 0B.
05_scripts/__pycache__/enrich_candidate_financials.cpython-312.pyc,DELETE_CANDIDATE,LOW,,,(none - local cache cleanup candidate),DELETE_LATER_LOCAL_CACHE_ONLY,Generated local cache or OS metadata; deletion is allowed only in a later cleanup phase.,no,no,no,yes,no,Do not delete in Phase 0B.
05_scripts/__pycache__/extract_phase2f_filing_excerpts.cpython-312.pyc,DELETE_CANDIDATE,LOW,,phase2f,(none - local cache cleanup candidate),DELETE_LATER_LOCAL_CACHE_ONLY,Generated local cache or OS metadata; deletion is allowed only in a later cleanup phase.,no,no,no,yes,no,Do not delete in Phase 0B.
05_scripts/__pycache__/make_gpt_packet.cpython-312.pyc,DELETE_CANDIDATE,LOW,,,(none - local cache cleanup candidate),DELETE_LATER_LOCAL_CACHE_ONLY,Generated local cache or OS metadata; deletion is allowed only in a later cleanup phase.,no,no,no,yes,no,Do not delete in Phase 0B.
05_scripts/__pycache__/make_gpt_packet.cpython-313.pyc,DELETE_CANDIDATE,LOW,,,(none - local cache cleanup candidate),DELETE_LATER_LOCAL_CACHE_ONLY,Generated local cache or OS metadata; deletion is allowed only in a later cleanup phase.,no,no,no,yes,no,Do not delete in Phase 0B.
05_scripts/__pycache__/make_weekly_report.cpython-312.pyc,DELETE_CANDIDATE,LOW,,,(none - local cache cleanup candidate),DELETE_LATER_LOCAL_CACHE_ONLY,Generated local cache or OS metadata; deletion is allowed only in a later cleanup phase.,no,no,no,yes,no,Do not delete in Phase 0B.
05_scripts/__pycache__/make_weekly_report.cpython-313.pyc,DELETE_CANDIDATE,LOW,,,(none - local cache cleanup candidate),DELETE_LATER_LOCAL_CACHE_ONLY,Generated local cache or OS metadata; deletion is allowed only in a later cleanup phase.,no,no,no,yes,no,Do not delete in Phase 0B.
05_scripts/__pycache__/normalize_phase2q_filled_inputs.cpython-313.pyc,DELETE_CANDIDATE,LOW,,phase2q,(none - local cache cleanup candidate),DELETE_LATER_LOCAL_CACHE_ONLY,Generated local cache or OS metadata; deletion is allowed only in a later cleanup phase.,no,no,no,yes,no,Do not delete in Phase 0B.
05_scripts/__pycache__/normalize_phase3b_real_position_inputs.cpython-313.pyc,DELETE_CANDIDATE,HIGH,real_positions,phase3b,(none - local cache cleanup candidate),DELETE_LATER_LOCAL_CACHE_ONLY,Generated local cache or OS metadata; deletion is allowed only in a later cleanup phase.,yes,no,no,yes,no,Human gate required by Phase0B touch-category rule. Do not delete in Phase 0B.
05_scripts/__pycache__/phase5a_email_automation_preflight.cpython-313.pyc,DELETE_CANDIDATE,LOW,,phase5a,(none - local cache cleanup candidate),DELETE_LATER_LOCAL_CACHE_ONLY,Generated local cache or OS metadata; deletion is allowed only in a later cleanup phase.,no,no,no,yes,no,Do not delete in Phase 0B.
05_scripts/__pycache__/phase5b_email_preflight_validator.cpython-313.pyc,DELETE_CANDIDATE,LOW,,phase5b,(none - local cache cleanup candidate),DELETE_LATER_LOCAL_CACHE_ONLY,Generated local cache or OS metadata; deletion is allowed only in a later cleanup phase.,no,no,no,yes,no,Do not delete in Phase 0B.
05_scripts/__pycache__/rescore_phase2e1_candidates.cpython-312.pyc,DELETE_CANDIDATE,LOW,,phase2e1,(none - local cache cleanup candidate),DELETE_LATER_LOCAL_CACHE_ONLY,Generated local cache or OS metadata; deletion is allowed only in a later cleanup phase.,no,no,no,yes,no,Do not delete in Phase 0B.
05_scripts/__pycache__/review_8k_and_dilution_filings.cpython-312.pyc,DELETE_CANDIDATE,LOW,,,(none - local cache cleanup candidate),DELETE_LATER_LOCAL_CACHE_ONLY,Generated local cache or OS metadata; deletion is allowed only in a later cleanup phase.,no,no,no,yes,no,Do not delete in Phase 0B.
05_scripts/__pycache__/risk_calculator.cpython-312.pyc,DELETE_CANDIDATE,MEDIUM,risk_rules,,(none - local cache cleanup candidate),DELETE_LATER_LOCAL_CACHE_ONLY,Generated local cache or OS metadata; deletion is allowed only in a later cleanup phase.,yes,no,no,yes,no,Human gate required by Phase0B touch-category rule. Do not delete in Phase 0B.
05_scripts/__pycache__/risk_calculator.cpython-313.pyc,DELETE_CANDIDATE,MEDIUM,risk_rules,,(none - local cache cleanup candidate),DELETE_LATER_LOCAL_CACHE_ONLY,Generated local cache or OS metadata; deletion is allowed only in a later cleanup phase.,yes,no,no,yes,no,Human gate required by Phase0B touch-category rule. Do not delete in Phase 0B.
05_scripts/__pycache__/run_phase2q_paper_risk_calculator.cpython-313.pyc,DELETE_CANDIDATE,MEDIUM,risk_rules,phase2q,(none - local cache cleanup candidate),DELETE_LATER_LOCAL_CACHE_ONLY,Generated local cache or OS metadata; deletion is allowed only in a later cleanup phase.,yes,no,no,yes,no,Human gate required by Phase0B touch-category rule. Do not delete in Phase 0B.
05_scripts/__pycache__/run_phase4a_weekly_real_position_review.cpython-313.pyc,DELETE_CANDIDATE,HIGH,real_positions;weekly_reviews,phase4a,(none - local cache cleanup candidate),DELETE_LATER_LOCAL_CACHE_ONLY,Generated local cache or OS metadata; deletion is allowed only in a later cleanup phase.,yes,no,no,yes,no,Human gate required by Phase0B touch-category rule. Do not delete in Phase 0B.
05_scripts/__pycache__/score_phase2e_candidates.cpython-312.pyc,DELETE_CANDIDATE,LOW,,phase2e,(none - local cache cleanup candidate),DELETE_LATER_LOCAL_CACHE_ONLY,Generated local cache or OS metadata; deletion is allowed only in a later cleanup phase.,no,no,no,yes,no,Do not delete in Phase 0B.
05_scripts/__pycache__/score_phase2f_memos.cpython-312.pyc,DELETE_CANDIDATE,LOW,,phase2f,(none - local cache cleanup candidate),DELETE_LATER_LOCAL_CACHE_ONLY,Generated local cache or OS metadata; deletion is allowed only in a later cleanup phase.,no,no,no,yes,no,Do not delete in Phase 0B.
05_scripts/__pycache__/score_phase2k_peer_data_quality.cpython-313.pyc,DELETE_CANDIDATE,LOW,,phase2k,(none - local cache cleanup candidate),DELETE_LATER_LOCAL_CACHE_ONLY,Generated local cache or OS metadata; deletion is allowed only in a later cleanup phase.,no,no,no,yes,no,Do not delete in Phase 0B.
05_scripts/__pycache__/screen_universe.cpython-312.pyc,DELETE_CANDIDATE,LOW,,,(none - local cache cleanup candidate),DELETE_LATER_LOCAL_CACHE_ONLY,Generated local cache or OS metadata; deletion is allowed only in a later cleanup phase.,no,no,no,yes,no,Do not delete in Phase 0B.
05_scripts/__pycache__/screen_universe.cpython-313.pyc,DELETE_CANDIDATE,LOW,,,(none - local cache cleanup candidate),DELETE_LATER_LOCAL_CACHE_ONLY,Generated local cache or OS metadata; deletion is allowed only in a later cleanup phase.,no,no,no,yes,no,Do not delete in Phase 0B.
05_scripts/__pycache__/synthesize_phase2i_human_notes.cpython-313.pyc,DELETE_CANDIDATE,LOW,,phase2i,(none - local cache cleanup candidate),DELETE_LATER_LOCAL_CACHE_ONLY,Generated local cache or OS metadata; deletion is allowed only in a later cleanup phase.,no,no,no,yes,no,Do not delete in Phase 0B.
05_scripts/__pycache__/update_sec_filings.cpython-312.pyc,DELETE_CANDIDATE,LOW,,,(none - local cache cleanup candidate),DELETE_LATER_LOCAL_CACHE_ONLY,Generated local cache or OS metadata; deletion is allowed only in a later cleanup phase.,no,no,no,yes,no,Do not delete in Phase 0B.
05_scripts/__pycache__/update_sec_filings.cpython-313.pyc,DELETE_CANDIDATE,LOW,,,(none - local cache cleanup candidate),DELETE_LATER_LOCAL_CACHE_ONLY,Generated local cache or OS metadata; deletion is allowed only in a later cleanup phase.,no,no,no,yes,no,Do not delete in Phase 0B.
05_scripts/__pycache__/validate_manual_market_data.cpython-312.pyc,DELETE_CANDIDATE,LOW,,,(none - local cache cleanup candidate),DELETE_LATER_LOCAL_CACHE_ONLY,Generated local cache or OS metadata; deletion is allowed only in a later cleanup phase.,no,no,no,yes,no,Do not delete in Phase 0B.
05_scripts/__pycache__/validate_phase2o_manual_chart_review.cpython-313.pyc,DELETE_CANDIDATE,LOW,,phase2o,(none - local cache cleanup candidate),DELETE_LATER_LOCAL_CACHE_ONLY,Generated local cache or OS metadata; deletion is allowed only in a later cleanup phase.,no,no,no,yes,no,Do not delete in Phase 0B.
05_scripts/__pycache__/validate_phase2q_manual_execution_inputs.cpython-313.pyc,DELETE_CANDIDATE,LOW,,phase2q,(none - local cache cleanup candidate),DELETE_LATER_LOCAL_CACHE_ONLY,Generated local cache or OS metadata; deletion is allowed only in a later cleanup phase.,no,no,no,yes,no,Do not delete in Phase 0B.
05_scripts/audit_phase3a_real_position_structure.py,NEEDS_HUMAN_REVIEW,HIGH,real_positions;trade_logs;weekly_reviews;risk_rules,phase2;phase2p;phase2q;phase2r;phase2s;phase3;phase3a,09_scripts/phase_archive/audit_phase3a_real_position_structure.py,NEEDS_HUMAN_REVIEW,Phase 0A classified this file as requiring human review.,yes,no,no,no,yes,Human gate required by Phase0B touch-category rule.
05_scripts/audit_phase3c_agent_restructure.py,NEEDS_HUMAN_REVIEW,HIGH,real_positions;trade_logs;email_drafts;sec_alerts;weekly_reviews;risk_rules,phase0;phase2;phase2n;phase2p;phase2q;phase2r;phase3;phase3a;phase3b;phase3c;phase4;phase4a;phase4b;phase5,09_scripts/phase_archive/audit_phase3c_agent_restructure.py,NEEDS_HUMAN_REVIEW,Phase 0A classified this file as requiring human review.,yes,no,no,no,yes,Human gate required by Phase0B touch-category rule.
05_scripts/calculate_phase3b_real_risk.py,NEEDS_HUMAN_REVIEW,HIGH,real_positions;risk_rules,phase3b,09_scripts/risk/calculate_real_position_risk.py,NEEDS_HUMAN_REVIEW,Phase 0A classified this file as requiring human review.,yes,no,no,no,yes,Human gate required by Phase0B touch-category rule.
05_scripts/check_phase4a_sec_filing_alerts.py,NEEDS_HUMAN_REVIEW,HIGH,real_positions;sec_alerts;weekly_reviews,phase4a,09_scripts/automation/check_sec_filing_alerts.py,NEEDS_HUMAN_REVIEW,Phase 0A classified this file as requiring human review.,yes,no,no,no,yes,Human gate required by Phase0B touch-category rule.
05_scripts/collect_phase2k_peer_data.py,MIGRATE,LOW,,phase2j;phase2k;phase2l,09_scripts/phase_archive/collect_phase2k_peer_data.py,COPY_TO_CANONICAL,Needs canonical placement; copy can be planned before any later move/delete decision.,no,yes,yes,no,no,
05_scripts/create_phase2h_manual_review_worksheets.py,MIGRATE,LOW,,phase2f;phase2g;phase2h,09_scripts/phase_archive/create_phase2h_manual_review_worksheets.py,COPY_TO_CANONICAL,Needs canonical placement; copy can be planned before any later move/delete decision.,no,yes,yes,no,no,
05_scripts/create_phase2j_scenario_peer_workpapers.py,MIGRATE,LOW,,phase2f;phase2h;phase2i;phase2j;phase2k,09_scripts/phase_archive/create_phase2j_scenario_peer_workpapers.py,COPY_TO_CANONICAL,Needs canonical placement; copy can be planned before any later move/delete decision.,no,yes,yes,no,no,
05_scripts/create_phase2l_valuation_earnings_workpapers.py,MIGRATE,MEDIUM,risk_rules,phase2e1;phase2h;phase2i;phase2j;phase2k;phase2l;phase2m,09_scripts/phase_archive/create_phase2l_valuation_earnings_workpapers.py,COPY_TO_CANONICAL,Needs canonical placement; copy can be planned before any later move/delete decision.,yes,no,no,no,yes,Human gate required by Phase0B touch-category rule.
05_scripts/create_phase2m_research_decision_review.py,MIGRATE,MEDIUM,risk_rules,phase2f;phase2i;phase2j;phase2k;phase2l;phase2m;phase2n,09_scripts/phase_archive/create_phase2m_research_decision_review.py,COPY_TO_CANONICAL,Needs canonical placement; copy can be planned before any later move/delete decision.,yes,no,no,no,yes,Human gate required by Phase0B touch-category rule.
05_scripts/create_phase2n_paper_plan_drafts.py,MIGRATE,MEDIUM,risk_rules,phase2i;phase2j;phase2k;phase2l;phase2m;phase2n;phase2o,09_scripts/phase_archive/create_phase2n_paper_plan_drafts.py,COPY_TO_CANONICAL,Needs canonical placement; copy can be planned before any later move/delete decision.,yes,no,no,no,yes,Human gate required by Phase0B touch-category rule.
05_scripts/create_phase2o_paper_execution_readiness.py,NEEDS_HUMAN_REVIEW,HIGH,trade_logs;risk_rules,phase2e1;phase2l;phase2n;phase2o;phase2p,09_scripts/phase_archive/create_phase2o_paper_execution_readiness.py,NEEDS_HUMAN_REVIEW,Phase 0A classified this file as requiring human review.,yes,no,no,no,yes,Human gate required by Phase0B touch-category rule.
05_scripts/create_phase2p_paper_execution_log_setup.py,NEEDS_HUMAN_REVIEW,HIGH,trade_logs;risk_rules,phase2n;phase2o;phase2o1b;phase2p;phase2q,09_scripts/phase_archive/create_phase2p_paper_execution_log_setup.py,NEEDS_HUMAN_REVIEW,Phase 0A classified this file as requiring human review.,yes,no,no,no,yes,Human gate required by Phase0B touch-category rule.
05_scripts/create_phase2q_execution_decision_gate.py,NEEDS_HUMAN_REVIEW,HIGH,trade_logs;risk_rules,phase2n;phase2o;phase2p;phase2q;phase2r,09_scripts/phase_archive/create_phase2q_execution_decision_gate.py,NEEDS_HUMAN_REVIEW,Phase 0A classified this file as requiring human review.,yes,no,no,no,yes,Human gate required by Phase0B touch-category rule.
05_scripts/create_phase2r_paper_execution_log.py,NEEDS_HUMAN_REVIEW,HIGH,trade_logs;weekly_reviews;risk_rules,phase2e1;phase2n;phase2o;phase2p;phase2q;phase2r;phase2s,09_scripts/phase_archive/create_phase2r_paper_execution_log.py,NEEDS_HUMAN_REVIEW,Phase 0A classified this file as requiring human review.,yes,no,no,no,yes,Human gate required by Phase0B touch-category rule.
05_scripts/create_phase3b_real_position_log.py,NEEDS_HUMAN_REVIEW,HIGH,real_positions;trade_logs;weekly_reviews;risk_rules,phase2q;phase2r;phase3a;phase3b;phase3c,09_scripts/risk/create_real_position_log.py,NEEDS_HUMAN_REVIEW,Phase 0A classified this file as requiring human review.,yes,no,no,no,yes,Human gate required by Phase0B touch-category rule.
05_scripts/create_phase4a_weekly_action_labels.py,NEEDS_HUMAN_REVIEW,HIGH,real_positions;weekly_reviews,phase3b;phase4a,09_scripts/automation/create_weekly_action_labels.py,NEEDS_HUMAN_REVIEW,Phase 0A classified this file as requiring human review.,yes,no,no,no,yes,Human gate required by Phase0B touch-category rule.
05_scripts/create_phase4b_weekly_email_draft.py,NEEDS_HUMAN_REVIEW,HIGH,real_positions;email_drafts;sec_alerts;weekly_reviews;risk_rules,phase3c;phase4a;phase4b;phase5a,09_scripts/automation/create_weekly_email_draft.py,NEEDS_HUMAN_REVIEW,Phase 0A classified this file as requiring human review.,yes,no,no,no,yes,Human gate required by Phase0B touch-category rule.
05_scripts/enrich_candidate_financials.py,KEEP,LOW,,phase2c;phase2e,09_scripts/data_ingestion/enrich_candidate_financials.py,COPY_TO_CANONICAL,Preserve source but stage a canonical copy/migration plan.,no,yes,yes,no,no,
05_scripts/extract_phase2f_filing_excerpts.py,MIGRATE,LOW,,phase2e1;phase2f,09_scripts/phase_archive/extract_phase2f_filing_excerpts.py,COPY_TO_CANONICAL,Needs canonical placement; copy can be planned before any later move/delete decision.,no,yes,yes,no,no,
05_scripts/make_gpt_packet.py,KEEP,LOW,,phase2b;phase2c,09_scripts/research_generation/make_gpt_packet.py,COPY_TO_CANONICAL,Preserve source but stage a canonical copy/migration plan.,no,yes,yes,no,no,
05_scripts/make_weekly_report.py,NEEDS_HUMAN_REVIEW,HIGH,real_positions;trade_logs;weekly_reviews,,09_scripts/research_generation/make_weekly_report.py,NEEDS_HUMAN_REVIEW,Phase 0A classified this file as requiring human review.,yes,no,no,no,yes,Human gate required by Phase0B touch-category rule.
05_scripts/normalize_phase2q_filled_inputs.py,MIGRATE,LOW,,phase2q,09_scripts/phase_archive/normalize_phase2q_filled_inputs.py,COPY_TO_CANONICAL,Needs canonical placement; copy can be planned before any later move/delete decision.,no,yes,yes,no,no,
05_scripts/normalize_phase3b_real_position_inputs.py,NEEDS_HUMAN_REVIEW,HIGH,real_positions,phase3b,09_scripts/risk/normalize_real_position_inputs.py,NEEDS_HUMAN_REVIEW,Phase 0A classified this file as requiring human review.,yes,no,no,no,yes,Human gate required by Phase0B touch-category rule.
05_scripts/phase5a_email_automation_preflight.py,NEEDS_HUMAN_REVIEW,HIGH,email_drafts,phase4b;phase5a,09_scripts/automation/email_automation_preflight.py,NEEDS_HUMAN_REVIEW,Phase 0A classified this file as requiring human review.,yes,no,no,no,yes,Human gate required by Phase0B touch-category rule.
05_scripts/phase5b_email_preflight_validator.py,NEEDS_HUMAN_REVIEW,HIGH,email_drafts,phase4b;phase5a;phase5b;phase5c,09_scripts/automation/email_preflight_validator.py,NEEDS_HUMAN_REVIEW,Phase 0A classified this file as requiring human review.,yes,no,no,no,yes,Human gate required by Phase0B touch-category rule.
05_scripts/rescore_phase2e1_candidates.py,MIGRATE,MEDIUM,risk_rules,phase2e;phase2e1,09_scripts/phase_archive/rescore_phase2e1_candidates.py,COPY_TO_CANONICAL,Needs canonical placement; copy can be planned before any later move/delete decision.,yes,no,no,no,yes,Human gate required by Phase0B touch-category rule.
05_scripts/review_8k_and_dilution_filings.py,KEEP,MEDIUM,risk_rules,phase2c;phase2e1,09_scripts/phase_archive/review_8k_and_dilution_filings.py,COPY_TO_CANONICAL,Preserve source but stage a canonical copy/migration plan.,yes,no,no,no,yes,Human gate required by Phase0B touch-category rule.
05_scripts/risk_calculator.py,KEEP,MEDIUM,risk_rules,,09_scripts/risk/risk_calculator.py,COPY_TO_CANONICAL,Preserve source but stage a canonical copy/migration plan.,yes,no,no,no,yes,Human gate required by Phase0B touch-category rule.
05_scripts/run_phase2q_paper_risk_calculator.py,MIGRATE,MEDIUM,risk_rules,phase2p;phase2q;phase2r,09_scripts/risk/run_paper_risk_calculator.py,COPY_TO_CANONICAL,Needs canonical placement; copy can be planned before any later move/delete decision.,yes,no,no,no,yes,Human gate required by Phase0B touch-category rule.
05_scripts/run_phase4a_weekly_real_position_review.py,NEEDS_HUMAN_REVIEW,HIGH,real_positions;email_drafts;sec_alerts;weekly_reviews;risk_rules,phase3b;phase4a;phase4b;phase5,09_scripts/automation/run_weekly_real_position_review.py,NEEDS_HUMAN_REVIEW,Phase 0A classified this file as requiring human review.,yes,no,no,no,yes,Human gate required by Phase0B touch-category rule.
05_scripts/score_phase2e_candidates.py,MIGRATE,LOW,,phase2c;phase2e,09_scripts/phase_archive/score_phase2e_candidates.py,COPY_TO_CANONICAL,Needs canonical placement; copy can be planned before any later move/delete decision.,no,yes,yes,no,no,
05_scripts/score_phase2f_memos.py,MIGRATE,LOW,,phase2e;phase2e1;phase2f,09_scripts/phase_archive/score_phase2f_memos.py,COPY_TO_CANONICAL,Needs canonical placement; copy can be planned before any later move/delete decision.,no,yes,yes,no,no,
05_scripts/score_phase2k_peer_data_quality.py,MIGRATE,MEDIUM,risk_rules,phase2k;phase2l,09_scripts/phase_archive/score_phase2k_peer_data_quality.py,COPY_TO_CANONICAL,Needs canonical placement; copy can be planned before any later move/delete decision.,yes,no,no,no,yes,Human gate required by Phase0B touch-category rule.
05_scripts/screen_universe.py,KEEP,LOW,,phase1a,09_scripts/core/screen_universe.py,COPY_TO_CANONICAL,Preserve source but stage a canonical copy/migration plan.,no,yes,yes,no,no,
05_scripts/synthesize_phase2i_human_notes.py,MIGRATE,LOW,,phase2f;phase2g;phase2h;phase2i;phase2j,09_scripts/phase_archive/synthesize_phase2i_human_notes.py,COPY_TO_CANONICAL,Needs canonical placement; copy can be planned before any later move/delete decision.,no,yes,yes,no,no,
05_scripts/update_sec_filings.py,KEEP,LOW,,phase2c,09_scripts/data_ingestion/update_sec_filings.py,COPY_TO_CANONICAL,Preserve source but stage a canonical copy/migration plan.,no,yes,yes,no,no,
05_scripts/validate_manual_market_data.py,KEEP,LOW,,phase2c;phase2e;phase2e1,09_scripts/data_ingestion/validate_manual_market_data.py,COPY_TO_CANONICAL,Preserve source but stage a canonical copy/migration plan.,no,yes,yes,no,no,
05_scripts/validate_phase2o_manual_chart_review.py,MIGRATE,MEDIUM,risk_rules,phase2o,09_scripts/risk/validate_manual_chart_review.py,COPY_TO_CANONICAL,Needs canonical placement; copy can be planned before any later move/delete decision.,yes,no,no,no,yes,Human gate required by Phase0B touch-category rule.
05_scripts/validate_phase2q_manual_execution_inputs.py,MIGRATE,LOW,,phase2q,09_scripts/risk/validate_manual_execution_inputs.py,COPY_TO_CANONICAL,Needs canonical placement; copy can be planned before any later move/delete decision.,no,yes,yes,no,no,
06_trading/paper_trades.csv,NEEDS_HUMAN_REVIEW,HIGH,trade_logs,,06_execution_records/paper_trades/paper_trades.csv,NEEDS_HUMAN_REVIEW,Phase 0A classified this file as requiring human review.,yes,no,no,no,yes,Human gate required by Phase0B touch-category rule.
06_trading/real_trades.csv,NEEDS_HUMAN_REVIEW,HIGH,real_positions;trade_logs,,06_execution_records/real_trades/real_trades.csv,NEEDS_HUMAN_REVIEW,Phase 0A classified this file as requiring human review.,yes,no,no,no,yes,Human gate required by Phase0B touch-category rule.
06_trading/trade_journal.csv,NEEDS_HUMAN_REVIEW,HIGH,trade_logs,,06_execution_records/trade_journal/trade_journal.csv,NEEDS_HUMAN_REVIEW,Phase 0A classified this file as requiring human review.,yes,no,no,no,yes,Human gate required by Phase0B touch-category rule.
07_reviews/.DS_Store,DELETE_CANDIDATE,LOW,,,(none - local cache cleanup candidate),DELETE_LATER_LOCAL_CACHE_ONLY,Generated local cache or OS metadata; deletion is allowed only in a later cleanup phase.,no,no,no,yes,no,Do not delete in Phase 0B.
07_reviews/latest_real_position_weekly_review.md,NEEDS_HUMAN_REVIEW,HIGH,real_positions;sec_alerts;weekly_reviews;risk_rules,,08_reviews/current/latest_real_position_weekly_review.md,NEEDS_HUMAN_REVIEW,Phase 0A classified this file as requiring human review.,yes,no,no,no,yes,Human gate required by Phase0B touch-category rule.
07_reviews/latest_weekly_report.md,NEEDS_HUMAN_REVIEW,MEDIUM,weekly_reviews,,08_reviews/current/latest_weekly_report.md,NEEDS_HUMAN_REVIEW,Phase 0A classified this file as requiring human review.,yes,no,no,no,yes,Human gate required by Phase0B touch-category rule.
07_reviews/monthly_review_template.md,KEEP,MEDIUM,risk_rules,,08_reviews/templates/monthly_review_template.md,COPY_TO_CANONICAL,Preserve source but stage a canonical copy/migration plan.,yes,no,no,no,yes,Human gate required by Phase0B touch-category rule.
07_reviews/phase0_audit_report.md,NEEDS_HUMAN_REVIEW,HIGH,real_positions;trade_logs;weekly_reviews;risk_rules,phase0;phase0a;phase0b;phase1,08_reviews/phase_archive/phase0_audit_report.md,ARCHIVE_AFTER_APPROVAL,"Historical phase report; archive after approval, never delete as cleanup noise.",yes,no,yes,no,no,Human gate required by Phase0B touch-category rule. Historical phase report; archive only after approval. Historical phase report archive rule applied; still requires human review if sensitive.
07_reviews/phase0b_phase1a_report.md,NEEDS_HUMAN_REVIEW,HIGH,real_positions;trade_logs;weekly_reviews;risk_rules,phase0a;phase0b;phase1a;phase1b,08_reviews/phase_archive/phase0b_phase1a_report.md,ARCHIVE_AFTER_APPROVAL,"Historical phase report; archive after approval, never delete as cleanup noise.",yes,no,yes,no,no,Human gate required by Phase0B touch-category rule. Historical phase report; archive only after approval. Historical phase report archive rule applied; still requires human review if sensitive.
07_reviews/phase1b_dry_run_report.md,NEEDS_HUMAN_REVIEW,MEDIUM,weekly_reviews;risk_rules,phase1b;phase1c,08_reviews/phase_archive/phase1b_dry_run_report.md,ARCHIVE_AFTER_APPROVAL,"Historical phase report; archive after approval, never delete as cleanup noise.",yes,no,yes,no,no,Human gate required by Phase0B touch-category rule. Historical phase report; archive only after approval. Historical phase report archive rule applied; still requires human review if sensitive.
07_reviews/phase1c_sec_fetch_report.md,NEEDS_HUMAN_REVIEW,MEDIUM,weekly_reviews;risk_rules,phase1c;phase1d,08_reviews/phase_archive/phase1c_sec_fetch_report.md,ARCHIVE_AFTER_APPROVAL,"Historical phase report; archive after approval, never delete as cleanup noise.",yes,no,yes,no,no,Human gate required by Phase0B touch-category rule. Historical phase report; archive only after approval. Historical phase report archive rule applied; still requires human review if sensitive.
07_reviews/phase1d_gpt_packet_report.md,NEEDS_HUMAN_REVIEW,MEDIUM,weekly_reviews;risk_rules,phase1c;phase1d,08_reviews/phase_archive/phase1d_gpt_packet_report.md,ARCHIVE_AFTER_APPROVAL,"Historical phase report; archive after approval, never delete as cleanup noise.",yes,no,yes,no,no,Human gate required by Phase0B touch-category rule. Historical phase report; archive only after approval. Historical phase report archive rule applied; still requires human review if sensitive.
07_reviews/phase1e_skill_draft_report.md,NEEDS_HUMAN_REVIEW,MEDIUM,weekly_reviews,phase1e;phase2a,08_reviews/phase_archive/phase1e_skill_draft_report.md,ARCHIVE_AFTER_APPROVAL,"Historical phase report; archive after approval, never delete as cleanup noise.",yes,no,yes,no,no,Human gate required by Phase0B touch-category rule. Historical phase report; archive only after approval. Historical phase report archive rule applied; still requires human review if sensitive.
07_reviews/phase2a_real_universe_setup_report.md,NEEDS_HUMAN_REVIEW,MEDIUM,weekly_reviews,phase1b;phase2a;phase2b,08_reviews/phase_archive/phase2a_real_universe_setup_report.md,ARCHIVE_AFTER_APPROVAL,"Historical phase report; archive after approval, never delete as cleanup noise.",yes,no,yes,no,no,Human gate required by Phase0B touch-category rule. Historical phase report; archive only after approval. Historical phase report archive rule applied; still requires human review if sensitive.
07_reviews/phase2b_candidate_sourcing_report.md,NEEDS_HUMAN_REVIEW,MEDIUM,weekly_reviews,phase2b;phase2c,08_reviews/phase_archive/phase2b_candidate_sourcing_report.md,ARCHIVE_AFTER_APPROVAL,"Historical phase report; archive after approval, never delete as cleanup noise.",yes,no,yes,no,no,Human gate required by Phase0B touch-category rule. Historical phase report; archive only after approval. Historical phase report archive rule applied; still requires human review if sensitive.
07_reviews/phase2c_sec_fetch_report.md,NEEDS_HUMAN_REVIEW,MEDIUM,weekly_reviews;risk_rules,phase1;phase2b;phase2c;phase2d,08_reviews/phase_archive/phase2c_sec_fetch_report.md,ARCHIVE_AFTER_APPROVAL,"Historical phase report; archive after approval, never delete as cleanup noise.",yes,no,yes,no,no,Human gate required by Phase0B touch-category rule. Historical phase report; archive only after approval. Historical phase report archive rule applied; still requires human review if sensitive.
07_reviews/phase2d_gpt_packet_report.md,NEEDS_HUMAN_REVIEW,MEDIUM,weekly_reviews;risk_rules,phase2b;phase2c;phase2d,08_reviews/phase_archive/phase2d_gpt_packet_report.md,ARCHIVE_AFTER_APPROVAL,"Historical phase report; archive after approval, never delete as cleanup noise.",yes,no,yes,no,no,Human gate required by Phase0B touch-category rule. Historical phase report; archive only after approval. Historical phase report archive rule applied; still requires human review if sensitive.
07_reviews/phase2e1_market_8k_dilution_report.md,ARCHIVE,LOW,,phase2e;phase2e1;phase2f,08_reviews/phase_archive/phase2e1_market_8k_dilution_report.md,ARCHIVE_AFTER_APPROVAL,"Historical phase report; archive after approval, never delete as cleanup noise.",yes,no,yes,no,no,Historical phase report; archive only after approval.
07_reviews/phase2e1_market_8k_dilution_report_after_filled_data.md,ARCHIVE,LOW,,phase2c;phase2e;phase2e1;phase2f,08_reviews/phase_archive/phase2e1_market_8k_dilution_report_after_filled_data.md,ARCHIVE_AFTER_APPROVAL,"Historical phase report; archive after approval, never delete as cleanup noise.",yes,no,yes,no,no,Historical phase report; archive only after approval.
07_reviews/phase2e_financial_enrichment_report.md,NEEDS_HUMAN_REVIEW,MEDIUM,weekly_reviews;risk_rules,phase2c;phase2e;phase2f,08_reviews/phase_archive/phase2e_financial_enrichment_report.md,ARCHIVE_AFTER_APPROVAL,"Historical phase report; archive after approval, never delete as cleanup noise.",yes,no,yes,no,no,Human gate required by Phase0B touch-category rule. Historical phase report; archive only after approval. Historical phase report archive rule applied; still requires human review if sensitive.
07_reviews/phase2f_memo_review_report.md,ARCHIVE,LOW,,phase2e;phase2e1;phase2f;phase2g,08_reviews/phase_archive/phase2f_memo_review_report.md,ARCHIVE_AFTER_APPROVAL,"Historical phase report; archive after approval, never delete as cleanup noise.",yes,no,yes,no,no,Historical phase report; archive only after approval.
07_reviews/phase2g_gpt_review_report.md,NEEDS_HUMAN_REVIEW,MEDIUM,weekly_reviews,phase2e;phase2e1;phase2f;phase2g;phase2h,08_reviews/phase_archive/phase2g_gpt_review_report.md,ARCHIVE_AFTER_APPROVAL,"Historical phase report; archive after approval, never delete as cleanup noise.",yes,no,yes,no,no,Human gate required by Phase0B touch-category rule. Historical phase report; archive only after approval. Historical phase report archive rule applied; still requires human review if sensitive.
07_reviews/phase2h_manual_filing_review_report.md,ARCHIVE,LOW,,phase2g;phase2h;phase2i,08_reviews/phase_archive/phase2h_manual_filing_review_report.md,ARCHIVE_AFTER_APPROVAL,"Historical phase report; archive after approval, never delete as cleanup noise.",yes,no,yes,no,no,Historical phase report; archive only after approval.
07_reviews/phase2i_human_notes_synthesis_report.md,ARCHIVE,LOW,,phase2f;phase2g;phase2h;phase2i;phase2j,08_reviews/phase_archive/phase2i_human_notes_synthesis_report.md,ARCHIVE_AFTER_APPROVAL,"Historical phase report; archive after approval, never delete as cleanup noise.",yes,no,yes,no,no,Historical phase report; archive only after approval.
07_reviews/phase2j_scenario_peer_report.md,ARCHIVE,LOW,,phase2j;phase2k,08_reviews/phase_archive/phase2j_scenario_peer_report.md,ARCHIVE_AFTER_APPROVAL,"Historical phase report; archive after approval, never delete as cleanup noise.",yes,no,yes,no,no,Historical phase report; archive only after approval.
07_reviews/phase2k_peer_data_report.md,ARCHIVE,MEDIUM,risk_rules,phase2k;phase2l,08_reviews/phase_archive/phase2k_peer_data_report.md,ARCHIVE_AFTER_APPROVAL,"Historical phase report; archive after approval, never delete as cleanup noise.",yes,no,yes,no,no,Human gate required by Phase0B touch-category rule. Historical phase report; archive only after approval.
07_reviews/phase2l_valuation_earnings_report.md,ARCHIVE,LOW,,phase2l;phase2m,08_reviews/phase_archive/phase2l_valuation_earnings_report.md,ARCHIVE_AFTER_APPROVAL,"Historical phase report; archive after approval, never delete as cleanup noise.",yes,no,yes,no,no,Historical phase report; archive only after approval.
07_reviews/phase2m_research_decision_report.md,ARCHIVE,MEDIUM,risk_rules,phase2f;phase2i;phase2j;phase2k;phase2l;phase2m;phase2n,08_reviews/phase_archive/phase2m_research_decision_report.md,ARCHIVE_AFTER_APPROVAL,"Historical phase report; archive after approval, never delete as cleanup noise.",yes,no,yes,no,no,Human gate required by Phase0B touch-category rule. Historical phase report; archive only after approval.
07_reviews/phase2n_paper_plan_draft_report.md,ARCHIVE,MEDIUM,risk_rules,phase2n;phase2o,08_reviews/phase_archive/phase2n_paper_plan_draft_report.md,ARCHIVE_AFTER_APPROVAL,"Historical phase report; archive after approval, never delete as cleanup noise.",yes,no,yes,no,no,Human gate required by Phase0B touch-category rule. Historical phase report; archive only after approval.
07_reviews/phase2o_paper_execution_readiness_report.md,NEEDS_HUMAN_REVIEW,HIGH,trade_logs;risk_rules,phase2o;phase2p,08_reviews/phase_archive/phase2o_paper_execution_readiness_report.md,ARCHIVE_AFTER_APPROVAL,"Historical phase report; archive after approval, never delete as cleanup noise.",yes,no,yes,no,no,Human gate required by Phase0B touch-category rule. Historical phase report; archive only after approval. Historical phase report archive rule applied; still requires human review if sensitive.
07_reviews/phase2o_paper_execution_readiness_report_after_filled_chart.md,NEEDS_HUMAN_REVIEW,HIGH,trade_logs;risk_rules,phase2o;phase2p,08_reviews/phase_archive/phase2o_paper_execution_readiness_report_after_filled_chart.md,ARCHIVE_AFTER_APPROVAL,"Historical phase report; archive after approval, never delete as cleanup noise.",yes,no,yes,no,no,Human gate required by Phase0B touch-category rule. Historical phase report; archive only after approval. Historical phase report archive rule applied; still requires human review if sensitive.
07_reviews/phase2p_paper_execution_log_setup_report.md,NEEDS_HUMAN_REVIEW,HIGH,trade_logs;risk_rules,phase2p;phase2q,08_reviews/phase_archive/phase2p_paper_execution_log_setup_report.md,ARCHIVE_AFTER_APPROVAL,"Historical phase report; archive after approval, never delete as cleanup noise.",yes,no,yes,no,no,Human gate required by Phase0B touch-category rule. Historical phase report; archive only after approval. Historical phase report archive rule applied; still requires human review if sensitive.
07_reviews/phase2q_paper_execution_decision_report.md,ARCHIVE,MEDIUM,risk_rules,phase2q;phase2r,08_reviews/phase_archive/phase2q_paper_execution_decision_report.md,ARCHIVE_AFTER_APPROVAL,"Historical phase report; archive after approval, never delete as cleanup noise.",yes,no,yes,no,no,Human gate required by Phase0B touch-category rule. Historical phase report; archive only after approval.
07_reviews/phase2q_paper_execution_decision_report_after_filled_inputs.md,ARCHIVE,MEDIUM,risk_rules,phase2q;phase2r,08_reviews/phase_archive/phase2q_paper_execution_decision_report_after_filled_inputs.md,ARCHIVE_AFTER_APPROVAL,"Historical phase report; archive after approval, never delete as cleanup noise.",yes,no,yes,no,no,Human gate required by Phase0B touch-category rule. Historical phase report; archive only after approval.
07_reviews/phase2r_paper_execution_report.md,NEEDS_HUMAN_REVIEW,HIGH,trade_logs,phase2q;phase2r;phase2s,08_reviews/phase_archive/phase2r_paper_execution_report.md,ARCHIVE_AFTER_APPROVAL,"Historical phase report; archive after approval, never delete as cleanup noise.",yes,no,yes,no,no,Human gate required by Phase0B touch-category rule. Historical phase report; archive only after approval. Historical phase report archive rule applied; still requires human review if sensitive.
07_reviews/phase3a_real_position_structure_audit_report.md,NEEDS_HUMAN_REVIEW,HIGH,real_positions;trade_logs;weekly_reviews;risk_rules,phase2;phase2p;phase2q;phase2r;phase2s;phase3;phase3a,08_reviews/phase_archive/phase3a_real_position_structure_audit_report.md,ARCHIVE_AFTER_APPROVAL,"Historical phase report; archive after approval, never delete as cleanup noise.",yes,no,yes,no,no,Human gate required by Phase0B touch-category rule. Historical phase report; archive only after approval. Historical phase report archive rule applied; still requires human review if sensitive.
07_reviews/phase3b_real_position_log_report.md,NEEDS_HUMAN_REVIEW,HIGH,real_positions;trade_logs;weekly_reviews,phase3b;phase3c,08_reviews/phase_archive/phase3b_real_position_log_report.md,ARCHIVE_AFTER_APPROVAL,"Historical phase report; archive after approval, never delete as cleanup noise.",yes,no,yes,no,no,Human gate required by Phase0B touch-category rule. Historical phase report; archive only after approval. Historical phase report archive rule applied; still requires human review if sensitive.
07_reviews/phase3b_real_position_log_report_after_filled_inputs.md,NEEDS_HUMAN_REVIEW,HIGH,real_positions;trade_logs;weekly_reviews;risk_rules,phase3b;phase3c,08_reviews/phase_archive/phase3b_real_position_log_report_after_filled_inputs.md,ARCHIVE_AFTER_APPROVAL,"Historical phase report; archive after approval, never delete as cleanup noise.",yes,no,yes,no,no,Human gate required by Phase0B touch-category rule. Historical phase report; archive only after approval. Historical phase report archive rule applied; still requires human review if sensitive.
07_reviews/phase3c_agent_restructure_report.md,NEEDS_HUMAN_REVIEW,HIGH,real_positions;email_drafts;weekly_reviews;risk_rules,phase2;phase3;phase3a;phase3b;phase3c;phase4;phase4a;phase4b;phase5,08_reviews/phase_archive/phase3c_agent_restructure_report.md,ARCHIVE_AFTER_APPROVAL,"Historical phase report; archive after approval, never delete as cleanup noise.",yes,no,yes,no,no,Human gate required by Phase0B touch-category rule. Historical phase report; archive only after approval. Historical phase report archive rule applied; still requires human review if sensitive.
07_reviews/phase4a_weekly_review_agent_report.md,NEEDS_HUMAN_REVIEW,HIGH,real_positions;email_drafts;sec_alerts;weekly_reviews,phase4a;phase4b;phase5,08_reviews/phase_archive/phase4a_weekly_review_agent_report.md,ARCHIVE_AFTER_APPROVAL,"Historical phase report; archive after approval, never delete as cleanup noise.",yes,no,yes,no,no,Human gate required by Phase0B touch-category rule. Historical phase report; archive only after approval. Historical phase report archive rule applied; still requires human review if sensitive.
07_reviews/phase4b_email_draft_agent_report.md,NEEDS_HUMAN_REVIEW,HIGH,real_positions;email_drafts;weekly_reviews;risk_rules,phase4b;phase5a,08_reviews/phase_archive/phase4b_email_draft_agent_report.md,ARCHIVE_AFTER_APPROVAL,"Historical phase report; archive after approval, never delete as cleanup noise.",yes,no,yes,no,no,Human gate required by Phase0B touch-category rule. Historical phase report; archive only after approval. Historical phase report archive rule applied; still requires human review if sensitive.
07_reviews/phase5a_email_automation_plan_report.md,NEEDS_HUMAN_REVIEW,HIGH,email_drafts;weekly_reviews,phase5a;phase5b,08_reviews/phase_archive/phase5a_email_automation_plan_report.md,ARCHIVE_AFTER_APPROVAL,"Historical phase report; archive after approval, never delete as cleanup noise.",yes,no,yes,no,no,Human gate required by Phase0B touch-category rule. Historical phase report; archive only after approval. Historical phase report archive rule applied; still requires human review if sensitive.
07_reviews/phase5b_email_preflight_report.md,NEEDS_HUMAN_REVIEW,HIGH,email_drafts,phase4b;phase5b;phase5c,08_reviews/phase_archive/phase5b_email_preflight_report.md,ARCHIVE_AFTER_APPROVAL,"Historical phase report; archive after approval, never delete as cleanup noise.",yes,no,yes,no,no,Human gate required by Phase0B touch-category rule. Historical phase report; archive only after approval. Historical phase report archive rule applied; still requires human review if sensitive.
07_reviews/weekly_review_template.md,NEEDS_HUMAN_REVIEW,MEDIUM,weekly_reviews;risk_rules,,08_reviews/templates/weekly_review_template.md,NEEDS_HUMAN_REVIEW,Phase 0A classified this file as requiring human review.,yes,no,no,no,yes,Human gate required by Phase0B touch-category rule.
AGENTS.md,KEEP,HIGH,trade_logs,,AGENTS.md,KEEP_IN_PLACE,Already in an acceptable canonical/current location.,yes,no,no,no,yes,Human gate required by Phase0B touch-category rule.
README.md,KEEP,MEDIUM,weekly_reviews;risk_rules,phase0a;phase0b;phase1;phase1a,README.md,KEEP_IN_PLACE,Already in an acceptable canonical/current location.,yes,no,no,no,yes,Human gate required by Phase0B touch-category rule.
skills/early-public-equity-research/SKILL.md,KEEP,HIGH,trade_logs;weekly_reviews;risk_rules,,skills/early-public-equity-research/SKILL.md,KEEP_IN_PLACE,Already in an acceptable canonical/current location.,yes,no,no,no,yes,Human gate required by Phase0B touch-category rule.
skills/early-public-equity-research/references/memo_rubric.md,KEEP,LOW,,,skills/early-public-equity-research/references/memo_rubric.md,KEEP_IN_PLACE,Already in an acceptable canonical/current location.,no,no,no,no,no,
skills/early-public-equity-research/references/phase_status.md,KEEP,MEDIUM,weekly_reviews;risk_rules,phase0a;phase0b;phase1a;phase1b;phase1c;phase1d;phase2a,skills/early-public-equity-research/references/phase_status.md,KEEP_IN_PLACE,Already in an acceptable canonical/current location.,yes,no,no,no,yes,Human gate required by Phase0B touch-category rule.
skills/early-public-equity-research/references/red_team_checklist.md,KEEP,LOW,,,skills/early-public-equity-research/references/red_team_checklist.md,KEEP_IN_PLACE,Already in an acceptable canonical/current location.,no,no,no,no,no,
skills/early-public-equity-research/references/source_policy.md,KEEP,LOW,,,skills/early-public-equity-research/references/source_policy.md,KEEP_IN_PLACE,Already in an acceptable canonical/current location.,no,no,no,no,no,
skills/early-public-equity-research/references/workflow.md,KEEP,MEDIUM,weekly_reviews;risk_rules,,skills/early-public-equity-research/references/workflow.md,KEEP_IN_PLACE,Already in an acceptable canonical/current location.,yes,no,no,no,yes,Human gate required by Phase0B touch-category rule.
tests/__pycache__/smoke_tests.cpython-312.pyc,DELETE_CANDIDATE,LOW,,,(none - local cache cleanup candidate),DELETE_LATER_LOCAL_CACHE_ONLY,Generated local cache or OS metadata; deletion is allowed only in a later cleanup phase.,no,no,no,yes,no,Do not delete in Phase 0B.
tests/__pycache__/smoke_tests.cpython-313.pyc,DELETE_CANDIDATE,LOW,,,(none - local cache cleanup candidate),DELETE_LATER_LOCAL_CACHE_ONLY,Generated local cache or OS metadata; deletion is allowed only in a later cleanup phase.,no,no,no,yes,no,Do not delete in Phase 0B.
tests/smoke_tests.py,KEEP,HIGH,real_positions;trade_logs;weekly_reviews;risk_rules,,10_tests/smoke_tests.py,COPY_TO_CANONICAL,Preserve source but stage a canonical copy/migration plan.,yes,no,no,no,yes,Human gate required by Phase0B touch-category rule.
00_project_control/phase0a_broken_path_report.csv,KEEP,LOW,,phase0a,00_project_control/audit_reports/phase0a/phase0a_broken_path_report.csv,COPY_TO_CANONICAL,Preserve source but stage a canonical copy/migration plan.,no,yes,yes,no,no,Current pre-Phase0B file not present in Phase0A baseline inventory; derived mapping. Phase 0A control/log artifact; preserve as audit evidence.
00_project_control/phase0a_cleanup_plan.md,KEEP,LOW,,phase0a,00_project_control/audit_reports/phase0a/phase0a_cleanup_plan.md,COPY_TO_CANONICAL,Preserve source but stage a canonical copy/migration plan.,no,yes,yes,no,no,Current pre-Phase0B file not present in Phase0A baseline inventory; derived mapping. Phase 0A control/log artifact; preserve as audit evidence.
00_project_control/phase0a_duplicate_file_report.csv,KEEP,LOW,,phase0a,00_project_control/audit_reports/phase0a/phase0a_duplicate_file_report.csv,COPY_TO_CANONICAL,Preserve source but stage a canonical copy/migration plan.,no,yes,yes,no,no,Current pre-Phase0B file not present in Phase0A baseline inventory; derived mapping. Phase 0A control/log artifact; preserve as audit evidence.
00_project_control/phase0a_file_classification.csv,KEEP,LOW,,phase0a,00_project_control/audit_reports/phase0a/phase0a_file_classification.csv,COPY_TO_CANONICAL,Preserve source but stage a canonical copy/migration plan.,no,yes,yes,no,no,Current pre-Phase0B file not present in Phase0A baseline inventory; derived mapping. Phase 0A control/log artifact; preserve as audit evidence.
00_project_control/phase0a_full_file_inventory.csv,KEEP,LOW,,phase0a,00_project_control/audit_reports/phase0a/phase0a_full_file_inventory.csv,COPY_TO_CANONICAL,Preserve source but stage a canonical copy/migration plan.,no,yes,yes,no,no,Current pre-Phase0B file not present in Phase0A baseline inventory; derived mapping. Phase 0A control/log artifact; preserve as audit evidence.
00_project_control/phase0a_new_canonical_structure.md,KEEP,LOW,,phase0a,00_project_control/audit_reports/phase0a/phase0a_new_canonical_structure.md,COPY_TO_CANONICAL,Preserve source but stage a canonical copy/migration plan.,no,yes,yes,no,no,Current pre-Phase0B file not present in Phase0A baseline inventory; derived mapping. Phase 0A control/log artifact; preserve as audit evidence.
00_project_control/phase0a_phase_dependency_map.csv,KEEP,LOW,,phase0a,00_project_control/audit_reports/phase0a/phase0a_phase_dependency_map.csv,COPY_TO_CANONICAL,Preserve source but stage a canonical copy/migration plan.,no,yes,yes,no,no,Current pre-Phase0B file not present in Phase0A baseline inventory; derived mapping. Phase 0A control/log artifact; preserve as audit evidence.
00_project_control/phase0a_real_position_file_map.csv,KEEP,HIGH,real_positions,phase0a,00_project_control/audit_reports/phase0a/phase0a_real_position_file_map.csv,COPY_TO_CANONICAL,Preserve source but stage a canonical copy/migration plan.,yes,no,no,no,yes,Current pre-Phase0B file not present in Phase0A baseline inventory; derived mapping. Human gate required by Phase0B touch-category rule. Phase 0A control/log artifact; preserve as audit evidence.
00_project_control/phase0a_verification_report.md,KEEP,LOW,,phase0a,00_project_control/audit_reports/phase0a/phase0a_verification_report.md,COPY_TO_CANONICAL,Preserve source but stage a canonical copy/migration plan.,no,yes,yes,no,no,Current pre-Phase0B file not present in Phase0A baseline inventory; derived mapping. Phase 0A control/log artifact; preserve as audit evidence.
06_logs/phase0a_audit_run_log.csv,KEEP,LOW,,phase0a,00_project_control/run_logs/phase0a_audit_run_log.csv,COPY_TO_CANONICAL,Preserve source but stage a canonical copy/migration plan.,no,yes,yes,no,no,Current pre-Phase0B file not present in Phase0A baseline inventory; derived mapping. Phase 0A control/log artifact; preserve as audit evidence.
