timestamp,script_name,action,input_path,output_path,status,safety_notes
2026-07-09T13:22:16-05:00,run_phase5r_b2_full_universe_market_data.py,benchmark_smoke_test,QQQ;XLK;SPY,in_memory_preflight_only,passed,read_only_public_market_data=yes; canonical_universe_only=yes; no_broker=yes; no_orders=yes; no_email=yes; no_credentials=yes; archived_legacy_used=no; sequence=1; full_universe_fetch_not_started_before_this_check
2026-07-09T13:22:29-05:00,run_phase5r_b2_full_universe_market_data.py,full_universe_market_data_refresh,03_source_data/phase5r/phase5r_universe_seed.csv,03_source_data/phase5r/phase5r_b2_market_data_snapshot.csv,complete,read_only_public_market_data=yes; canonical_universe_only=yes; no_broker=yes; no_orders=yes; no_email=yes; no_credentials=yes; archived_legacy_used=no; sequence=2; smoke_test_passed=yes
2026-07-09T13:22:29-05:00,run_phase5r_b2_full_universe_market_data.py,write_b2_market_data_outputs,03_source_data/phase5r/phase5r_universe_seed.csv,03_source_data/phase5r/phase5r_b2_market_data_snapshot.csv;03_source_data/phase5r/phase5r_b2_market_data_quality_report.csv;03_source_data/phase5r/phase5r_b2_candidates_with_market_data.csv;00_project_control/phase5r_b2_data_source_decision.md;04_research/realtime_stock_picker_phase5r/phase5r_b2_data_report.md,complete,read_only_public_market_data=yes; canonical_universe_only=yes; no_broker=yes; no_orders=yes; no_email=yes; no_credentials=yes; archived_legacy_used=no; rows=27; smoke_test_passed=yes
2026-07-09T13:22:32-05:00,score_phase5r_b2_candidates.py,score_phase5r_b2_candidates,03_source_data/phase5r/phase5r_b2_candidates_with_market_data.csv,03_source_data/phase5r/phase5r_b2_signal_scores.csv;08_reviews/current/latest_phase5r_b2_daily_research_preview.md;08_reviews/current/latest_phase5r_b2_watchlist.md,complete,read_only_scoring=yes; manual_execution_only=yes; no_broker=yes; no_orders=yes; no_email=yes; no_credentials=yes; archived_legacy_used=no
2026-07-09T13:22:34-05:00,create_phase5r_b2_manual_trade_tickets.py,create_phase5r_b2_manual_trade_tickets,03_source_data/phase5r/phase5r_b2_signal_scores.csv;03_source_data/phase5r/phase5r_universe_seed.csv,03_source_data/phase5r/phase5r_b2_manual_trade_tickets.csv;08_reviews/current/latest_phase5r_b2_manual_trade_tickets.md,complete,manual_tickets_only=yes; manual_confirmation_required=yes; broker_connection_allowed=no; real_order_allowed_by_script=no; old_holding_data_used=no; no_email=yes; archived_legacy_used=no
2026-07-09T13:22:37-05:00,verify_phase5r_b2_read_only_boundary.py,verify_phase5r_b2_read_only_boundary,phase5r_b2 outputs,00_project_control/phase5r_b2_verification_report.md;04_research/realtime_stock_picker_phase5r/phase5r_b2_verification_report.md,complete,verification_only=yes; no_broker=yes; no_orders=yes; no_email=yes; no_credentials=yes; archived_legacy_used=no
2026-07-09T14:51:07-05:00,run_phase5r_b2_full_universe_market_data.py,benchmark_smoke_test,QQQ;XLK;SPY,in_memory_preflight_only,passed,read_only_public_market_data=yes; canonical_universe_only=yes; no_broker=yes; no_orders=yes; no_email=yes; no_credentials=yes; archived_legacy_used=no; sequence=1; full_universe_fetch_not_started_before_this_check
2026-07-09T14:51:15-05:00,run_phase5r_b2_full_universe_market_data.py,full_universe_market_data_refresh,03_source_data/phase5r/phase5r_universe_seed.csv,03_source_data/phase5r/phase5r_b2_market_data_snapshot.csv,complete,read_only_public_market_data=yes; canonical_universe_only=yes; no_broker=yes; no_orders=yes; no_email=yes; no_credentials=yes; archived_legacy_used=no; sequence=2; smoke_test_passed=yes
2026-07-09T14:51:15-05:00,run_phase5r_b2_full_universe_market_data.py,write_b2_market_data_outputs,03_source_data/phase5r/phase5r_universe_seed.csv,03_source_data/phase5r/phase5r_b2_market_data_snapshot.csv;03_source_data/phase5r/phase5r_b2_market_data_quality_report.csv;03_source_data/phase5r/phase5r_b2_candidates_with_market_data.csv;00_project_control/phase5r_b2_data_source_decision.md;04_research/realtime_stock_picker_phase5r/phase5r_b2_data_report.md,complete,read_only_public_market_data=yes; canonical_universe_only=yes; no_broker=yes; no_orders=yes; no_email=yes; no_credentials=yes; archived_legacy_used=no; rows=27; smoke_test_passed=yes
2026-07-09T14:51:15-05:00,score_phase5r_b2_candidates.py,score_phase5r_b2_candidates,03_source_data/phase5r/phase5r_b2_candidates_with_market_data.csv,03_source_data/phase5r/phase5r_b2_signal_scores.csv;08_reviews/current/latest_phase5r_b2_daily_research_preview.md;08_reviews/current/latest_phase5r_b2_watchlist.md,complete,read_only_scoring=yes; manual_execution_only=yes; no_broker=yes; no_orders=yes; no_email=yes; no_credentials=yes; archived_legacy_used=no
2026-07-09T14:51:15-05:00,create_phase5r_b2_manual_trade_tickets.py,create_phase5r_b2_manual_trade_tickets,03_source_data/phase5r/phase5r_b2_signal_scores.csv;03_source_data/phase5r/phase5r_universe_seed.csv,03_source_data/phase5r/phase5r_b2_manual_trade_tickets.csv;08_reviews/current/latest_phase5r_b2_manual_trade_tickets.md,complete,manual_tickets_only=yes; manual_confirmation_required=yes; broker_connection_allowed=no; real_order_allowed_by_script=no; old_holding_data_used=no; no_email=yes; archived_legacy_used=no
2026-07-09T14:51:23-05:00,run_phase5r_b2_full_universe_market_data.py,benchmark_smoke_test,QQQ;XLK;SPY,in_memory_preflight_only,passed,read_only_public_market_data=yes; canonical_universe_only=yes; no_broker=yes; no_orders=yes; no_email=yes; no_credentials=yes; archived_legacy_used=no; sequence=1; full_universe_fetch_not_started_before_this_check
2026-07-09T14:51:30-05:00,run_phase5r_b2_full_universe_market_data.py,full_universe_market_data_refresh,03_source_data/phase5r/phase5r_universe_seed.csv,03_source_data/phase5r/phase5r_b2_market_data_snapshot.csv,complete,read_only_public_market_data=yes; canonical_universe_only=yes; no_broker=yes; no_orders=yes; no_email=yes; no_credentials=yes; archived_legacy_used=no; sequence=2; smoke_test_passed=yes
2026-07-09T14:51:30-05:00,run_phase5r_b2_full_universe_market_data.py,write_b2_market_data_outputs,03_source_data/phase5r/phase5r_universe_seed.csv,03_source_data/phase5r/phase5r_b2_market_data_snapshot.csv;03_source_data/phase5r/phase5r_b2_market_data_quality_report.csv;03_source_data/phase5r/phase5r_b2_candidates_with_market_data.csv;00_project_control/phase5r_b2_data_source_decision.md;04_research/realtime_stock_picker_phase5r/phase5r_b2_data_report.md,complete,read_only_public_market_data=yes; canonical_universe_only=yes; no_broker=yes; no_orders=yes; no_email=yes; no_credentials=yes; archived_legacy_used=no; rows=27; smoke_test_passed=yes
2026-07-09T14:51:30-05:00,score_phase5r_b2_candidates.py,score_phase5r_b2_candidates,03_source_data/phase5r/phase5r_b2_candidates_with_market_data.csv,03_source_data/phase5r/phase5r_b2_signal_scores.csv;08_reviews/current/latest_phase5r_b2_daily_research_preview.md;08_reviews/current/latest_phase5r_b2_watchlist.md,complete,read_only_scoring=yes; manual_execution_only=yes; no_broker=yes; no_orders=yes; no_email=yes; no_credentials=yes; archived_legacy_used=no
2026-07-09T14:51:30-05:00,create_phase5r_b2_manual_trade_tickets.py,create_phase5r_b2_manual_trade_tickets,03_source_data/phase5r/phase5r_b2_signal_scores.csv;03_source_data/phase5r/phase5r_universe_seed.csv,03_source_data/phase5r/phase5r_b2_manual_trade_tickets.csv;08_reviews/current/latest_phase5r_b2_manual_trade_tickets.md,complete,manual_tickets_only=yes; manual_confirmation_required=yes; broker_connection_allowed=no; real_order_allowed_by_script=no; old_holding_data_used=no; no_email=yes; archived_legacy_used=no
2026-07-09T14:54:50-05:00,run_phase5r_b2_full_universe_market_data.py,benchmark_smoke_test,QQQ;XLK;SPY,in_memory_preflight_only,passed,read_only_public_market_data=yes; canonical_universe_only=yes; no_broker=yes; no_orders=yes; no_email=yes; no_credentials=yes; archived_legacy_used=no; sequence=1; full_universe_fetch_not_started_before_this_check
2026-07-09T14:54:58-05:00,run_phase5r_b2_full_universe_market_data.py,full_universe_market_data_refresh,03_source_data/phase5r/phase5r_universe_seed.csv,03_source_data/phase5r/phase5r_b2_market_data_snapshot.csv,complete,read_only_public_market_data=yes; canonical_universe_only=yes; no_broker=yes; no_orders=yes; no_email=yes; no_credentials=yes; archived_legacy_used=no; sequence=2; smoke_test_passed=yes
2026-07-09T14:54:58-05:00,run_phase5r_b2_full_universe_market_data.py,write_b2_market_data_outputs,03_source_data/phase5r/phase5r_universe_seed.csv,03_source_data/phase5r/phase5r_b2_market_data_snapshot.csv;03_source_data/phase5r/phase5r_b2_market_data_quality_report.csv;03_source_data/phase5r/phase5r_b2_candidates_with_market_data.csv;00_project_control/phase5r_b2_data_source_decision.md;04_research/realtime_stock_picker_phase5r/phase5r_b2_data_report.md,complete,read_only_public_market_data=yes; canonical_universe_only=yes; no_broker=yes; no_orders=yes; no_email=yes; no_credentials=yes; archived_legacy_used=no; rows=27; smoke_test_passed=yes
2026-07-09T14:54:58-05:00,score_phase5r_b2_candidates.py,score_phase5r_b2_candidates,03_source_data/phase5r/phase5r_b2_candidates_with_market_data.csv,03_source_data/phase5r/phase5r_b2_signal_scores.csv;08_reviews/current/latest_phase5r_b2_daily_research_preview.md;08_reviews/current/latest_phase5r_b2_watchlist.md,complete,read_only_scoring=yes; manual_execution_only=yes; no_broker=yes; no_orders=yes; no_email=yes; no_credentials=yes; archived_legacy_used=no
2026-07-09T14:54:58-05:00,create_phase5r_b2_manual_trade_tickets.py,create_phase5r_b2_manual_trade_tickets,03_source_data/phase5r/phase5r_b2_signal_scores.csv;03_source_data/phase5r/phase5r_universe_seed.csv,03_source_data/phase5r/phase5r_b2_manual_trade_tickets.csv;08_reviews/current/latest_phase5r_b2_manual_trade_tickets.md,complete,manual_tickets_only=yes; manual_confirmation_required=yes; broker_connection_allowed=no; real_order_allowed_by_script=no; old_holding_data_used=no; no_email=yes; archived_legacy_used=no
2026-07-09T16:31:25-05:00,run_phase5r_b2_full_universe_market_data.py,benchmark_smoke_test,QQQ;XLK;SPY,in_memory_preflight_only,passed,read_only_public_market_data=yes; canonical_universe_only=yes; no_broker=yes; no_orders=yes; no_email=yes; no_credentials=yes; archived_legacy_used=no; sequence=1; full_universe_fetch_not_started_before_this_check
2026-07-09T16:31:34-05:00,run_phase5r_b2_full_universe_market_data.py,full_universe_market_data_refresh,03_source_data/phase5r/phase5r_universe_seed.csv,03_source_data/phase5r/phase5r_b2_market_data_snapshot.csv,complete,read_only_public_market_data=yes; canonical_universe_only=yes; no_broker=yes; no_orders=yes; no_email=yes; no_credentials=yes; archived_legacy_used=no; sequence=2; smoke_test_passed=yes
2026-07-09T16:31:34-05:00,run_phase5r_b2_full_universe_market_data.py,write_b2_market_data_outputs,03_source_data/phase5r/phase5r_universe_seed.csv,03_source_data/phase5r/phase5r_b2_market_data_snapshot.csv;03_source_data/phase5r/phase5r_b2_market_data_quality_report.csv;03_source_data/phase5r/phase5r_b2_candidates_with_market_data.csv;00_project_control/phase5r_b2_data_source_decision.md;04_research/realtime_stock_picker_phase5r/phase5r_b2_data_report.md,complete,read_only_public_market_data=yes; canonical_universe_only=yes; no_broker=yes; no_orders=yes; no_email=yes; no_credentials=yes; archived_legacy_used=no; rows=27; smoke_test_passed=yes
2026-07-09T16:31:34-05:00,score_phase5r_b2_candidates.py,score_phase5r_b2_candidates,03_source_data/phase5r/phase5r_b2_candidates_with_market_data.csv,03_source_data/phase5r/phase5r_b2_signal_scores.csv;08_reviews/current/latest_phase5r_b2_daily_research_preview.md;08_reviews/current/latest_phase5r_b2_watchlist.md,complete,read_only_scoring=yes; manual_execution_only=yes; no_broker=yes; no_orders=yes; no_email=yes; no_credentials=yes; archived_legacy_used=no
2026-07-09T16:31:34-05:00,create_phase5r_b2_manual_trade_tickets.py,create_phase5r_b2_manual_trade_tickets,03_source_data/phase5r/phase5r_b2_signal_scores.csv;03_source_data/phase5r/phase5r_universe_seed.csv,03_source_data/phase5r/phase5r_b2_manual_trade_tickets.csv;08_reviews/current/latest_phase5r_b2_manual_trade_tickets.md,complete,manual_tickets_only=yes; manual_confirmation_required=yes; broker_connection_allowed=no; real_order_allowed_by_script=no; old_holding_data_used=no; no_email=yes; archived_legacy_used=no
2026-07-09T16:32:25-05:00,run_phase5r_b2_full_universe_market_data.py,benchmark_smoke_test,QQQ;XLK;SPY,in_memory_preflight_only,passed,read_only_public_market_data=yes; canonical_universe_only=yes; no_broker=yes; no_orders=yes; no_email=yes; no_credentials=yes; archived_legacy_used=no; sequence=1; full_universe_fetch_not_started_before_this_check
2026-07-09T16:32:33-05:00,run_phase5r_b2_full_universe_market_data.py,full_universe_market_data_refresh,03_source_data/phase5r/phase5r_universe_seed.csv,03_source_data/phase5r/phase5r_b2_market_data_snapshot.csv,complete,read_only_public_market_data=yes; canonical_universe_only=yes; no_broker=yes; no_orders=yes; no_email=yes; no_credentials=yes; archived_legacy_used=no; sequence=2; smoke_test_passed=yes
2026-07-09T16:32:33-05:00,run_phase5r_b2_full_universe_market_data.py,write_b2_market_data_outputs,03_source_data/phase5r/phase5r_universe_seed.csv,03_source_data/phase5r/phase5r_b2_market_data_snapshot.csv;03_source_data/phase5r/phase5r_b2_market_data_quality_report.csv;03_source_data/phase5r/phase5r_b2_candidates_with_market_data.csv;00_project_control/phase5r_b2_data_source_decision.md;04_research/realtime_stock_picker_phase5r/phase5r_b2_data_report.md,complete,read_only_public_market_data=yes; canonical_universe_only=yes; no_broker=yes; no_orders=yes; no_email=yes; no_credentials=yes; archived_legacy_used=no; rows=27; smoke_test_passed=yes
2026-07-09T16:32:33-05:00,score_phase5r_b2_candidates.py,score_phase5r_b2_candidates,03_source_data/phase5r/phase5r_b2_candidates_with_market_data.csv,03_source_data/phase5r/phase5r_b2_signal_scores.csv;08_reviews/current/latest_phase5r_b2_daily_research_preview.md;08_reviews/current/latest_phase5r_b2_watchlist.md,complete,read_only_scoring=yes; manual_execution_only=yes; no_broker=yes; no_orders=yes; no_email=yes; no_credentials=yes; archived_legacy_used=no
2026-07-09T16:32:33-05:00,create_phase5r_b2_manual_trade_tickets.py,create_phase5r_b2_manual_trade_tickets,03_source_data/phase5r/phase5r_b2_signal_scores.csv;03_source_data/phase5r/phase5r_universe_seed.csv,03_source_data/phase5r/phase5r_b2_manual_trade_tickets.csv;08_reviews/current/latest_phase5r_b2_manual_trade_tickets.md,complete,manual_tickets_only=yes; manual_confirmation_required=yes; broker_connection_allowed=no; real_order_allowed_by_script=no; old_holding_data_used=no; no_email=yes; archived_legacy_used=no
2026-07-09T16:32:43-05:00,run_phase5r_b2_full_universe_market_data.py,benchmark_smoke_test,QQQ;XLK;SPY,in_memory_preflight_only,passed,read_only_public_market_data=yes; canonical_universe_only=yes; no_broker=yes; no_orders=yes; no_email=yes; no_credentials=yes; archived_legacy_used=no; sequence=1; full_universe_fetch_not_started_before_this_check
2026-07-09T16:32:51-05:00,run_phase5r_b2_full_universe_market_data.py,full_universe_market_data_refresh,03_source_data/phase5r/phase5r_universe_seed.csv,03_source_data/phase5r/phase5r_b2_market_data_snapshot.csv,complete,read_only_public_market_data=yes; canonical_universe_only=yes; no_broker=yes; no_orders=yes; no_email=yes; no_credentials=yes; archived_legacy_used=no; sequence=2; smoke_test_passed=yes
2026-07-09T16:32:51-05:00,run_phase5r_b2_full_universe_market_data.py,write_b2_market_data_outputs,03_source_data/phase5r/phase5r_universe_seed.csv,03_source_data/phase5r/phase5r_b2_market_data_snapshot.csv;03_source_data/phase5r/phase5r_b2_market_data_quality_report.csv;03_source_data/phase5r/phase5r_b2_candidates_with_market_data.csv;00_project_control/phase5r_b2_data_source_decision.md;04_research/realtime_stock_picker_phase5r/phase5r_b2_data_report.md,complete,read_only_public_market_data=yes; canonical_universe_only=yes; no_broker=yes; no_orders=yes; no_email=yes; no_credentials=yes; archived_legacy_used=no; rows=27; smoke_test_passed=yes
2026-07-09T16:32:51-05:00,score_phase5r_b2_candidates.py,score_phase5r_b2_candidates,03_source_data/phase5r/phase5r_b2_candidates_with_market_data.csv,03_source_data/phase5r/phase5r_b2_signal_scores.csv;08_reviews/current/latest_phase5r_b2_daily_research_preview.md;08_reviews/current/latest_phase5r_b2_watchlist.md,complete,read_only_scoring=yes; manual_execution_only=yes; no_broker=yes; no_orders=yes; no_email=yes; no_credentials=yes; archived_legacy_used=no
2026-07-09T16:32:51-05:00,create_phase5r_b2_manual_trade_tickets.py,create_phase5r_b2_manual_trade_tickets,03_source_data/phase5r/phase5r_b2_signal_scores.csv;03_source_data/phase5r/phase5r_universe_seed.csv,03_source_data/phase5r/phase5r_b2_manual_trade_tickets.csv;08_reviews/current/latest_phase5r_b2_manual_trade_tickets.md,complete,manual_tickets_only=yes; manual_confirmation_required=yes; broker_connection_allowed=no; real_order_allowed_by_script=no; old_holding_data_used=no; no_email=yes; archived_legacy_used=no
2026-07-09T16:35:40-05:00,run_phase5r_b2_full_universe_market_data.py,benchmark_smoke_test,QQQ;XLK;SPY,in_memory_preflight_only,passed,read_only_public_market_data=yes; canonical_universe_only=yes; no_broker=yes; no_orders=yes; no_email=yes; no_credentials=yes; archived_legacy_used=no; sequence=1; full_universe_fetch_not_started_before_this_check
2026-07-09T16:35:48-05:00,run_phase5r_b2_full_universe_market_data.py,full_universe_market_data_refresh,03_source_data/phase5r/phase5r_universe_seed.csv,03_source_data/phase5r/phase5r_b2_market_data_snapshot.csv,complete,read_only_public_market_data=yes; canonical_universe_only=yes; no_broker=yes; no_orders=yes; no_email=yes; no_credentials=yes; archived_legacy_used=no; sequence=2; smoke_test_passed=yes
2026-07-09T16:35:48-05:00,run_phase5r_b2_full_universe_market_data.py,write_b2_market_data_outputs,03_source_data/phase5r/phase5r_universe_seed.csv,03_source_data/phase5r/phase5r_b2_market_data_snapshot.csv;03_source_data/phase5r/phase5r_b2_market_data_quality_report.csv;03_source_data/phase5r/phase5r_b2_candidates_with_market_data.csv;00_project_control/phase5r_b2_data_source_decision.md;04_research/realtime_stock_picker_phase5r/phase5r_b2_data_report.md,complete,read_only_public_market_data=yes; canonical_universe_only=yes; no_broker=yes; no_orders=yes; no_email=yes; no_credentials=yes; archived_legacy_used=no; rows=27; smoke_test_passed=yes
2026-07-09T16:35:48-05:00,score_phase5r_b2_candidates.py,score_phase5r_b2_candidates,03_source_data/phase5r/phase5r_b2_candidates_with_market_data.csv,03_source_data/phase5r/phase5r_b2_signal_scores.csv;08_reviews/current/latest_phase5r_b2_daily_research_preview.md;08_reviews/current/latest_phase5r_b2_watchlist.md,complete,read_only_scoring=yes; manual_execution_only=yes; no_broker=yes; no_orders=yes; no_email=yes; no_credentials=yes; archived_legacy_used=no
2026-07-09T16:35:48-05:00,create_phase5r_b2_manual_trade_tickets.py,create_phase5r_b2_manual_trade_tickets,03_source_data/phase5r/phase5r_b2_signal_scores.csv;03_source_data/phase5r/phase5r_universe_seed.csv,03_source_data/phase5r/phase5r_b2_manual_trade_tickets.csv;08_reviews/current/latest_phase5r_b2_manual_trade_tickets.md,complete,manual_tickets_only=yes; manual_confirmation_required=yes; broker_connection_allowed=no; real_order_allowed_by_script=no; old_holding_data_used=no; no_email=yes; archived_legacy_used=no
2026-07-17T15:31:58-04:00,run_phase5r_b2_full_universe_market_data.py,benchmark_smoke_test,QQQ;XLK;SPY,in_memory_preflight_only,passed,read_only_public_market_data=yes; canonical_universe_only=yes; no_broker=yes; no_orders=yes; no_email=yes; no_credentials=yes; archived_legacy_used=no; sequence=1; full_universe_fetch_not_started_before_this_check
2026-07-17T15:32:02-04:00,run_phase5r_b2_full_universe_market_data.py,full_universe_market_data_refresh,03_source_data/phase5r/phase5r_universe_seed.csv,03_source_data/phase5r/phase5r_b2_market_data_snapshot.csv,complete,read_only_public_market_data=yes; canonical_universe_only=yes; no_broker=yes; no_orders=yes; no_email=yes; no_credentials=yes; archived_legacy_used=no; sequence=2; smoke_test_passed=yes
2026-07-17T15:32:02-04:00,run_phase5r_b2_full_universe_market_data.py,write_b2_market_data_outputs,03_source_data/phase5r/phase5r_universe_seed.csv,03_source_data/phase5r/phase5r_b2_market_data_snapshot.csv;03_source_data/phase5r/phase5r_b2_market_data_quality_report.csv;03_source_data/phase5r/phase5r_b2_candidates_with_market_data.csv;00_project_control/phase5r_b2_data_source_decision.md;04_research/realtime_stock_picker_phase5r/phase5r_b2_data_report.md,complete,read_only_public_market_data=yes; canonical_universe_only=yes; no_broker=yes; no_orders=yes; no_email=yes; no_credentials=yes; archived_legacy_used=no; rows=27; smoke_test_passed=yes
2026-07-17T15:32:02-04:00,score_phase5r_b2_candidates.py,score_phase5r_b2_candidates,03_source_data/phase5r/phase5r_b2_candidates_with_market_data.csv,03_source_data/phase5r/phase5r_b2_signal_scores.csv;08_reviews/current/latest_phase5r_b2_daily_research_preview.md;08_reviews/current/latest_phase5r_b2_watchlist.md,complete,read_only_scoring=yes; manual_execution_only=yes; no_broker=yes; no_orders=yes; no_email=yes; no_credentials=yes; archived_legacy_used=no
2026-07-17T15:32:02-04:00,create_phase5r_b2_manual_trade_tickets.py,create_phase5r_b2_manual_trade_tickets,03_source_data/phase5r/phase5r_b2_signal_scores.csv;03_source_data/phase5r/phase5r_universe_seed.csv,03_source_data/phase5r/phase5r_b2_manual_trade_tickets.csv;08_reviews/current/latest_phase5r_b2_manual_trade_tickets.md,complete,manual_tickets_only=yes; manual_confirmation_required=yes; broker_connection_allowed=no; real_order_allowed_by_script=no; old_holding_data_used=no; no_email=yes; archived_legacy_used=no
2026-07-17T15:59:52-04:00,run_phase5r_b2_full_universe_market_data.py,benchmark_smoke_test,QQQ;XLK;SPY,in_memory_preflight_only,passed,read_only_public_market_data=yes; canonical_universe_only=yes; no_broker=yes; no_orders=yes; no_email=yes; no_credentials=yes; archived_legacy_used=no; sequence=1; full_universe_fetch_not_started_before_this_check
2026-07-17T15:59:59-04:00,run_phase5r_b2_full_universe_market_data.py,full_universe_market_data_refresh,03_source_data/phase5r/phase5r_universe_seed.csv,03_source_data/phase5r/phase5r_b2_market_data_snapshot.csv,complete,read_only_public_market_data=yes; canonical_universe_only=yes; no_broker=yes; no_orders=yes; no_email=yes; no_credentials=yes; archived_legacy_used=no; sequence=2; smoke_test_passed=yes
2026-07-17T15:59:59-04:00,run_phase5r_b2_full_universe_market_data.py,write_b2_market_data_outputs,03_source_data/phase5r/phase5r_universe_seed.csv,03_source_data/phase5r/phase5r_b2_market_data_snapshot.csv;03_source_data/phase5r/phase5r_b2_market_data_quality_report.csv;03_source_data/phase5r/phase5r_b2_candidates_with_market_data.csv;00_project_control/phase5r_b2_data_source_decision.md;04_research/realtime_stock_picker_phase5r/phase5r_b2_data_report.md,complete,read_only_public_market_data=yes; canonical_universe_only=yes; no_broker=yes; no_orders=yes; no_email=yes; no_credentials=yes; archived_legacy_used=no; rows=27; smoke_test_passed=yes
2026-07-17T16:00:02-04:00,score_phase5r_b2_candidates.py,score_phase5r_b2_candidates,03_source_data/phase5r/phase5r_b2_candidates_with_market_data.csv,03_source_data/phase5r/phase5r_b2_signal_scores.csv;08_reviews/current/latest_phase5r_b2_daily_research_preview.md;08_reviews/current/latest_phase5r_b2_watchlist.md,complete,read_only_scoring=yes; manual_execution_only=yes; no_broker=yes; no_orders=yes; no_email=yes; no_credentials=yes; archived_legacy_used=no
2026-07-17T16:00:02-04:00,create_phase5r_b2_manual_trade_tickets.py,create_phase5r_b2_manual_trade_tickets,03_source_data/phase5r/phase5r_b2_signal_scores.csv;03_source_data/phase5r/phase5r_universe_seed.csv,03_source_data/phase5r/phase5r_b2_manual_trade_tickets.csv;08_reviews/current/latest_phase5r_b2_manual_trade_tickets.md,complete,manual_tickets_only=yes; manual_confirmation_required=yes; broker_connection_allowed=no; real_order_allowed_by_script=no; old_holding_data_used=no; no_email=yes; archived_legacy_used=no
2026-07-18T17:58:42-04:00,run_phase5r_b2_full_universe_market_data.py,benchmark_smoke_test,QQQ;XLK;SPY,in_memory_preflight_only,passed,read_only_public_market_data=yes; canonical_universe_only=yes; no_broker=yes; no_orders=yes; no_email=yes; no_credentials=yes; archived_legacy_used=no; sequence=1; full_universe_fetch_not_started_before_this_check
2026-07-18T17:58:45-04:00,run_phase5r_b2_full_universe_market_data.py,full_universe_market_data_refresh,03_source_data/phase5r/phase5r_universe_seed.csv,03_source_data/phase5r/phase5r_b2_market_data_snapshot.csv,complete,read_only_public_market_data=yes; canonical_universe_only=yes; no_broker=yes; no_orders=yes; no_email=yes; no_credentials=yes; archived_legacy_used=no; sequence=2; smoke_test_passed=yes
2026-07-18T17:58:45-04:00,run_phase5r_b2_full_universe_market_data.py,write_b2_market_data_outputs,03_source_data/phase5r/phase5r_universe_seed.csv,03_source_data/phase5r/phase5r_b2_market_data_snapshot.csv;03_source_data/phase5r/phase5r_b2_market_data_quality_report.csv;03_source_data/phase5r/phase5r_b2_candidates_with_market_data.csv;00_project_control/phase5r_b2_data_source_decision.md;04_research/realtime_stock_picker_phase5r/phase5r_b2_data_report.md,complete,read_only_public_market_data=yes; canonical_universe_only=yes; no_broker=yes; no_orders=yes; no_email=yes; no_credentials=yes; archived_legacy_used=no; rows=27; smoke_test_passed=yes
2026-07-18T17:58:45-04:00,score_phase5r_b2_candidates.py,score_phase5r_b2_candidates,03_source_data/phase5r/phase5r_b2_candidates_with_market_data.csv,03_source_data/phase5r/phase5r_b2_signal_scores.csv;08_reviews/current/latest_phase5r_b2_daily_research_preview.md;08_reviews/current/latest_phase5r_b2_watchlist.md,complete,read_only_scoring=yes; manual_execution_only=yes; no_broker=yes; no_orders=yes; no_email=yes; no_credentials=yes; archived_legacy_used=no
2026-07-18T17:58:45-04:00,create_phase5r_b2_manual_trade_tickets.py,create_phase5r_b2_manual_trade_tickets,03_source_data/phase5r/phase5r_b2_signal_scores.csv;03_source_data/phase5r/phase5r_universe_seed.csv,03_source_data/phase5r/phase5r_b2_manual_trade_tickets.csv;08_reviews/current/latest_phase5r_b2_manual_trade_tickets.md,complete,manual_tickets_only=yes; manual_confirmation_required=yes; broker_connection_allowed=no; real_order_allowed_by_script=no; old_holding_data_used=no; no_email=yes; archived_legacy_used=no
2026-07-18T18:11:39-04:00,run_phase5r_b2_full_universe_market_data.py,benchmark_smoke_test,QQQ;XLK;SPY,in_memory_preflight_only,passed,read_only_public_market_data=yes; canonical_universe_only=yes; no_broker=yes; no_orders=yes; no_email=yes; no_credentials=yes; archived_legacy_used=no; sequence=1; full_universe_fetch_not_started_before_this_check
2026-07-18T18:11:42-04:00,run_phase5r_b2_full_universe_market_data.py,full_universe_market_data_refresh,03_source_data/phase5r/phase5r_universe_seed.csv,03_source_data/phase5r/phase5r_b2_market_data_snapshot.csv,complete,read_only_public_market_data=yes; canonical_universe_only=yes; no_broker=yes; no_orders=yes; no_email=yes; no_credentials=yes; archived_legacy_used=no; sequence=2; smoke_test_passed=yes
2026-07-18T18:11:42-04:00,run_phase5r_b2_full_universe_market_data.py,write_b2_market_data_outputs,03_source_data/phase5r/phase5r_universe_seed.csv,03_source_data/phase5r/phase5r_b2_market_data_snapshot.csv;03_source_data/phase5r/phase5r_b2_market_data_quality_report.csv;03_source_data/phase5r/phase5r_b2_candidates_with_market_data.csv;00_project_control/phase5r_b2_data_source_decision.md;04_research/realtime_stock_picker_phase5r/phase5r_b2_data_report.md,complete,read_only_public_market_data=yes; canonical_universe_only=yes; no_broker=yes; no_orders=yes; no_email=yes; no_credentials=yes; archived_legacy_used=no; rows=27; smoke_test_passed=yes
2026-07-18T18:11:42-04:00,score_phase5r_b2_candidates.py,score_phase5r_b2_candidates,03_source_data/phase5r/phase5r_b2_candidates_with_market_data.csv,03_source_data/phase5r/phase5r_b2_signal_scores.csv;08_reviews/current/latest_phase5r_b2_daily_research_preview.md;08_reviews/current/latest_phase5r_b2_watchlist.md,complete,read_only_scoring=yes; manual_execution_only=yes; no_broker=yes; no_orders=yes; no_email=yes; no_credentials=yes; archived_legacy_used=no
2026-07-18T18:11:42-04:00,create_phase5r_b2_manual_trade_tickets.py,create_phase5r_b2_manual_trade_tickets,03_source_data/phase5r/phase5r_b2_signal_scores.csv;03_source_data/phase5r/phase5r_universe_seed.csv,03_source_data/phase5r/phase5r_b2_manual_trade_tickets.csv;08_reviews/current/latest_phase5r_b2_manual_trade_tickets.md,complete,manual_tickets_only=yes; manual_confirmation_required=yes; broker_connection_allowed=no; real_order_allowed_by_script=no; old_holding_data_used=no; no_email=yes; archived_legacy_used=no
2026-07-19T21:15:17-04:00,run_phase5r_b2_full_universe_market_data.py,benchmark_smoke_test,QQQ;XLK;SPY,in_memory_preflight_only,passed,read_only_public_market_data=yes; canonical_candidate_universe=yes; current_position_price_monitoring=yes; no_broker=yes; no_orders=yes; no_email=yes; no_credentials=yes; archived_legacy_used=no; sequence=1; full_universe_fetch_not_started_before_this_check
2026-07-19T21:15:20-04:00,run_phase5r_b2_full_universe_market_data.py,full_universe_market_data_refresh,03_source_data/phase5r/phase5r_universe_seed.csv;05_risk_and_positions/current_positions.local.csv,03_source_data/phase5r/phase5r_b2_market_data_snapshot.csv,complete,read_only_public_market_data=yes; canonical_candidate_universe=yes; current_position_price_monitoring=yes; no_broker=yes; no_orders=yes; no_email=yes; no_credentials=yes; archived_legacy_used=no; sequence=2; smoke_test_passed=yes; held_tickers_price_only=yes
2026-07-19T21:15:20-04:00,run_phase5r_b2_full_universe_market_data.py,write_b2_market_data_outputs,03_source_data/phase5r/phase5r_universe_seed.csv;05_risk_and_positions/current_positions.local.csv,03_source_data/phase5r/phase5r_b2_market_data_snapshot.csv;03_source_data/phase5r/phase5r_b2_market_data_quality_report.csv;03_source_data/phase5r/phase5r_b2_candidates_with_market_data.csv;00_project_control/phase5r_b2_data_source_decision.md;04_research/realtime_stock_picker_phase5r/phase5r_b2_data_report.md,complete,read_only_public_market_data=yes; canonical_candidate_universe=yes; current_position_price_monitoring=yes; no_broker=yes; no_orders=yes; no_email=yes; no_credentials=yes; archived_legacy_used=no; snapshot_rows=29; candidate_rows=27; held_price_rows=2; smoke_test_passed=yes
2026-07-19T21:28:00-04:00,run_phase5r_b2_full_universe_market_data.py,benchmark_smoke_test,QQQ;XLK;SPY,in_memory_preflight_only,passed,read_only_public_market_data=yes; canonical_candidate_universe=yes; current_position_price_monitoring=yes; no_broker=yes; no_orders=yes; no_email=yes; no_credentials=yes; archived_legacy_used=no; sequence=1; full_universe_fetch_not_started_before_this_check
2026-07-19T21:28:03-04:00,run_phase5r_b2_full_universe_market_data.py,full_universe_market_data_refresh,03_source_data/phase5r/phase5r_universe_seed.csv;05_risk_and_positions/current_positions.local.csv,03_source_data/phase5r/phase5r_b2_market_data_snapshot.csv,complete,read_only_public_market_data=yes; canonical_candidate_universe=yes; current_position_price_monitoring=yes; no_broker=yes; no_orders=yes; no_email=yes; no_credentials=yes; archived_legacy_used=no; sequence=2; smoke_test_passed=yes; held_tickers_price_only=yes
2026-07-19T21:28:03-04:00,run_phase5r_b2_full_universe_market_data.py,write_b2_market_data_outputs,03_source_data/phase5r/phase5r_universe_seed.csv;05_risk_and_positions/current_positions.local.csv,03_source_data/phase5r/phase5r_b2_market_data_snapshot.csv;03_source_data/phase5r/phase5r_b2_market_data_quality_report.csv;03_source_data/phase5r/phase5r_b2_candidates_with_market_data.csv;00_project_control/phase5r_b2_data_source_decision.md;04_research/realtime_stock_picker_phase5r/phase5r_b2_data_report.md,complete,read_only_public_market_data=yes; canonical_candidate_universe=yes; current_position_price_monitoring=yes; no_broker=yes; no_orders=yes; no_email=yes; no_credentials=yes; archived_legacy_used=no; snapshot_rows=29; candidate_rows=27; held_price_rows=2; smoke_test_passed=yes
2026-07-19T21:28:03-04:00,score_phase5r_b2_candidates.py,score_phase5r_b2_candidates,03_source_data/phase5r/phase5r_b2_candidates_with_market_data.csv,03_source_data/phase5r/phase5r_b2_signal_scores.csv;08_reviews/current/latest_phase5r_b2_daily_research_preview.md;08_reviews/current/latest_phase5r_b2_watchlist.md,complete,read_only_scoring=yes; manual_execution_only=yes; no_broker=yes; no_orders=yes; no_email=yes; no_credentials=yes; archived_legacy_used=no
2026-07-19T21:28:03-04:00,create_phase5r_b2_manual_trade_tickets.py,create_phase5r_b2_manual_trade_tickets,03_source_data/phase5r/phase5r_b2_signal_scores.csv;03_source_data/phase5r/phase5r_universe_seed.csv,03_source_data/phase5r/phase5r_b2_manual_trade_tickets.csv;08_reviews/current/latest_phase5r_b2_manual_trade_tickets.md,complete,manual_tickets_only=yes; manual_confirmation_required=yes; broker_connection_allowed=no; real_order_allowed_by_script=no; old_holding_data_used=no; no_email=yes; archived_legacy_used=no
2026-07-19T21:31:30-04:00,run_phase5r_b2_full_universe_market_data.py,benchmark_smoke_test,QQQ;XLK;SPY,in_memory_preflight_only,passed,read_only_public_market_data=yes; canonical_candidate_universe=yes; current_position_price_monitoring=yes; no_broker=yes; no_orders=yes; no_email=yes; no_credentials=yes; archived_legacy_used=no; sequence=1; full_universe_fetch_not_started_before_this_check
2026-07-19T21:31:33-04:00,run_phase5r_b2_full_universe_market_data.py,full_universe_market_data_refresh,03_source_data/phase5r/phase5r_universe_seed.csv;05_risk_and_positions/current_positions.local.csv,03_source_data/phase5r/phase5r_b2_market_data_snapshot.csv,complete,read_only_public_market_data=yes; canonical_candidate_universe=yes; current_position_price_monitoring=yes; no_broker=yes; no_orders=yes; no_email=yes; no_credentials=yes; archived_legacy_used=no; sequence=2; smoke_test_passed=yes; held_tickers_price_only=yes
2026-07-19T21:31:33-04:00,run_phase5r_b2_full_universe_market_data.py,write_b2_market_data_outputs,03_source_data/phase5r/phase5r_universe_seed.csv;05_risk_and_positions/current_positions.local.csv,03_source_data/phase5r/phase5r_b2_market_data_snapshot.csv;03_source_data/phase5r/phase5r_b2_market_data_quality_report.csv;03_source_data/phase5r/phase5r_b2_candidates_with_market_data.csv;00_project_control/phase5r_b2_data_source_decision.md;04_research/realtime_stock_picker_phase5r/phase5r_b2_data_report.md,complete,read_only_public_market_data=yes; canonical_candidate_universe=yes; current_position_price_monitoring=yes; no_broker=yes; no_orders=yes; no_email=yes; no_credentials=yes; archived_legacy_used=no; snapshot_rows=29; candidate_rows=27; held_price_rows=2; smoke_test_passed=yes
2026-07-19T21:31:33-04:00,score_phase5r_b2_candidates.py,score_phase5r_b2_candidates,03_source_data/phase5r/phase5r_b2_candidates_with_market_data.csv,03_source_data/phase5r/phase5r_b2_signal_scores.csv;08_reviews/current/latest_phase5r_b2_daily_research_preview.md;08_reviews/current/latest_phase5r_b2_watchlist.md,complete,read_only_scoring=yes; manual_execution_only=yes; no_broker=yes; no_orders=yes; no_email=yes; no_credentials=yes; archived_legacy_used=no
2026-07-23T23:19:45-04:00,run_phase5r_b2_full_universe_market_data.py,benchmark_smoke_test,QQQ;XLK;SPY,in_memory_preflight_only,passed,read_only_public_market_data=yes; canonical_candidate_universe=yes; current_position_price_monitoring=yes; no_broker=yes; no_orders=yes; no_email=yes; no_credentials=yes; archived_legacy_used=no; sequence=1; full_universe_fetch_not_started_before_this_check
2026-07-23T23:19:47-04:00,run_phase5r_b2_full_universe_market_data.py,full_universe_market_data_refresh,03_source_data/phase5r/phase5r_universe_seed.csv;05_risk_and_positions/current_positions.local.csv,03_source_data/phase5r/phase5r_b2_market_data_snapshot.csv,complete,read_only_public_market_data=yes; canonical_candidate_universe=yes; current_position_price_monitoring=yes; no_broker=yes; no_orders=yes; no_email=yes; no_credentials=yes; archived_legacy_used=no; sequence=2; smoke_test_passed=yes; held_tickers_price_only=yes
2026-07-23T23:19:47-04:00,run_phase5r_b2_full_universe_market_data.py,write_b2_market_data_outputs,03_source_data/phase5r/phase5r_universe_seed.csv;05_risk_and_positions/current_positions.local.csv,03_source_data/phase5r/phase5r_b2_market_data_snapshot.csv;03_source_data/phase5r/phase5r_b2_market_data_quality_report.csv;03_source_data/phase5r/phase5r_b2_candidates_with_market_data.csv;00_project_control/phase5r_b2_data_source_decision.md;04_research/realtime_stock_picker_phase5r/phase5r_b2_data_report.md,complete,read_only_public_market_data=yes; canonical_candidate_universe=yes; current_position_price_monitoring=yes; no_broker=yes; no_orders=yes; no_email=yes; no_credentials=yes; archived_legacy_used=no; snapshot_rows=29; candidate_rows=27; held_price_rows=2; smoke_test_passed=yes
2026-07-23T23:51:36-04:00,run_phase5r_b2_full_universe_market_data.py,benchmark_smoke_test,QQQ;XLK;SPY,in_memory_preflight_only,passed,read_only_public_market_data=yes; canonical_candidate_universe=yes; current_position_price_monitoring=yes; no_broker=yes; no_orders=yes; no_email=yes; no_credentials=yes; archived_legacy_used=no; sequence=1; full_universe_fetch_not_started_before_this_check
2026-07-23T23:51:38-04:00,run_phase5r_b2_full_universe_market_data.py,full_universe_market_data_refresh,03_source_data/phase5r/phase5r_universe_seed.csv;05_risk_and_positions/current_positions.local.csv,03_source_data/phase5r/phase5r_b2_market_data_snapshot.csv,complete,read_only_public_market_data=yes; canonical_candidate_universe=yes; current_position_price_monitoring=yes; no_broker=yes; no_orders=yes; no_email=yes; no_credentials=yes; archived_legacy_used=no; sequence=2; smoke_test_passed=yes; held_tickers_price_only=yes
2026-07-23T23:51:38-04:00,run_phase5r_b2_full_universe_market_data.py,write_b2_market_data_outputs,03_source_data/phase5r/phase5r_universe_seed.csv;05_risk_and_positions/current_positions.local.csv,03_source_data/phase5r/phase5r_b2_market_data_snapshot.csv;03_source_data/phase5r/phase5r_b2_market_data_quality_report.csv;03_source_data/phase5r/phase5r_b2_candidates_with_market_data.csv;00_project_control/phase5r_b2_data_source_decision.md;04_research/realtime_stock_picker_phase5r/phase5r_b2_data_report.md,complete,read_only_public_market_data=yes; canonical_candidate_universe=yes; current_position_price_monitoring=yes; no_broker=yes; no_orders=yes; no_email=yes; no_credentials=yes; archived_legacy_used=no; snapshot_rows=29; candidate_rows=27; held_price_rows=2; smoke_test_passed=yes
2026-07-23T23:51:39-04:00,score_phase5r_b2_candidates.py,score_phase5r_b2_candidates,03_source_data/phase5r/phase5r_b2_candidates_with_market_data.csv,03_source_data/phase5r/phase5r_b2_signal_scores.csv;08_reviews/current/latest_phase5r_b2_daily_research_preview.md;08_reviews/current/latest_phase5r_b2_watchlist.md,complete,read_only_scoring=yes; manual_execution_only=yes; no_broker=yes; no_orders=yes; no_email=yes; no_credentials=yes; archived_legacy_used=no
2026-07-23T23:55:18-04:00,run_phase5r_b2_full_universe_market_data.py,benchmark_smoke_test,QQQ;XLK;SPY,in_memory_preflight_only,passed,read_only_public_market_data=yes; canonical_candidate_universe=yes; current_position_price_monitoring=yes; no_broker=yes; no_orders=yes; no_email=yes; no_credentials=yes; archived_legacy_used=no; sequence=1; full_universe_fetch_not_started_before_this_check
2026-07-23T23:55:21-04:00,run_phase5r_b2_full_universe_market_data.py,full_universe_market_data_refresh,03_source_data/phase5r/phase5r_universe_seed.csv;05_risk_and_positions/current_positions.local.csv,03_source_data/phase5r/phase5r_b2_market_data_snapshot.csv,complete,read_only_public_market_data=yes; canonical_candidate_universe=yes; current_position_price_monitoring=yes; no_broker=yes; no_orders=yes; no_email=yes; no_credentials=yes; archived_legacy_used=no; sequence=2; smoke_test_passed=yes; held_tickers_price_only=yes
2026-07-23T23:55:21-04:00,run_phase5r_b2_full_universe_market_data.py,write_b2_market_data_outputs,03_source_data/phase5r/phase5r_universe_seed.csv;05_risk_and_positions/current_positions.local.csv,03_source_data/phase5r/phase5r_b2_market_data_snapshot.csv;03_source_data/phase5r/phase5r_b2_market_data_quality_report.csv;03_source_data/phase5r/phase5r_b2_candidates_with_market_data.csv;00_project_control/phase5r_b2_data_source_decision.md;04_research/realtime_stock_picker_phase5r/phase5r_b2_data_report.md,complete,read_only_public_market_data=yes; canonical_candidate_universe=yes; current_position_price_monitoring=yes; no_broker=yes; no_orders=yes; no_email=yes; no_credentials=yes; archived_legacy_used=no; snapshot_rows=29; candidate_rows=27; held_price_rows=2; smoke_test_passed=yes
2026-07-23T23:55:21-04:00,score_phase5r_b2_candidates.py,score_phase5r_b2_candidates,03_source_data/phase5r/phase5r_b2_candidates_with_market_data.csv,03_source_data/phase5r/phase5r_b2_signal_scores.csv;08_reviews/current/latest_phase5r_b2_daily_research_preview.md;08_reviews/current/latest_phase5r_b2_watchlist.md,complete,read_only_scoring=yes; manual_execution_only=yes; no_broker=yes; no_orders=yes; no_email=yes; no_credentials=yes; archived_legacy_used=no
2026-07-24T11:19:57-04:00,run_phase5r_b2_full_universe_market_data.py,benchmark_smoke_test,QQQ;XLK;SPY,in_memory_preflight_only,passed,read_only_public_market_data=yes; canonical_candidate_universe=yes; current_position_price_monitoring=yes; no_broker=yes; no_orders=yes; no_email=yes; no_credentials=yes; archived_legacy_used=no; sequence=1; full_universe_fetch_not_started_before_this_check
2026-07-24T11:20:01-04:00,run_phase5r_b2_full_universe_market_data.py,full_universe_market_data_refresh,03_source_data/phase5r/phase5r_universe_seed.csv;05_risk_and_positions/current_positions.local.csv,03_source_data/phase5r/phase5r_b2_market_data_snapshot.csv,complete,read_only_public_market_data=yes; canonical_candidate_universe=yes; current_position_price_monitoring=yes; no_broker=yes; no_orders=yes; no_email=yes; no_credentials=yes; archived_legacy_used=no; sequence=2; smoke_test_passed=yes; held_tickers_price_only=yes
2026-07-24T11:20:01-04:00,run_phase5r_b2_full_universe_market_data.py,write_b2_market_data_outputs,03_source_data/phase5r/phase5r_universe_seed.csv;05_risk_and_positions/current_positions.local.csv,03_source_data/phase5r/phase5r_b2_market_data_snapshot.csv;03_source_data/phase5r/phase5r_b2_market_data_quality_report.csv;03_source_data/phase5r/phase5r_b2_candidates_with_market_data.csv;00_project_control/phase5r_b2_data_source_decision.md;04_research/realtime_stock_picker_phase5r/phase5r_b2_data_report.md,complete,read_only_public_market_data=yes; canonical_candidate_universe=yes; current_position_price_monitoring=yes; no_broker=yes; no_orders=yes; no_email=yes; no_credentials=yes; archived_legacy_used=no; snapshot_rows=29; candidate_rows=27; held_price_rows=2; smoke_test_passed=yes
2026-07-24T11:20:06-04:00,score_phase5r_b2_candidates.py,score_phase5r_b2_candidates,03_source_data/phase5r/phase5r_b2_candidates_with_market_data.csv,03_source_data/phase5r/phase5r_b2_signal_scores.csv;08_reviews/current/latest_phase5r_b2_daily_research_preview.md;08_reviews/current/latest_phase5r_b2_watchlist.md,complete,read_only_scoring=yes; manual_execution_only=yes; no_broker=yes; no_orders=yes; no_email=yes; no_credentials=yes; archived_legacy_used=no
2026-07-24T12:51:35-04:00,run_phase5r_b2_full_universe_market_data.py,benchmark_smoke_test,QQQ;XLK;SPY,in_memory_preflight_only,passed,read_only_public_market_data=yes; canonical_candidate_universe=yes; current_position_price_monitoring=yes; no_broker=yes; no_orders=yes; no_email=yes; no_credentials=yes; archived_legacy_used=no; sequence=1; full_universe_fetch_not_started_before_this_check
2026-07-24T12:51:41-04:00,run_phase5r_b2_full_universe_market_data.py,full_universe_market_data_refresh,03_source_data/phase5r/phase5r_universe_seed.csv;05_risk_and_positions/current_positions.local.csv,03_source_data/phase5r/phase5r_b2_market_data_snapshot.csv,complete,read_only_public_market_data=yes; canonical_candidate_universe=yes; current_position_price_monitoring=yes; no_broker=yes; no_orders=yes; no_email=yes; no_credentials=yes; archived_legacy_used=no; sequence=2; smoke_test_passed=yes; held_tickers_price_only=yes
2026-07-24T12:51:41-04:00,run_phase5r_b2_full_universe_market_data.py,write_b2_market_data_outputs,03_source_data/phase5r/phase5r_universe_seed.csv;05_risk_and_positions/current_positions.local.csv,03_source_data/phase5r/phase5r_b2_market_data_snapshot.csv;03_source_data/phase5r/phase5r_b2_market_data_quality_report.csv;03_source_data/phase5r/phase5r_b2_candidates_with_market_data.csv;00_project_control/phase5r_b2_data_source_decision.md;04_research/realtime_stock_picker_phase5r/phase5r_b2_data_report.md,complete,read_only_public_market_data=yes; canonical_candidate_universe=yes; current_position_price_monitoring=yes; no_broker=yes; no_orders=yes; no_email=yes; no_credentials=yes; archived_legacy_used=no; snapshot_rows=29; candidate_rows=27; held_price_rows=2; smoke_test_passed=yes
2026-07-24T12:51:42-04:00,score_phase5r_b2_candidates.py,score_phase5r_b2_candidates,03_source_data/phase5r/phase5r_b2_candidates_with_market_data.csv,03_source_data/phase5r/phase5r_b2_signal_scores.csv;08_reviews/current/latest_phase5r_b2_daily_research_preview.md;08_reviews/current/latest_phase5r_b2_watchlist.md,complete,read_only_scoring=yes; manual_execution_only=yes; no_broker=yes; no_orders=yes; no_email=yes; no_credentials=yes; archived_legacy_used=no
2026-07-24T17:22:50-04:00,run_phase5r_b2_full_universe_market_data.py,benchmark_smoke_test,QQQ;XLK;SPY,in_memory_preflight_only,failed,read_only_public_market_data=yes; canonical_candidate_universe=yes; current_position_price_monitoring=yes; no_broker=yes; no_orders=yes; no_email=yes; no_credentials=yes; archived_legacy_used=no; sequence=1; full_universe_fetch_not_started_before_this_check
2026-07-24T17:22:50-04:00,run_phase5r_b2_full_universe_market_data.py,full_universe_market_data_refresh,03_source_data/phase5r/phase5r_universe_seed.csv;05_risk_and_positions/current_positions.local.csv,03_source_data/phase5r/phase5r_b2_market_data_snapshot.csv,not_attempted,read_only_public_market_data=yes; canonical_candidate_universe=yes; current_position_price_monitoring=yes; no_broker=yes; no_orders=yes; no_email=yes; no_credentials=yes; archived_legacy_used=no; sequence=2; smoke_test_passed=no; fail_safe_stop=yes; held_tickers_price_only=yes
2026-07-24T17:22:50-04:00,run_phase5r_b2_full_universe_market_data.py,write_b2_market_data_outputs,03_source_data/phase5r/phase5r_universe_seed.csv;05_risk_and_positions/current_positions.local.csv,03_source_data/phase5r/phase5r_b2_market_data_snapshot.csv;03_source_data/phase5r/phase5r_b2_market_data_quality_report.csv;03_source_data/phase5r/phase5r_b2_candidates_with_market_data.csv;00_project_control/phase5r_b2_data_source_decision.md;04_research/realtime_stock_picker_phase5r/phase5r_b2_data_report.md,complete,read_only_public_market_data=yes; canonical_candidate_universe=yes; current_position_price_monitoring=yes; no_broker=yes; no_orders=yes; no_email=yes; no_credentials=yes; archived_legacy_used=no; snapshot_rows=29; candidate_rows=27; held_price_rows=2; smoke_test_passed=no
2026-07-24T17:22:52-04:00,score_phase5r_b2_candidates.py,score_phase5r_b2_candidates,03_source_data/phase5r/phase5r_b2_candidates_with_market_data.csv,03_source_data/phase5r/phase5r_b2_signal_scores.csv;08_reviews/current/latest_phase5r_b2_daily_research_preview.md;08_reviews/current/latest_phase5r_b2_watchlist.md,complete,read_only_scoring=yes; manual_execution_only=yes; no_broker=yes; no_orders=yes; no_email=yes; no_credentials=yes; archived_legacy_used=no
2026-07-24T19:11:46-04:00,run_phase5r_b2_full_universe_market_data.py,benchmark_smoke_test,QQQ;XLK;SPY,in_memory_preflight_only,passed,read_only_public_market_data=yes; canonical_candidate_universe=yes; current_position_price_monitoring=yes; no_broker=yes; no_orders=yes; no_email=yes; no_credentials=yes; archived_legacy_used=no; sequence=1; full_universe_fetch_not_started_before_this_check
2026-07-24T19:11:50-04:00,run_phase5r_b2_full_universe_market_data.py,full_universe_market_data_refresh,03_source_data/phase5r/phase5r_universe_seed.csv;05_risk_and_positions/current_positions.local.csv,03_source_data/phase5r/phase5r_b2_market_data_snapshot.csv,complete,read_only_public_market_data=yes; canonical_candidate_universe=yes; current_position_price_monitoring=yes; no_broker=yes; no_orders=yes; no_email=yes; no_credentials=yes; archived_legacy_used=no; sequence=2; smoke_test_passed=yes; held_tickers_price_only=yes
2026-07-24T19:11:50-04:00,run_phase5r_b2_full_universe_market_data.py,write_b2_market_data_outputs,03_source_data/phase5r/phase5r_universe_seed.csv;05_risk_and_positions/current_positions.local.csv,03_source_data/phase5r/phase5r_b2_market_data_snapshot.csv;03_source_data/phase5r/phase5r_b2_market_data_quality_report.csv;03_source_data/phase5r/phase5r_b2_candidates_with_market_data.csv;00_project_control/phase5r_b2_data_source_decision.md;04_research/realtime_stock_picker_phase5r/phase5r_b2_data_report.md,complete,read_only_public_market_data=yes; canonical_candidate_universe=yes; current_position_price_monitoring=yes; no_broker=yes; no_orders=yes; no_email=yes; no_credentials=yes; archived_legacy_used=no; snapshot_rows=29; candidate_rows=27; held_price_rows=2; smoke_test_passed=yes
2026-07-24T19:11:52-04:00,score_phase5r_b2_candidates.py,score_phase5r_b2_candidates,03_source_data/phase5r/phase5r_b2_candidates_with_market_data.csv,03_source_data/phase5r/phase5r_b2_signal_scores.csv;08_reviews/current/latest_phase5r_b2_daily_research_preview.md;08_reviews/current/latest_phase5r_b2_watchlist.md,complete,read_only_scoring=yes; manual_execution_only=yes; no_broker=yes; no_orders=yes; no_email=yes; no_credentials=yes; archived_legacy_used=no
2026-07-24T19:13:24-04:00,run_phase5r_b2_full_universe_market_data.py,benchmark_smoke_test,QQQ;XLK;SPY,in_memory_preflight_only,passed,read_only_public_market_data=yes; canonical_candidate_universe=yes; current_position_price_monitoring=yes; no_broker=yes; no_orders=yes; no_email=yes; no_credentials=yes; archived_legacy_used=no; sequence=1; full_universe_fetch_not_started_before_this_check
2026-07-24T19:13:28-04:00,run_phase5r_b2_full_universe_market_data.py,full_universe_market_data_refresh,03_source_data/phase5r/phase5r_universe_seed.csv;05_risk_and_positions/current_positions.local.csv,03_source_data/phase5r/phase5r_b2_market_data_snapshot.csv,complete,read_only_public_market_data=yes; canonical_candidate_universe=yes; current_position_price_monitoring=yes; no_broker=yes; no_orders=yes; no_email=yes; no_credentials=yes; archived_legacy_used=no; sequence=2; smoke_test_passed=yes; held_tickers_price_only=yes
2026-07-24T19:13:28-04:00,run_phase5r_b2_full_universe_market_data.py,write_b2_market_data_outputs,03_source_data/phase5r/phase5r_universe_seed.csv;05_risk_and_positions/current_positions.local.csv,03_source_data/phase5r/phase5r_b2_market_data_snapshot.csv;03_source_data/phase5r/phase5r_b2_market_data_quality_report.csv;03_source_data/phase5r/phase5r_b2_candidates_with_market_data.csv;00_project_control/phase5r_b2_data_source_decision.md;04_research/realtime_stock_picker_phase5r/phase5r_b2_data_report.md,complete,read_only_public_market_data=yes; canonical_candidate_universe=yes; current_position_price_monitoring=yes; no_broker=yes; no_orders=yes; no_email=yes; no_credentials=yes; archived_legacy_used=no; snapshot_rows=29; candidate_rows=27; held_price_rows=2; smoke_test_passed=yes
2026-07-24T19:13:29-04:00,score_phase5r_b2_candidates.py,score_phase5r_b2_candidates,03_source_data/phase5r/phase5r_b2_candidates_with_market_data.csv,03_source_data/phase5r/phase5r_b2_signal_scores.csv;08_reviews/current/latest_phase5r_b2_daily_research_preview.md;08_reviews/current/latest_phase5r_b2_watchlist.md,complete,read_only_scoring=yes; manual_execution_only=yes; no_broker=yes; no_orders=yes; no_email=yes; no_credentials=yes; archived_legacy_used=no
2026-07-24T23:21:09-04:00,run_phase5r_b2_full_universe_market_data.py,benchmark_smoke_test,QQQ;XLK;SPY,in_memory_preflight_only,passed,read_only_public_market_data=yes; canonical_candidate_universe=yes; current_position_price_monitoring=yes; no_broker=yes; no_orders=yes; no_email=yes; no_credentials=yes; archived_legacy_used=no; sequence=1; full_universe_fetch_not_started_before_this_check
2026-07-24T23:21:12-04:00,run_phase5r_b2_full_universe_market_data.py,full_universe_market_data_refresh,03_source_data/phase5r/phase5r_universe_seed.csv;05_risk_and_positions/current_positions.local.csv,03_source_data/phase5r/phase5r_b2_market_data_snapshot.csv,complete,read_only_public_market_data=yes; canonical_candidate_universe=yes; current_position_price_monitoring=yes; no_broker=yes; no_orders=yes; no_email=yes; no_credentials=yes; archived_legacy_used=no; sequence=2; smoke_test_passed=yes; held_tickers_price_only=yes
2026-07-24T23:21:12-04:00,run_phase5r_b2_full_universe_market_data.py,write_b2_market_data_outputs,03_source_data/phase5r/phase5r_universe_seed.csv;05_risk_and_positions/current_positions.local.csv,03_source_data/phase5r/phase5r_b2_market_data_snapshot.csv;03_source_data/phase5r/phase5r_b2_market_data_quality_report.csv;03_source_data/phase5r/phase5r_b2_candidates_with_market_data.csv;00_project_control/phase5r_b2_data_source_decision.md;04_research/realtime_stock_picker_phase5r/phase5r_b2_data_report.md,complete,read_only_public_market_data=yes; canonical_candidate_universe=yes; current_position_price_monitoring=yes; no_broker=yes; no_orders=yes; no_email=yes; no_credentials=yes; archived_legacy_used=no; snapshot_rows=29; candidate_rows=27; held_price_rows=2; smoke_test_passed=yes
2026-07-24T23:21:12-04:00,score_phase5r_b2_candidates.py,score_phase5r_b2_candidates,03_source_data/phase5r/phase5r_b2_candidates_with_market_data.csv,03_source_data/phase5r/phase5r_b2_signal_scores.csv;08_reviews/current/latest_phase5r_b2_daily_research_preview.md;08_reviews/current/latest_phase5r_b2_watchlist.md,complete,read_only_scoring=yes; manual_execution_only=yes; no_broker=yes; no_orders=yes; no_email=yes; no_credentials=yes; archived_legacy_used=no
2026-07-25T03:14:36-04:00,verify_phase5r_b2_read_only_boundary.py,verify_phase5r_b2_read_only_boundary,phase5r_b2 outputs,00_project_control/phase5r_b2_verification_report.md;04_research/realtime_stock_picker_phase5r/phase5r_b2_verification_report.md,failed,verification_only=yes; no_broker=yes; no_orders=yes; no_email=yes; no_credentials=yes; archived_legacy_used=no
2026-07-25T03:32:58-04:00,verify_phase5r_b2_read_only_boundary.py,verify_phase5r_b2_read_only_boundary,phase5r_b2 outputs,00_project_control/phase5r_b2_verification_report.md;04_research/realtime_stock_picker_phase5r/phase5r_b2_verification_report.md,complete,verification_only=yes; no_broker=yes; no_orders=yes; no_email=yes; no_credentials=yes; archived_legacy_used=no
2026-07-25T04:03:36-04:00,verify_phase5r_b2_read_only_boundary.py,verify_phase5r_b2_read_only_boundary,phase5r_b2 outputs,00_project_control/phase5r_b2_verification_report.md;04_research/realtime_stock_picker_phase5r/phase5r_b2_verification_report.md,complete,verification_only=yes; no_broker=yes; no_orders=yes; no_email=yes; no_credentials=yes; archived_legacy_used=no
2026-07-25T04:34:16-04:00,verify_phase5r_b2_read_only_boundary.py,verify_phase5r_b2_read_only_boundary,phase5r_b2 outputs,00_project_control/phase5r_b2_verification_report.md;04_research/realtime_stock_picker_phase5r/phase5r_b2_verification_report.md,complete,verification_only=yes; no_broker=yes; no_orders=yes; no_email=yes; no_credentials=yes; archived_legacy_used=no
2026-07-25T12:47:35-04:00,run_phase5r_b2_full_universe_market_data.py,benchmark_smoke_test,QQQ;XLK;SPY,in_memory_preflight_only,passed,read_only_public_market_data=yes; canonical_candidate_universe=yes; current_position_price_monitoring=yes; no_broker=yes; no_orders=yes; no_email=yes; no_credentials=yes; archived_legacy_used=no; sequence=1; full_universe_fetch_not_started_before_this_check
2026-07-25T12:47:39-04:00,run_phase5r_b2_full_universe_market_data.py,full_universe_market_data_refresh,03_source_data/phase5r/phase5r_universe_seed.csv;05_risk_and_positions/current_positions.local.csv,03_source_data/phase5r/phase5r_b2_market_data_snapshot.csv,complete,read_only_public_market_data=yes; canonical_candidate_universe=yes; current_position_price_monitoring=yes; no_broker=yes; no_orders=yes; no_email=yes; no_credentials=yes; archived_legacy_used=no; sequence=2; smoke_test_passed=yes; held_tickers_price_only=yes
2026-07-25T12:47:39-04:00,run_phase5r_b2_full_universe_market_data.py,write_b2_market_data_outputs,03_source_data/phase5r/phase5r_universe_seed.csv;05_risk_and_positions/current_positions.local.csv,03_source_data/phase5r/phase5r_b2_market_data_snapshot.csv;03_source_data/phase5r/phase5r_b2_market_data_quality_report.csv;03_source_data/phase5r/phase5r_b2_candidates_with_market_data.csv;00_project_control/phase5r_b2_data_source_decision.md;04_research/realtime_stock_picker_phase5r/phase5r_b2_data_report.md,complete,read_only_public_market_data=yes; canonical_candidate_universe=yes; current_position_price_monitoring=yes; no_broker=yes; no_orders=yes; no_email=yes; no_credentials=yes; archived_legacy_used=no; snapshot_rows=29; candidate_rows=27; held_price_rows=2; smoke_test_passed=yes
2026-07-25T12:47:39-04:00,score_phase5r_b2_candidates.py,score_phase5r_b2_candidates,03_source_data/phase5r/phase5r_b2_candidates_with_market_data.csv,03_source_data/phase5r/phase5r_b2_signal_scores.csv;08_reviews/current/latest_phase5r_b2_daily_research_preview.md;08_reviews/current/latest_phase5r_b2_watchlist.md,complete,read_only_scoring=yes; manual_execution_only=yes; no_broker=yes; no_orders=yes; no_email=yes; no_credentials=yes; archived_legacy_used=no
2026-07-25T21:36:17-04:00,run_phase5r_b2_full_universe_market_data.py,benchmark_smoke_test,QQQ;XLK;SPY,in_memory_preflight_only,failed,read_only_public_market_data=yes; canonical_candidate_universe=yes; current_position_price_monitoring=yes; no_broker=yes; no_orders=yes; no_email=yes; no_credentials=yes; archived_legacy_used=no; sequence=1; full_universe_fetch_not_started_before_this_check
2026-07-25T21:36:17-04:00,run_phase5r_b2_full_universe_market_data.py,full_universe_market_data_refresh,03_source_data/phase5r/phase5r_universe_seed.csv;05_risk_and_positions/current_positions.local.csv,03_source_data/phase5r/phase5r_b2_market_data_snapshot.csv,not_attempted,read_only_public_market_data=yes; canonical_candidate_universe=yes; current_position_price_monitoring=yes; no_broker=yes; no_orders=yes; no_email=yes; no_credentials=yes; archived_legacy_used=no; sequence=2; smoke_test_passed=no; fail_safe_stop=yes; held_tickers_price_only=yes
2026-07-25T21:36:17-04:00,run_phase5r_b2_full_universe_market_data.py,write_b2_market_data_outputs,03_source_data/phase5r/phase5r_universe_seed.csv;05_risk_and_positions/current_positions.local.csv,03_source_data/phase5r/phase5r_b2_market_data_snapshot.csv;03_source_data/phase5r/phase5r_b2_market_data_quality_report.csv;03_source_data/phase5r/phase5r_b2_candidates_with_market_data.csv;00_project_control/phase5r_b2_data_source_decision.md;04_research/realtime_stock_picker_phase5r/phase5r_b2_data_report.md,complete,read_only_public_market_data=yes; canonical_candidate_universe=yes; current_position_price_monitoring=yes; no_broker=yes; no_orders=yes; no_email=yes; no_credentials=yes; archived_legacy_used=no; snapshot_rows=29; candidate_rows=27; held_price_rows=2; smoke_test_passed=no
2026-07-25T21:36:18-04:00,score_phase5r_b2_candidates.py,score_phase5r_b2_candidates,03_source_data/phase5r/phase5r_b2_candidates_with_market_data.csv,03_source_data/phase5r/phase5r_b2_signal_scores.csv;08_reviews/current/latest_phase5r_b2_daily_research_preview.md;08_reviews/current/latest_phase5r_b2_watchlist.md,complete,read_only_scoring=yes; manual_execution_only=yes; no_broker=yes; no_orders=yes; no_email=yes; no_credentials=yes; archived_legacy_used=no
2026-07-26T15:20:33-04:00,run_phase5r_b2_full_universe_market_data.py,benchmark_smoke_test,QQQ;XLK;SPY,in_memory_preflight_only,failed,read_only_public_market_data=yes; canonical_candidate_universe=yes; current_position_price_monitoring=yes; no_broker=yes; no_orders=yes; no_email=yes; no_credentials=yes; archived_legacy_used=no; sequence=1; full_universe_fetch_not_started_before_this_check
2026-07-26T15:20:34-04:00,run_phase5r_b2_full_universe_market_data.py,full_universe_market_data_refresh,03_source_data/phase5r/phase5r_universe_seed.csv;05_risk_and_positions/current_positions.local.csv,03_source_data/phase5r/phase5r_b2_market_data_snapshot.csv,not_attempted,read_only_public_market_data=yes; canonical_candidate_universe=yes; current_position_price_monitoring=yes; no_broker=yes; no_orders=yes; no_email=yes; no_credentials=yes; archived_legacy_used=no; sequence=2; smoke_test_passed=no; fail_safe_stop=yes; held_tickers_price_only=yes
2026-07-26T15:20:34-04:00,run_phase5r_b2_full_universe_market_data.py,write_b2_market_data_outputs,03_source_data/phase5r/phase5r_universe_seed.csv;05_risk_and_positions/current_positions.local.csv,03_source_data/phase5r/phase5r_b2_market_data_snapshot.csv;03_source_data/phase5r/phase5r_b2_market_data_quality_report.csv;03_source_data/phase5r/phase5r_b2_candidates_with_market_data.csv;00_project_control/phase5r_b2_data_source_decision.md;04_research/realtime_stock_picker_phase5r/phase5r_b2_data_report.md,complete,read_only_public_market_data=yes; canonical_candidate_universe=yes; current_position_price_monitoring=yes; no_broker=yes; no_orders=yes; no_email=yes; no_credentials=yes; archived_legacy_used=no; snapshot_rows=29; candidate_rows=27; held_price_rows=2; smoke_test_passed=no
2026-07-26T15:20:34-04:00,score_phase5r_b2_candidates.py,score_phase5r_b2_candidates,03_source_data/phase5r/phase5r_b2_candidates_with_market_data.csv,03_source_data/phase5r/phase5r_b2_signal_scores.csv;08_reviews/current/latest_phase5r_b2_daily_research_preview.md;08_reviews/current/latest_phase5r_b2_watchlist.md,complete,read_only_scoring=yes; manual_execution_only=yes; no_broker=yes; no_orders=yes; no_email=yes; no_credentials=yes; archived_legacy_used=no
2026-07-26T18:41:38-04:00,run_phase5r_b2_full_universe_market_data.py,benchmark_smoke_test,QQQ;XLK;SPY,in_memory_preflight_only,failed,read_only_public_market_data=yes; canonical_candidate_universe=yes; current_position_price_monitoring=yes; no_broker=yes; no_orders=yes; no_email=yes; no_credentials=yes; archived_legacy_used=no; sequence=1; full_universe_fetch_not_started_before_this_check
2026-07-26T18:41:38-04:00,run_phase5r_b2_full_universe_market_data.py,full_universe_market_data_refresh,03_source_data/phase5r/phase5r_universe_seed.csv;05_risk_and_positions/current_positions.local.csv,03_source_data/phase5r/phase5r_b2_market_data_snapshot.csv,not_attempted,read_only_public_market_data=yes; canonical_candidate_universe=yes; current_position_price_monitoring=yes; no_broker=yes; no_orders=yes; no_email=yes; no_credentials=yes; archived_legacy_used=no; sequence=2; smoke_test_passed=no; fail_safe_stop=yes; held_tickers_price_only=yes
2026-07-26T18:41:38-04:00,run_phase5r_b2_full_universe_market_data.py,write_b2_market_data_outputs,03_source_data/phase5r/phase5r_universe_seed.csv;05_risk_and_positions/current_positions.local.csv,03_source_data/phase5r/phase5r_b2_market_data_snapshot.csv;03_source_data/phase5r/phase5r_b2_market_data_quality_report.csv;03_source_data/phase5r/phase5r_b2_candidates_with_market_data.csv;00_project_control/phase5r_b2_data_source_decision.md;04_research/realtime_stock_picker_phase5r/phase5r_b2_data_report.md,complete,read_only_public_market_data=yes; canonical_candidate_universe=yes; current_position_price_monitoring=yes; no_broker=yes; no_orders=yes; no_email=yes; no_credentials=yes; archived_legacy_used=no; snapshot_rows=29; candidate_rows=27; held_price_rows=2; smoke_test_passed=no
2026-07-26T18:41:39-04:00,score_phase5r_b2_candidates.py,score_phase5r_b2_candidates,03_source_data/phase5r/phase5r_b2_candidates_with_market_data.csv,03_source_data/phase5r/phase5r_b2_signal_scores.csv;08_reviews/current/latest_phase5r_b2_daily_research_preview.md;08_reviews/current/latest_phase5r_b2_watchlist.md,complete,read_only_scoring=yes; manual_execution_only=yes; no_broker=yes; no_orders=yes; no_email=yes; no_credentials=yes; archived_legacy_used=no
2026-07-27T08:18:22-04:00,run_phase5r_b2_full_universe_market_data.py,benchmark_smoke_test,QQQ;XLK;SPY,in_memory_preflight_only,failed,read_only_public_market_data=yes; canonical_candidate_universe=yes; current_position_price_monitoring=yes; no_broker=yes; no_orders=yes; no_email=yes; no_credentials=yes; archived_legacy_used=no; sequence=1; full_universe_fetch_not_started_before_this_check
2026-07-27T08:18:22-04:00,run_phase5r_b2_full_universe_market_data.py,full_universe_market_data_refresh,03_source_data/phase5r/phase5r_universe_seed.csv;05_risk_and_positions/current_positions.local.csv,03_source_data/phase5r/phase5r_b2_market_data_snapshot.csv,not_attempted,read_only_public_market_data=yes; canonical_candidate_universe=yes; current_position_price_monitoring=yes; no_broker=yes; no_orders=yes; no_email=yes; no_credentials=yes; archived_legacy_used=no; sequence=2; smoke_test_passed=no; fail_safe_stop=yes; held_tickers_price_only=yes
2026-07-27T08:18:22-04:00,run_phase5r_b2_full_universe_market_data.py,write_b2_market_data_outputs,03_source_data/phase5r/phase5r_universe_seed.csv;05_risk_and_positions/current_positions.local.csv,03_source_data/phase5r/phase5r_b2_market_data_snapshot.csv;03_source_data/phase5r/phase5r_b2_market_data_quality_report.csv;03_source_data/phase5r/phase5r_b2_candidates_with_market_data.csv;00_project_control/phase5r_b2_data_source_decision.md;04_research/realtime_stock_picker_phase5r/phase5r_b2_data_report.md,complete,read_only_public_market_data=yes; canonical_candidate_universe=yes; current_position_price_monitoring=yes; no_broker=yes; no_orders=yes; no_email=yes; no_credentials=yes; archived_legacy_used=no; snapshot_rows=29; candidate_rows=27; held_price_rows=2; smoke_test_passed=no
2026-07-27T08:18:23-04:00,score_phase5r_b2_candidates.py,score_phase5r_b2_candidates,03_source_data/phase5r/phase5r_b2_candidates_with_market_data.csv,03_source_data/phase5r/phase5r_b2_signal_scores.csv;08_reviews/current/latest_phase5r_b2_daily_research_preview.md;08_reviews/current/latest_phase5r_b2_watchlist.md,complete,read_only_scoring=yes; manual_execution_only=yes; no_broker=yes; no_orders=yes; no_email=yes; no_credentials=yes; archived_legacy_used=no
2026-07-27T13:41:06-04:00,run_phase5r_b2_full_universe_market_data.py,benchmark_smoke_test,QQQ;XLK;SPY,in_memory_preflight_only,passed,read_only_public_market_data=yes; canonical_candidate_universe=yes; current_position_price_monitoring=yes; no_broker=yes; no_orders=yes; no_email=yes; no_credentials=yes; archived_legacy_used=no; sequence=1; full_universe_fetch_not_started_before_this_check
2026-07-27T13:41:10-04:00,run_phase5r_b2_full_universe_market_data.py,full_universe_market_data_refresh,03_source_data/phase5r/phase5r_universe_seed.csv;05_risk_and_positions/current_positions.local.csv,03_source_data/phase5r/phase5r_b2_market_data_snapshot.csv,complete,read_only_public_market_data=yes; canonical_candidate_universe=yes; current_position_price_monitoring=yes; no_broker=yes; no_orders=yes; no_email=yes; no_credentials=yes; archived_legacy_used=no; sequence=2; smoke_test_passed=yes; held_tickers_price_only=yes
2026-07-27T13:41:10-04:00,run_phase5r_b2_full_universe_market_data.py,write_b2_market_data_outputs,03_source_data/phase5r/phase5r_universe_seed.csv;05_risk_and_positions/current_positions.local.csv,03_source_data/phase5r/phase5r_b2_market_data_snapshot.csv;03_source_data/phase5r/phase5r_b2_market_data_quality_report.csv;03_source_data/phase5r/phase5r_b2_candidates_with_market_data.csv;00_project_control/phase5r_b2_data_source_decision.md;04_research/realtime_stock_picker_phase5r/phase5r_b2_data_report.md,complete,read_only_public_market_data=yes; canonical_candidate_universe=yes; current_position_price_monitoring=yes; no_broker=yes; no_orders=yes; no_email=yes; no_credentials=yes; archived_legacy_used=no; snapshot_rows=29; candidate_rows=27; held_price_rows=2; smoke_test_passed=yes
2026-07-27T13:41:14-04:00,score_phase5r_b2_candidates.py,score_phase5r_b2_candidates,03_source_data/phase5r/phase5r_b2_candidates_with_market_data.csv,03_source_data/phase5r/phase5r_b2_signal_scores.csv;08_reviews/current/latest_phase5r_b2_daily_research_preview.md;08_reviews/current/latest_phase5r_b2_watchlist.md,complete,read_only_scoring=yes; manual_execution_only=yes; no_broker=yes; no_orders=yes; no_email=yes; no_credentials=yes; archived_legacy_used=no
2026-07-27T17:02:46-04:00,run_phase5r_b2_full_universe_market_data.py,benchmark_smoke_test,QQQ;XLK;SPY,in_memory_preflight_only,passed,read_only_public_market_data=yes; canonical_candidate_universe=yes; current_position_price_monitoring=yes; no_broker=yes; no_orders=yes; no_email=yes; no_credentials=yes; archived_legacy_used=no; sequence=1; full_universe_fetch_not_started_before_this_check
2026-07-27T17:02:49-04:00,run_phase5r_b2_full_universe_market_data.py,full_universe_market_data_refresh,03_source_data/phase5r/phase5r_universe_seed.csv;05_risk_and_positions/current_positions.local.csv,03_source_data/phase5r/phase5r_b2_market_data_snapshot.csv,complete,read_only_public_market_data=yes; canonical_candidate_universe=yes; current_position_price_monitoring=yes; no_broker=yes; no_orders=yes; no_email=yes; no_credentials=yes; archived_legacy_used=no; sequence=2; smoke_test_passed=yes; held_tickers_price_only=yes
2026-07-27T17:02:50-04:00,run_phase5r_b2_full_universe_market_data.py,write_b2_market_data_outputs,03_source_data/phase5r/phase5r_universe_seed.csv;05_risk_and_positions/current_positions.local.csv,03_source_data/phase5r/phase5r_b2_market_data_snapshot.csv;03_source_data/phase5r/phase5r_b2_market_data_quality_report.csv;03_source_data/phase5r/phase5r_b2_candidates_with_market_data.csv;00_project_control/phase5r_b2_data_source_decision.md;04_research/realtime_stock_picker_phase5r/phase5r_b2_data_report.md,complete,read_only_public_market_data=yes; canonical_candidate_universe=yes; current_position_price_monitoring=yes; no_broker=yes; no_orders=yes; no_email=yes; no_credentials=yes; archived_legacy_used=no; snapshot_rows=29; candidate_rows=27; held_price_rows=2; smoke_test_passed=yes
2026-07-27T17:02:52-04:00,score_phase5r_b2_candidates.py,score_phase5r_b2_candidates,03_source_data/phase5r/phase5r_b2_candidates_with_market_data.csv,03_source_data/phase5r/phase5r_b2_signal_scores.csv;08_reviews/current/latest_phase5r_b2_daily_research_preview.md;08_reviews/current/latest_phase5r_b2_watchlist.md,complete,read_only_scoring=yes; manual_execution_only=yes; no_broker=yes; no_orders=yes; no_email=yes; no_credentials=yes; archived_legacy_used=no
2026-07-27T18:00:59-04:00,run_phase5r_b2_full_universe_market_data.py,benchmark_smoke_test,QQQ;XLK;SPY,in_memory_preflight_only,passed,read_only_public_market_data=yes; canonical_candidate_universe=yes; current_position_price_monitoring=yes; no_broker=yes; no_orders=yes; no_email=yes; no_credentials=yes; archived_legacy_used=no; sequence=1; full_universe_fetch_not_started_before_this_check
2026-07-27T18:01:03-04:00,run_phase5r_b2_full_universe_market_data.py,full_universe_market_data_refresh,03_source_data/phase5r/phase5r_universe_seed.csv;05_risk_and_positions/current_positions.local.csv,03_source_data/phase5r/phase5r_b2_market_data_snapshot.csv,complete,read_only_public_market_data=yes; canonical_candidate_universe=yes; current_position_price_monitoring=yes; no_broker=yes; no_orders=yes; no_email=yes; no_credentials=yes; archived_legacy_used=no; sequence=2; smoke_test_passed=yes; held_tickers_price_only=yes
2026-07-27T18:01:03-04:00,run_phase5r_b2_full_universe_market_data.py,write_b2_market_data_outputs,03_source_data/phase5r/phase5r_universe_seed.csv;05_risk_and_positions/current_positions.local.csv,03_source_data/phase5r/phase5r_b2_market_data_snapshot.csv;03_source_data/phase5r/phase5r_b2_market_data_quality_report.csv;03_source_data/phase5r/phase5r_b2_candidates_with_market_data.csv;00_project_control/phase5r_b2_data_source_decision.md;04_research/realtime_stock_picker_phase5r/phase5r_b2_data_report.md,complete,read_only_public_market_data=yes; canonical_candidate_universe=yes; current_position_price_monitoring=yes; no_broker=yes; no_orders=yes; no_email=yes; no_credentials=yes; archived_legacy_used=no; snapshot_rows=29; candidate_rows=27; held_price_rows=2; smoke_test_passed=yes
2026-07-27T18:01:05-04:00,score_phase5r_b2_candidates.py,score_phase5r_b2_candidates,03_source_data/phase5r/phase5r_b2_candidates_with_market_data.csv,03_source_data/phase5r/phase5r_b2_signal_scores.csv;08_reviews/current/latest_phase5r_b2_daily_research_preview.md;08_reviews/current/latest_phase5r_b2_watchlist.md,complete,read_only_scoring=yes; manual_execution_only=yes; no_broker=yes; no_orders=yes; no_email=yes; no_credentials=yes; archived_legacy_used=no
2026-07-27T19:01:25-04:00,run_phase5r_b2_full_universe_market_data.py,benchmark_smoke_test,QQQ;XLK;SPY,in_memory_preflight_only,passed,read_only_public_market_data=yes; canonical_candidate_universe=yes; current_position_price_monitoring=yes; no_broker=yes; no_orders=yes; no_email=yes; no_credentials=yes; archived_legacy_used=no; sequence=1; full_universe_fetch_not_started_before_this_check
2026-07-27T19:01:29-04:00,run_phase5r_b2_full_universe_market_data.py,full_universe_market_data_refresh,03_source_data/phase5r/phase5r_universe_seed.csv;05_risk_and_positions/current_positions.local.csv,03_source_data/phase5r/phase5r_b2_market_data_snapshot.csv,complete,read_only_public_market_data=yes; canonical_candidate_universe=yes; current_position_price_monitoring=yes; no_broker=yes; no_orders=yes; no_email=yes; no_credentials=yes; archived_legacy_used=no; sequence=2; smoke_test_passed=yes; held_tickers_price_only=yes
2026-07-27T19:01:29-04:00,run_phase5r_b2_full_universe_market_data.py,write_b2_market_data_outputs,03_source_data/phase5r/phase5r_universe_seed.csv;05_risk_and_positions/current_positions.local.csv,03_source_data/phase5r/phase5r_b2_market_data_snapshot.csv;03_source_data/phase5r/phase5r_b2_market_data_quality_report.csv;03_source_data/phase5r/phase5r_b2_candidates_with_market_data.csv;00_project_control/phase5r_b2_data_source_decision.md;04_research/realtime_stock_picker_phase5r/phase5r_b2_data_report.md,complete,read_only_public_market_data=yes; canonical_candidate_universe=yes; current_position_price_monitoring=yes; no_broker=yes; no_orders=yes; no_email=yes; no_credentials=yes; archived_legacy_used=no; snapshot_rows=29; candidate_rows=27; held_price_rows=2; smoke_test_passed=yes
2026-07-27T19:01:31-04:00,score_phase5r_b2_candidates.py,score_phase5r_b2_candidates,03_source_data/phase5r/phase5r_b2_candidates_with_market_data.csv,03_source_data/phase5r/phase5r_b2_signal_scores.csv;08_reviews/current/latest_phase5r_b2_daily_research_preview.md;08_reviews/current/latest_phase5r_b2_watchlist.md,complete,read_only_scoring=yes; manual_execution_only=yes; no_broker=yes; no_orders=yes; no_email=yes; no_credentials=yes; archived_legacy_used=no
2026-07-28T08:52:21-04:00,run_phase5r_b2_full_universe_market_data.py,benchmark_smoke_test,QQQ;XLK;SPY,in_memory_preflight_only,failed,read_only_public_market_data=yes; canonical_candidate_universe=yes; current_position_price_monitoring=yes; no_broker=yes; no_orders=yes; no_email=yes; no_credentials=yes; archived_legacy_used=no; sequence=1; full_universe_fetch_not_started_before_this_check
2026-07-28T08:52:21-04:00,run_phase5r_b2_full_universe_market_data.py,full_universe_market_data_refresh,03_source_data/phase5r/phase5r_universe_seed.csv;05_risk_and_positions/current_positions.local.csv,03_source_data/phase5r/phase5r_b2_market_data_snapshot.csv,not_attempted,read_only_public_market_data=yes; canonical_candidate_universe=yes; current_position_price_monitoring=yes; no_broker=yes; no_orders=yes; no_email=yes; no_credentials=yes; archived_legacy_used=no; sequence=2; smoke_test_passed=no; fail_safe_stop=yes; held_tickers_price_only=yes
2026-07-28T08:52:21-04:00,run_phase5r_b2_full_universe_market_data.py,write_b2_market_data_outputs,03_source_data/phase5r/phase5r_universe_seed.csv;05_risk_and_positions/current_positions.local.csv,03_source_data/phase5r/phase5r_b2_market_data_snapshot.csv;03_source_data/phase5r/phase5r_b2_market_data_quality_report.csv;03_source_data/phase5r/phase5r_b2_candidates_with_market_data.csv;00_project_control/phase5r_b2_data_source_decision.md;04_research/realtime_stock_picker_phase5r/phase5r_b2_data_report.md,complete,read_only_public_market_data=yes; canonical_candidate_universe=yes; current_position_price_monitoring=yes; no_broker=yes; no_orders=yes; no_email=yes; no_credentials=yes; archived_legacy_used=no; snapshot_rows=29; candidate_rows=27; held_price_rows=2; smoke_test_passed=no
2026-07-28T08:52:22-04:00,score_phase5r_b2_candidates.py,score_phase5r_b2_candidates,03_source_data/phase5r/phase5r_b2_candidates_with_market_data.csv,03_source_data/phase5r/phase5r_b2_signal_scores.csv;08_reviews/current/latest_phase5r_b2_daily_research_preview.md;08_reviews/current/latest_phase5r_b2_watchlist.md,complete,read_only_scoring=yes; manual_execution_only=yes; no_broker=yes; no_orders=yes; no_email=yes; no_credentials=yes; archived_legacy_used=no
2026-07-28T13:24:24-04:00,run_phase5r_b2_full_universe_market_data.py,benchmark_smoke_test,QQQ;XLK;SPY,in_memory_preflight_only,passed,read_only_public_market_data=yes; canonical_candidate_universe=yes; current_position_price_monitoring=yes; no_broker=yes; no_orders=yes; no_email=yes; no_credentials=yes; archived_legacy_used=no; sequence=1; full_universe_fetch_not_started_before_this_check
2026-07-28T13:24:28-04:00,run_phase5r_b2_full_universe_market_data.py,full_universe_market_data_refresh,03_source_data/phase5r/phase5r_universe_seed.csv;05_risk_and_positions/current_positions.local.csv,03_source_data/phase5r/phase5r_b2_market_data_snapshot.csv,complete,read_only_public_market_data=yes; canonical_candidate_universe=yes; current_position_price_monitoring=yes; no_broker=yes; no_orders=yes; no_email=yes; no_credentials=yes; archived_legacy_used=no; sequence=2; smoke_test_passed=yes; held_tickers_price_only=yes
2026-07-28T13:24:28-04:00,run_phase5r_b2_full_universe_market_data.py,write_b2_market_data_outputs,03_source_data/phase5r/phase5r_universe_seed.csv;05_risk_and_positions/current_positions.local.csv,03_source_data/phase5r/phase5r_b2_market_data_snapshot.csv;03_source_data/phase5r/phase5r_b2_market_data_quality_report.csv;03_source_data/phase5r/phase5r_b2_candidates_with_market_data.csv;00_project_control/phase5r_b2_data_source_decision.md;04_research/realtime_stock_picker_phase5r/phase5r_b2_data_report.md,complete,read_only_public_market_data=yes; canonical_candidate_universe=yes; current_position_price_monitoring=yes; no_broker=yes; no_orders=yes; no_email=yes; no_credentials=yes; archived_legacy_used=no; snapshot_rows=29; candidate_rows=27; held_price_rows=2; smoke_test_passed=yes
2026-07-28T13:24:29-04:00,score_phase5r_b2_candidates.py,score_phase5r_b2_candidates,03_source_data/phase5r/phase5r_b2_candidates_with_market_data.csv,03_source_data/phase5r/phase5r_b2_signal_scores.csv;08_reviews/current/latest_phase5r_b2_daily_research_preview.md;08_reviews/current/latest_phase5r_b2_watchlist.md,complete,read_only_scoring=yes; manual_execution_only=yes; no_broker=yes; no_orders=yes; no_email=yes; no_credentials=yes; archived_legacy_used=no
2026-07-28T16:39:29-04:00,run_phase5r_b2_full_universe_market_data.py,benchmark_smoke_test,QQQ;XLK;SPY,in_memory_preflight_only,passed,read_only_public_market_data=yes; canonical_candidate_universe=yes; current_position_price_monitoring=yes; no_broker=yes; no_orders=yes; no_email=yes; no_credentials=yes; archived_legacy_used=no; sequence=1; full_universe_fetch_not_started_before_this_check
2026-07-28T16:39:32-04:00,run_phase5r_b2_full_universe_market_data.py,full_universe_market_data_refresh,03_source_data/phase5r/phase5r_universe_seed.csv;05_risk_and_positions/current_positions.local.csv,03_source_data/phase5r/phase5r_b2_market_data_snapshot.csv,complete,read_only_public_market_data=yes; canonical_candidate_universe=yes; current_position_price_monitoring=yes; no_broker=yes; no_orders=yes; no_email=yes; no_credentials=yes; archived_legacy_used=no; sequence=2; smoke_test_passed=yes; held_tickers_price_only=yes
2026-07-28T16:39:32-04:00,run_phase5r_b2_full_universe_market_data.py,write_b2_market_data_outputs,03_source_data/phase5r/phase5r_universe_seed.csv;05_risk_and_positions/current_positions.local.csv,03_source_data/phase5r/phase5r_b2_market_data_snapshot.csv;03_source_data/phase5r/phase5r_b2_market_data_quality_report.csv;03_source_data/phase5r/phase5r_b2_candidates_with_market_data.csv;00_project_control/phase5r_b2_data_source_decision.md;04_research/realtime_stock_picker_phase5r/phase5r_b2_data_report.md,complete,read_only_public_market_data=yes; canonical_candidate_universe=yes; current_position_price_monitoring=yes; no_broker=yes; no_orders=yes; no_email=yes; no_credentials=yes; archived_legacy_used=no; snapshot_rows=29; candidate_rows=27; held_price_rows=2; smoke_test_passed=yes
2026-07-28T16:39:34-04:00,score_phase5r_b2_candidates.py,score_phase5r_b2_candidates,03_source_data/phase5r/phase5r_b2_candidates_with_market_data.csv,03_source_data/phase5r/phase5r_b2_signal_scores.csv;08_reviews/current/latest_phase5r_b2_daily_research_preview.md;08_reviews/current/latest_phase5r_b2_watchlist.md,complete,read_only_scoring=yes; manual_execution_only=yes; no_broker=yes; no_orders=yes; no_email=yes; no_credentials=yes; archived_legacy_used=no
2026-07-28T18:35:37-04:00,run_phase5r_b2_full_universe_market_data.py,benchmark_smoke_test,QQQ;XLK;SPY,in_memory_preflight_only,passed,read_only_public_market_data=yes; canonical_candidate_universe=yes; current_position_price_monitoring=yes; no_broker=yes; no_orders=yes; no_email=yes; no_credentials=yes; archived_legacy_used=no; sequence=1; full_universe_fetch_not_started_before_this_check
2026-07-28T18:35:40-04:00,run_phase5r_b2_full_universe_market_data.py,full_universe_market_data_refresh,03_source_data/phase5r/phase5r_universe_seed.csv;05_risk_and_positions/current_positions.local.csv,03_source_data/phase5r/phase5r_b2_market_data_snapshot.csv,complete,read_only_public_market_data=yes; canonical_candidate_universe=yes; current_position_price_monitoring=yes; no_broker=yes; no_orders=yes; no_email=yes; no_credentials=yes; archived_legacy_used=no; sequence=2; smoke_test_passed=yes; held_tickers_price_only=yes
2026-07-28T18:35:40-04:00,run_phase5r_b2_full_universe_market_data.py,write_b2_market_data_outputs,03_source_data/phase5r/phase5r_universe_seed.csv;05_risk_and_positions/current_positions.local.csv,03_source_data/phase5r/phase5r_b2_market_data_snapshot.csv;03_source_data/phase5r/phase5r_b2_market_data_quality_report.csv;03_source_data/phase5r/phase5r_b2_candidates_with_market_data.csv;00_project_control/phase5r_b2_data_source_decision.md;04_research/realtime_stock_picker_phase5r/phase5r_b2_data_report.md,complete,read_only_public_market_data=yes; canonical_candidate_universe=yes; current_position_price_monitoring=yes; no_broker=yes; no_orders=yes; no_email=yes; no_credentials=yes; archived_legacy_used=no; snapshot_rows=29; candidate_rows=27; held_price_rows=2; smoke_test_passed=yes
2026-07-28T18:35:46-04:00,score_phase5r_b2_candidates.py,score_phase5r_b2_candidates,03_source_data/phase5r/phase5r_b2_candidates_with_market_data.csv,03_source_data/phase5r/phase5r_b2_signal_scores.csv;08_reviews/current/latest_phase5r_b2_daily_research_preview.md;08_reviews/current/latest_phase5r_b2_watchlist.md,complete,read_only_scoring=yes; manual_execution_only=yes; no_broker=yes; no_orders=yes; no_email=yes; no_credentials=yes; archived_legacy_used=no
2026-07-28T18:39:41-04:00,run_phase5r_b2_full_universe_market_data.py,benchmark_smoke_test,QQQ;XLK;SPY,in_memory_preflight_only,passed,read_only_public_market_data=yes; canonical_candidate_universe=yes; current_position_price_monitoring=yes; no_broker=yes; no_orders=yes; no_email=yes; no_credentials=yes; archived_legacy_used=no; sequence=1; full_universe_fetch_not_started_before_this_check
2026-07-28T18:39:45-04:00,run_phase5r_b2_full_universe_market_data.py,full_universe_market_data_refresh,03_source_data/phase5r/phase5r_universe_seed.csv;05_risk_and_positions/current_positions.local.csv,03_source_data/phase5r/phase5r_b2_market_data_snapshot.csv,complete,read_only_public_market_data=yes; canonical_candidate_universe=yes; current_position_price_monitoring=yes; no_broker=yes; no_orders=yes; no_email=yes; no_credentials=yes; archived_legacy_used=no; sequence=2; smoke_test_passed=yes; held_tickers_price_only=yes
2026-07-28T18:39:45-04:00,run_phase5r_b2_full_universe_market_data.py,write_b2_market_data_outputs,03_source_data/phase5r/phase5r_universe_seed.csv;05_risk_and_positions/current_positions.local.csv,03_source_data/phase5r/phase5r_b2_market_data_snapshot.csv;03_source_data/phase5r/phase5r_b2_market_data_quality_report.csv;03_source_data/phase5r/phase5r_b2_candidates_with_market_data.csv;00_project_control/phase5r_b2_data_source_decision.md;04_research/realtime_stock_picker_phase5r/phase5r_b2_data_report.md,complete,read_only_public_market_data=yes; canonical_candidate_universe=yes; current_position_price_monitoring=yes; no_broker=yes; no_orders=yes; no_email=yes; no_credentials=yes; archived_legacy_used=no; snapshot_rows=29; candidate_rows=27; held_price_rows=2; smoke_test_passed=yes
2026-07-28T18:39:47-04:00,score_phase5r_b2_candidates.py,score_phase5r_b2_candidates,03_source_data/phase5r/phase5r_b2_candidates_with_market_data.csv,03_source_data/phase5r/phase5r_b2_signal_scores.csv;08_reviews/current/latest_phase5r_b2_daily_research_preview.md;08_reviews/current/latest_phase5r_b2_watchlist.md,complete,read_only_scoring=yes; manual_execution_only=yes; no_broker=yes; no_orders=yes; no_email=yes; no_credentials=yes; archived_legacy_used=no
2026-07-29T08:28:31-04:00,run_phase5r_b2_full_universe_market_data.py,benchmark_smoke_test,QQQ;XLK;SPY,in_memory_preflight_only,passed,read_only_public_market_data=yes; canonical_candidate_universe=yes; current_position_price_monitoring=yes; no_broker=yes; no_orders=yes; no_email=yes; no_credentials=yes; archived_legacy_used=no; sequence=1; full_universe_fetch_not_started_before_this_check
2026-07-29T08:28:35-04:00,run_phase5r_b2_full_universe_market_data.py,full_universe_market_data_refresh,03_source_data/phase5r/phase5r_universe_seed.csv;05_risk_and_positions/current_positions.local.csv,03_source_data/phase5r/phase5r_b2_market_data_snapshot.csv,complete,read_only_public_market_data=yes; canonical_candidate_universe=yes; current_position_price_monitoring=yes; no_broker=yes; no_orders=yes; no_email=yes; no_credentials=yes; archived_legacy_used=no; sequence=2; smoke_test_passed=yes; held_tickers_price_only=yes
2026-07-29T08:28:35-04:00,run_phase5r_b2_full_universe_market_data.py,write_b2_market_data_outputs,03_source_data/phase5r/phase5r_universe_seed.csv;05_risk_and_positions/current_positions.local.csv,03_source_data/phase5r/phase5r_b2_market_data_snapshot.csv;03_source_data/phase5r/phase5r_b2_market_data_quality_report.csv;03_source_data/phase5r/phase5r_b2_candidates_with_market_data.csv;00_project_control/phase5r_b2_data_source_decision.md;04_research/realtime_stock_picker_phase5r/phase5r_b2_data_report.md,complete,read_only_public_market_data=yes; canonical_candidate_universe=yes; current_position_price_monitoring=yes; no_broker=yes; no_orders=yes; no_email=yes; no_credentials=yes; archived_legacy_used=no; snapshot_rows=29; candidate_rows=27; held_price_rows=2; smoke_test_passed=yes
2026-07-29T08:28:36-04:00,score_phase5r_b2_candidates.py,score_phase5r_b2_candidates,03_source_data/phase5r/phase5r_b2_candidates_with_market_data.csv,03_source_data/phase5r/phase5r_b2_signal_scores.csv;08_reviews/current/latest_phase5r_b2_daily_research_preview.md;08_reviews/current/latest_phase5r_b2_watchlist.md,complete,read_only_scoring=yes; manual_execution_only=yes; no_broker=yes; no_orders=yes; no_email=yes; no_credentials=yes; archived_legacy_used=no
2026-07-29T13:34:15-04:00,run_phase5r_b2_full_universe_market_data.py,benchmark_smoke_test,QQQ;XLK;SPY,in_memory_preflight_only,passed,read_only_public_market_data=yes; canonical_candidate_universe=yes; current_position_price_monitoring=yes; no_broker=yes; no_orders=yes; no_email=yes; no_credentials=yes; archived_legacy_used=no; sequence=1; full_universe_fetch_not_started_before_this_check
2026-07-29T13:34:18-04:00,run_phase5r_b2_full_universe_market_data.py,full_universe_market_data_refresh,03_source_data/phase5r/phase5r_universe_seed.csv;05_risk_and_positions/current_positions.local.csv,03_source_data/phase5r/phase5r_b2_market_data_snapshot.csv,complete,read_only_public_market_data=yes; canonical_candidate_universe=yes; current_position_price_monitoring=yes; no_broker=yes; no_orders=yes; no_email=yes; no_credentials=yes; archived_legacy_used=no; sequence=2; smoke_test_passed=yes; held_tickers_price_only=yes
2026-07-29T13:34:18-04:00,run_phase5r_b2_full_universe_market_data.py,write_b2_market_data_outputs,03_source_data/phase5r/phase5r_universe_seed.csv;05_risk_and_positions/current_positions.local.csv,03_source_data/phase5r/phase5r_b2_market_data_snapshot.csv;03_source_data/phase5r/phase5r_b2_market_data_quality_report.csv;03_source_data/phase5r/phase5r_b2_candidates_with_market_data.csv;00_project_control/phase5r_b2_data_source_decision.md;04_research/realtime_stock_picker_phase5r/phase5r_b2_data_report.md,complete,read_only_public_market_data=yes; canonical_candidate_universe=yes; current_position_price_monitoring=yes; no_broker=yes; no_orders=yes; no_email=yes; no_credentials=yes; archived_legacy_used=no; snapshot_rows=29; candidate_rows=27; held_price_rows=2; smoke_test_passed=yes
2026-07-29T13:34:18-04:00,score_phase5r_b2_candidates.py,score_phase5r_b2_candidates,03_source_data/phase5r/phase5r_b2_candidates_with_market_data.csv,03_source_data/phase5r/phase5r_b2_signal_scores.csv;08_reviews/current/latest_phase5r_b2_daily_research_preview.md;08_reviews/current/latest_phase5r_b2_watchlist.md,complete,read_only_scoring=yes; manual_execution_only=yes; no_broker=yes; no_orders=yes; no_email=yes; no_credentials=yes; archived_legacy_used=no
2026-07-29T17:19:11-04:00,run_phase5r_b2_full_universe_market_data.py,benchmark_smoke_test,QQQ;XLK;SPY,in_memory_preflight_only,passed,read_only_public_market_data=yes; canonical_candidate_universe=yes; current_position_price_monitoring=yes; no_broker=yes; no_orders=yes; no_email=yes; no_credentials=yes; archived_legacy_used=no; sequence=1; full_universe_fetch_not_started_before_this_check
2026-07-29T17:19:19-04:00,run_phase5r_b2_full_universe_market_data.py,full_universe_market_data_refresh,03_source_data/phase5r/phase5r_universe_seed.csv;05_risk_and_positions/current_positions.local.csv,03_source_data/phase5r/phase5r_b2_market_data_snapshot.csv,complete,read_only_public_market_data=yes; canonical_candidate_universe=yes; current_position_price_monitoring=yes; no_broker=yes; no_orders=yes; no_email=yes; no_credentials=yes; archived_legacy_used=no; sequence=2; smoke_test_passed=yes; held_tickers_price_only=yes
2026-07-29T17:19:19-04:00,run_phase5r_b2_full_universe_market_data.py,write_b2_market_data_outputs,03_source_data/phase5r/phase5r_universe_seed.csv;05_risk_and_positions/current_positions.local.csv,03_source_data/phase5r/phase5r_b2_market_data_snapshot.csv;03_source_data/phase5r/phase5r_b2_market_data_quality_report.csv;03_source_data/phase5r/phase5r_b2_candidates_with_market_data.csv;00_project_control/phase5r_b2_data_source_decision.md;04_research/realtime_stock_picker_phase5r/phase5r_b2_data_report.md,complete,read_only_public_market_data=yes; canonical_candidate_universe=yes; current_position_price_monitoring=yes; no_broker=yes; no_orders=yes; no_email=yes; no_credentials=yes; archived_legacy_used=no; snapshot_rows=29; candidate_rows=27; held_price_rows=2; smoke_test_passed=yes
2026-07-29T17:19:23-04:00,score_phase5r_b2_candidates.py,score_phase5r_b2_candidates,03_source_data/phase5r/phase5r_b2_candidates_with_market_data.csv,03_source_data/phase5r/phase5r_b2_signal_scores.csv;08_reviews/current/latest_phase5r_b2_daily_research_preview.md;08_reviews/current/latest_phase5r_b2_watchlist.md,complete,read_only_scoring=yes; manual_execution_only=yes; no_broker=yes; no_orders=yes; no_email=yes; no_credentials=yes; archived_legacy_used=no
2026-07-29T17:49:53-04:00,run_phase5r_b2_full_universe_market_data.py,benchmark_smoke_test,QQQ;XLK;SPY,in_memory_preflight_only,passed,read_only_public_market_data=yes; canonical_candidate_universe=yes; current_position_price_monitoring=yes; no_broker=yes; no_orders=yes; no_email=yes; no_credentials=yes; archived_legacy_used=no; sequence=1; full_universe_fetch_not_started_before_this_check
2026-07-29T17:49:56-04:00,run_phase5r_b2_full_universe_market_data.py,full_universe_market_data_refresh,03_source_data/phase5r/phase5r_universe_seed.csv;05_risk_and_positions/current_positions.local.csv,03_source_data/phase5r/phase5r_b2_market_data_snapshot.csv,complete,read_only_public_market_data=yes; canonical_candidate_universe=yes; current_position_price_monitoring=yes; no_broker=yes; no_orders=yes; no_email=yes; no_credentials=yes; archived_legacy_used=no; sequence=2; smoke_test_passed=yes; held_tickers_price_only=yes
2026-07-29T17:49:56-04:00,run_phase5r_b2_full_universe_market_data.py,write_b2_market_data_outputs,03_source_data/phase5r/phase5r_universe_seed.csv;05_risk_and_positions/current_positions.local.csv,03_source_data/phase5r/phase5r_b2_market_data_snapshot.csv;03_source_data/phase5r/phase5r_b2_market_data_quality_report.csv;03_source_data/phase5r/phase5r_b2_candidates_with_market_data.csv;00_project_control/phase5r_b2_data_source_decision.md;04_research/realtime_stock_picker_phase5r/phase5r_b2_data_report.md,complete,read_only_public_market_data=yes; canonical_candidate_universe=yes; current_position_price_monitoring=yes; no_broker=yes; no_orders=yes; no_email=yes; no_credentials=yes; archived_legacy_used=no; snapshot_rows=29; candidate_rows=27; held_price_rows=2; smoke_test_passed=yes
2026-07-29T17:49:58-04:00,score_phase5r_b2_candidates.py,score_phase5r_b2_candidates,03_source_data/phase5r/phase5r_b2_candidates_with_market_data.csv,03_source_data/phase5r/phase5r_b2_signal_scores.csv;08_reviews/current/latest_phase5r_b2_daily_research_preview.md;08_reviews/current/latest_phase5r_b2_watchlist.md,complete,read_only_scoring=yes; manual_execution_only=yes; no_broker=yes; no_orders=yes; no_email=yes; no_credentials=yes; archived_legacy_used=no
2026-07-29T23:40:34-04:00,run_phase5r_b2_full_universe_market_data.py,benchmark_smoke_test,QQQ;XLK;SPY,in_memory_preflight_only,passed,read_only_public_market_data=yes; canonical_candidate_universe=yes; current_position_price_monitoring=yes; no_broker=yes; no_orders=yes; no_email=yes; no_credentials=yes; archived_legacy_used=no; sequence=1; full_universe_fetch_not_started_before_this_check
2026-07-29T23:40:41-04:00,run_phase5r_b2_full_universe_market_data.py,full_universe_market_data_refresh,03_source_data/phase5r/phase5r_universe_seed.csv;05_risk_and_positions/current_positions.local.csv,03_source_data/phase5r/phase5r_b2_market_data_snapshot.csv,complete,read_only_public_market_data=yes; canonical_candidate_universe=yes; current_position_price_monitoring=yes; no_broker=yes; no_orders=yes; no_email=yes; no_credentials=yes; archived_legacy_used=no; sequence=2; smoke_test_passed=yes; held_tickers_price_only=yes
2026-07-29T23:40:41-04:00,run_phase5r_b2_full_universe_market_data.py,write_b2_market_data_outputs,03_source_data/phase5r/phase5r_universe_seed.csv;05_risk_and_positions/current_positions.local.csv,03_source_data/phase5r/phase5r_b2_market_data_snapshot.csv;03_source_data/phase5r/phase5r_b2_market_data_quality_report.csv;03_source_data/phase5r/phase5r_b2_candidates_with_market_data.csv;00_project_control/phase5r_b2_data_source_decision.md;04_research/realtime_stock_picker_phase5r/phase5r_b2_data_report.md,complete,read_only_public_market_data=yes; canonical_candidate_universe=yes; current_position_price_monitoring=yes; no_broker=yes; no_orders=yes; no_email=yes; no_credentials=yes; archived_legacy_used=no; snapshot_rows=29; candidate_rows=27; held_price_rows=2; smoke_test_passed=yes
2026-07-30T00:13:44-04:00,score_phase5r_b2_candidates.py,score_phase5r_b2_candidates,03_source_data/phase5r/phase5r_b2_candidates_with_market_data.csv,03_source_data/phase5r/phase5r_b2_signal_scores.csv;08_reviews/current/latest_phase5r_b2_daily_research_preview.md;08_reviews/current/latest_phase5r_b2_watchlist.md,complete,read_only_scoring=yes; manual_execution_only=yes; no_broker=yes; no_orders=yes; no_email=yes; no_credentials=yes; archived_legacy_used=no
2026-07-30T08:17:25-04:00,run_phase5r_b2_full_universe_market_data.py,benchmark_smoke_test,QQQ;XLK;SPY,in_memory_preflight_only,passed,read_only_public_market_data=yes; canonical_candidate_universe=yes; current_position_price_monitoring=yes; no_broker=yes; no_orders=yes; no_email=yes; no_credentials=yes; archived_legacy_used=no; sequence=1; full_universe_fetch_not_started_before_this_check
2026-07-30T08:17:29-04:00,run_phase5r_b2_full_universe_market_data.py,full_universe_market_data_refresh,03_source_data/phase5r/phase5r_universe_seed.csv;05_risk_and_positions/current_positions.local.csv,03_source_data/phase5r/phase5r_b2_market_data_snapshot.csv,complete,read_only_public_market_data=yes; canonical_candidate_universe=yes; current_position_price_monitoring=yes; no_broker=yes; no_orders=yes; no_email=yes; no_credentials=yes; archived_legacy_used=no; sequence=2; smoke_test_passed=yes; held_tickers_price_only=yes
2026-07-30T08:17:29-04:00,run_phase5r_b2_full_universe_market_data.py,write_b2_market_data_outputs,03_source_data/phase5r/phase5r_universe_seed.csv;05_risk_and_positions/current_positions.local.csv,03_source_data/phase5r/phase5r_b2_market_data_snapshot.csv;03_source_data/phase5r/phase5r_b2_market_data_quality_report.csv;03_source_data/phase5r/phase5r_b2_candidates_with_market_data.csv;00_project_control/phase5r_b2_data_source_decision.md;04_research/realtime_stock_picker_phase5r/phase5r_b2_data_report.md,complete,read_only_public_market_data=yes; canonical_candidate_universe=yes; current_position_price_monitoring=yes; no_broker=yes; no_orders=yes; no_email=yes; no_credentials=yes; archived_legacy_used=no; snapshot_rows=29; candidate_rows=27; held_price_rows=2; smoke_test_passed=yes
2026-07-30T08:17:30-04:00,score_phase5r_b2_candidates.py,score_phase5r_b2_candidates,03_source_data/phase5r/phase5r_b2_candidates_with_market_data.csv,03_source_data/phase5r/phase5r_b2_signal_scores.csv;08_reviews/current/latest_phase5r_b2_daily_research_preview.md;08_reviews/current/latest_phase5r_b2_watchlist.md,complete,read_only_scoring=yes; manual_execution_only=yes; no_broker=yes; no_orders=yes; no_email=yes; no_credentials=yes; archived_legacy_used=no
2026-07-30T13:14:32-04:00,run_phase5r_b2_full_universe_market_data.py,benchmark_smoke_test,QQQ;XLK;SPY,in_memory_preflight_only,passed,read_only_public_market_data=yes; canonical_candidate_universe=yes; current_position_price_monitoring=yes; no_broker=yes; no_orders=yes; no_email=yes; no_credentials=yes; archived_legacy_used=no; sequence=1; full_universe_fetch_not_started_before_this_check
2026-07-30T13:14:37-04:00,run_phase5r_b2_full_universe_market_data.py,full_universe_market_data_refresh,03_source_data/phase5r/phase5r_universe_seed.csv;05_risk_and_positions/current_positions.local.csv,03_source_data/phase5r/phase5r_b2_market_data_snapshot.csv,complete,read_only_public_market_data=yes; canonical_candidate_universe=yes; current_position_price_monitoring=yes; no_broker=yes; no_orders=yes; no_email=yes; no_credentials=yes; archived_legacy_used=no; sequence=2; smoke_test_passed=yes; held_tickers_price_only=yes
2026-07-30T13:14:37-04:00,run_phase5r_b2_full_universe_market_data.py,write_b2_market_data_outputs,03_source_data/phase5r/phase5r_universe_seed.csv;05_risk_and_positions/current_positions.local.csv,03_source_data/phase5r/phase5r_b2_market_data_snapshot.csv;03_source_data/phase5r/phase5r_b2_market_data_quality_report.csv;03_source_data/phase5r/phase5r_b2_candidates_with_market_data.csv;00_project_control/phase5r_b2_data_source_decision.md;04_research/realtime_stock_picker_phase5r/phase5r_b2_data_report.md,complete,read_only_public_market_data=yes; canonical_candidate_universe=yes; current_position_price_monitoring=yes; no_broker=yes; no_orders=yes; no_email=yes; no_credentials=yes; archived_legacy_used=no; snapshot_rows=29; candidate_rows=27; held_price_rows=2; smoke_test_passed=yes
2026-07-30T13:14:37-04:00,score_phase5r_b2_candidates.py,score_phase5r_b2_candidates,03_source_data/phase5r/phase5r_b2_candidates_with_market_data.csv,03_source_data/phase5r/phase5r_b2_signal_scores.csv;08_reviews/current/latest_phase5r_b2_daily_research_preview.md;08_reviews/current/latest_phase5r_b2_watchlist.md,complete,read_only_scoring=yes; manual_execution_only=yes; no_broker=yes; no_orders=yes; no_email=yes; no_credentials=yes; archived_legacy_used=no
2026-07-30T20:55:54-04:00,run_phase5r_b2_full_universe_market_data.py,benchmark_smoke_test,QQQ;XLK;SPY,in_memory_preflight_only,failed,read_only_public_market_data=yes; canonical_candidate_universe=yes; current_position_price_monitoring=yes; no_broker=yes; no_orders=yes; no_email=yes; no_credentials=yes; archived_legacy_used=no; sequence=1; full_universe_fetch_not_started_before_this_check
2026-07-30T20:55:54-04:00,run_phase5r_b2_full_universe_market_data.py,full_universe_market_data_refresh,03_source_data/phase5r/phase5r_universe_seed.csv;05_risk_and_positions/current_positions.local.csv,03_source_data/phase5r/phase5r_b2_market_data_snapshot.csv,not_attempted,read_only_public_market_data=yes; canonical_candidate_universe=yes; current_position_price_monitoring=yes; no_broker=yes; no_orders=yes; no_email=yes; no_credentials=yes; archived_legacy_used=no; sequence=2; smoke_test_passed=no; fail_safe_stop=yes; held_tickers_price_only=yes
2026-07-30T20:55:54-04:00,run_phase5r_b2_full_universe_market_data.py,write_b2_market_data_outputs,03_source_data/phase5r/phase5r_universe_seed.csv;05_risk_and_positions/current_positions.local.csv,03_source_data/phase5r/phase5r_b2_market_data_snapshot.csv;03_source_data/phase5r/phase5r_b2_market_data_quality_report.csv;03_source_data/phase5r/phase5r_b2_candidates_with_market_data.csv;00_project_control/phase5r_b2_data_source_decision.md;04_research/realtime_stock_picker_phase5r/phase5r_b2_data_report.md,complete,read_only_public_market_data=yes; canonical_candidate_universe=yes; current_position_price_monitoring=yes; no_broker=yes; no_orders=yes; no_email=yes; no_credentials=yes; archived_legacy_used=no; snapshot_rows=29; candidate_rows=27; held_price_rows=2; smoke_test_passed=no
2026-07-30T20:55:55-04:00,score_phase5r_b2_candidates.py,score_phase5r_b2_candidates,03_source_data/phase5r/phase5r_b2_candidates_with_market_data.csv,03_source_data/phase5r/phase5r_b2_signal_scores.csv;08_reviews/current/latest_phase5r_b2_daily_research_preview.md;08_reviews/current/latest_phase5r_b2_watchlist.md,complete,read_only_scoring=yes; manual_execution_only=yes; no_broker=yes; no_orders=yes; no_email=yes; no_credentials=yes; archived_legacy_used=no
2026-07-31T09:55:47-04:00,run_phase5r_b2_full_universe_market_data.py,benchmark_smoke_test,QQQ;XLK;SPY,in_memory_preflight_only,passed,read_only_public_market_data=yes; canonical_candidate_universe=yes; current_position_price_monitoring=yes; no_broker=yes; no_orders=yes; no_email=yes; no_credentials=yes; archived_legacy_used=no; sequence=1; full_universe_fetch_not_started_before_this_check
2026-07-31T10:13:29-04:00,run_phase5r_b2_full_universe_market_data.py,full_universe_market_data_refresh,03_source_data/phase5r/phase5r_universe_seed.csv;05_risk_and_positions/current_positions.local.csv,03_source_data/phase5r/phase5r_b2_market_data_snapshot.csv,complete,read_only_public_market_data=yes; canonical_candidate_universe=yes; current_position_price_monitoring=yes; no_broker=yes; no_orders=yes; no_email=yes; no_credentials=yes; archived_legacy_used=no; sequence=2; smoke_test_passed=yes; held_tickers_price_only=yes
2026-07-31T10:13:30-04:00,run_phase5r_b2_full_universe_market_data.py,write_b2_market_data_outputs,03_source_data/phase5r/phase5r_universe_seed.csv;05_risk_and_positions/current_positions.local.csv,03_source_data/phase5r/phase5r_b2_market_data_snapshot.csv;03_source_data/phase5r/phase5r_b2_market_data_quality_report.csv;03_source_data/phase5r/phase5r_b2_candidates_with_market_data.csv;00_project_control/phase5r_b2_data_source_decision.md;04_research/realtime_stock_picker_phase5r/phase5r_b2_data_report.md,complete,read_only_public_market_data=yes; canonical_candidate_universe=yes; current_position_price_monitoring=yes; no_broker=yes; no_orders=yes; no_email=yes; no_credentials=yes; archived_legacy_used=no; snapshot_rows=29; candidate_rows=27; held_price_rows=2; smoke_test_passed=yes
2026-07-31T10:47:59-04:00,score_phase5r_b2_candidates.py,score_phase5r_b2_candidates,03_source_data/phase5r/phase5r_b2_candidates_with_market_data.csv,03_source_data/phase5r/phase5r_b2_signal_scores.csv;08_reviews/current/latest_phase5r_b2_daily_research_preview.md;08_reviews/current/latest_phase5r_b2_watchlist.md,complete,read_only_scoring=yes; manual_execution_only=yes; no_broker=yes; no_orders=yes; no_email=yes; no_credentials=yes; archived_legacy_used=no
2026-07-31T22:09:01-04:00,run_phase5r_b2_full_universe_market_data.py,benchmark_smoke_test,QQQ;XLK;SPY,in_memory_preflight_only,passed,read_only_public_market_data=yes; canonical_candidate_universe=yes; current_position_price_monitoring=yes; no_broker=yes; no_orders=yes; no_email=yes; no_credentials=yes; archived_legacy_used=no; sequence=1; full_universe_fetch_not_started_before_this_check
2026-07-31T22:09:05-04:00,run_phase5r_b2_full_universe_market_data.py,full_universe_market_data_refresh,03_source_data/phase5r/phase5r_universe_seed.csv;05_risk_and_positions/current_positions.local.csv,03_source_data/phase5r/phase5r_b2_market_data_snapshot.csv,complete,read_only_public_market_data=yes; canonical_candidate_universe=yes; current_position_price_monitoring=yes; no_broker=yes; no_orders=yes; no_email=yes; no_credentials=yes; archived_legacy_used=no; sequence=2; smoke_test_passed=yes; held_tickers_price_only=yes
2026-07-31T22:09:05-04:00,run_phase5r_b2_full_universe_market_data.py,write_b2_market_data_outputs,03_source_data/phase5r/phase5r_universe_seed.csv;05_risk_and_positions/current_positions.local.csv,03_source_data/phase5r/phase5r_b2_market_data_snapshot.csv;03_source_data/phase5r/phase5r_b2_market_data_quality_report.csv;03_source_data/phase5r/phase5r_b2_candidates_with_market_data.csv;00_project_control/phase5r_b2_data_source_decision.md;04_research/realtime_stock_picker_phase5r/phase5r_b2_data_report.md,complete,read_only_public_market_data=yes; canonical_candidate_universe=yes; current_position_price_monitoring=yes; no_broker=yes; no_orders=yes; no_email=yes; no_credentials=yes; archived_legacy_used=no; snapshot_rows=29; candidate_rows=27; held_price_rows=2; smoke_test_passed=yes
2026-07-31T22:09:07-04:00,score_phase5r_b2_candidates.py,score_phase5r_b2_candidates,03_source_data/phase5r/phase5r_b2_candidates_with_market_data.csv,03_source_data/phase5r/phase5r_b2_signal_scores.csv;08_reviews/current/latest_phase5r_b2_daily_research_preview.md;08_reviews/current/latest_phase5r_b2_watchlist.md,complete,read_only_scoring=yes; manual_execution_only=yes; no_broker=yes; no_orders=yes; no_email=yes; no_credentials=yes; archived_legacy_used=no
2026-08-01T12:43:50-04:00,run_phase5r_b2_full_universe_market_data.py,benchmark_smoke_test,QQQ;XLK;SPY,in_memory_preflight_only,passed,read_only_public_market_data=yes; canonical_candidate_universe=yes; current_position_price_monitoring=yes; no_broker=yes; no_orders=yes; no_email=yes; no_credentials=yes; archived_legacy_used=no; sequence=1; full_universe_fetch_not_started_before_this_check
2026-08-01T12:43:56-04:00,run_phase5r_b2_full_universe_market_data.py,full_universe_market_data_refresh,03_source_data/phase5r/phase5r_universe_seed.csv;05_risk_and_positions/current_positions.local.csv,03_source_data/phase5r/phase5r_b2_market_data_snapshot.csv,complete,read_only_public_market_data=yes; canonical_candidate_universe=yes; current_position_price_monitoring=yes; no_broker=yes; no_orders=yes; no_email=yes; no_credentials=yes; archived_legacy_used=no; sequence=2; smoke_test_passed=yes; held_tickers_price_only=yes
2026-08-01T12:43:56-04:00,run_phase5r_b2_full_universe_market_data.py,write_b2_market_data_outputs,03_source_data/phase5r/phase5r_universe_seed.csv;05_risk_and_positions/current_positions.local.csv,03_source_data/phase5r/phase5r_b2_market_data_snapshot.csv;03_source_data/phase5r/phase5r_b2_market_data_quality_report.csv;03_source_data/phase5r/phase5r_b2_candidates_with_market_data.csv;00_project_control/phase5r_b2_data_source_decision.md;04_research/realtime_stock_picker_phase5r/phase5r_b2_data_report.md,complete,read_only_public_market_data=yes; canonical_candidate_universe=yes; current_position_price_monitoring=yes; no_broker=yes; no_orders=yes; no_email=yes; no_credentials=yes; archived_legacy_used=no; snapshot_rows=29; candidate_rows=27; held_price_rows=2; smoke_test_passed=yes
2026-08-01T12:43:58-04:00,score_phase5r_b2_candidates.py,score_phase5r_b2_candidates,03_source_data/phase5r/phase5r_b2_candidates_with_market_data.csv,03_source_data/phase5r/phase5r_b2_signal_scores.csv;08_reviews/current/latest_phase5r_b2_daily_research_preview.md;08_reviews/current/latest_phase5r_b2_watchlist.md,complete,read_only_scoring=yes; manual_execution_only=yes; no_broker=yes; no_orders=yes; no_email=yes; no_credentials=yes; archived_legacy_used=no
2026-08-01T18:34:40-04:00,run_phase5r_b2_full_universe_market_data.py,benchmark_smoke_test,QQQ;XLK;SPY,in_memory_preflight_only,passed,read_only_public_market_data=yes; canonical_candidate_universe=yes; current_position_price_monitoring=yes; no_broker=yes; no_orders=yes; no_email=yes; no_credentials=yes; archived_legacy_used=no; sequence=1; full_universe_fetch_not_started_before_this_check
2026-08-01T18:34:43-04:00,run_phase5r_b2_full_universe_market_data.py,full_universe_market_data_refresh,03_source_data/phase5r/phase5r_universe_seed.csv;05_risk_and_positions/current_positions.local.csv,03_source_data/phase5r/phase5r_b2_market_data_snapshot.csv,complete,read_only_public_market_data=yes; canonical_candidate_universe=yes; current_position_price_monitoring=yes; no_broker=yes; no_orders=yes; no_email=yes; no_credentials=yes; archived_legacy_used=no; sequence=2; smoke_test_passed=yes; held_tickers_price_only=yes
2026-08-01T18:34:43-04:00,run_phase5r_b2_full_universe_market_data.py,write_b2_market_data_outputs,03_source_data/phase5r/phase5r_universe_seed.csv;05_risk_and_positions/current_positions.local.csv,03_source_data/phase5r/phase5r_b2_market_data_snapshot.csv;03_source_data/phase5r/phase5r_b2_market_data_quality_report.csv;03_source_data/phase5r/phase5r_b2_candidates_with_market_data.csv;00_project_control/phase5r_b2_data_source_decision.md;04_research/realtime_stock_picker_phase5r/phase5r_b2_data_report.md,complete,read_only_public_market_data=yes; canonical_candidate_universe=yes; current_position_price_monitoring=yes; no_broker=yes; no_orders=yes; no_email=yes; no_credentials=yes; archived_legacy_used=no; snapshot_rows=29; candidate_rows=27; held_price_rows=2; smoke_test_passed=yes
2026-08-01T18:34:45-04:00,score_phase5r_b2_candidates.py,score_phase5r_b2_candidates,03_source_data/phase5r/phase5r_b2_candidates_with_market_data.csv,03_source_data/phase5r/phase5r_b2_signal_scores.csv;08_reviews/current/latest_phase5r_b2_daily_research_preview.md;08_reviews/current/latest_phase5r_b2_watchlist.md,complete,read_only_scoring=yes; manual_execution_only=yes; no_broker=yes; no_orders=yes; no_email=yes; no_credentials=yes; archived_legacy_used=no
2026-08-02T12:18:26-04:00,run_phase5r_b2_full_universe_market_data.py,benchmark_smoke_test,QQQ;XLK;SPY,in_memory_preflight_only,passed,read_only_public_market_data=yes; canonical_candidate_universe=yes; current_position_price_monitoring=yes; no_broker=yes; no_orders=yes; no_email=yes; no_credentials=yes; archived_legacy_used=no; sequence=1; full_universe_fetch_not_started_before_this_check
2026-08-02T12:18:29-04:00,run_phase5r_b2_full_universe_market_data.py,full_universe_market_data_refresh,03_source_data/phase5r/phase5r_universe_seed.csv;05_risk_and_positions/current_positions.local.csv,03_source_data/phase5r/phase5r_b2_market_data_snapshot.csv,complete,read_only_public_market_data=yes; canonical_candidate_universe=yes; current_position_price_monitoring=yes; no_broker=yes; no_orders=yes; no_email=yes; no_credentials=yes; archived_legacy_used=no; sequence=2; smoke_test_passed=yes; held_tickers_price_only=yes
2026-08-02T12:18:30-04:00,run_phase5r_b2_full_universe_market_data.py,write_b2_market_data_outputs,03_source_data/phase5r/phase5r_universe_seed.csv;05_risk_and_positions/current_positions.local.csv,03_source_data/phase5r/phase5r_b2_market_data_snapshot.csv;03_source_data/phase5r/phase5r_b2_market_data_quality_report.csv;03_source_data/phase5r/phase5r_b2_candidates_with_market_data.csv;00_project_control/phase5r_b2_data_source_decision.md;04_research/realtime_stock_picker_phase5r/phase5r_b2_data_report.md,complete,read_only_public_market_data=yes; canonical_candidate_universe=yes; current_position_price_monitoring=yes; no_broker=yes; no_orders=yes; no_email=yes; no_credentials=yes; archived_legacy_used=no; snapshot_rows=29; candidate_rows=27; held_price_rows=2; smoke_test_passed=yes
2026-08-02T12:18:31-04:00,score_phase5r_b2_candidates.py,score_phase5r_b2_candidates,03_source_data/phase5r/phase5r_b2_candidates_with_market_data.csv,03_source_data/phase5r/phase5r_b2_signal_scores.csv;08_reviews/current/latest_phase5r_b2_daily_research_preview.md;08_reviews/current/latest_phase5r_b2_watchlist.md,complete,read_only_scoring=yes; manual_execution_only=yes; no_broker=yes; no_orders=yes; no_email=yes; no_credentials=yes; archived_legacy_used=no
2026-08-02T20:37:57-04:00,run_phase5r_b2_full_universe_market_data.py,benchmark_smoke_test,QQQ;XLK;SPY,in_memory_preflight_only,passed,read_only_public_market_data=yes; canonical_candidate_universe=yes; current_position_price_monitoring=yes; no_broker=yes; no_orders=yes; no_email=yes; no_credentials=yes; archived_legacy_used=no; sequence=1; full_universe_fetch_not_started_before_this_check
2026-08-02T20:38:03-04:00,run_phase5r_b2_full_universe_market_data.py,full_universe_market_data_refresh,03_source_data/phase5r/phase5r_universe_seed.csv;05_risk_and_positions/current_positions.local.csv,03_source_data/phase5r/phase5r_b2_market_data_snapshot.csv,complete,read_only_public_market_data=yes; canonical_candidate_universe=yes; current_position_price_monitoring=yes; no_broker=yes; no_orders=yes; no_email=yes; no_credentials=yes; archived_legacy_used=no; sequence=2; smoke_test_passed=yes; held_tickers_price_only=yes
2026-08-02T20:38:03-04:00,run_phase5r_b2_full_universe_market_data.py,write_b2_market_data_outputs,03_source_data/phase5r/phase5r_universe_seed.csv;05_risk_and_positions/current_positions.local.csv,03_source_data/phase5r/phase5r_b2_market_data_snapshot.csv;03_source_data/phase5r/phase5r_b2_market_data_quality_report.csv;03_source_data/phase5r/phase5r_b2_candidates_with_market_data.csv;00_project_control/phase5r_b2_data_source_decision.md;04_research/realtime_stock_picker_phase5r/phase5r_b2_data_report.md,complete,read_only_public_market_data=yes; canonical_candidate_universe=yes; current_position_price_monitoring=yes; no_broker=yes; no_orders=yes; no_email=yes; no_credentials=yes; archived_legacy_used=no; snapshot_rows=29; candidate_rows=27; held_price_rows=2; smoke_test_passed=yes
2026-08-02T20:38:05-04:00,score_phase5r_b2_candidates.py,score_phase5r_b2_candidates,03_source_data/phase5r/phase5r_b2_candidates_with_market_data.csv,03_source_data/phase5r/phase5r_b2_signal_scores.csv;08_reviews/current/latest_phase5r_b2_daily_research_preview.md;08_reviews/current/latest_phase5r_b2_watchlist.md,complete,read_only_scoring=yes; manual_execution_only=yes; no_broker=yes; no_orders=yes; no_email=yes; no_credentials=yes; archived_legacy_used=no
2026-08-03T09:25:44-04:00,run_phase5r_b2_full_universe_market_data.py,benchmark_smoke_test,QQQ;XLK;SPY,in_memory_preflight_only,passed,read_only_public_market_data=yes; canonical_candidate_universe=yes; current_position_price_monitoring=yes; no_broker=yes; no_orders=yes; no_email=yes; no_credentials=yes; archived_legacy_used=no; sequence=1; full_universe_fetch_not_started_before_this_check
2026-08-03T09:25:48-04:00,run_phase5r_b2_full_universe_market_data.py,full_universe_market_data_refresh,03_source_data/phase5r/phase5r_universe_seed.csv;05_risk_and_positions/current_positions.local.csv,03_source_data/phase5r/phase5r_b2_market_data_snapshot.csv,complete,read_only_public_market_data=yes; canonical_candidate_universe=yes; current_position_price_monitoring=yes; no_broker=yes; no_orders=yes; no_email=yes; no_credentials=yes; archived_legacy_used=no; sequence=2; smoke_test_passed=yes; held_tickers_price_only=yes
2026-08-03T09:25:49-04:00,run_phase5r_b2_full_universe_market_data.py,write_b2_market_data_outputs,03_source_data/phase5r/phase5r_universe_seed.csv;05_risk_and_positions/current_positions.local.csv,03_source_data/phase5r/phase5r_b2_market_data_snapshot.csv;03_source_data/phase5r/phase5r_b2_market_data_quality_report.csv;03_source_data/phase5r/phase5r_b2_candidates_with_market_data.csv;00_project_control/phase5r_b2_data_source_decision.md;04_research/realtime_stock_picker_phase5r/phase5r_b2_data_report.md,complete,read_only_public_market_data=yes; canonical_candidate_universe=yes; current_position_price_monitoring=yes; no_broker=yes; no_orders=yes; no_email=yes; no_credentials=yes; archived_legacy_used=no; snapshot_rows=29; candidate_rows=27; held_price_rows=2; smoke_test_passed=yes
2026-08-03T09:25:50-04:00,score_phase5r_b2_candidates.py,score_phase5r_b2_candidates,03_source_data/phase5r/phase5r_b2_candidates_with_market_data.csv,03_source_data/phase5r/phase5r_b2_signal_scores.csv;08_reviews/current/latest_phase5r_b2_daily_research_preview.md;08_reviews/current/latest_phase5r_b2_watchlist.md,complete,read_only_scoring=yes; manual_execution_only=yes; no_broker=yes; no_orders=yes; no_email=yes; no_credentials=yes; archived_legacy_used=no
2026-08-03T16:06:31-04:00,run_phase5r_b2_full_universe_market_data.py,benchmark_smoke_test,QQQ;XLK;SPY,in_memory_preflight_only,passed,read_only_public_market_data=yes; canonical_candidate_universe=yes; current_position_price_monitoring=yes; no_broker=yes; no_orders=yes; no_email=yes; no_credentials=yes; archived_legacy_used=no; sequence=1; full_universe_fetch_not_started_before_this_check
2026-08-03T16:06:35-04:00,run_phase5r_b2_full_universe_market_data.py,full_universe_market_data_refresh,03_source_data/phase5r/phase5r_universe_seed.csv;05_risk_and_positions/current_positions.local.csv,03_source_data/phase5r/phase5r_b2_market_data_snapshot.csv,complete,read_only_public_market_data=yes; canonical_candidate_universe=yes; current_position_price_monitoring=yes; no_broker=yes; no_orders=yes; no_email=yes; no_credentials=yes; archived_legacy_used=no; sequence=2; smoke_test_passed=yes; held_tickers_price_only=yes
2026-08-03T16:06:35-04:00,run_phase5r_b2_full_universe_market_data.py,write_b2_market_data_outputs,03_source_data/phase5r/phase5r_universe_seed.csv;05_risk_and_positions/current_positions.local.csv,03_source_data/phase5r/phase5r_b2_market_data_snapshot.csv;03_source_data/phase5r/phase5r_b2_market_data_quality_report.csv;03_source_data/phase5r/phase5r_b2_candidates_with_market_data.csv;00_project_control/phase5r_b2_data_source_decision.md;04_research/realtime_stock_picker_phase5r/phase5r_b2_data_report.md,complete,read_only_public_market_data=yes; canonical_candidate_universe=yes; current_position_price_monitoring=yes; no_broker=yes; no_orders=yes; no_email=yes; no_credentials=yes; archived_legacy_used=no; snapshot_rows=29; candidate_rows=27; held_price_rows=2; smoke_test_passed=yes
2026-08-03T16:06:36-04:00,score_phase5r_b2_candidates.py,score_phase5r_b2_candidates,03_source_data/phase5r/phase5r_b2_candidates_with_market_data.csv,03_source_data/phase5r/phase5r_b2_signal_scores.csv;08_reviews/current/latest_phase5r_b2_daily_research_preview.md;08_reviews/current/latest_phase5r_b2_watchlist.md,complete,read_only_scoring=yes; manual_execution_only=yes; no_broker=yes; no_orders=yes; no_email=yes; no_credentials=yes; archived_legacy_used=no
2026-08-03T16:22:29-04:00,run_phase5r_b2_full_universe_market_data.py,benchmark_smoke_test,QQQ;XLK;SPY,in_memory_preflight_only,passed,read_only_public_market_data=yes; canonical_candidate_universe=yes; current_position_price_monitoring=yes; no_broker=yes; no_orders=yes; no_email=yes; no_credentials=yes; archived_legacy_used=no; sequence=1; full_universe_fetch_not_started_before_this_check
2026-08-03T16:22:34-04:00,run_phase5r_b2_full_universe_market_data.py,full_universe_market_data_refresh,03_source_data/phase5r/phase5r_universe_seed.csv;05_risk_and_positions/current_positions.local.csv,03_source_data/phase5r/phase5r_b2_market_data_snapshot.csv,complete,read_only_public_market_data=yes; canonical_candidate_universe=yes; current_position_price_monitoring=yes; no_broker=yes; no_orders=yes; no_email=yes; no_credentials=yes; archived_legacy_used=no; sequence=2; smoke_test_passed=yes; held_tickers_price_only=yes
2026-08-03T16:22:34-04:00,run_phase5r_b2_full_universe_market_data.py,write_b2_market_data_outputs,03_source_data/phase5r/phase5r_universe_seed.csv;05_risk_and_positions/current_positions.local.csv,03_source_data/phase5r/phase5r_b2_market_data_snapshot.csv;03_source_data/phase5r/phase5r_b2_market_data_quality_report.csv;03_source_data/phase5r/phase5r_b2_candidates_with_market_data.csv;00_project_control/phase5r_b2_data_source_decision.md;04_research/realtime_stock_picker_phase5r/phase5r_b2_data_report.md,complete,read_only_public_market_data=yes; canonical_candidate_universe=yes; current_position_price_monitoring=yes; no_broker=yes; no_orders=yes; no_email=yes; no_credentials=yes; archived_legacy_used=no; snapshot_rows=29; candidate_rows=27; held_price_rows=2; smoke_test_passed=yes
2026-08-03T16:22:36-04:00,score_phase5r_b2_candidates.py,score_phase5r_b2_candidates,03_source_data/phase5r/phase5r_b2_candidates_with_market_data.csv,03_source_data/phase5r/phase5r_b2_signal_scores.csv;08_reviews/current/latest_phase5r_b2_daily_research_preview.md;08_reviews/current/latest_phase5r_b2_watchlist.md,complete,read_only_scoring=yes; manual_execution_only=yes; no_broker=yes; no_orders=yes; no_email=yes; no_credentials=yes; archived_legacy_used=no
2026-08-03T18:08:10-04:00,run_phase5r_b2_full_universe_market_data.py,benchmark_smoke_test,QQQ;XLK;SPY,in_memory_preflight_only,failed,read_only_public_market_data=yes; canonical_candidate_universe=yes; current_position_price_monitoring=yes; no_broker=yes; no_orders=yes; no_email=yes; no_credentials=yes; archived_legacy_used=no; sequence=1; full_universe_fetch_not_started_before_this_check
2026-08-03T18:08:10-04:00,run_phase5r_b2_full_universe_market_data.py,full_universe_market_data_refresh,03_source_data/phase5r/phase5r_universe_seed.csv;05_risk_and_positions/current_positions.local.csv,03_source_data/phase5r/phase5r_b2_market_data_snapshot.csv,not_attempted,read_only_public_market_data=yes; canonical_candidate_universe=yes; current_position_price_monitoring=yes; no_broker=yes; no_orders=yes; no_email=yes; no_credentials=yes; archived_legacy_used=no; sequence=2; smoke_test_passed=no; fail_safe_stop=yes; held_tickers_price_only=yes
2026-08-03T18:08:10-04:00,run_phase5r_b2_full_universe_market_data.py,write_b2_market_data_outputs,03_source_data/phase5r/phase5r_universe_seed.csv;05_risk_and_positions/current_positions.local.csv,03_source_data/phase5r/phase5r_b2_market_data_snapshot.csv;03_source_data/phase5r/phase5r_b2_market_data_quality_report.csv;03_source_data/phase5r/phase5r_b2_candidates_with_market_data.csv;00_project_control/phase5r_b2_data_source_decision.md;04_research/realtime_stock_picker_phase5r/phase5r_b2_data_report.md,complete,read_only_public_market_data=yes; canonical_candidate_universe=yes; current_position_price_monitoring=yes; no_broker=yes; no_orders=yes; no_email=yes; no_credentials=yes; archived_legacy_used=no; snapshot_rows=29; candidate_rows=27; held_price_rows=2; smoke_test_passed=no
2026-08-03T18:08:11-04:00,score_phase5r_b2_candidates.py,score_phase5r_b2_candidates,03_source_data/phase5r/phase5r_b2_candidates_with_market_data.csv,03_source_data/phase5r/phase5r_b2_signal_scores.csv;08_reviews/current/latest_phase5r_b2_daily_research_preview.md;08_reviews/current/latest_phase5r_b2_watchlist.md,complete,read_only_scoring=yes; manual_execution_only=yes; no_broker=yes; no_orders=yes; no_email=yes; no_credentials=yes; archived_legacy_used=no
2026-08-03T18:55:50-04:00,run_phase5r_b2_full_universe_market_data.py,benchmark_smoke_test,QQQ;XLK;SPY,in_memory_preflight_only,failed,read_only_public_market_data=yes; canonical_candidate_universe=yes; current_position_price_monitoring=yes; no_broker=yes; no_orders=yes; no_email=yes; no_credentials=yes; archived_legacy_used=no; sequence=1; full_universe_fetch_not_started_before_this_check
2026-08-03T18:55:50-04:00,run_phase5r_b2_full_universe_market_data.py,full_universe_market_data_refresh,03_source_data/phase5r/phase5r_universe_seed.csv;05_risk_and_positions/current_positions.local.csv,03_source_data/phase5r/phase5r_b2_market_data_snapshot.csv,not_attempted,read_only_public_market_data=yes; canonical_candidate_universe=yes; current_position_price_monitoring=yes; no_broker=yes; no_orders=yes; no_email=yes; no_credentials=yes; archived_legacy_used=no; sequence=2; smoke_test_passed=no; fail_safe_stop=yes; held_tickers_price_only=yes
2026-08-03T18:55:50-04:00,run_phase5r_b2_full_universe_market_data.py,write_b2_market_data_outputs,03_source_data/phase5r/phase5r_universe_seed.csv;05_risk_and_positions/current_positions.local.csv,03_source_data/phase5r/phase5r_b2_market_data_snapshot.csv;03_source_data/phase5r/phase5r_b2_market_data_quality_report.csv;03_source_data/phase5r/phase5r_b2_candidates_with_market_data.csv;00_project_control/phase5r_b2_data_source_decision.md;04_research/realtime_stock_picker_phase5r/phase5r_b2_data_report.md,complete,read_only_public_market_data=yes; canonical_candidate_universe=yes; current_position_price_monitoring=yes; no_broker=yes; no_orders=yes; no_email=yes; no_credentials=yes; archived_legacy_used=no; snapshot_rows=29; candidate_rows=27; held_price_rows=2; smoke_test_passed=no
2026-08-03T18:55:51-04:00,score_phase5r_b2_candidates.py,score_phase5r_b2_candidates,03_source_data/phase5r/phase5r_b2_candidates_with_market_data.csv,03_source_data/phase5r/phase5r_b2_signal_scores.csv;08_reviews/current/latest_phase5r_b2_daily_research_preview.md;08_reviews/current/latest_phase5r_b2_watchlist.md,complete,read_only_scoring=yes; manual_execution_only=yes; no_broker=yes; no_orders=yes; no_email=yes; no_credentials=yes; archived_legacy_used=no
2026-08-03T19:30:57-04:00,run_phase5r_b2_full_universe_market_data.py,benchmark_smoke_test,QQQ;XLK;SPY,in_memory_preflight_only,failed,read_only_public_market_data=yes; canonical_candidate_universe=yes; current_position_price_monitoring=yes; no_broker=yes; no_orders=yes; no_email=yes; no_credentials=yes; archived_legacy_used=no; sequence=1; full_universe_fetch_not_started_before_this_check
2026-08-03T19:30:57-04:00,run_phase5r_b2_full_universe_market_data.py,full_universe_market_data_refresh,03_source_data/phase5r/phase5r_universe_seed.csv;05_risk_and_positions/current_positions.local.csv,03_source_data/phase5r/phase5r_b2_market_data_snapshot.csv,not_attempted,read_only_public_market_data=yes; canonical_candidate_universe=yes; current_position_price_monitoring=yes; no_broker=yes; no_orders=yes; no_email=yes; no_credentials=yes; archived_legacy_used=no; sequence=2; smoke_test_passed=no; fail_safe_stop=yes; held_tickers_price_only=yes
2026-08-03T19:30:57-04:00,run_phase5r_b2_full_universe_market_data.py,write_b2_market_data_outputs,03_source_data/phase5r/phase5r_universe_seed.csv;05_risk_and_positions/current_positions.local.csv,03_source_data/phase5r/phase5r_b2_market_data_snapshot.csv;03_source_data/phase5r/phase5r_b2_market_data_quality_report.csv;03_source_data/phase5r/phase5r_b2_candidates_with_market_data.csv;00_project_control/phase5r_b2_data_source_decision.md;04_research/realtime_stock_picker_phase5r/phase5r_b2_data_report.md,complete,read_only_public_market_data=yes; canonical_candidate_universe=yes; current_position_price_monitoring=yes; no_broker=yes; no_orders=yes; no_email=yes; no_credentials=yes; archived_legacy_used=no; snapshot_rows=29; candidate_rows=27; held_price_rows=2; smoke_test_passed=no
2026-08-03T19:30:58-04:00,score_phase5r_b2_candidates.py,score_phase5r_b2_candidates,03_source_data/phase5r/phase5r_b2_candidates_with_market_data.csv,03_source_data/phase5r/phase5r_b2_signal_scores.csv;08_reviews/current/latest_phase5r_b2_daily_research_preview.md;08_reviews/current/latest_phase5r_b2_watchlist.md,complete,read_only_scoring=yes; manual_execution_only=yes; no_broker=yes; no_orders=yes; no_email=yes; no_credentials=yes; archived_legacy_used=no
2026-08-04T12:01:59-04:00,run_phase5r_b2_full_universe_market_data.py,benchmark_smoke_test,QQQ;XLK;SPY,in_memory_preflight_only,failed,read_only_public_market_data=yes; canonical_candidate_universe=yes; current_position_price_monitoring=yes; no_broker=yes; no_orders=yes; no_email=yes; no_credentials=yes; archived_legacy_used=no; sequence=1; full_universe_fetch_not_started_before_this_check
2026-08-04T12:01:59-04:00,run_phase5r_b2_full_universe_market_data.py,full_universe_market_data_refresh,03_source_data/phase5r/phase5r_universe_seed.csv;05_risk_and_positions/current_positions.local.csv,03_source_data/phase5r/phase5r_b2_market_data_snapshot.csv,not_attempted,read_only_public_market_data=yes; canonical_candidate_universe=yes; current_position_price_monitoring=yes; no_broker=yes; no_orders=yes; no_email=yes; no_credentials=yes; archived_legacy_used=no; sequence=2; smoke_test_passed=no; fail_safe_stop=yes; held_tickers_price_only=yes
2026-08-04T12:01:59-04:00,run_phase5r_b2_full_universe_market_data.py,write_b2_market_data_outputs,03_source_data/phase5r/phase5r_universe_seed.csv;05_risk_and_positions/current_positions.local.csv,03_source_data/phase5r/phase5r_b2_market_data_snapshot.csv;03_source_data/phase5r/phase5r_b2_market_data_quality_report.csv;03_source_data/phase5r/phase5r_b2_candidates_with_market_data.csv;00_project_control/phase5r_b2_data_source_decision.md;04_research/realtime_stock_picker_phase5r/phase5r_b2_data_report.md,complete,read_only_public_market_data=yes; canonical_candidate_universe=yes; current_position_price_monitoring=yes; no_broker=yes; no_orders=yes; no_email=yes; no_credentials=yes; archived_legacy_used=no; snapshot_rows=29; candidate_rows=27; held_price_rows=2; smoke_test_passed=no
2026-08-04T12:02:00-04:00,score_phase5r_b2_candidates.py,score_phase5r_b2_candidates,03_source_data/phase5r/phase5r_b2_candidates_with_market_data.csv,03_source_data/phase5r/phase5r_b2_signal_scores.csv;08_reviews/current/latest_phase5r_b2_daily_research_preview.md;08_reviews/current/latest_phase5r_b2_watchlist.md,complete,read_only_scoring=yes; manual_execution_only=yes; no_broker=yes; no_orders=yes; no_email=yes; no_credentials=yes; archived_legacy_used=no
2026-08-04T13:05:27-04:00,run_phase5r_b2_full_universe_market_data.py,benchmark_smoke_test,QQQ;XLK;SPY,in_memory_preflight_only,passed,read_only_public_market_data=yes; canonical_candidate_universe=yes; current_position_price_monitoring=yes; no_broker=yes; no_orders=yes; no_email=yes; no_credentials=yes; archived_legacy_used=no; sequence=1; full_universe_fetch_not_started_before_this_check
2026-08-04T13:06:32-04:00,run_phase5r_b2_full_universe_market_data.py,full_universe_market_data_refresh,03_source_data/phase5r/phase5r_universe_seed.csv;05_risk_and_positions/current_positions.local.csv,03_source_data/phase5r/phase5r_b2_market_data_snapshot.csv,complete,read_only_public_market_data=yes; canonical_candidate_universe=yes; current_position_price_monitoring=yes; no_broker=yes; no_orders=yes; no_email=yes; no_credentials=yes; archived_legacy_used=no; sequence=2; smoke_test_passed=yes; held_tickers_price_only=yes
2026-08-04T13:06:32-04:00,run_phase5r_b2_full_universe_market_data.py,write_b2_market_data_outputs,03_source_data/phase5r/phase5r_universe_seed.csv;05_risk_and_positions/current_positions.local.csv,03_source_data/phase5r/phase5r_b2_market_data_snapshot.csv;03_source_data/phase5r/phase5r_b2_market_data_quality_report.csv;03_source_data/phase5r/phase5r_b2_candidates_with_market_data.csv;00_project_control/phase5r_b2_data_source_decision.md;04_research/realtime_stock_picker_phase5r/phase5r_b2_data_report.md,complete,read_only_public_market_data=yes; canonical_candidate_universe=yes; current_position_price_monitoring=yes; no_broker=yes; no_orders=yes; no_email=yes; no_credentials=yes; archived_legacy_used=no; snapshot_rows=29; candidate_rows=27; held_price_rows=2; smoke_test_passed=yes
2026-08-04T13:06:38-04:00,score_phase5r_b2_candidates.py,score_phase5r_b2_candidates,03_source_data/phase5r/phase5r_b2_candidates_with_market_data.csv,03_source_data/phase5r/phase5r_b2_signal_scores.csv;08_reviews/current/latest_phase5r_b2_daily_research_preview.md;08_reviews/current/latest_phase5r_b2_watchlist.md,complete,read_only_scoring=yes; manual_execution_only=yes; no_broker=yes; no_orders=yes; no_email=yes; no_credentials=yes; archived_legacy_used=no
2026-08-04T13:31:58-04:00,run_phase5r_b2_full_universe_market_data.py,benchmark_smoke_test,QQQ;XLK;SPY,in_memory_preflight_only,passed,read_only_public_market_data=yes; canonical_candidate_universe=yes; current_position_price_monitoring=yes; no_broker=yes; no_orders=yes; no_email=yes; no_credentials=yes; archived_legacy_used=no; sequence=1; full_universe_fetch_not_started_before_this_check
2026-08-04T13:32:35-04:00,run_phase5r_b2_full_universe_market_data.py,full_universe_market_data_refresh,03_source_data/phase5r/phase5r_universe_seed.csv;05_risk_and_positions/current_positions.local.csv,03_source_data/phase5r/phase5r_b2_market_data_snapshot.csv,complete,read_only_public_market_data=yes; canonical_candidate_universe=yes; current_position_price_monitoring=yes; no_broker=yes; no_orders=yes; no_email=yes; no_credentials=yes; archived_legacy_used=no; sequence=2; smoke_test_passed=yes; held_tickers_price_only=yes
2026-08-04T13:32:35-04:00,run_phase5r_b2_full_universe_market_data.py,write_b2_market_data_outputs,03_source_data/phase5r/phase5r_universe_seed.csv;05_risk_and_positions/current_positions.local.csv,03_source_data/phase5r/phase5r_b2_market_data_snapshot.csv;03_source_data/phase5r/phase5r_b2_market_data_quality_report.csv;03_source_data/phase5r/phase5r_b2_candidates_with_market_data.csv;00_project_control/phase5r_b2_data_source_decision.md;04_research/realtime_stock_picker_phase5r/phase5r_b2_data_report.md,complete,read_only_public_market_data=yes; canonical_candidate_universe=yes; current_position_price_monitoring=yes; no_broker=yes; no_orders=yes; no_email=yes; no_credentials=yes; archived_legacy_used=no; snapshot_rows=29; candidate_rows=27; held_price_rows=2; smoke_test_passed=yes
2026-08-04T13:32:35-04:00,score_phase5r_b2_candidates.py,score_phase5r_b2_candidates,03_source_data/phase5r/phase5r_b2_candidates_with_market_data.csv,03_source_data/phase5r/phase5r_b2_signal_scores.csv;08_reviews/current/latest_phase5r_b2_daily_research_preview.md;08_reviews/current/latest_phase5r_b2_watchlist.md,complete,read_only_scoring=yes; manual_execution_only=yes; no_broker=yes; no_orders=yes; no_email=yes; no_credentials=yes; archived_legacy_used=no
2026-08-04T13:51:54-04:00,run_phase5r_b2_full_universe_market_data.py,benchmark_smoke_test,QQQ;XLK;SPY,in_memory_preflight_only,passed,read_only_public_market_data=yes; canonical_candidate_universe=yes; current_position_price_monitoring=yes; no_broker=yes; no_orders=yes; no_email=yes; no_credentials=yes; archived_legacy_used=no; sequence=1; full_universe_fetch_not_started_before_this_check
2026-08-04T13:52:29-04:00,run_phase5r_b2_full_universe_market_data.py,full_universe_market_data_refresh,03_source_data/phase5r/phase5r_universe_seed.csv;05_risk_and_positions/current_positions.local.csv,03_source_data/phase5r/phase5r_b2_market_data_snapshot.csv,complete,read_only_public_market_data=yes; canonical_candidate_universe=yes; current_position_price_monitoring=yes; no_broker=yes; no_orders=yes; no_email=yes; no_credentials=yes; archived_legacy_used=no; sequence=2; smoke_test_passed=yes; held_tickers_price_only=yes
2026-08-04T13:52:29-04:00,run_phase5r_b2_full_universe_market_data.py,write_b2_market_data_outputs,03_source_data/phase5r/phase5r_universe_seed.csv;05_risk_and_positions/current_positions.local.csv,03_source_data/phase5r/phase5r_b2_market_data_snapshot.csv;03_source_data/phase5r/phase5r_b2_market_data_quality_report.csv;03_source_data/phase5r/phase5r_b2_candidates_with_market_data.csv;00_project_control/phase5r_b2_data_source_decision.md;04_research/realtime_stock_picker_phase5r/phase5r_b2_data_report.md,complete,read_only_public_market_data=yes; canonical_candidate_universe=yes; current_position_price_monitoring=yes; no_broker=yes; no_orders=yes; no_email=yes; no_credentials=yes; archived_legacy_used=no; snapshot_rows=29; candidate_rows=27; held_price_rows=2; smoke_test_passed=yes
2026-08-04T13:52:29-04:00,score_phase5r_b2_candidates.py,score_phase5r_b2_candidates,03_source_data/phase5r/phase5r_b2_candidates_with_market_data.csv,03_source_data/phase5r/phase5r_b2_signal_scores.csv;08_reviews/current/latest_phase5r_b2_daily_research_preview.md;08_reviews/current/latest_phase5r_b2_watchlist.md,complete,read_only_scoring=yes; manual_execution_only=yes; no_broker=yes; no_orders=yes; no_email=yes; no_credentials=yes; archived_legacy_used=no
2026-08-04T14:44:22-04:00,run_phase5r_b2_full_universe_market_data.py,benchmark_smoke_test,QQQ;XLK;SPY,in_memory_preflight_only,passed,read_only_public_market_data=yes; canonical_candidate_universe=yes; current_position_price_monitoring=yes; no_broker=yes; no_orders=yes; no_email=yes; no_credentials=yes; archived_legacy_used=no; sequence=1; full_universe_fetch_not_started_before_this_check
2026-08-04T14:44:55-04:00,run_phase5r_b2_full_universe_market_data.py,full_universe_market_data_refresh,03_source_data/phase5r/phase5r_universe_seed.csv;05_risk_and_positions/current_positions.local.csv,03_source_data/phase5r/phase5r_b2_market_data_snapshot.csv,complete,read_only_public_market_data=yes; canonical_candidate_universe=yes; current_position_price_monitoring=yes; no_broker=yes; no_orders=yes; no_email=yes; no_credentials=yes; archived_legacy_used=no; sequence=2; smoke_test_passed=yes; held_tickers_price_only=yes
2026-08-04T14:44:55-04:00,run_phase5r_b2_full_universe_market_data.py,write_b2_market_data_outputs,03_source_data/phase5r/phase5r_universe_seed.csv;05_risk_and_positions/current_positions.local.csv,03_source_data/phase5r/phase5r_b2_market_data_snapshot.csv;03_source_data/phase5r/phase5r_b2_market_data_quality_report.csv;03_source_data/phase5r/phase5r_b2_candidates_with_market_data.csv;00_project_control/phase5r_b2_data_source_decision.md;04_research/realtime_stock_picker_phase5r/phase5r_b2_data_report.md,complete,read_only_public_market_data=yes; canonical_candidate_universe=yes; current_position_price_monitoring=yes; no_broker=yes; no_orders=yes; no_email=yes; no_credentials=yes; archived_legacy_used=no; snapshot_rows=29; candidate_rows=27; held_price_rows=2; smoke_test_passed=yes
2026-08-04T14:44:55-04:00,score_phase5r_b2_candidates.py,score_phase5r_b2_candidates,03_source_data/phase5r/phase5r_b2_candidates_with_market_data.csv,03_source_data/phase5r/phase5r_b2_signal_scores.csv;08_reviews/current/latest_phase5r_b2_daily_research_preview.md;08_reviews/current/latest_phase5r_b2_watchlist.md,complete,read_only_scoring=yes; manual_execution_only=yes; no_broker=yes; no_orders=yes; no_email=yes; no_credentials=yes; archived_legacy_used=no
2026-08-04T16:20:10-04:00,run_phase5r_b2_full_universe_market_data.py,benchmark_smoke_test,QQQ;XLK;SPY,in_memory_preflight_only,passed,read_only_public_market_data=yes; canonical_candidate_universe=yes; current_position_price_monitoring=yes; no_broker=yes; no_orders=yes; no_email=yes; no_credentials=yes; archived_legacy_used=no; sequence=1; full_universe_fetch_not_started_before_this_check
2026-08-04T16:21:07-04:00,run_phase5r_b2_full_universe_market_data.py,full_universe_market_data_refresh,03_source_data/phase5r/phase5r_universe_seed.csv;05_risk_and_positions/current_positions.local.csv,03_source_data/phase5r/phase5r_b2_market_data_snapshot.csv,complete,read_only_public_market_data=yes; canonical_candidate_universe=yes; current_position_price_monitoring=yes; no_broker=yes; no_orders=yes; no_email=yes; no_credentials=yes; archived_legacy_used=no; sequence=2; smoke_test_passed=yes; held_tickers_price_only=yes
2026-08-04T16:21:07-04:00,run_phase5r_b2_full_universe_market_data.py,write_b2_market_data_outputs,03_source_data/phase5r/phase5r_universe_seed.csv;05_risk_and_positions/current_positions.local.csv,03_source_data/phase5r/phase5r_b2_market_data_snapshot.csv;03_source_data/phase5r/phase5r_b2_market_data_quality_report.csv;03_source_data/phase5r/phase5r_b2_candidates_with_market_data.csv;00_project_control/phase5r_b2_data_source_decision.md;04_research/realtime_stock_picker_phase5r/phase5r_b2_data_report.md,complete,read_only_public_market_data=yes; canonical_candidate_universe=yes; current_position_price_monitoring=yes; no_broker=yes; no_orders=yes; no_email=yes; no_credentials=yes; archived_legacy_used=no; snapshot_rows=29; candidate_rows=27; held_price_rows=2; smoke_test_passed=yes
2026-08-04T16:21:08-04:00,score_phase5r_b2_candidates.py,score_phase5r_b2_candidates,03_source_data/phase5r/phase5r_b2_candidates_with_market_data.csv,03_source_data/phase5r/phase5r_b2_signal_scores.csv;08_reviews/current/latest_phase5r_b2_daily_research_preview.md;08_reviews/current/latest_phase5r_b2_watchlist.md,complete,read_only_scoring=yes; manual_execution_only=yes; no_broker=yes; no_orders=yes; no_email=yes; no_credentials=yes; archived_legacy_used=no
2026-08-05T05:55:41+08:00,run_phase5r_b2_full_universe_market_data.py,benchmark_smoke_test,QQQ;XLK;SPY,in_memory_preflight_only,failed,read_only_public_market_data=yes; canonical_candidate_universe=yes; current_position_price_monitoring=yes; no_broker=yes; no_orders=yes; no_email=yes; no_credentials=yes; archived_legacy_used=no; sequence=1; full_universe_fetch_not_started_before_this_check
2026-08-05T05:55:41+08:00,run_phase5r_b2_full_universe_market_data.py,full_universe_market_data_refresh,03_source_data/phase5r/phase5r_universe_seed.csv;05_risk_and_positions/current_positions.local.csv,03_source_data/phase5r/phase5r_b2_market_data_snapshot.csv,not_attempted,read_only_public_market_data=yes; canonical_candidate_universe=yes; current_position_price_monitoring=yes; no_broker=yes; no_orders=yes; no_email=yes; no_credentials=yes; archived_legacy_used=no; sequence=2; smoke_test_passed=no; fail_safe_stop=yes; held_tickers_price_only=yes
2026-08-05T05:55:41+08:00,run_phase5r_b2_full_universe_market_data.py,write_b2_market_data_outputs,03_source_data/phase5r/phase5r_universe_seed.csv;05_risk_and_positions/current_positions.local.csv,03_source_data/phase5r/phase5r_b2_market_data_snapshot.csv;03_source_data/phase5r/phase5r_b2_market_data_quality_report.csv;03_source_data/phase5r/phase5r_b2_candidates_with_market_data.csv;00_project_control/phase5r_b2_data_source_decision.md;04_research/realtime_stock_picker_phase5r/phase5r_b2_data_report.md,complete,read_only_public_market_data=yes; canonical_candidate_universe=yes; current_position_price_monitoring=yes; no_broker=yes; no_orders=yes; no_email=yes; no_credentials=yes; archived_legacy_used=no; snapshot_rows=29; candidate_rows=27; held_price_rows=2; smoke_test_passed=no
2026-08-05T05:55:45+08:00,score_phase5r_b2_candidates.py,score_phase5r_b2_candidates,03_source_data/phase5r/phase5r_b2_candidates_with_market_data.csv,03_source_data/phase5r/phase5r_b2_signal_scores.csv;08_reviews/current/latest_phase5r_b2_daily_research_preview.md;08_reviews/current/latest_phase5r_b2_watchlist.md,complete,read_only_scoring=yes; manual_execution_only=yes; no_broker=yes; no_orders=yes; no_email=yes; no_credentials=yes; archived_legacy_used=no
2026-08-05T06:11:13+08:00,run_phase5r_b2_full_universe_market_data.py,benchmark_smoke_test,QQQ;XLK;SPY,in_memory_preflight_only,passed,read_only_public_market_data=yes; canonical_candidate_universe=yes; current_position_price_monitoring=yes; no_broker=yes; no_orders=yes; no_email=yes; no_credentials=yes; archived_legacy_used=no; sequence=1; full_universe_fetch_not_started_before_this_check
2026-08-05T06:11:32+08:00,run_phase5r_b2_full_universe_market_data.py,full_universe_market_data_refresh,03_source_data/phase5r/phase5r_universe_seed.csv;05_risk_and_positions/current_positions.local.csv,03_source_data/phase5r/phase5r_b2_market_data_snapshot.csv,complete,read_only_public_market_data=yes; canonical_candidate_universe=yes; current_position_price_monitoring=yes; no_broker=yes; no_orders=yes; no_email=yes; no_credentials=yes; archived_legacy_used=no; sequence=2; smoke_test_passed=yes; full_retrieval_succeeded=yes; held_tickers_price_only=yes; fail_safe_stop=no
2026-08-05T06:11:32+08:00,run_phase5r_b2_full_universe_market_data.py,write_b2_market_data_outputs,03_source_data/phase5r/phase5r_universe_seed.csv;05_risk_and_positions/current_positions.local.csv,03_source_data/phase5r/phase5r_b2_market_data_snapshot.csv;03_source_data/phase5r/phase5r_b2_market_data_quality_report.csv;03_source_data/phase5r/phase5r_b2_candidates_with_market_data.csv;00_project_control/phase5r_b2_data_source_decision.md;04_research/realtime_stock_picker_phase5r/phase5r_b2_data_report.md,complete,read_only_public_market_data=yes; canonical_candidate_universe=yes; current_position_price_monitoring=yes; no_broker=yes; no_orders=yes; no_email=yes; no_credentials=yes; archived_legacy_used=no; snapshot_rows=29; candidate_rows=27; held_price_rows=2; smoke_test_passed=yes; source_failure=no; prior_outputs_preserved=no; prior_validation=not_checked
2026-08-05T06:11:32+08:00,score_phase5r_b2_candidates.py,score_phase5r_b2_candidates,03_source_data/phase5r/phase5r_b2_candidates_with_market_data.csv,03_source_data/phase5r/phase5r_b2_signal_scores.csv;08_reviews/current/latest_phase5r_b2_daily_research_preview.md;08_reviews/current/latest_phase5r_b2_watchlist.md,complete,read_only_scoring=yes; manual_execution_only=yes; no_broker=yes; no_orders=yes; no_email=yes; no_credentials=yes; archived_legacy_used=no
2026-08-05T06:42:28+08:00,run_phase5r_b2_full_universe_market_data.py,benchmark_smoke_test,QQQ;XLK;SPY,in_memory_preflight_only,failed,read_only_public_market_data=yes; canonical_candidate_universe=yes; current_position_price_monitoring=yes; no_broker=yes; no_orders=yes; no_email=yes; no_credentials=yes; archived_legacy_used=no; sequence=1; full_universe_fetch_not_started_before_this_check
2026-08-05T06:42:28+08:00,run_phase5r_b2_full_universe_market_data.py,full_universe_market_data_refresh,03_source_data/phase5r/phase5r_universe_seed.csv;05_risk_and_positions/current_positions.local.csv,03_source_data/phase5r/phase5r_b2_market_data_snapshot.csv,not_attempted,read_only_public_market_data=yes; canonical_candidate_universe=yes; current_position_price_monitoring=yes; no_broker=yes; no_orders=yes; no_email=yes; no_credentials=yes; archived_legacy_used=no; sequence=2; smoke_test_passed=no; fail_safe_stop=yes; held_tickers_price_only=yes
2026-08-05T06:42:28+08:00,run_phase5r_b2_full_universe_market_data.py,write_b2_market_data_outputs,03_source_data/phase5r/phase5r_universe_seed.csv;05_risk_and_positions/current_positions.local.csv,00_project_control/phase5r_b2_data_source_decision.md;04_research/realtime_stock_picker_phase5r/phase5r_b2_data_report.md,source_failure_prior_outputs_preserved,read_only_public_market_data=yes; canonical_candidate_universe=yes; current_position_price_monitoring=yes; no_broker=yes; no_orders=yes; no_email=yes; no_credentials=yes; archived_legacy_used=no; snapshot_rows=29; candidate_rows=27; held_price_rows=2; smoke_test_passed=no; source_failure=yes; prior_outputs_preserved=yes; prior_validation=prior_output_trio_coherent
2026-08-05T06:42:29+08:00,score_phase5r_b2_candidates.py,score_phase5r_b2_candidates,03_source_data/phase5r/phase5r_b2_candidates_with_market_data.csv,03_source_data/phase5r/phase5r_b2_signal_scores.csv;08_reviews/current/latest_phase5r_b2_daily_research_preview.md;08_reviews/current/latest_phase5r_b2_watchlist.md,complete,read_only_scoring=yes; manual_execution_only=yes; no_broker=yes; no_orders=yes; no_email=yes; no_credentials=yes; archived_legacy_used=no
2026-08-05T06:58:20+08:00,run_phase5r_b2_full_universe_market_data.py,benchmark_smoke_test,QQQ;XLK;SPY,in_memory_preflight_only,failed,read_only_public_market_data=yes; canonical_candidate_universe=yes; current_position_price_monitoring=yes; no_broker=yes; no_orders=yes; no_email=yes; no_credentials=yes; archived_legacy_used=no; sequence=1; full_universe_fetch_not_started_before_this_check
2026-08-05T06:58:20+08:00,run_phase5r_b2_full_universe_market_data.py,full_universe_market_data_refresh,03_source_data/phase5r/phase5r_universe_seed.csv;05_risk_and_positions/current_positions.local.csv,03_source_data/phase5r/phase5r_b2_market_data_snapshot.csv,not_attempted,read_only_public_market_data=yes; canonical_candidate_universe=yes; current_position_price_monitoring=yes; no_broker=yes; no_orders=yes; no_email=yes; no_credentials=yes; archived_legacy_used=no; sequence=2; smoke_test_passed=no; fail_safe_stop=yes; held_tickers_price_only=yes
2026-08-05T06:58:20+08:00,run_phase5r_b2_full_universe_market_data.py,write_b2_market_data_outputs,03_source_data/phase5r/phase5r_universe_seed.csv;05_risk_and_positions/current_positions.local.csv,00_project_control/phase5r_b2_data_source_decision.md;04_research/realtime_stock_picker_phase5r/phase5r_b2_data_report.md,source_failure_prior_outputs_preserved,read_only_public_market_data=yes; canonical_candidate_universe=yes; current_position_price_monitoring=yes; no_broker=yes; no_orders=yes; no_email=yes; no_credentials=yes; archived_legacy_used=no; snapshot_rows=29; candidate_rows=27; held_price_rows=2; smoke_test_passed=no; source_failure=yes; prior_outputs_preserved=yes; prior_validation=prior_output_trio_coherent
2026-08-05T06:58:21+08:00,score_phase5r_b2_candidates.py,score_phase5r_b2_candidates,03_source_data/phase5r/phase5r_b2_candidates_with_market_data.csv,03_source_data/phase5r/phase5r_b2_signal_scores.csv;08_reviews/current/latest_phase5r_b2_daily_research_preview.md;08_reviews/current/latest_phase5r_b2_watchlist.md,complete,read_only_scoring=yes; manual_execution_only=yes; no_broker=yes; no_orders=yes; no_email=yes; no_credentials=yes; archived_legacy_used=no
2026-08-05T14:19:20+08:00,run_phase5r_b2_full_universe_market_data.py,benchmark_smoke_test,QQQ;XLK;SPY,in_memory_preflight_only,failed,read_only_public_market_data=yes; canonical_candidate_universe=yes; current_position_price_monitoring=yes; no_broker=yes; no_orders=yes; no_email=yes; no_credentials=yes; archived_legacy_used=no; sequence=1; full_universe_fetch_not_started_before_this_check
2026-08-05T14:19:20+08:00,run_phase5r_b2_full_universe_market_data.py,full_universe_market_data_refresh,03_source_data/phase5r/phase5r_universe_seed.csv;05_risk_and_positions/current_positions.local.csv,03_source_data/phase5r/phase5r_b2_market_data_snapshot.csv,not_attempted,read_only_public_market_data=yes; canonical_candidate_universe=yes; current_position_price_monitoring=yes; no_broker=yes; no_orders=yes; no_email=yes; no_credentials=yes; archived_legacy_used=no; sequence=2; smoke_test_passed=no; fail_safe_stop=yes; held_tickers_price_only=yes
2026-08-05T14:19:21+08:00,run_phase5r_b2_full_universe_market_data.py,write_b2_market_data_outputs,03_source_data/phase5r/phase5r_universe_seed.csv;05_risk_and_positions/current_positions.local.csv,00_project_control/phase5r_b2_data_source_decision.md;04_research/realtime_stock_picker_phase5r/phase5r_b2_data_report.md,source_failure_prior_outputs_preserved,read_only_public_market_data=yes; canonical_candidate_universe=yes; current_position_price_monitoring=yes; no_broker=yes; no_orders=yes; no_email=yes; no_credentials=yes; archived_legacy_used=no; snapshot_rows=29; candidate_rows=27; held_price_rows=2; smoke_test_passed=no; source_failure=yes; prior_outputs_preserved=yes; prior_validation=prior_output_trio_coherent
2026-08-05T14:19:21+08:00,score_phase5r_b2_candidates.py,score_phase5r_b2_candidates,03_source_data/phase5r/phase5r_b2_candidates_with_market_data.csv,03_source_data/phase5r/phase5r_b2_signal_scores.csv;08_reviews/current/latest_phase5r_b2_daily_research_preview.md;08_reviews/current/latest_phase5r_b2_watchlist.md,complete,read_only_scoring=yes; manual_execution_only=yes; no_broker=yes; no_orders=yes; no_email=yes; no_credentials=yes; archived_legacy_used=no
2026-08-05T20:28:30+08:00,run_phase5r_b2_full_universe_market_data.py,benchmark_smoke_test,QQQ;XLK;SPY,in_memory_preflight_only,failed,read_only_public_market_data=yes; canonical_candidate_universe=yes; current_position_price_monitoring=yes; no_broker=yes; no_orders=yes; no_email=yes; no_credentials=yes; archived_legacy_used=no; sequence=1; full_universe_fetch_not_started_before_this_check
2026-08-05T20:28:30+08:00,run_phase5r_b2_full_universe_market_data.py,full_universe_market_data_refresh,03_source_data/phase5r/phase5r_universe_seed.csv;05_risk_and_positions/current_positions.local.csv,03_source_data/phase5r/phase5r_b2_market_data_snapshot.csv,not_attempted,read_only_public_market_data=yes; canonical_candidate_universe=yes; current_position_price_monitoring=yes; no_broker=yes; no_orders=yes; no_email=yes; no_credentials=yes; archived_legacy_used=no; sequence=2; smoke_test_passed=no; fail_safe_stop=yes; held_tickers_price_only=yes
2026-08-05T20:28:30+08:00,run_phase5r_b2_full_universe_market_data.py,write_b2_market_data_outputs,03_source_data/phase5r/phase5r_universe_seed.csv;05_risk_and_positions/current_positions.local.csv,00_project_control/phase5r_b2_data_source_decision.md;04_research/realtime_stock_picker_phase5r/phase5r_b2_data_report.md,source_failure_prior_outputs_preserved,read_only_public_market_data=yes; canonical_candidate_universe=yes; current_position_price_monitoring=yes; no_broker=yes; no_orders=yes; no_email=yes; no_credentials=yes; archived_legacy_used=no; snapshot_rows=29; candidate_rows=27; held_price_rows=2; smoke_test_passed=no; source_failure=yes; prior_outputs_preserved=yes; prior_validation=prior_output_trio_coherent
2026-08-05T20:28:31+08:00,score_phase5r_b2_candidates.py,score_phase5r_b2_candidates,03_source_data/phase5r/phase5r_b2_candidates_with_market_data.csv,03_source_data/phase5r/phase5r_b2_signal_scores.csv;08_reviews/current/latest_phase5r_b2_daily_research_preview.md;08_reviews/current/latest_phase5r_b2_watchlist.md,complete,read_only_scoring=yes; manual_execution_only=yes; no_broker=yes; no_orders=yes; no_email=yes; no_credentials=yes; archived_legacy_used=no
2026-08-06T00:40:17+08:00,run_phase5r_b2_full_universe_market_data.py,benchmark_smoke_test,QQQ;XLK;SPY,in_memory_preflight_only,failed,read_only_public_market_data=yes; canonical_candidate_universe=yes; current_position_price_monitoring=yes; no_broker=yes; no_orders=yes; no_email=yes; no_credentials=yes; archived_legacy_used=no; sequence=1; full_universe_fetch_not_started_before_this_check
2026-08-06T00:40:17+08:00,run_phase5r_b2_full_universe_market_data.py,full_universe_market_data_refresh,03_source_data/phase5r/phase5r_universe_seed.csv;05_risk_and_positions/current_positions.local.csv,03_source_data/phase5r/phase5r_b2_market_data_snapshot.csv,not_attempted,read_only_public_market_data=yes; canonical_candidate_universe=yes; current_position_price_monitoring=yes; no_broker=yes; no_orders=yes; no_email=yes; no_credentials=yes; archived_legacy_used=no; sequence=2; smoke_test_passed=no; fail_safe_stop=yes; held_tickers_price_only=yes
2026-08-06T00:40:17+08:00,run_phase5r_b2_full_universe_market_data.py,write_b2_market_data_outputs,03_source_data/phase5r/phase5r_universe_seed.csv;05_risk_and_positions/current_positions.local.csv,00_project_control/phase5r_b2_data_source_decision.md;04_research/realtime_stock_picker_phase5r/phase5r_b2_data_report.md,source_failure_prior_outputs_preserved,read_only_public_market_data=yes; canonical_candidate_universe=yes; current_position_price_monitoring=yes; no_broker=yes; no_orders=yes; no_email=yes; no_credentials=yes; archived_legacy_used=no; snapshot_rows=29; candidate_rows=27; held_price_rows=2; smoke_test_passed=no; source_failure=yes; prior_outputs_preserved=yes; prior_validation=prior_output_trio_coherent
2026-08-06T00:40:19+08:00,score_phase5r_b2_candidates.py,score_phase5r_b2_candidates,03_source_data/phase5r/phase5r_b2_candidates_with_market_data.csv,03_source_data/phase5r/phase5r_b2_signal_scores.csv;08_reviews/current/latest_phase5r_b2_daily_research_preview.md;08_reviews/current/latest_phase5r_b2_watchlist.md,complete,read_only_scoring=yes; manual_execution_only=yes; no_broker=yes; no_orders=yes; no_email=yes; no_credentials=yes; archived_legacy_used=no
2026-08-06T04:26:54+08:00,run_phase5r_b2_full_universe_market_data.py,benchmark_smoke_test,QQQ;XLK;SPY,in_memory_preflight_only,failed,read_only_public_market_data=yes; canonical_candidate_universe=yes; current_position_price_monitoring=yes; no_broker=yes; no_orders=yes; no_email=yes; no_credentials=yes; archived_legacy_used=no; sequence=1; full_universe_fetch_not_started_before_this_check
2026-08-06T04:26:54+08:00,run_phase5r_b2_full_universe_market_data.py,full_universe_market_data_refresh,03_source_data/phase5r/phase5r_universe_seed.csv;05_risk_and_positions/current_positions.local.csv,03_source_data/phase5r/phase5r_b2_market_data_snapshot.csv,not_attempted,read_only_public_market_data=yes; canonical_candidate_universe=yes; current_position_price_monitoring=yes; no_broker=yes; no_orders=yes; no_email=yes; no_credentials=yes; archived_legacy_used=no; sequence=2; smoke_test_passed=no; fail_safe_stop=yes; held_tickers_price_only=yes
2026-08-06T04:26:54+08:00,run_phase5r_b2_full_universe_market_data.py,write_b2_market_data_outputs,03_source_data/phase5r/phase5r_universe_seed.csv;05_risk_and_positions/current_positions.local.csv,00_project_control/phase5r_b2_data_source_decision.md;04_research/realtime_stock_picker_phase5r/phase5r_b2_data_report.md,source_failure_prior_outputs_preserved,read_only_public_market_data=yes; canonical_candidate_universe=yes; current_position_price_monitoring=yes; no_broker=yes; no_orders=yes; no_email=yes; no_credentials=yes; archived_legacy_used=no; snapshot_rows=29; candidate_rows=27; held_price_rows=2; smoke_test_passed=no; source_failure=yes; prior_outputs_preserved=yes; prior_validation=prior_output_trio_coherent
2026-08-06T04:26:55+08:00,score_phase5r_b2_candidates.py,score_phase5r_b2_candidates,03_source_data/phase5r/phase5r_b2_candidates_with_market_data.csv,03_source_data/phase5r/phase5r_b2_signal_scores.csv;08_reviews/current/latest_phase5r_b2_daily_research_preview.md;08_reviews/current/latest_phase5r_b2_watchlist.md,complete,read_only_scoring=yes; manual_execution_only=yes; no_broker=yes; no_orders=yes; no_email=yes; no_credentials=yes; archived_legacy_used=no
2026-08-06T05:57:53+08:00,run_phase5r_b2_full_universe_market_data.py,benchmark_smoke_test,QQQ;XLK;SPY,in_memory_preflight_only,failed,read_only_public_market_data=yes; canonical_candidate_universe=yes; current_position_price_monitoring=yes; no_broker=yes; no_orders=yes; no_email=yes; no_credentials=yes; archived_legacy_used=no; sequence=1; full_universe_fetch_not_started_before_this_check
2026-08-06T05:57:53+08:00,run_phase5r_b2_full_universe_market_data.py,full_universe_market_data_refresh,03_source_data/phase5r/phase5r_universe_seed.csv;05_risk_and_positions/current_positions.local.csv,03_source_data/phase5r/phase5r_b2_market_data_snapshot.csv,not_attempted,read_only_public_market_data=yes; canonical_candidate_universe=yes; current_position_price_monitoring=yes; no_broker=yes; no_orders=yes; no_email=yes; no_credentials=yes; archived_legacy_used=no; sequence=2; smoke_test_passed=no; fail_safe_stop=yes; held_tickers_price_only=yes
2026-08-06T05:57:53+08:00,run_phase5r_b2_full_universe_market_data.py,write_b2_market_data_outputs,03_source_data/phase5r/phase5r_universe_seed.csv;05_risk_and_positions/current_positions.local.csv,00_project_control/phase5r_b2_data_source_decision.md;04_research/realtime_stock_picker_phase5r/phase5r_b2_data_report.md,source_failure_prior_outputs_preserved,read_only_public_market_data=yes; canonical_candidate_universe=yes; current_position_price_monitoring=yes; no_broker=yes; no_orders=yes; no_email=yes; no_credentials=yes; archived_legacy_used=no; snapshot_rows=29; candidate_rows=27; held_price_rows=2; smoke_test_passed=no; source_failure=yes; prior_outputs_preserved=yes; prior_validation=prior_output_trio_coherent
2026-08-06T05:57:55+08:00,score_phase5r_b2_candidates.py,score_phase5r_b2_candidates,03_source_data/phase5r/phase5r_b2_candidates_with_market_data.csv,03_source_data/phase5r/phase5r_b2_signal_scores.csv;08_reviews/current/latest_phase5r_b2_daily_research_preview.md;08_reviews/current/latest_phase5r_b2_watchlist.md,complete,read_only_scoring=yes; manual_execution_only=yes; no_broker=yes; no_orders=yes; no_email=yes; no_credentials=yes; archived_legacy_used=no
2026-08-06T06:30:40+08:00,run_phase5r_b2_full_universe_market_data.py,benchmark_smoke_test,QQQ;XLK;SPY,in_memory_preflight_only,failed,read_only_public_market_data=yes; canonical_candidate_universe=yes; current_position_price_monitoring=yes; no_broker=yes; no_orders=yes; no_email=yes; no_credentials=yes; archived_legacy_used=no; sequence=1; full_universe_fetch_not_started_before_this_check
2026-08-06T06:30:40+08:00,run_phase5r_b2_full_universe_market_data.py,full_universe_market_data_refresh,03_source_data/phase5r/phase5r_universe_seed.csv;05_risk_and_positions/current_positions.local.csv,03_source_data/phase5r/phase5r_b2_market_data_snapshot.csv,not_attempted,read_only_public_market_data=yes; canonical_candidate_universe=yes; current_position_price_monitoring=yes; no_broker=yes; no_orders=yes; no_email=yes; no_credentials=yes; archived_legacy_used=no; sequence=2; smoke_test_passed=no; fail_safe_stop=yes; held_tickers_price_only=yes
2026-08-06T06:30:40+08:00,run_phase5r_b2_full_universe_market_data.py,write_b2_market_data_outputs,03_source_data/phase5r/phase5r_universe_seed.csv;05_risk_and_positions/current_positions.local.csv,00_project_control/phase5r_b2_data_source_decision.md;04_research/realtime_stock_picker_phase5r/phase5r_b2_data_report.md,source_failure_prior_outputs_preserved,read_only_public_market_data=yes; canonical_candidate_universe=yes; current_position_price_monitoring=yes; no_broker=yes; no_orders=yes; no_email=yes; no_credentials=yes; archived_legacy_used=no; snapshot_rows=29; candidate_rows=27; held_price_rows=2; smoke_test_passed=no; source_failure=yes; prior_outputs_preserved=yes; prior_validation=prior_output_trio_coherent
2026-08-06T06:30:41+08:00,score_phase5r_b2_candidates.py,score_phase5r_b2_candidates,03_source_data/phase5r/phase5r_b2_candidates_with_market_data.csv,03_source_data/phase5r/phase5r_b2_signal_scores.csv;08_reviews/current/latest_phase5r_b2_daily_research_preview.md;08_reviews/current/latest_phase5r_b2_watchlist.md,complete,read_only_scoring=yes; manual_execution_only=yes; no_broker=yes; no_orders=yes; no_email=yes; no_credentials=yes; archived_legacy_used=no
2026-08-06T20:38:37+08:00,run_phase5r_b2_full_universe_market_data.py,benchmark_smoke_test,QQQ;XLK;SPY,in_memory_preflight_only,failed,read_only_public_market_data=yes; canonical_candidate_universe=yes; current_position_price_monitoring=yes; no_broker=yes; no_orders=yes; no_email=yes; no_credentials=yes; archived_legacy_used=no; sequence=1; full_universe_fetch_not_started_before_this_check
2026-08-06T20:38:37+08:00,run_phase5r_b2_full_universe_market_data.py,full_universe_market_data_refresh,03_source_data/phase5r/phase5r_universe_seed.csv;05_risk_and_positions/current_positions.local.csv,03_source_data/phase5r/phase5r_b2_market_data_snapshot.csv,not_attempted,read_only_public_market_data=yes; canonical_candidate_universe=yes; current_position_price_monitoring=yes; no_broker=yes; no_orders=yes; no_email=yes; no_credentials=yes; archived_legacy_used=no; sequence=2; smoke_test_passed=no; fail_safe_stop=yes; held_tickers_price_only=yes
2026-08-06T20:38:37+08:00,run_phase5r_b2_full_universe_market_data.py,write_b2_market_data_outputs,03_source_data/phase5r/phase5r_universe_seed.csv;05_risk_and_positions/current_positions.local.csv,00_project_control/phase5r_b2_data_source_decision.md;04_research/realtime_stock_picker_phase5r/phase5r_b2_data_report.md,source_failure_prior_outputs_preserved,read_only_public_market_data=yes; canonical_candidate_universe=yes; current_position_price_monitoring=yes; no_broker=yes; no_orders=yes; no_email=yes; no_credentials=yes; archived_legacy_used=no; snapshot_rows=29; candidate_rows=27; held_price_rows=2; smoke_test_passed=no; source_failure=yes; prior_outputs_preserved=yes; prior_validation=prior_output_trio_coherent
2026-08-06T20:38:40+08:00,score_phase5r_b2_candidates.py,score_phase5r_b2_candidates,03_source_data/phase5r/phase5r_b2_candidates_with_market_data.csv,03_source_data/phase5r/phase5r_b2_signal_scores.csv;08_reviews/current/latest_phase5r_b2_daily_research_preview.md;08_reviews/current/latest_phase5r_b2_watchlist.md,complete,read_only_scoring=yes; manual_execution_only=yes; no_broker=yes; no_orders=yes; no_email=yes; no_credentials=yes; archived_legacy_used=no
2026-08-06T20:52:03+08:00,run_phase5r_b2_full_universe_market_data.py,benchmark_smoke_test,QQQ;XLK;SPY,in_memory_preflight_only,failed,read_only_public_market_data=yes; canonical_candidate_universe=yes; current_position_price_monitoring=yes; no_broker=yes; no_orders=yes; no_email=yes; no_credentials=yes; archived_legacy_used=no; sequence=1; full_universe_fetch_not_started_before_this_check
2026-08-06T20:52:03+08:00,run_phase5r_b2_full_universe_market_data.py,full_universe_market_data_refresh,03_source_data/phase5r/phase5r_universe_seed.csv;05_risk_and_positions/current_positions.local.csv,03_source_data/phase5r/phase5r_b2_market_data_snapshot.csv,not_attempted,read_only_public_market_data=yes; canonical_candidate_universe=yes; current_position_price_monitoring=yes; no_broker=yes; no_orders=yes; no_email=yes; no_credentials=yes; archived_legacy_used=no; sequence=2; smoke_test_passed=no; fail_safe_stop=yes; held_tickers_price_only=yes
2026-08-06T20:52:03+08:00,run_phase5r_b2_full_universe_market_data.py,write_b2_market_data_outputs,03_source_data/phase5r/phase5r_universe_seed.csv;05_risk_and_positions/current_positions.local.csv,00_project_control/phase5r_b2_data_source_decision.md;04_research/realtime_stock_picker_phase5r/phase5r_b2_data_report.md,source_failure_prior_outputs_preserved,read_only_public_market_data=yes; canonical_candidate_universe=yes; current_position_price_monitoring=yes; no_broker=yes; no_orders=yes; no_email=yes; no_credentials=yes; archived_legacy_used=no; snapshot_rows=29; candidate_rows=27; held_price_rows=2; smoke_test_passed=no; source_failure=yes; prior_outputs_preserved=yes; prior_validation=prior_output_trio_coherent
2026-08-06T21:25:22+08:00,run_phase5r_b2_full_universe_market_data.py,benchmark_smoke_test,QQQ;XLK;SPY,in_memory_preflight_only,failed,read_only_public_market_data=yes; canonical_candidate_universe=yes; current_position_price_monitoring=yes; no_broker=yes; no_orders=yes; no_email=yes; no_credentials=yes; archived_legacy_used=no; sequence=1; full_universe_fetch_not_started_before_this_check
2026-08-06T21:25:22+08:00,run_phase5r_b2_full_universe_market_data.py,full_universe_market_data_refresh,03_source_data/phase5r/phase5r_universe_seed.csv;05_risk_and_positions/current_positions.local.csv,03_source_data/phase5r/phase5r_b2_market_data_snapshot.csv,not_attempted,read_only_public_market_data=yes; canonical_candidate_universe=yes; current_position_price_monitoring=yes; no_broker=yes; no_orders=yes; no_email=yes; no_credentials=yes; archived_legacy_used=no; sequence=2; smoke_test_passed=no; fail_safe_stop=yes; held_tickers_price_only=yes
2026-08-06T21:25:22+08:00,run_phase5r_b2_full_universe_market_data.py,write_b2_market_data_outputs,03_source_data/phase5r/phase5r_universe_seed.csv;05_risk_and_positions/current_positions.local.csv,00_project_control/phase5r_b2_data_source_decision.md;04_research/realtime_stock_picker_phase5r/phase5r_b2_data_report.md,source_failure_prior_outputs_preserved,read_only_public_market_data=yes; canonical_candidate_universe=yes; current_position_price_monitoring=yes; no_broker=yes; no_orders=yes; no_email=yes; no_credentials=yes; archived_legacy_used=no; snapshot_rows=29; candidate_rows=27; held_price_rows=2; smoke_test_passed=no; source_failure=yes; prior_outputs_preserved=yes; prior_validation=prior_output_trio_coherent
2026-08-07T07:43:25+08:00,run_phase5r_b2_full_universe_market_data.py,benchmark_smoke_test,QQQ;XLK;SPY,in_memory_preflight_only,failed,read_only_public_market_data=yes; canonical_candidate_universe=yes; current_position_price_monitoring=yes; no_broker=yes; no_orders=yes; no_email=yes; no_credentials=yes; archived_legacy_used=no; sequence=1; full_universe_fetch_not_started_before_this_check
2026-08-07T07:43:25+08:00,run_phase5r_b2_full_universe_market_data.py,full_universe_market_data_refresh,03_source_data/phase5r/phase5r_universe_seed.csv;05_risk_and_positions/current_positions.local.csv,03_source_data/phase5r/phase5r_b2_market_data_snapshot.csv,not_attempted,read_only_public_market_data=yes; canonical_candidate_universe=yes; current_position_price_monitoring=yes; no_broker=yes; no_orders=yes; no_email=yes; no_credentials=yes; archived_legacy_used=no; sequence=2; smoke_test_passed=no; fail_safe_stop=yes; held_tickers_price_only=yes
2026-08-07T07:43:25+08:00,run_phase5r_b2_full_universe_market_data.py,write_b2_market_data_outputs,03_source_data/phase5r/phase5r_universe_seed.csv;05_risk_and_positions/current_positions.local.csv,00_project_control/phase5r_b2_data_source_decision.md;04_research/realtime_stock_picker_phase5r/phase5r_b2_data_report.md,source_failure_prior_outputs_preserved,read_only_public_market_data=yes; canonical_candidate_universe=yes; current_position_price_monitoring=yes; no_broker=yes; no_orders=yes; no_email=yes; no_credentials=yes; archived_legacy_used=no; snapshot_rows=29; candidate_rows=27; held_price_rows=2; smoke_test_passed=no; source_failure=yes; prior_outputs_preserved=yes; prior_validation=prior_output_trio_coherent
2026-08-07T07:43:35+08:00,score_phase5r_b2_candidates.py,score_phase5r_b2_candidates,03_source_data/phase5r/phase5r_b2_candidates_with_market_data.csv,03_source_data/phase5r/phase5r_b2_signal_scores.csv;08_reviews/current/latest_phase5r_b2_daily_research_preview.md;08_reviews/current/latest_phase5r_b2_watchlist.md,complete,read_only_scoring=yes; manual_execution_only=yes; no_broker=yes; no_orders=yes; no_email=yes; no_credentials=yes; archived_legacy_used=no
2026-08-07T07:58:20+08:00,run_phase5r_b2_full_universe_market_data.py,benchmark_smoke_test,QQQ;XLK;SPY,in_memory_preflight_only,failed,read_only_public_market_data=yes; canonical_candidate_universe=yes; current_position_price_monitoring=yes; no_broker=yes; no_orders=yes; no_email=yes; no_credentials=yes; archived_legacy_used=no; sequence=1; full_universe_fetch_not_started_before_this_check
2026-08-07T07:58:20+08:00,run_phase5r_b2_full_universe_market_data.py,full_universe_market_data_refresh,03_source_data/phase5r/phase5r_universe_seed.csv;05_risk_and_positions/current_positions.local.csv,03_source_data/phase5r/phase5r_b2_market_data_snapshot.csv,not_attempted,read_only_public_market_data=yes; canonical_candidate_universe=yes; current_position_price_monitoring=yes; no_broker=yes; no_orders=yes; no_email=yes; no_credentials=yes; archived_legacy_used=no; sequence=2; smoke_test_passed=no; fail_safe_stop=yes; held_tickers_price_only=yes
2026-08-07T07:58:20+08:00,run_phase5r_b2_full_universe_market_data.py,write_b2_market_data_outputs,03_source_data/phase5r/phase5r_universe_seed.csv;05_risk_and_positions/current_positions.local.csv,00_project_control/phase5r_b2_data_source_decision.md;04_research/realtime_stock_picker_phase5r/phase5r_b2_data_report.md,source_failure_prior_outputs_preserved,read_only_public_market_data=yes; canonical_candidate_universe=yes; current_position_price_monitoring=yes; no_broker=yes; no_orders=yes; no_email=yes; no_credentials=yes; archived_legacy_used=no; snapshot_rows=29; candidate_rows=27; held_price_rows=2; smoke_test_passed=no; source_failure=yes; prior_outputs_preserved=yes; prior_validation=prior_output_trio_coherent
2026-08-07T07:58:22+08:00,score_phase5r_b2_candidates.py,score_phase5r_b2_candidates,03_source_data/phase5r/phase5r_b2_candidates_with_market_data.csv,03_source_data/phase5r/phase5r_b2_signal_scores.csv;08_reviews/current/latest_phase5r_b2_daily_research_preview.md;08_reviews/current/latest_phase5r_b2_watchlist.md,complete,read_only_scoring=yes; manual_execution_only=yes; no_broker=yes; no_orders=yes; no_email=yes; no_credentials=yes; archived_legacy_used=no
2026-08-07T09:55:11+08:00,run_phase5r_b2_full_universe_market_data.py,benchmark_smoke_test,QQQ;XLK;SPY,in_memory_preflight_only,failed,read_only_public_market_data=yes; canonical_candidate_universe=yes; current_position_price_monitoring=yes; no_broker=yes; no_orders=yes; no_email=yes; no_credentials=yes; archived_legacy_used=no; sequence=1; full_universe_fetch_not_started_before_this_check
2026-08-07T09:55:11+08:00,run_phase5r_b2_full_universe_market_data.py,full_universe_market_data_refresh,03_source_data/phase5r/phase5r_universe_seed.csv;05_risk_and_positions/current_positions.local.csv,03_source_data/phase5r/phase5r_b2_market_data_snapshot.csv,not_attempted,read_only_public_market_data=yes; canonical_candidate_universe=yes; current_position_price_monitoring=yes; no_broker=yes; no_orders=yes; no_email=yes; no_credentials=yes; archived_legacy_used=no; sequence=2; smoke_test_passed=no; fail_safe_stop=yes; held_tickers_price_only=yes
2026-08-07T09:55:11+08:00,run_phase5r_b2_full_universe_market_data.py,write_b2_market_data_outputs,03_source_data/phase5r/phase5r_universe_seed.csv;05_risk_and_positions/current_positions.local.csv,00_project_control/phase5r_b2_data_source_decision.md;04_research/realtime_stock_picker_phase5r/phase5r_b2_data_report.md,source_failure_prior_outputs_preserved,read_only_public_market_data=yes; canonical_candidate_universe=yes; current_position_price_monitoring=yes; no_broker=yes; no_orders=yes; no_email=yes; no_credentials=yes; archived_legacy_used=no; snapshot_rows=29; candidate_rows=27; held_price_rows=2; smoke_test_passed=no; source_failure=yes; prior_outputs_preserved=yes; prior_validation=prior_output_trio_coherent
