timestamp,phase,script_name,action,status,input_paths,output_paths,account_total_value,cash_available,position_count,email_sent,c7_mode,d3_inhibit_active,broker_used,order_code_created,archived_legacy_used,notes
2026-07-19T21:27:13-04:00,phase5r_c9,create_phase5r_c9_account_state.py,create_or_validate_account_state,complete,05_risk_and_positions/current_positions.local.csv;07_automation/scheduler/phase5r_c9_maintenance_inhibit.local.json,05_risk_and_positions/current_account_state.local.json,2500.00,2026.58,0,no,not_invoked,yes,no,no,no,result=validated_existing; account_state_local_only=yes; credentials_read=no
2026-07-19T21:27:13-04:00,phase5r_c9,calculate_phase5r_c9_dynamic_weights.py,calculate_dynamic_weights,complete,05_risk_and_positions/current_account_state.local.json;05_risk_and_positions/current_positions.local.csv;03_source_data/phase5r/phase5r_b2_market_data_snapshot.csv;04_research/realtime_stock_picker_phase5r/phase5r_c5_company_research_packets.csv,05_risk_and_positions/phase5r_c9_dynamic_position_weights.csv;05_risk_and_positions/phase5r_c9_current_portfolio_summary.csv,2500.00,2026.58,2,no,not_invoked,yes,no,no,no,active_weight_pct=18.5800; reconciliation_difference=8.92; stored_position_pct_used_for_current_truth=no
2026-07-19T21:27:13-04:00,phase5r_c9,create_phase5r_c9_exact_action_plan.py,create_exact_action_plan,complete,05_risk_and_positions/current_account_state.local.json;05_risk_and_positions/current_positions.local.csv;05_risk_and_positions/phase5r_c9_dynamic_position_weights.csv;04_research/realtime_stock_picker_phase5r/phase5r_c5_company_research_packets.csv,05_risk_and_positions/phase5r_c9_exact_action_plan.csv;05_risk_and_positions/phase5r_c9_account_aware_review_queue.csv,2500.00,2026.58,2,no,not_invoked,yes,no,no,no,whole_share_scenarios_dynamic=yes; adds_to_current_positions=no; manual_confirmation=yes
2026-07-19T21:27:13-04:00,phase5r_c9,create_phase5r_c9_cash_deployment_plan.py,create_cash_deployment_and_target_allocation,complete,05_risk_and_positions/current_account_state.local.json;05_risk_and_positions/phase5r_c9_current_portfolio_summary.csv;05_risk_and_positions/phase5r_c9_dynamic_position_weights.csv;03_source_data/phase5r/phase5r_b2_market_data_snapshot.csv,05_risk_and_positions/phase5r_c9_cash_deployment_plan.csv;05_risk_and_positions/phase5r_c9_target_allocation_report.csv,2500.00,2026.58,2,no,not_invoked,yes,no,no,no,core_candidate=SPY; benchmark_quality=ok; automatic_selection=no; maintenance_blocks_deployment=yes
2026-07-19T21:27:13-04:00,phase5r_c9,regenerate_phase5r_c9_portfolio_outputs.py,regenerate_account_aware_portfolio_outputs,complete,05_risk_and_positions/current_account_state.local.json;05_risk_and_positions/current_positions.local.csv;03_source_data/phase5r/phase5r_b2_market_data_snapshot.csv;04_research/realtime_stock_picker_phase5r/phase5r_c5_company_research_packets.csv;05_risk_and_positions/phase5r_c9_dynamic_position_weights.csv;05_risk_and_positions/phase5r_c9_exact_action_plan.csv,04_research/realtime_stock_picker_phase5r/phase5r_c9_account_aware_conviction_scores.csv;04_research/realtime_stock_picker_phase5r/phase5r_c9_position_recommendations.csv;04_research/realtime_stock_picker_phase5r/phase5r_c9_new_candidate_recommendations.csv;04_research/realtime_stock_picker_phase5r/phase5r_c9_account_aware_memo.md;04_research/realtime_stock_picker_phase5r/phase5r_c9_allocation_report.md;05_risk_and_positions/phase5r_c9_weekly_decision_summary.md,2500.00,2026.58,2,no,not_invoked,yes,no,no,no,eligible_individual_count=0; core_separate=yes; stored_position_pct_current_truth=no; no_email=yes
2026-07-19T21:27:19-04:00,phase5r_c9,verify_phase5r_c9_account_boundary.py,verify_account_boundary,complete,05_risk_and_positions/current_account_state.local.json;05_risk_and_positions/current_positions.local.csv;03_source_data/phase5r/phase5r_b2_market_data_snapshot.csv;05_risk_and_positions/phase5r_c9_dynamic_position_weights.csv;05_risk_and_positions/phase5r_c9_exact_action_plan.csv;07_automation/scheduler/phase5r_c9_maintenance_inhibit.local.json,00_project_control/phase5r_c9_verification_report.md;04_research/realtime_stock_picker_phase5r/phase5r_c9_verification_report.md,2500.00,2026.58,2,no,pending_no_send,yes,no,no,no,verification_status=PASS_PRE_C7; failures=0
2026-07-19T21:28:03-04:00,phase5r_c9,create_phase5r_c9_account_state.py,create_or_validate_account_state,complete,05_risk_and_positions/current_positions.local.csv;07_automation/scheduler/phase5r_c9_maintenance_inhibit.local.json,05_risk_and_positions/current_account_state.local.json,2500.00,2026.58,0,no,not_invoked,yes,no,no,no,result=validated_existing; account_state_local_only=yes; credentials_read=no
2026-07-19T21:28:03-04:00,phase5r_c9,create_phase5r_c9_account_state.py,create_or_validate_account_state,complete,05_risk_and_positions/current_positions.local.csv;07_automation/scheduler/phase5r_c9_maintenance_inhibit.local.json,05_risk_and_positions/current_account_state.local.json,2500.00,2026.58,0,no,not_invoked,yes,no,no,no,result=validated_existing; account_state_local_only=yes; credentials_read=no
2026-07-19T21:28:03-04:00,phase5r_c9,calculate_phase5r_c9_dynamic_weights.py,calculate_dynamic_weights,complete,05_risk_and_positions/current_account_state.local.json;05_risk_and_positions/current_positions.local.csv;03_source_data/phase5r/phase5r_b2_market_data_snapshot.csv;04_research/realtime_stock_picker_phase5r/phase5r_c5_company_research_packets.csv,05_risk_and_positions/phase5r_c9_dynamic_position_weights.csv;05_risk_and_positions/phase5r_c9_current_portfolio_summary.csv,2500.00,2026.58,2,no,not_invoked,yes,no,no,no,active_weight_pct=18.5800; reconciliation_difference=8.92; stored_position_pct_used_for_current_truth=no
2026-07-19T21:28:03-04:00,phase5r_c9,create_phase5r_c9_exact_action_plan.py,create_exact_action_plan,complete,05_risk_and_positions/current_account_state.local.json;05_risk_and_positions/current_positions.local.csv;05_risk_and_positions/phase5r_c9_dynamic_position_weights.csv;04_research/realtime_stock_picker_phase5r/phase5r_c5_company_research_packets.csv,05_risk_and_positions/phase5r_c9_exact_action_plan.csv;05_risk_and_positions/phase5r_c9_account_aware_review_queue.csv,2500.00,2026.58,2,no,not_invoked,yes,no,no,no,whole_share_scenarios_dynamic=yes; adds_to_current_positions=no; manual_confirmation=yes
2026-07-19T21:28:03-04:00,phase5r_c9,create_phase5r_c9_cash_deployment_plan.py,create_cash_deployment_and_target_allocation,complete,05_risk_and_positions/current_account_state.local.json;05_risk_and_positions/phase5r_c9_current_portfolio_summary.csv;05_risk_and_positions/phase5r_c9_dynamic_position_weights.csv;03_source_data/phase5r/phase5r_b2_market_data_snapshot.csv,05_risk_and_positions/phase5r_c9_cash_deployment_plan.csv;05_risk_and_positions/phase5r_c9_target_allocation_report.csv,2500.00,2026.58,2,no,not_invoked,yes,no,no,no,core_candidate=SPY; benchmark_quality=ok; automatic_selection=no; maintenance_blocks_deployment=yes
2026-07-19T21:28:03-04:00,phase5r_c9,regenerate_phase5r_c9_portfolio_outputs.py,regenerate_account_aware_portfolio_outputs,complete,05_risk_and_positions/current_account_state.local.json;05_risk_and_positions/current_positions.local.csv;03_source_data/phase5r/phase5r_b2_market_data_snapshot.csv;04_research/realtime_stock_picker_phase5r/phase5r_c5_company_research_packets.csv;05_risk_and_positions/phase5r_c9_dynamic_position_weights.csv;05_risk_and_positions/phase5r_c9_exact_action_plan.csv,04_research/realtime_stock_picker_phase5r/phase5r_c9_account_aware_conviction_scores.csv;04_research/realtime_stock_picker_phase5r/phase5r_c9_position_recommendations.csv;04_research/realtime_stock_picker_phase5r/phase5r_c9_new_candidate_recommendations.csv;04_research/realtime_stock_picker_phase5r/phase5r_c9_account_aware_memo.md;04_research/realtime_stock_picker_phase5r/phase5r_c9_allocation_report.md;05_risk_and_positions/phase5r_c9_weekly_decision_summary.md,2500.00,2026.58,2,no,not_invoked,yes,no,no,no,eligible_individual_count=0; core_separate=yes; stored_position_pct_current_truth=no; no_email=yes
2026-07-19T21:28:03-04:00,phase5r_c9,verify_phase5r_c9_account_boundary.py,verify_account_boundary,complete,05_risk_and_positions/current_account_state.local.json;05_risk_and_positions/current_positions.local.csv;03_source_data/phase5r/phase5r_b2_market_data_snapshot.csv;05_risk_and_positions/phase5r_c9_dynamic_position_weights.csv;05_risk_and_positions/phase5r_c9_exact_action_plan.csv;07_automation/scheduler/phase5r_c9_maintenance_inhibit.local.json,00_project_control/phase5r_c9_verification_report.md;04_research/realtime_stock_picker_phase5r/phase5r_c9_verification_report.md,2500.00,2026.58,2,no,pending_no_send,yes,no,no,no,verification_status=PASS_PRE_C7; failures=0
2026-07-19T21:28:10-04:00,phase5r_c9,verify_phase5r_c9_account_boundary.py,verify_account_boundary,complete,05_risk_and_positions/current_account_state.local.json;05_risk_and_positions/current_positions.local.csv;03_source_data/phase5r/phase5r_b2_market_data_snapshot.csv;05_risk_and_positions/phase5r_c9_dynamic_position_weights.csv;05_risk_and_positions/phase5r_c9_exact_action_plan.csv;07_automation/scheduler/phase5r_c9_maintenance_inhibit.local.json,00_project_control/phase5r_c9_verification_report.md;04_research/realtime_stock_picker_phase5r/phase5r_c9_verification_report.md,2500.00,2026.58,2,no,no_send_verified,yes,no,no,no,verification_status=PASS; failures=0
2026-07-19T21:31:33-04:00,phase5r_c9,create_phase5r_c9_account_state.py,create_or_validate_account_state,complete,05_risk_and_positions/current_positions.local.csv;07_automation/scheduler/phase5r_c9_maintenance_inhibit.local.json,05_risk_and_positions/current_account_state.local.json,2500.00,2026.58,0,no,not_invoked,yes,no,no,no,result=validated_existing; account_state_local_only=yes; credentials_read=no
2026-07-19T21:31:33-04:00,phase5r_c9,create_phase5r_c9_account_state.py,create_or_validate_account_state,complete,05_risk_and_positions/current_positions.local.csv;07_automation/scheduler/phase5r_c9_maintenance_inhibit.local.json,05_risk_and_positions/current_account_state.local.json,2500.00,2026.58,0,no,not_invoked,yes,no,no,no,result=validated_existing; account_state_local_only=yes; credentials_read=no
2026-07-19T21:31:33-04:00,phase5r_c9,calculate_phase5r_c9_dynamic_weights.py,calculate_dynamic_weights,complete,05_risk_and_positions/current_account_state.local.json;05_risk_and_positions/current_positions.local.csv;03_source_data/phase5r/phase5r_b2_market_data_snapshot.csv;04_research/realtime_stock_picker_phase5r/phase5r_c5_company_research_packets.csv,05_risk_and_positions/phase5r_c9_dynamic_position_weights.csv;05_risk_and_positions/phase5r_c9_current_portfolio_summary.csv,2500.00,2026.58,2,no,not_invoked,yes,no,no,no,active_weight_pct=18.5800; reconciliation_difference=8.92; stored_position_pct_used_for_current_truth=no
2026-07-19T21:31:33-04:00,phase5r_c9,create_phase5r_c9_exact_action_plan.py,create_exact_action_plan,complete,05_risk_and_positions/current_account_state.local.json;05_risk_and_positions/current_positions.local.csv;05_risk_and_positions/phase5r_c9_dynamic_position_weights.csv;04_research/realtime_stock_picker_phase5r/phase5r_c5_company_research_packets.csv,05_risk_and_positions/phase5r_c9_exact_action_plan.csv;05_risk_and_positions/phase5r_c9_account_aware_review_queue.csv,2500.00,2026.58,2,no,not_invoked,yes,no,no,no,whole_share_scenarios_dynamic=yes; adds_to_current_positions=no; manual_confirmation=yes
2026-07-19T21:31:33-04:00,phase5r_c9,create_phase5r_c9_cash_deployment_plan.py,create_cash_deployment_and_target_allocation,complete,05_risk_and_positions/current_account_state.local.json;05_risk_and_positions/phase5r_c9_current_portfolio_summary.csv;05_risk_and_positions/phase5r_c9_dynamic_position_weights.csv;03_source_data/phase5r/phase5r_b2_market_data_snapshot.csv,05_risk_and_positions/phase5r_c9_cash_deployment_plan.csv;05_risk_and_positions/phase5r_c9_target_allocation_report.csv,2500.00,2026.58,2,no,not_invoked,yes,no,no,no,core_candidate=SPY; benchmark_quality=ok; automatic_selection=no; maintenance_blocks_deployment=yes
2026-07-19T21:31:33-04:00,phase5r_c9,regenerate_phase5r_c9_portfolio_outputs.py,regenerate_account_aware_portfolio_outputs,complete,05_risk_and_positions/current_account_state.local.json;05_risk_and_positions/current_positions.local.csv;03_source_data/phase5r/phase5r_b2_market_data_snapshot.csv;04_research/realtime_stock_picker_phase5r/phase5r_c5_company_research_packets.csv;05_risk_and_positions/phase5r_c9_dynamic_position_weights.csv;05_risk_and_positions/phase5r_c9_exact_action_plan.csv,04_research/realtime_stock_picker_phase5r/phase5r_c9_account_aware_conviction_scores.csv;04_research/realtime_stock_picker_phase5r/phase5r_c9_position_recommendations.csv;04_research/realtime_stock_picker_phase5r/phase5r_c9_new_candidate_recommendations.csv;04_research/realtime_stock_picker_phase5r/phase5r_c9_account_aware_memo.md;04_research/realtime_stock_picker_phase5r/phase5r_c9_allocation_report.md;05_risk_and_positions/phase5r_c9_weekly_decision_summary.md,2500.00,2026.58,2,no,not_invoked,yes,no,no,no,eligible_individual_count=0; core_separate=yes; stored_position_pct_current_truth=no; no_email=yes
2026-07-19T21:31:33-04:00,phase5r_c9,verify_phase5r_c9_account_boundary.py,verify_account_boundary,complete,05_risk_and_positions/current_account_state.local.json;05_risk_and_positions/current_positions.local.csv;03_source_data/phase5r/phase5r_b2_market_data_snapshot.csv;05_risk_and_positions/phase5r_c9_dynamic_position_weights.csv;05_risk_and_positions/phase5r_c9_exact_action_plan.csv;07_automation/scheduler/phase5r_c9_maintenance_inhibit.local.json,00_project_control/phase5r_c9_verification_report.md;04_research/realtime_stock_picker_phase5r/phase5r_c9_verification_report.md,2500.00,2026.58,2,no,pending_no_send,yes,no,no,no,verification_status=PASS_PRE_C7; failures=0
2026-07-19T21:31:47-04:00,phase5r_c9,verify_phase5r_c9_account_boundary.py,verify_account_boundary,complete,05_risk_and_positions/current_account_state.local.json;05_risk_and_positions/current_positions.local.csv;03_source_data/phase5r/phase5r_b2_market_data_snapshot.csv;05_risk_and_positions/phase5r_c9_dynamic_position_weights.csv;05_risk_and_positions/phase5r_c9_exact_action_plan.csv;07_automation/scheduler/phase5r_c9_maintenance_inhibit.local.json,00_project_control/phase5r_c9_verification_report.md;04_research/realtime_stock_picker_phase5r/phase5r_c9_verification_report.md,2500.00,2026.58,2,no,no_send_verified,yes,no,no,no,verification_status=PASS; failures=0
2026-07-19T21:56:30-04:00,phase5r_c9,verify_phase5r_c9_account_boundary.py,verify_account_boundary,complete,05_risk_and_positions/current_account_state.local.json;05_risk_and_positions/current_positions.local.csv;03_source_data/phase5r/phase5r_b2_market_data_snapshot.csv;05_risk_and_positions/phase5r_c9_dynamic_position_weights.csv;05_risk_and_positions/phase5r_c9_exact_action_plan.csv;07_automation/scheduler/phase5r_c9_maintenance_inhibit.local.json,00_project_control/phase5r_c9_verification_report.md;04_research/realtime_stock_picker_phase5r/phase5r_c9_verification_report.md,2500.00,2026.58,2,no,no_send_verified,yes,no,no,no,verification_status=PASS; failures=0
2026-07-19T21:58:04-04:00,phase5r_c9,verify_phase5r_c9_account_boundary.py,verify_account_boundary,complete,05_risk_and_positions/current_account_state.local.json;05_risk_and_positions/current_positions.local.csv;03_source_data/phase5r/phase5r_b2_market_data_snapshot.csv;05_risk_and_positions/phase5r_c9_dynamic_position_weights.csv;05_risk_and_positions/phase5r_c9_exact_action_plan.csv;07_automation/scheduler/phase5r_c9_maintenance_inhibit.local.json,00_project_control/phase5r_c9_verification_report.md;04_research/realtime_stock_picker_phase5r/phase5r_c9_verification_report.md,2500.00,2026.58,2,no,no_send_verified,yes,no,no,no,verification_status=PASS; failures=0
2026-07-19T22:03:20-04:00,phase5r_c9,verify_phase5r_c9_account_boundary.py,verify_account_boundary,complete,05_risk_and_positions/current_account_state.local.json;05_risk_and_positions/current_positions.local.csv;03_source_data/phase5r/phase5r_b2_market_data_snapshot.csv;05_risk_and_positions/phase5r_c9_dynamic_position_weights.csv;05_risk_and_positions/phase5r_c9_exact_action_plan.csv;07_automation/scheduler/phase5r_c9_maintenance_inhibit.local.json,00_project_control/phase5r_c9_verification_report.md;04_research/realtime_stock_picker_phase5r/phase5r_c9_verification_report.md,2500.00,2026.58,2,no,no_send_verified,yes,no,no,no,verification_status=PASS; failures=0
2026-07-23T23:20:05-04:00,phase5r_c9,create_phase5r_c9_account_state.py,create_or_validate_account_state,complete,05_risk_and_positions/current_positions.local.csv;07_automation/scheduler/phase5r_c9_maintenance_inhibit.local.json,05_risk_and_positions/current_account_state.local.json,2442.39,2139.68,0,no,not_invoked,yes,no,no,no,result=validated_existing; account_state_local_only=yes; credentials_read=no
2026-07-23T23:20:05-04:00,phase5r_c9,calculate_phase5r_c9_dynamic_weights.py,calculate_dynamic_weights,complete,05_risk_and_positions/current_account_state.local.json;05_risk_and_positions/current_positions.local.csv;03_source_data/phase5r/phase5r_b2_market_data_snapshot.csv;04_research/realtime_stock_picker_phase5r/phase5r_c5_company_research_packets.csv,05_risk_and_positions/phase5r_c9_dynamic_position_weights.csv;05_risk_and_positions/phase5r_c9_current_portfolio_summary.csv,2442.39,2139.68,2,no,not_invoked,yes,no,no,no,active_weight_pct=12.3940; reconciliation_difference=0.00; stored_position_pct_used_for_current_truth=no
2026-07-23T23:20:05-04:00,phase5r_c9,create_phase5r_c9_exact_action_plan.py,create_exact_action_plan,complete,05_risk_and_positions/current_account_state.local.json;05_risk_and_positions/current_positions.local.csv;05_risk_and_positions/phase5r_c9_dynamic_position_weights.csv;04_research/realtime_stock_picker_phase5r/phase5r_c5_company_research_packets.csv,05_risk_and_positions/phase5r_c9_exact_action_plan.csv;05_risk_and_positions/phase5r_c9_account_aware_review_queue.csv,2442.39,2139.68,2,no,not_invoked,yes,no,no,no,whole_share_scenarios_dynamic=yes; adds_to_current_positions=no; manual_confirmation=yes
2026-07-23T23:20:05-04:00,phase5r_c9,create_phase5r_c9_cash_deployment_plan.py,create_cash_deployment_and_target_allocation,complete,05_risk_and_positions/current_account_state.local.json;05_risk_and_positions/phase5r_c9_current_portfolio_summary.csv;05_risk_and_positions/phase5r_c9_dynamic_position_weights.csv;03_source_data/phase5r/phase5r_b2_market_data_snapshot.csv,05_risk_and_positions/phase5r_c9_cash_deployment_plan.csv;05_risk_and_positions/phase5r_c9_target_allocation_report.csv,2442.39,2139.68,2,no,not_invoked,yes,no,no,no,core_candidate=SPY; benchmark_quality=ok; automatic_selection=no; maintenance_blocks_deployment=yes
2026-07-23T23:20:05-04:00,phase5r_c9,regenerate_phase5r_c9_portfolio_outputs.py,regenerate_account_aware_portfolio_outputs,complete,05_risk_and_positions/current_account_state.local.json;05_risk_and_positions/current_positions.local.csv;03_source_data/phase5r/phase5r_b2_market_data_snapshot.csv;04_research/realtime_stock_picker_phase5r/phase5r_c5_company_research_packets.csv;05_risk_and_positions/phase5r_c9_dynamic_position_weights.csv;05_risk_and_positions/phase5r_c9_exact_action_plan.csv,04_research/realtime_stock_picker_phase5r/phase5r_c9_account_aware_conviction_scores.csv;04_research/realtime_stock_picker_phase5r/phase5r_c9_position_recommendations.csv;04_research/realtime_stock_picker_phase5r/phase5r_c9_new_candidate_recommendations.csv;04_research/realtime_stock_picker_phase5r/phase5r_c9_account_aware_memo.md;04_research/realtime_stock_picker_phase5r/phase5r_c9_allocation_report.md;05_risk_and_positions/phase5r_c9_weekly_decision_summary.md,2442.39,2139.68,2,no,not_invoked,yes,no,no,no,eligible_individual_count=0; core_separate=yes; stored_position_pct_current_truth=no; no_email=yes
2026-07-23T23:51:42-04:00,phase5r_c9,calculate_phase5r_c9_dynamic_weights.py,calculate_dynamic_weights,complete,05_risk_and_positions/current_account_state.local.json;05_risk_and_positions/current_positions.local.csv;03_source_data/phase5r/phase5r_b2_market_data_snapshot.csv;04_research/realtime_stock_picker_phase5r/phase5r_c5_company_research_packets.csv,05_risk_and_positions/phase5r_c9_dynamic_position_weights.csv;05_risk_and_positions/phase5r_c9_current_portfolio_summary.csv,2442.39,2139.68,2,no,not_invoked,yes,no,no,no,active_weight_pct=12.3940; reconciliation_difference=0.00; stored_position_pct_used_for_current_truth=no
2026-07-23T23:51:42-04:00,phase5r_c9,create_phase5r_c9_exact_action_plan.py,create_exact_action_plan,complete,05_risk_and_positions/current_account_state.local.json;05_risk_and_positions/current_positions.local.csv;05_risk_and_positions/phase5r_c9_dynamic_position_weights.csv;04_research/realtime_stock_picker_phase5r/phase5r_c5_company_research_packets.csv,05_risk_and_positions/phase5r_c9_exact_action_plan.csv;05_risk_and_positions/phase5r_c9_account_aware_review_queue.csv,2442.39,2139.68,2,no,not_invoked,yes,no,no,no,whole_share_scenarios_dynamic=yes; adds_to_current_positions=no; manual_confirmation=action_transitions_only
2026-07-23T23:51:42-04:00,phase5r_c9,create_phase5r_c9_cash_deployment_plan.py,create_cash_deployment_and_target_allocation,complete,05_risk_and_positions/current_account_state.local.json;05_risk_and_positions/phase5r_c9_current_portfolio_summary.csv;05_risk_and_positions/phase5r_c9_dynamic_position_weights.csv;03_source_data/phase5r/phase5r_b2_market_data_snapshot.csv,05_risk_and_positions/phase5r_c9_cash_deployment_plan.csv;05_risk_and_positions/phase5r_c9_target_allocation_report.csv,2442.39,2139.68,2,no,not_invoked,yes,no,no,no,core_candidate=SPY; benchmark_quality=ok; automatic_selection=no; maintenance_blocks_deployment=yes
2026-07-23T23:51:43-04:00,phase5r_c9,create_phase5r_c9_account_state.py,create_or_validate_account_state,complete,05_risk_and_positions/current_positions.local.csv;07_automation/scheduler/phase5r_c9_maintenance_inhibit.local.json,05_risk_and_positions/current_account_state.local.json,2442.39,2139.68,0,no,not_invoked,yes,no,no,no,result=validated_existing; account_state_local_only=yes; credentials_read=no
2026-07-23T23:51:43-04:00,phase5r_c9,calculate_phase5r_c9_dynamic_weights.py,calculate_dynamic_weights,complete,05_risk_and_positions/current_account_state.local.json;05_risk_and_positions/current_positions.local.csv;03_source_data/phase5r/phase5r_b2_market_data_snapshot.csv;04_research/realtime_stock_picker_phase5r/phase5r_c5_company_research_packets.csv,05_risk_and_positions/phase5r_c9_dynamic_position_weights.csv;05_risk_and_positions/phase5r_c9_current_portfolio_summary.csv,2442.39,2139.68,2,no,not_invoked,yes,no,no,no,active_weight_pct=12.3940; reconciliation_difference=0.00; stored_position_pct_used_for_current_truth=no
2026-07-23T23:51:43-04:00,phase5r_c9,create_phase5r_c9_exact_action_plan.py,create_exact_action_plan,complete,05_risk_and_positions/current_account_state.local.json;05_risk_and_positions/current_positions.local.csv;05_risk_and_positions/phase5r_c9_dynamic_position_weights.csv;04_research/realtime_stock_picker_phase5r/phase5r_c5_company_research_packets.csv,05_risk_and_positions/phase5r_c9_exact_action_plan.csv;05_risk_and_positions/phase5r_c9_account_aware_review_queue.csv,2442.39,2139.68,2,no,not_invoked,yes,no,no,no,whole_share_scenarios_dynamic=yes; adds_to_current_positions=no; manual_confirmation=action_transitions_only
2026-07-23T23:51:43-04:00,phase5r_c9,create_phase5r_c9_cash_deployment_plan.py,create_cash_deployment_and_target_allocation,complete,05_risk_and_positions/current_account_state.local.json;05_risk_and_positions/phase5r_c9_current_portfolio_summary.csv;05_risk_and_positions/phase5r_c9_dynamic_position_weights.csv;03_source_data/phase5r/phase5r_b2_market_data_snapshot.csv,05_risk_and_positions/phase5r_c9_cash_deployment_plan.csv;05_risk_and_positions/phase5r_c9_target_allocation_report.csv,2442.39,2139.68,2,no,not_invoked,yes,no,no,no,core_candidate=SPY; benchmark_quality=ok; automatic_selection=no; maintenance_blocks_deployment=yes
2026-07-23T23:51:43-04:00,phase5r_c9,regenerate_phase5r_c9_portfolio_outputs.py,regenerate_account_aware_portfolio_outputs,complete,05_risk_and_positions/current_account_state.local.json;05_risk_and_positions/current_positions.local.csv;03_source_data/phase5r/phase5r_b2_market_data_snapshot.csv;04_research/realtime_stock_picker_phase5r/phase5r_c5_company_research_packets.csv;05_risk_and_positions/phase5r_c9_dynamic_position_weights.csv;05_risk_and_positions/phase5r_c9_exact_action_plan.csv,04_research/realtime_stock_picker_phase5r/phase5r_c9_account_aware_conviction_scores.csv;04_research/realtime_stock_picker_phase5r/phase5r_c9_position_recommendations.csv;04_research/realtime_stock_picker_phase5r/phase5r_c9_new_candidate_recommendations.csv;04_research/realtime_stock_picker_phase5r/phase5r_c9_account_aware_memo.md;04_research/realtime_stock_picker_phase5r/phase5r_c9_allocation_report.md;05_risk_and_positions/phase5r_c9_weekly_decision_summary.md,2442.39,2139.68,2,no,not_invoked,yes,no,no,no,eligible_individual_count=0; core_separate=yes; stored_position_pct_current_truth=no; no_email=yes
2026-07-23T23:55:37-04:00,phase5r_c9,calculate_phase5r_c9_dynamic_weights.py,calculate_dynamic_weights,complete,05_risk_and_positions/current_account_state.local.json;05_risk_and_positions/current_positions.local.csv;03_source_data/phase5r/phase5r_b2_market_data_snapshot.csv;04_research/realtime_stock_picker_phase5r/phase5r_c5_company_research_packets.csv,05_risk_and_positions/phase5r_c9_dynamic_position_weights.csv;05_risk_and_positions/phase5r_c9_current_portfolio_summary.csv,2442.39,2139.68,2,no,not_invoked,no,no,no,no,active_weight_pct=12.3940; reconciliation_difference=0.00; stored_position_pct_used_for_current_truth=no
2026-07-23T23:55:38-04:00,phase5r_c9,create_phase5r_c9_exact_action_plan.py,create_exact_action_plan,complete,05_risk_and_positions/current_account_state.local.json;05_risk_and_positions/current_positions.local.csv;05_risk_and_positions/phase5r_c9_dynamic_position_weights.csv;04_research/realtime_stock_picker_phase5r/phase5r_c5_company_research_packets.csv,05_risk_and_positions/phase5r_c9_exact_action_plan.csv;05_risk_and_positions/phase5r_c9_account_aware_review_queue.csv,2442.39,2139.68,2,no,not_invoked,no,no,no,no,whole_share_scenarios_dynamic=yes; adds_to_current_positions=no; manual_confirmation=action_transitions_only
2026-07-23T23:55:38-04:00,phase5r_c9,create_phase5r_c9_cash_deployment_plan.py,create_cash_deployment_and_target_allocation,complete,05_risk_and_positions/current_account_state.local.json;05_risk_and_positions/phase5r_c9_current_portfolio_summary.csv;05_risk_and_positions/phase5r_c9_dynamic_position_weights.csv;03_source_data/phase5r/phase5r_b2_market_data_snapshot.csv,05_risk_and_positions/phase5r_c9_cash_deployment_plan.csv;05_risk_and_positions/phase5r_c9_target_allocation_report.csv,2442.39,2139.68,2,no,not_invoked,no,no,no,no,core_candidate=SPY; benchmark_quality=ok; automatic_selection=no; maintenance_blocks_deployment=yes
2026-07-23T23:55:38-04:00,phase5r_c9,create_phase5r_c9_account_state.py,create_or_validate_account_state,complete,05_risk_and_positions/current_positions.local.csv;07_automation/scheduler/phase5r_c9_maintenance_inhibit.local.json,05_risk_and_positions/current_account_state.local.json,2442.39,2139.68,0,no,not_invoked,no,no,no,no,result=validated_existing; account_state_local_only=yes; credentials_read=no
2026-07-23T23:55:38-04:00,phase5r_c9,calculate_phase5r_c9_dynamic_weights.py,calculate_dynamic_weights,complete,05_risk_and_positions/current_account_state.local.json;05_risk_and_positions/current_positions.local.csv;03_source_data/phase5r/phase5r_b2_market_data_snapshot.csv;04_research/realtime_stock_picker_phase5r/phase5r_c5_company_research_packets.csv,05_risk_and_positions/phase5r_c9_dynamic_position_weights.csv;05_risk_and_positions/phase5r_c9_current_portfolio_summary.csv,2442.39,2139.68,2,no,not_invoked,no,no,no,no,active_weight_pct=12.3940; reconciliation_difference=0.00; stored_position_pct_used_for_current_truth=no
2026-07-23T23:55:38-04:00,phase5r_c9,create_phase5r_c9_exact_action_plan.py,create_exact_action_plan,complete,05_risk_and_positions/current_account_state.local.json;05_risk_and_positions/current_positions.local.csv;05_risk_and_positions/phase5r_c9_dynamic_position_weights.csv;04_research/realtime_stock_picker_phase5r/phase5r_c5_company_research_packets.csv,05_risk_and_positions/phase5r_c9_exact_action_plan.csv;05_risk_and_positions/phase5r_c9_account_aware_review_queue.csv,2442.39,2139.68,2,no,not_invoked,no,no,no,no,whole_share_scenarios_dynamic=yes; adds_to_current_positions=no; manual_confirmation=action_transitions_only
2026-07-23T23:55:38-04:00,phase5r_c9,create_phase5r_c9_cash_deployment_plan.py,create_cash_deployment_and_target_allocation,complete,05_risk_and_positions/current_account_state.local.json;05_risk_and_positions/phase5r_c9_current_portfolio_summary.csv;05_risk_and_positions/phase5r_c9_dynamic_position_weights.csv;03_source_data/phase5r/phase5r_b2_market_data_snapshot.csv,05_risk_and_positions/phase5r_c9_cash_deployment_plan.csv;05_risk_and_positions/phase5r_c9_target_allocation_report.csv,2442.39,2139.68,2,no,not_invoked,no,no,no,no,core_candidate=SPY; benchmark_quality=ok; automatic_selection=no; maintenance_blocks_deployment=yes
2026-07-23T23:55:38-04:00,phase5r_c9,regenerate_phase5r_c9_portfolio_outputs.py,regenerate_account_aware_portfolio_outputs,complete,05_risk_and_positions/current_account_state.local.json;05_risk_and_positions/current_positions.local.csv;03_source_data/phase5r/phase5r_b2_market_data_snapshot.csv;04_research/realtime_stock_picker_phase5r/phase5r_c5_company_research_packets.csv;05_risk_and_positions/phase5r_c9_dynamic_position_weights.csv;05_risk_and_positions/phase5r_c9_exact_action_plan.csv,04_research/realtime_stock_picker_phase5r/phase5r_c9_account_aware_conviction_scores.csv;04_research/realtime_stock_picker_phase5r/phase5r_c9_position_recommendations.csv;04_research/realtime_stock_picker_phase5r/phase5r_c9_new_candidate_recommendations.csv;04_research/realtime_stock_picker_phase5r/phase5r_c9_account_aware_memo.md;04_research/realtime_stock_picker_phase5r/phase5r_c9_allocation_report.md;05_risk_and_positions/phase5r_c9_weekly_decision_summary.md,2442.39,2139.68,2,no,not_invoked,no,no,no,no,eligible_individual_count=0; core_separate=yes; stored_position_pct_current_truth=no; no_email=yes
2026-07-24T00:03:23-04:00,phase5r_c9,create_phase5r_c9_account_state.py,create_or_validate_account_state,complete,05_risk_and_positions/current_positions.local.csv;07_automation/scheduler/phase5r_c9_maintenance_inhibit.local.json,05_risk_and_positions/current_account_state.local.json,2442.39,2139.68,0,no,not_invoked,no,no,no,no,result=validated_existing; account_state_local_only=yes; credentials_read=no
2026-07-24T00:03:23-04:00,phase5r_c9,calculate_phase5r_c9_dynamic_weights.py,calculate_dynamic_weights,complete,05_risk_and_positions/current_account_state.local.json;05_risk_and_positions/current_positions.local.csv;03_source_data/phase5r/phase5r_b2_market_data_snapshot.csv;04_research/realtime_stock_picker_phase5r/phase5r_c5_company_research_packets.csv,05_risk_and_positions/phase5r_c9_dynamic_position_weights.csv;05_risk_and_positions/phase5r_c9_current_portfolio_summary.csv,2442.39,2139.68,2,no,not_invoked,no,no,no,no,active_weight_pct=12.3940; reconciliation_difference=0.00; stored_position_pct_used_for_current_truth=no
2026-07-24T00:03:23-04:00,phase5r_c9,create_phase5r_c9_exact_action_plan.py,create_exact_action_plan,complete,05_risk_and_positions/current_account_state.local.json;05_risk_and_positions/current_positions.local.csv;05_risk_and_positions/phase5r_c9_dynamic_position_weights.csv;04_research/realtime_stock_picker_phase5r/phase5r_c5_company_research_packets.csv,05_risk_and_positions/phase5r_c9_exact_action_plan.csv;05_risk_and_positions/phase5r_c9_account_aware_review_queue.csv,2442.39,2139.68,2,no,not_invoked,no,no,no,no,whole_share_scenarios_dynamic=yes; adds_to_current_positions=no; manual_confirmation=action_transitions_only
2026-07-24T00:03:23-04:00,phase5r_c9,create_phase5r_c9_cash_deployment_plan.py,create_cash_deployment_and_target_allocation,complete,05_risk_and_positions/current_account_state.local.json;05_risk_and_positions/phase5r_c9_current_portfolio_summary.csv;05_risk_and_positions/phase5r_c9_dynamic_position_weights.csv;03_source_data/phase5r/phase5r_b2_market_data_snapshot.csv,05_risk_and_positions/phase5r_c9_cash_deployment_plan.csv;05_risk_and_positions/phase5r_c9_target_allocation_report.csv,2442.39,2139.68,2,no,not_invoked,no,no,no,no,core_candidate=SPY; benchmark_quality=ok; automatic_selection=no; maintenance_blocks_deployment=no
2026-07-24T00:03:23-04:00,phase5r_c9,regenerate_phase5r_c9_portfolio_outputs.py,regenerate_account_aware_portfolio_outputs,complete,05_risk_and_positions/current_account_state.local.json;05_risk_and_positions/current_positions.local.csv;03_source_data/phase5r/phase5r_b2_market_data_snapshot.csv;04_research/realtime_stock_picker_phase5r/phase5r_c5_company_research_packets.csv;05_risk_and_positions/phase5r_c9_dynamic_position_weights.csv;05_risk_and_positions/phase5r_c9_exact_action_plan.csv,04_research/realtime_stock_picker_phase5r/phase5r_c9_account_aware_conviction_scores.csv;04_research/realtime_stock_picker_phase5r/phase5r_c9_position_recommendations.csv;04_research/realtime_stock_picker_phase5r/phase5r_c9_new_candidate_recommendations.csv;04_research/realtime_stock_picker_phase5r/phase5r_c9_account_aware_memo.md;04_research/realtime_stock_picker_phase5r/phase5r_c9_allocation_report.md;05_risk_and_positions/phase5r_c9_weekly_decision_summary.md,2442.39,2139.68,2,no,not_invoked,no,no,no,no,eligible_individual_count=0; core_separate=yes; stored_position_pct_current_truth=no; no_email=yes
2026-07-24T11:20:29-04:00,phase5r_c9,calculate_phase5r_c9_dynamic_weights.py,calculate_dynamic_weights,complete,05_risk_and_positions/current_account_state.local.json;05_risk_and_positions/current_positions.local.csv;03_source_data/phase5r/phase5r_b2_market_data_snapshot.csv;04_research/realtime_stock_picker_phase5r/phase5r_c5_company_research_packets.csv,05_risk_and_positions/phase5r_c9_dynamic_position_weights.csv;05_risk_and_positions/phase5r_c9_current_portfolio_summary.csv,2442.39,2139.68,2,no,not_invoked,no,no,no,no,active_weight_pct=12.4067; reconciliation_difference=-0.31; stored_position_pct_used_for_current_truth=no
2026-07-24T11:20:30-04:00,phase5r_c9,create_phase5r_c9_exact_action_plan.py,create_exact_action_plan,complete,05_risk_and_positions/current_account_state.local.json;05_risk_and_positions/current_positions.local.csv;05_risk_and_positions/phase5r_c9_dynamic_position_weights.csv;04_research/realtime_stock_picker_phase5r/phase5r_c5_company_research_packets.csv,05_risk_and_positions/phase5r_c9_exact_action_plan.csv;05_risk_and_positions/phase5r_c9_account_aware_review_queue.csv,2442.39,2139.68,2,no,not_invoked,no,no,no,no,whole_share_scenarios_dynamic=yes; adds_to_current_positions=no; manual_confirmation=action_transitions_only
2026-07-24T11:20:31-04:00,phase5r_c9,create_phase5r_c9_cash_deployment_plan.py,create_cash_deployment_and_target_allocation,complete,05_risk_and_positions/current_account_state.local.json;05_risk_and_positions/phase5r_c9_current_portfolio_summary.csv;05_risk_and_positions/phase5r_c9_dynamic_position_weights.csv;03_source_data/phase5r/phase5r_b2_market_data_snapshot.csv,05_risk_and_positions/phase5r_c9_cash_deployment_plan.csv;05_risk_and_positions/phase5r_c9_target_allocation_report.csv,2442.39,2139.68,2,no,not_invoked,no,no,no,no,core_candidate=SPY; benchmark_quality=ok; automatic_selection=no; maintenance_blocks_deployment=no
2026-07-24T11:20:32-04:00,phase5r_c9,create_phase5r_c9_account_state.py,create_or_validate_account_state,complete,05_risk_and_positions/current_positions.local.csv;07_automation/scheduler/phase5r_c9_maintenance_inhibit.local.json,05_risk_and_positions/current_account_state.local.json,2442.39,2139.68,0,no,not_invoked,no,no,no,no,result=validated_existing; account_state_local_only=yes; credentials_read=no
2026-07-24T11:20:33-04:00,phase5r_c9,calculate_phase5r_c9_dynamic_weights.py,calculate_dynamic_weights,complete,05_risk_and_positions/current_account_state.local.json;05_risk_and_positions/current_positions.local.csv;03_source_data/phase5r/phase5r_b2_market_data_snapshot.csv;04_research/realtime_stock_picker_phase5r/phase5r_c5_company_research_packets.csv,05_risk_and_positions/phase5r_c9_dynamic_position_weights.csv;05_risk_and_positions/phase5r_c9_current_portfolio_summary.csv,2442.39,2139.68,2,no,not_invoked,no,no,no,no,active_weight_pct=12.4067; reconciliation_difference=-0.31; stored_position_pct_used_for_current_truth=no
2026-07-24T11:20:33-04:00,phase5r_c9,create_phase5r_c9_exact_action_plan.py,create_exact_action_plan,complete,05_risk_and_positions/current_account_state.local.json;05_risk_and_positions/current_positions.local.csv;05_risk_and_positions/phase5r_c9_dynamic_position_weights.csv;04_research/realtime_stock_picker_phase5r/phase5r_c5_company_research_packets.csv,05_risk_and_positions/phase5r_c9_exact_action_plan.csv;05_risk_and_positions/phase5r_c9_account_aware_review_queue.csv,2442.39,2139.68,2,no,not_invoked,no,no,no,no,whole_share_scenarios_dynamic=yes; adds_to_current_positions=no; manual_confirmation=action_transitions_only
2026-07-24T11:20:33-04:00,phase5r_c9,create_phase5r_c9_cash_deployment_plan.py,create_cash_deployment_and_target_allocation,complete,05_risk_and_positions/current_account_state.local.json;05_risk_and_positions/phase5r_c9_current_portfolio_summary.csv;05_risk_and_positions/phase5r_c9_dynamic_position_weights.csv;03_source_data/phase5r/phase5r_b2_market_data_snapshot.csv,05_risk_and_positions/phase5r_c9_cash_deployment_plan.csv;05_risk_and_positions/phase5r_c9_target_allocation_report.csv,2442.39,2139.68,2,no,not_invoked,no,no,no,no,core_candidate=SPY; benchmark_quality=ok; automatic_selection=no; maintenance_blocks_deployment=no
2026-07-24T11:20:33-04:00,phase5r_c9,regenerate_phase5r_c9_portfolio_outputs.py,regenerate_account_aware_portfolio_outputs,complete,05_risk_and_positions/current_account_state.local.json;05_risk_and_positions/current_positions.local.csv;03_source_data/phase5r/phase5r_b2_market_data_snapshot.csv;04_research/realtime_stock_picker_phase5r/phase5r_c5_company_research_packets.csv;05_risk_and_positions/phase5r_c9_dynamic_position_weights.csv;05_risk_and_positions/phase5r_c9_exact_action_plan.csv,04_research/realtime_stock_picker_phase5r/phase5r_c9_account_aware_conviction_scores.csv;04_research/realtime_stock_picker_phase5r/phase5r_c9_position_recommendations.csv;04_research/realtime_stock_picker_phase5r/phase5r_c9_new_candidate_recommendations.csv;04_research/realtime_stock_picker_phase5r/phase5r_c9_account_aware_memo.md;04_research/realtime_stock_picker_phase5r/phase5r_c9_allocation_report.md;05_risk_and_positions/phase5r_c9_weekly_decision_summary.md,2442.39,2139.68,2,no,not_invoked,no,no,no,no,eligible_individual_count=0; core_separate=yes; stored_position_pct_current_truth=no; no_email=yes
2026-07-24T12:52:01-04:00,phase5r_c9,calculate_phase5r_c9_dynamic_weights.py,calculate_dynamic_weights,complete,05_risk_and_positions/current_account_state.local.json;05_risk_and_positions/current_positions.local.csv;03_source_data/phase5r/phase5r_b2_market_data_snapshot.csv;04_research/realtime_stock_picker_phase5r/phase5r_c5_company_research_packets.csv,05_risk_and_positions/phase5r_c9_dynamic_position_weights.csv;05_risk_and_positions/phase5r_c9_current_portfolio_summary.csv,2442.39,2139.68,2,no,not_invoked,no,no,no,no,active_weight_pct=12.6495; reconciliation_difference=-6.24; stored_position_pct_used_for_current_truth=no
2026-07-24T12:52:01-04:00,phase5r_c9,create_phase5r_c9_exact_action_plan.py,create_exact_action_plan,complete,05_risk_and_positions/current_account_state.local.json;05_risk_and_positions/current_positions.local.csv;05_risk_and_positions/phase5r_c9_dynamic_position_weights.csv;04_research/realtime_stock_picker_phase5r/phase5r_c5_company_research_packets.csv,05_risk_and_positions/phase5r_c9_exact_action_plan.csv;05_risk_and_positions/phase5r_c9_account_aware_review_queue.csv,2442.39,2139.68,2,no,not_invoked,no,no,no,no,whole_share_scenarios_dynamic=yes; adds_to_current_positions=no; manual_confirmation=action_transitions_only
2026-07-24T12:52:02-04:00,phase5r_c9,create_phase5r_c9_cash_deployment_plan.py,create_cash_deployment_and_target_allocation,complete,05_risk_and_positions/current_account_state.local.json;05_risk_and_positions/phase5r_c9_current_portfolio_summary.csv;05_risk_and_positions/phase5r_c9_dynamic_position_weights.csv;03_source_data/phase5r/phase5r_b2_market_data_snapshot.csv,05_risk_and_positions/phase5r_c9_cash_deployment_plan.csv;05_risk_and_positions/phase5r_c9_target_allocation_report.csv,2442.39,2139.68,2,no,not_invoked,no,no,no,no,core_candidate=SPY; benchmark_quality=ok; automatic_selection=no; maintenance_blocks_deployment=no
2026-07-24T12:52:03-04:00,phase5r_c9,create_phase5r_c9_account_state.py,create_or_validate_account_state,complete,05_risk_and_positions/current_positions.local.csv;07_automation/scheduler/phase5r_c9_maintenance_inhibit.local.json,05_risk_and_positions/current_account_state.local.json,2442.39,2139.68,0,no,not_invoked,no,no,no,no,result=validated_existing; account_state_local_only=yes; credentials_read=no
2026-07-24T12:52:03-04:00,phase5r_c9,calculate_phase5r_c9_dynamic_weights.py,calculate_dynamic_weights,complete,05_risk_and_positions/current_account_state.local.json;05_risk_and_positions/current_positions.local.csv;03_source_data/phase5r/phase5r_b2_market_data_snapshot.csv;04_research/realtime_stock_picker_phase5r/phase5r_c5_company_research_packets.csv,05_risk_and_positions/phase5r_c9_dynamic_position_weights.csv;05_risk_and_positions/phase5r_c9_current_portfolio_summary.csv,2442.39,2139.68,2,no,not_invoked,no,no,no,no,active_weight_pct=12.6495; reconciliation_difference=-6.24; stored_position_pct_used_for_current_truth=no
2026-07-24T12:52:03-04:00,phase5r_c9,create_phase5r_c9_exact_action_plan.py,create_exact_action_plan,complete,05_risk_and_positions/current_account_state.local.json;05_risk_and_positions/current_positions.local.csv;05_risk_and_positions/phase5r_c9_dynamic_position_weights.csv;04_research/realtime_stock_picker_phase5r/phase5r_c5_company_research_packets.csv,05_risk_and_positions/phase5r_c9_exact_action_plan.csv;05_risk_and_positions/phase5r_c9_account_aware_review_queue.csv,2442.39,2139.68,2,no,not_invoked,no,no,no,no,whole_share_scenarios_dynamic=yes; adds_to_current_positions=no; manual_confirmation=action_transitions_only
2026-07-24T12:52:03-04:00,phase5r_c9,create_phase5r_c9_cash_deployment_plan.py,create_cash_deployment_and_target_allocation,complete,05_risk_and_positions/current_account_state.local.json;05_risk_and_positions/phase5r_c9_current_portfolio_summary.csv;05_risk_and_positions/phase5r_c9_dynamic_position_weights.csv;03_source_data/phase5r/phase5r_b2_market_data_snapshot.csv,05_risk_and_positions/phase5r_c9_cash_deployment_plan.csv;05_risk_and_positions/phase5r_c9_target_allocation_report.csv,2442.39,2139.68,2,no,not_invoked,no,no,no,no,core_candidate=SPY; benchmark_quality=ok; automatic_selection=no; maintenance_blocks_deployment=no
2026-07-24T12:52:03-04:00,phase5r_c9,regenerate_phase5r_c9_portfolio_outputs.py,regenerate_account_aware_portfolio_outputs,complete,05_risk_and_positions/current_account_state.local.json;05_risk_and_positions/current_positions.local.csv;03_source_data/phase5r/phase5r_b2_market_data_snapshot.csv;04_research/realtime_stock_picker_phase5r/phase5r_c5_company_research_packets.csv;05_risk_and_positions/phase5r_c9_dynamic_position_weights.csv;05_risk_and_positions/phase5r_c9_exact_action_plan.csv,04_research/realtime_stock_picker_phase5r/phase5r_c9_account_aware_conviction_scores.csv;04_research/realtime_stock_picker_phase5r/phase5r_c9_position_recommendations.csv;04_research/realtime_stock_picker_phase5r/phase5r_c9_new_candidate_recommendations.csv;04_research/realtime_stock_picker_phase5r/phase5r_c9_account_aware_memo.md;04_research/realtime_stock_picker_phase5r/phase5r_c9_allocation_report.md;05_risk_and_positions/phase5r_c9_weekly_decision_summary.md,2442.39,2139.68,2,no,not_invoked,no,no,no,no,eligible_individual_count=0; core_separate=yes; stored_position_pct_current_truth=no; no_email=yes
2026-07-24T17:40:29-04:00,phase5r_c9,create_phase5r_c9_exact_action_plan.py,create_exact_action_plan,complete,05_risk_and_positions/current_account_state.local.json;05_risk_and_positions/current_positions.local.csv;05_risk_and_positions/phase5r_c9_dynamic_position_weights.csv;04_research/realtime_stock_picker_phase5r/phase5r_c5_company_research_packets.csv,05_risk_and_positions/phase5r_c9_exact_action_plan.csv;05_risk_and_positions/phase5r_c9_account_aware_review_queue.csv,2442.39,2139.68,2,no,not_invoked,no,no,no,no,whole_share_scenarios_dynamic=yes; adds_to_current_positions=no; manual_confirmation=action_transitions_only
2026-07-24T17:44:26-04:00,phase5r_c9,create_phase5r_c9_account_state.py,create_or_validate_account_state,complete,05_risk_and_positions/current_positions.local.csv;07_automation/scheduler/phase5r_c9_maintenance_inhibit.local.json,05_risk_and_positions/current_account_state.local.json,2442.39,2139.68,0,no,not_invoked,no,no,no,no,result=validated_existing; account_state_local_only=yes; credentials_read=no
2026-07-24T19:12:16-04:00,phase5r_c9,calculate_phase5r_c9_dynamic_weights.py,calculate_dynamic_weights,complete,05_risk_and_positions/current_account_state.local.json;05_risk_and_positions/current_positions.local.csv;03_source_data/phase5r/phase5r_b2_market_data_snapshot.csv;04_research/realtime_stock_picker_phase5r/phase5r_c5_company_research_packets.csv,05_risk_and_positions/phase5r_c9_dynamic_position_weights.csv;05_risk_and_positions/phase5r_c9_current_portfolio_summary.csv,2442.39,2139.68,2,no,not_invoked,no,no,no,no,active_weight_pct=12.7756; reconciliation_difference=-9.32; stored_position_pct_used_for_current_truth=no
2026-07-24T19:12:16-04:00,phase5r_c9,create_phase5r_c9_exact_action_plan.py,create_exact_action_plan,complete,05_risk_and_positions/current_account_state.local.json;05_risk_and_positions/current_positions.local.csv;05_risk_and_positions/phase5r_c9_dynamic_position_weights.csv;04_research/realtime_stock_picker_phase5r/phase5r_c5_company_research_packets.csv,05_risk_and_positions/phase5r_c9_exact_action_plan.csv;05_risk_and_positions/phase5r_c9_account_aware_review_queue.csv,2442.39,2139.68,2,no,not_invoked,no,no,no,no,whole_share_scenarios_dynamic=yes; adds_to_current_positions=no; manual_confirmation=action_transitions_only
2026-07-24T19:12:18-04:00,phase5r_c9,create_phase5r_c9_cash_deployment_plan.py,create_cash_deployment_and_target_allocation,complete,05_risk_and_positions/current_account_state.local.json;05_risk_and_positions/phase5r_c9_current_portfolio_summary.csv;05_risk_and_positions/phase5r_c9_dynamic_position_weights.csv;03_source_data/phase5r/phase5r_b2_market_data_snapshot.csv,05_risk_and_positions/phase5r_c9_cash_deployment_plan.csv;05_risk_and_positions/phase5r_c9_target_allocation_report.csv,2442.39,2139.68,2,no,not_invoked,no,no,no,no,core_candidate=SPY; benchmark_quality=ok; automatic_selection=no; maintenance_blocks_deployment=no
2026-07-24T19:12:18-04:00,phase5r_c9,create_phase5r_c9_account_state.py,create_or_validate_account_state,complete,05_risk_and_positions/current_positions.local.csv;07_automation/scheduler/phase5r_c9_maintenance_inhibit.local.json,05_risk_and_positions/current_account_state.local.json,2442.39,2139.68,0,no,not_invoked,no,no,no,no,result=validated_existing; account_state_local_only=yes; credentials_read=no
2026-07-24T19:12:18-04:00,phase5r_c9,calculate_phase5r_c9_dynamic_weights.py,calculate_dynamic_weights,complete,05_risk_and_positions/current_account_state.local.json;05_risk_and_positions/current_positions.local.csv;03_source_data/phase5r/phase5r_b2_market_data_snapshot.csv;04_research/realtime_stock_picker_phase5r/phase5r_c5_company_research_packets.csv,05_risk_and_positions/phase5r_c9_dynamic_position_weights.csv;05_risk_and_positions/phase5r_c9_current_portfolio_summary.csv,2442.39,2139.68,2,no,not_invoked,no,no,no,no,active_weight_pct=12.7756; reconciliation_difference=-9.32; stored_position_pct_used_for_current_truth=no
2026-07-24T19:12:18-04:00,phase5r_c9,create_phase5r_c9_exact_action_plan.py,create_exact_action_plan,complete,05_risk_and_positions/current_account_state.local.json;05_risk_and_positions/current_positions.local.csv;05_risk_and_positions/phase5r_c9_dynamic_position_weights.csv;04_research/realtime_stock_picker_phase5r/phase5r_c5_company_research_packets.csv,05_risk_and_positions/phase5r_c9_exact_action_plan.csv;05_risk_and_positions/phase5r_c9_account_aware_review_queue.csv,2442.39,2139.68,2,no,not_invoked,no,no,no,no,whole_share_scenarios_dynamic=yes; adds_to_current_positions=no; manual_confirmation=action_transitions_only
2026-07-24T19:12:19-04:00,phase5r_c9,create_phase5r_c9_cash_deployment_plan.py,create_cash_deployment_and_target_allocation,complete,05_risk_and_positions/current_account_state.local.json;05_risk_and_positions/phase5r_c9_current_portfolio_summary.csv;05_risk_and_positions/phase5r_c9_dynamic_position_weights.csv;03_source_data/phase5r/phase5r_b2_market_data_snapshot.csv,05_risk_and_positions/phase5r_c9_cash_deployment_plan.csv;05_risk_and_positions/phase5r_c9_target_allocation_report.csv,2442.39,2139.68,2,no,not_invoked,no,no,no,no,core_candidate=SPY; benchmark_quality=ok; automatic_selection=no; maintenance_blocks_deployment=no
2026-07-24T19:12:19-04:00,phase5r_c9,regenerate_phase5r_c9_portfolio_outputs.py,regenerate_account_aware_portfolio_outputs,complete,05_risk_and_positions/current_account_state.local.json;05_risk_and_positions/current_positions.local.csv;03_source_data/phase5r/phase5r_b2_market_data_snapshot.csv;04_research/realtime_stock_picker_phase5r/phase5r_c5_company_research_packets.csv;05_risk_and_positions/phase5r_c9_dynamic_position_weights.csv;05_risk_and_positions/phase5r_c9_exact_action_plan.csv,04_research/realtime_stock_picker_phase5r/phase5r_c9_account_aware_conviction_scores.csv;04_research/realtime_stock_picker_phase5r/phase5r_c9_position_recommendations.csv;04_research/realtime_stock_picker_phase5r/phase5r_c9_new_candidate_recommendations.csv;04_research/realtime_stock_picker_phase5r/phase5r_c9_account_aware_memo.md;04_research/realtime_stock_picker_phase5r/phase5r_c9_allocation_report.md;05_risk_and_positions/phase5r_c9_weekly_decision_summary.md,2442.39,2139.68,2,no,not_invoked,no,no,no,no,eligible_individual_count=0; core_separate=yes; stored_position_pct_current_truth=no; no_email=yes
2026-07-24T19:13:50-04:00,phase5r_c9,calculate_phase5r_c9_dynamic_weights.py,calculate_dynamic_weights,complete,05_risk_and_positions/current_account_state.local.json;05_risk_and_positions/current_positions.local.csv;03_source_data/phase5r/phase5r_b2_market_data_snapshot.csv;04_research/realtime_stock_picker_phase5r/phase5r_c5_company_research_packets.csv,05_risk_and_positions/phase5r_c9_dynamic_position_weights.csv;05_risk_and_positions/phase5r_c9_current_portfolio_summary.csv,2442.39,2139.68,2,no,not_invoked,no,no,no,no,active_weight_pct=12.7756; reconciliation_difference=-9.32; stored_position_pct_used_for_current_truth=no
2026-07-24T19:13:50-04:00,phase5r_c9,create_phase5r_c9_exact_action_plan.py,create_exact_action_plan,complete,05_risk_and_positions/current_account_state.local.json;05_risk_and_positions/current_positions.local.csv;05_risk_and_positions/phase5r_c9_dynamic_position_weights.csv;04_research/realtime_stock_picker_phase5r/phase5r_c5_company_research_packets.csv,05_risk_and_positions/phase5r_c9_exact_action_plan.csv;05_risk_and_positions/phase5r_c9_account_aware_review_queue.csv,2442.39,2139.68,2,no,not_invoked,no,no,no,no,whole_share_scenarios_dynamic=yes; adds_to_current_positions=no; manual_confirmation=action_transitions_only
2026-07-24T19:13:52-04:00,phase5r_c9,create_phase5r_c9_cash_deployment_plan.py,create_cash_deployment_and_target_allocation,complete,05_risk_and_positions/current_account_state.local.json;05_risk_and_positions/phase5r_c9_current_portfolio_summary.csv;05_risk_and_positions/phase5r_c9_dynamic_position_weights.csv;03_source_data/phase5r/phase5r_b2_market_data_snapshot.csv,05_risk_and_positions/phase5r_c9_cash_deployment_plan.csv;05_risk_and_positions/phase5r_c9_target_allocation_report.csv,2442.39,2139.68,2,no,not_invoked,no,no,no,no,core_candidate=SPY; benchmark_quality=ok; automatic_selection=no; maintenance_blocks_deployment=no
2026-07-24T19:13:53-04:00,phase5r_c9,create_phase5r_c9_account_state.py,create_or_validate_account_state,complete,05_risk_and_positions/current_positions.local.csv;07_automation/scheduler/phase5r_c9_maintenance_inhibit.local.json,05_risk_and_positions/current_account_state.local.json,2442.39,2139.68,0,no,not_invoked,no,no,no,no,result=validated_existing; account_state_local_only=yes; credentials_read=no
2026-07-24T19:13:53-04:00,phase5r_c9,calculate_phase5r_c9_dynamic_weights.py,calculate_dynamic_weights,complete,05_risk_and_positions/current_account_state.local.json;05_risk_and_positions/current_positions.local.csv;03_source_data/phase5r/phase5r_b2_market_data_snapshot.csv;04_research/realtime_stock_picker_phase5r/phase5r_c5_company_research_packets.csv,05_risk_and_positions/phase5r_c9_dynamic_position_weights.csv;05_risk_and_positions/phase5r_c9_current_portfolio_summary.csv,2442.39,2139.68,2,no,not_invoked,no,no,no,no,active_weight_pct=12.7756; reconciliation_difference=-9.32; stored_position_pct_used_for_current_truth=no
2026-07-24T19:13:54-04:00,phase5r_c9,create_phase5r_c9_exact_action_plan.py,create_exact_action_plan,complete,05_risk_and_positions/current_account_state.local.json;05_risk_and_positions/current_positions.local.csv;05_risk_and_positions/phase5r_c9_dynamic_position_weights.csv;04_research/realtime_stock_picker_phase5r/phase5r_c5_company_research_packets.csv,05_risk_and_positions/phase5r_c9_exact_action_plan.csv;05_risk_and_positions/phase5r_c9_account_aware_review_queue.csv,2442.39,2139.68,2,no,not_invoked,no,no,no,no,whole_share_scenarios_dynamic=yes; adds_to_current_positions=no; manual_confirmation=action_transitions_only
2026-07-24T19:13:55-04:00,phase5r_c9,create_phase5r_c9_cash_deployment_plan.py,create_cash_deployment_and_target_allocation,complete,05_risk_and_positions/current_account_state.local.json;05_risk_and_positions/phase5r_c9_current_portfolio_summary.csv;05_risk_and_positions/phase5r_c9_dynamic_position_weights.csv;03_source_data/phase5r/phase5r_b2_market_data_snapshot.csv,05_risk_and_positions/phase5r_c9_cash_deployment_plan.csv;05_risk_and_positions/phase5r_c9_target_allocation_report.csv,2442.39,2139.68,2,no,not_invoked,no,no,no,no,core_candidate=SPY; benchmark_quality=ok; automatic_selection=no; maintenance_blocks_deployment=no
2026-07-24T19:13:55-04:00,phase5r_c9,regenerate_phase5r_c9_portfolio_outputs.py,regenerate_account_aware_portfolio_outputs,complete,05_risk_and_positions/current_account_state.local.json;05_risk_and_positions/current_positions.local.csv;03_source_data/phase5r/phase5r_b2_market_data_snapshot.csv;04_research/realtime_stock_picker_phase5r/phase5r_c5_company_research_packets.csv;05_risk_and_positions/phase5r_c9_dynamic_position_weights.csv;05_risk_and_positions/phase5r_c9_exact_action_plan.csv,04_research/realtime_stock_picker_phase5r/phase5r_c9_account_aware_conviction_scores.csv;04_research/realtime_stock_picker_phase5r/phase5r_c9_position_recommendations.csv;04_research/realtime_stock_picker_phase5r/phase5r_c9_new_candidate_recommendations.csv;04_research/realtime_stock_picker_phase5r/phase5r_c9_account_aware_memo.md;04_research/realtime_stock_picker_phase5r/phase5r_c9_allocation_report.md;05_risk_and_positions/phase5r_c9_weekly_decision_summary.md,2442.39,2139.68,2,no,not_invoked,no,no,no,no,eligible_individual_count=0; core_separate=yes; stored_position_pct_current_truth=no; no_email=yes
2026-07-24T23:21:29-04:00,phase5r_c9,create_phase5r_c9_account_state.py,create_or_validate_account_state,complete,05_risk_and_positions/current_positions.local.csv;07_automation/scheduler/phase5r_c9_maintenance_inhibit.local.json,05_risk_and_positions/current_account_state.local.json,2442.39,2139.68,0,no,not_invoked,no,no,no,no,result=validated_existing; account_state_local_only=yes; credentials_read=no
2026-07-24T23:21:29-04:00,phase5r_c9,calculate_phase5r_c9_dynamic_weights.py,calculate_dynamic_weights,complete,05_risk_and_positions/current_account_state.local.json;05_risk_and_positions/current_positions.local.csv;03_source_data/phase5r/phase5r_b2_market_data_snapshot.csv;04_research/realtime_stock_picker_phase5r/phase5r_c5_company_research_packets.csv,05_risk_and_positions/phase5r_c9_dynamic_position_weights.csv;05_risk_and_positions/phase5r_c9_current_portfolio_summary.csv,2442.39,2139.68,2,no,not_invoked,no,no,no,no,active_weight_pct=12.7756; reconciliation_difference=-9.32; stored_position_pct_used_for_current_truth=no
2026-07-24T23:21:29-04:00,phase5r_c9,create_phase5r_c9_exact_action_plan.py,create_exact_action_plan,complete,05_risk_and_positions/current_account_state.local.json;05_risk_and_positions/current_positions.local.csv;05_risk_and_positions/phase5r_c9_dynamic_position_weights.csv;04_research/realtime_stock_picker_phase5r/phase5r_c5_company_research_packets.csv,05_risk_and_positions/phase5r_c9_exact_action_plan.csv;05_risk_and_positions/phase5r_c9_account_aware_review_queue.csv,2442.39,2139.68,2,no,not_invoked,no,no,no,no,whole_share_scenarios_dynamic=yes; adds_to_current_positions=no; manual_confirmation=action_transitions_only
2026-07-24T23:21:29-04:00,phase5r_c9,create_phase5r_c9_cash_deployment_plan.py,create_cash_deployment_and_target_allocation,complete,05_risk_and_positions/current_account_state.local.json;05_risk_and_positions/phase5r_c9_current_portfolio_summary.csv;05_risk_and_positions/phase5r_c9_dynamic_position_weights.csv;03_source_data/phase5r/phase5r_b2_market_data_snapshot.csv,05_risk_and_positions/phase5r_c9_cash_deployment_plan.csv;05_risk_and_positions/phase5r_c9_target_allocation_report.csv,2442.39,2139.68,2,no,not_invoked,no,no,no,no,core_candidate=SPY; benchmark_quality=ok; automatic_selection=no; maintenance_blocks_deployment=no
2026-07-24T23:21:29-04:00,phase5r_c9,regenerate_phase5r_c9_portfolio_outputs.py,regenerate_account_aware_portfolio_outputs,complete,05_risk_and_positions/current_account_state.local.json;05_risk_and_positions/current_positions.local.csv;03_source_data/phase5r/phase5r_b2_market_data_snapshot.csv;04_research/realtime_stock_picker_phase5r/phase5r_c5_company_research_packets.csv;05_risk_and_positions/phase5r_c9_dynamic_position_weights.csv;05_risk_and_positions/phase5r_c9_exact_action_plan.csv,04_research/realtime_stock_picker_phase5r/phase5r_c9_account_aware_conviction_scores.csv;04_research/realtime_stock_picker_phase5r/phase5r_c9_position_recommendations.csv;04_research/realtime_stock_picker_phase5r/phase5r_c9_new_candidate_recommendations.csv;04_research/realtime_stock_picker_phase5r/phase5r_c9_account_aware_memo.md;04_research/realtime_stock_picker_phase5r/phase5r_c9_allocation_report.md;05_risk_and_positions/phase5r_c9_weekly_decision_summary.md,2442.39,2139.68,2,no,not_invoked,no,no,no,no,eligible_individual_count=0; core_separate=yes; stored_position_pct_current_truth=no; no_email=yes
2026-07-25T12:48:01-04:00,phase5r_c9,create_phase5r_c9_account_state.py,create_or_validate_account_state,complete,05_risk_and_positions/current_positions.local.csv;07_automation/scheduler/phase5r_c9_maintenance_inhibit.local.json,05_risk_and_positions/current_account_state.local.json,2442.39,2139.68,0,no,not_invoked,no,no,no,no,result=validated_existing; account_state_local_only=yes; credentials_read=no
2026-07-25T12:48:02-04:00,phase5r_c9,calculate_phase5r_c9_dynamic_weights.py,calculate_dynamic_weights,complete,05_risk_and_positions/current_account_state.local.json;05_risk_and_positions/current_positions.local.csv;03_source_data/phase5r/phase5r_b2_market_data_snapshot.csv;04_research/realtime_stock_picker_phase5r/phase5r_c5_company_research_packets.csv,05_risk_and_positions/phase5r_c9_dynamic_position_weights.csv;05_risk_and_positions/phase5r_c9_current_portfolio_summary.csv,2442.39,2139.68,2,no,not_invoked,no,no,no,no,active_weight_pct=12.7756; reconciliation_difference=-9.32; stored_position_pct_used_for_current_truth=no
2026-07-25T12:48:02-04:00,phase5r_c9,create_phase5r_c9_exact_action_plan.py,create_exact_action_plan,complete,05_risk_and_positions/current_account_state.local.json;05_risk_and_positions/current_positions.local.csv;05_risk_and_positions/phase5r_c9_dynamic_position_weights.csv;04_research/realtime_stock_picker_phase5r/phase5r_c5_company_research_packets.csv,05_risk_and_positions/phase5r_c9_exact_action_plan.csv;05_risk_and_positions/phase5r_c9_account_aware_review_queue.csv,2442.39,2139.68,2,no,not_invoked,no,no,no,no,whole_share_scenarios_dynamic=yes; adds_to_current_positions=no; manual_confirmation=action_transitions_only
2026-07-25T12:48:04-04:00,phase5r_c9,create_phase5r_c9_cash_deployment_plan.py,create_cash_deployment_and_target_allocation,complete,05_risk_and_positions/current_account_state.local.json;05_risk_and_positions/phase5r_c9_current_portfolio_summary.csv;05_risk_and_positions/phase5r_c9_dynamic_position_weights.csv;03_source_data/phase5r/phase5r_b2_market_data_snapshot.csv,05_risk_and_positions/phase5r_c9_cash_deployment_plan.csv;05_risk_and_positions/phase5r_c9_target_allocation_report.csv,2442.39,2139.68,2,no,not_invoked,no,no,no,no,core_candidate=SPY; benchmark_quality=ok; automatic_selection=no; maintenance_blocks_deployment=no
2026-07-25T12:48:04-04:00,phase5r_c9,regenerate_phase5r_c9_portfolio_outputs.py,regenerate_account_aware_portfolio_outputs,complete,05_risk_and_positions/current_account_state.local.json;05_risk_and_positions/current_positions.local.csv;03_source_data/phase5r/phase5r_b2_market_data_snapshot.csv;04_research/realtime_stock_picker_phase5r/phase5r_c5_company_research_packets.csv;05_risk_and_positions/phase5r_c9_dynamic_position_weights.csv;05_risk_and_positions/phase5r_c9_exact_action_plan.csv,04_research/realtime_stock_picker_phase5r/phase5r_c9_account_aware_conviction_scores.csv;04_research/realtime_stock_picker_phase5r/phase5r_c9_position_recommendations.csv;04_research/realtime_stock_picker_phase5r/phase5r_c9_new_candidate_recommendations.csv;04_research/realtime_stock_picker_phase5r/phase5r_c9_account_aware_memo.md;04_research/realtime_stock_picker_phase5r/phase5r_c9_allocation_report.md;05_risk_and_positions/phase5r_c9_weekly_decision_summary.md,2442.39,2139.68,2,no,not_invoked,no,no,no,no,eligible_individual_count=0; core_separate=yes; stored_position_pct_current_truth=no; no_email=yes
2026-07-25T21:49:06-04:00,phase5r_c9,create_phase5r_c9_account_state.py,create_or_validate_account_state,complete,05_risk_and_positions/current_positions.local.csv;07_automation/scheduler/phase5r_c9_maintenance_inhibit.local.json,05_risk_and_positions/current_account_state.local.json,2442.39,2139.68,0,no,not_invoked,no,no,no,no,result=validated_existing; account_state_local_only=yes; credentials_read=no
2026-07-26T15:20:38-04:00,phase5r_c9,create_phase5r_c9_account_state.py,create_or_validate_account_state,complete,05_risk_and_positions/current_positions.local.csv;07_automation/scheduler/phase5r_c9_maintenance_inhibit.local.json,05_risk_and_positions/current_account_state.local.json,2442.39,2139.68,0,no,not_invoked,no,no,no,no,result=validated_existing; account_state_local_only=yes; credentials_read=no
2026-07-26T18:41:46-04:00,phase5r_c9,create_phase5r_c9_account_state.py,create_or_validate_account_state,complete,05_risk_and_positions/current_positions.local.csv;07_automation/scheduler/phase5r_c9_maintenance_inhibit.local.json,05_risk_and_positions/current_account_state.local.json,2442.39,2139.68,0,no,not_invoked,no,no,no,no,result=validated_existing; account_state_local_only=yes; credentials_read=no
2026-07-27T08:18:27-04:00,phase5r_c9,create_phase5r_c9_account_state.py,create_or_validate_account_state,complete,05_risk_and_positions/current_positions.local.csv;07_automation/scheduler/phase5r_c9_maintenance_inhibit.local.json,05_risk_and_positions/current_account_state.local.json,2442.39,2139.68,0,no,not_invoked,no,no,no,no,result=validated_existing; account_state_local_only=yes; credentials_read=no
2026-07-27T13:41:37-04:00,phase5r_c9,create_phase5r_c9_account_state.py,create_or_validate_account_state,complete,05_risk_and_positions/current_positions.local.csv;07_automation/scheduler/phase5r_c9_maintenance_inhibit.local.json,05_risk_and_positions/current_account_state.local.json,2442.39,2139.68,0,no,not_invoked,no,no,no,no,result=validated_existing; account_state_local_only=yes; credentials_read=no
2026-07-27T17:03:11-04:00,phase5r_c9,create_phase5r_c9_account_state.py,create_or_validate_account_state,complete,05_risk_and_positions/current_positions.local.csv;07_automation/scheduler/phase5r_c9_maintenance_inhibit.local.json,05_risk_and_positions/current_account_state.local.json,2442.39,2139.68,0,no,not_invoked,no,no,no,no,result=validated_existing; account_state_local_only=yes; credentials_read=no
2026-07-27T17:03:12-04:00,phase5r_c9,calculate_phase5r_c9_dynamic_weights.py,calculate_dynamic_weights,complete,05_risk_and_positions/current_account_state.local.json;05_risk_and_positions/current_positions.local.csv;03_source_data/phase5r/phase5r_b2_market_data_snapshot.csv;04_research/realtime_stock_picker_phase5r/phase5r_c5_company_research_packets.csv,05_risk_and_positions/phase5r_c9_dynamic_position_weights.csv;05_risk_and_positions/phase5r_c9_current_portfolio_summary.csv,2442.39,2139.68,2,no,not_invoked,no,no,no,no,active_weight_pct=13.3615; reconciliation_difference=-23.63; stored_position_pct_used_for_current_truth=no
2026-07-27T17:03:12-04:00,phase5r_c9,create_phase5r_c9_exact_action_plan.py,create_exact_action_plan,complete,05_risk_and_positions/current_account_state.local.json;05_risk_and_positions/current_positions.local.csv;05_risk_and_positions/phase5r_c9_dynamic_position_weights.csv;04_research/realtime_stock_picker_phase5r/phase5r_c5_company_research_packets.csv,05_risk_and_positions/phase5r_c9_exact_action_plan.csv;05_risk_and_positions/phase5r_c9_account_aware_review_queue.csv,2442.39,2139.68,2,no,not_invoked,no,no,no,no,whole_share_scenarios_dynamic=yes; adds_to_current_positions=no; manual_confirmation=action_transitions_only
2026-07-27T17:03:13-04:00,phase5r_c9,create_phase5r_c9_cash_deployment_plan.py,create_cash_deployment_and_target_allocation,complete,05_risk_and_positions/current_account_state.local.json;05_risk_and_positions/phase5r_c9_current_portfolio_summary.csv;05_risk_and_positions/phase5r_c9_dynamic_position_weights.csv;03_source_data/phase5r/phase5r_b2_market_data_snapshot.csv,05_risk_and_positions/phase5r_c9_cash_deployment_plan.csv;05_risk_and_positions/phase5r_c9_target_allocation_report.csv,2442.39,2139.68,2,no,not_invoked,no,no,no,no,core_candidate=SPY; benchmark_quality=ok; automatic_selection=no; maintenance_blocks_deployment=no
2026-07-27T17:03:13-04:00,phase5r_c9,regenerate_phase5r_c9_portfolio_outputs.py,regenerate_account_aware_portfolio_outputs,complete,05_risk_and_positions/current_account_state.local.json;05_risk_and_positions/current_positions.local.csv;03_source_data/phase5r/phase5r_b2_market_data_snapshot.csv;04_research/realtime_stock_picker_phase5r/phase5r_c5_company_research_packets.csv;05_risk_and_positions/phase5r_c9_dynamic_position_weights.csv;05_risk_and_positions/phase5r_c9_exact_action_plan.csv,04_research/realtime_stock_picker_phase5r/phase5r_c9_account_aware_conviction_scores.csv;04_research/realtime_stock_picker_phase5r/phase5r_c9_position_recommendations.csv;04_research/realtime_stock_picker_phase5r/phase5r_c9_new_candidate_recommendations.csv;04_research/realtime_stock_picker_phase5r/phase5r_c9_account_aware_memo.md;04_research/realtime_stock_picker_phase5r/phase5r_c9_allocation_report.md;05_risk_and_positions/phase5r_c9_weekly_decision_summary.md,2442.39,2139.68,2,no,not_invoked,no,no,no,no,eligible_individual_count=0; core_separate=yes; stored_position_pct_current_truth=no; no_email=yes
2026-07-27T18:01:30-04:00,phase5r_c9,create_phase5r_c9_account_state.py,create_or_validate_account_state,complete,05_risk_and_positions/current_positions.local.csv;07_automation/scheduler/phase5r_c9_maintenance_inhibit.local.json,05_risk_and_positions/current_account_state.local.json,2442.39,2139.68,0,no,not_invoked,no,no,no,no,result=validated_existing; account_state_local_only=yes; credentials_read=no
2026-07-27T18:01:30-04:00,phase5r_c9,calculate_phase5r_c9_dynamic_weights.py,calculate_dynamic_weights,complete,05_risk_and_positions/current_account_state.local.json;05_risk_and_positions/current_positions.local.csv;03_source_data/phase5r/phase5r_b2_market_data_snapshot.csv;04_research/realtime_stock_picker_phase5r/phase5r_c5_company_research_packets.csv,05_risk_and_positions/phase5r_c9_dynamic_position_weights.csv;05_risk_and_positions/phase5r_c9_current_portfolio_summary.csv,2442.39,2139.68,2,no,not_invoked,no,no,no,no,active_weight_pct=13.3615; reconciliation_difference=-23.63; stored_position_pct_used_for_current_truth=no
2026-07-27T18:01:31-04:00,phase5r_c9,create_phase5r_c9_exact_action_plan.py,create_exact_action_plan,complete,05_risk_and_positions/current_account_state.local.json;05_risk_and_positions/current_positions.local.csv;05_risk_and_positions/phase5r_c9_dynamic_position_weights.csv;04_research/realtime_stock_picker_phase5r/phase5r_c5_company_research_packets.csv,05_risk_and_positions/phase5r_c9_exact_action_plan.csv;05_risk_and_positions/phase5r_c9_account_aware_review_queue.csv,2442.39,2139.68,2,no,not_invoked,no,no,no,no,whole_share_scenarios_dynamic=yes; adds_to_current_positions=no; manual_confirmation=action_transitions_only
2026-07-27T18:01:32-04:00,phase5r_c9,create_phase5r_c9_cash_deployment_plan.py,create_cash_deployment_and_target_allocation,complete,05_risk_and_positions/current_account_state.local.json;05_risk_and_positions/phase5r_c9_current_portfolio_summary.csv;05_risk_and_positions/phase5r_c9_dynamic_position_weights.csv;03_source_data/phase5r/phase5r_b2_market_data_snapshot.csv,05_risk_and_positions/phase5r_c9_cash_deployment_plan.csv;05_risk_and_positions/phase5r_c9_target_allocation_report.csv,2442.39,2139.68,2,no,not_invoked,no,no,no,no,core_candidate=SPY; benchmark_quality=ok; automatic_selection=no; maintenance_blocks_deployment=no
2026-07-27T18:01:32-04:00,phase5r_c9,regenerate_phase5r_c9_portfolio_outputs.py,regenerate_account_aware_portfolio_outputs,complete,05_risk_and_positions/current_account_state.local.json;05_risk_and_positions/current_positions.local.csv;03_source_data/phase5r/phase5r_b2_market_data_snapshot.csv;04_research/realtime_stock_picker_phase5r/phase5r_c5_company_research_packets.csv;05_risk_and_positions/phase5r_c9_dynamic_position_weights.csv;05_risk_and_positions/phase5r_c9_exact_action_plan.csv,04_research/realtime_stock_picker_phase5r/phase5r_c9_account_aware_conviction_scores.csv;04_research/realtime_stock_picker_phase5r/phase5r_c9_position_recommendations.csv;04_research/realtime_stock_picker_phase5r/phase5r_c9_new_candidate_recommendations.csv;04_research/realtime_stock_picker_phase5r/phase5r_c9_account_aware_memo.md;04_research/realtime_stock_picker_phase5r/phase5r_c9_allocation_report.md;05_risk_and_positions/phase5r_c9_weekly_decision_summary.md,2442.39,2139.68,2,no,not_invoked,no,no,no,no,eligible_individual_count=0; core_separate=yes; stored_position_pct_current_truth=no; no_email=yes
2026-07-27T19:01:52-04:00,phase5r_c9,create_phase5r_c9_account_state.py,create_or_validate_account_state,complete,05_risk_and_positions/current_positions.local.csv;07_automation/scheduler/phase5r_c9_maintenance_inhibit.local.json,05_risk_and_positions/current_account_state.local.json,2442.39,2139.68,0,no,not_invoked,no,no,no,no,result=validated_existing; account_state_local_only=yes; credentials_read=no
2026-07-27T19:01:52-04:00,phase5r_c9,calculate_phase5r_c9_dynamic_weights.py,calculate_dynamic_weights,complete,05_risk_and_positions/current_account_state.local.json;05_risk_and_positions/current_positions.local.csv;03_source_data/phase5r/phase5r_b2_market_data_snapshot.csv;04_research/realtime_stock_picker_phase5r/phase5r_c5_company_research_packets.csv,05_risk_and_positions/phase5r_c9_dynamic_position_weights.csv;05_risk_and_positions/phase5r_c9_current_portfolio_summary.csv,2442.39,2139.68,2,no,not_invoked,no,no,no,no,active_weight_pct=13.3615; reconciliation_difference=-23.63; stored_position_pct_used_for_current_truth=no
2026-07-27T19:01:52-04:00,phase5r_c9,create_phase5r_c9_exact_action_plan.py,create_exact_action_plan,complete,05_risk_and_positions/current_account_state.local.json;05_risk_and_positions/current_positions.local.csv;05_risk_and_positions/phase5r_c9_dynamic_position_weights.csv;04_research/realtime_stock_picker_phase5r/phase5r_c5_company_research_packets.csv,05_risk_and_positions/phase5r_c9_exact_action_plan.csv;05_risk_and_positions/phase5r_c9_account_aware_review_queue.csv,2442.39,2139.68,2,no,not_invoked,no,no,no,no,whole_share_scenarios_dynamic=yes; adds_to_current_positions=no; manual_confirmation=action_transitions_only
2026-07-27T19:01:52-04:00,phase5r_c9,create_phase5r_c9_cash_deployment_plan.py,create_cash_deployment_and_target_allocation,complete,05_risk_and_positions/current_account_state.local.json;05_risk_and_positions/phase5r_c9_current_portfolio_summary.csv;05_risk_and_positions/phase5r_c9_dynamic_position_weights.csv;03_source_data/phase5r/phase5r_b2_market_data_snapshot.csv,05_risk_and_positions/phase5r_c9_cash_deployment_plan.csv;05_risk_and_positions/phase5r_c9_target_allocation_report.csv,2442.39,2139.68,2,no,not_invoked,no,no,no,no,core_candidate=SPY; benchmark_quality=ok; automatic_selection=no; maintenance_blocks_deployment=no
2026-07-27T19:01:54-04:00,phase5r_c9,regenerate_phase5r_c9_portfolio_outputs.py,regenerate_account_aware_portfolio_outputs,complete,05_risk_and_positions/current_account_state.local.json;05_risk_and_positions/current_positions.local.csv;03_source_data/phase5r/phase5r_b2_market_data_snapshot.csv;04_research/realtime_stock_picker_phase5r/phase5r_c5_company_research_packets.csv;05_risk_and_positions/phase5r_c9_dynamic_position_weights.csv;05_risk_and_positions/phase5r_c9_exact_action_plan.csv,04_research/realtime_stock_picker_phase5r/phase5r_c9_account_aware_conviction_scores.csv;04_research/realtime_stock_picker_phase5r/phase5r_c9_position_recommendations.csv;04_research/realtime_stock_picker_phase5r/phase5r_c9_new_candidate_recommendations.csv;04_research/realtime_stock_picker_phase5r/phase5r_c9_account_aware_memo.md;04_research/realtime_stock_picker_phase5r/phase5r_c9_allocation_report.md;05_risk_and_positions/phase5r_c9_weekly_decision_summary.md,2442.39,2139.68,2,no,not_invoked,no,no,no,no,eligible_individual_count=0; core_separate=yes; stored_position_pct_current_truth=no; no_email=yes
2026-07-28T08:52:28-04:00,phase5r_c9,create_phase5r_c9_account_state.py,create_or_validate_account_state,complete,05_risk_and_positions/current_positions.local.csv;07_automation/scheduler/phase5r_c9_maintenance_inhibit.local.json,05_risk_and_positions/current_account_state.local.json,2442.39,2139.68,0,no,not_invoked,no,no,no,no,result=validated_existing; account_state_local_only=yes; credentials_read=no
2026-07-28T13:24:45-04:00,phase5r_c9,create_phase5r_c9_account_state.py,create_or_validate_account_state,complete,05_risk_and_positions/current_positions.local.csv;07_automation/scheduler/phase5r_c9_maintenance_inhibit.local.json,05_risk_and_positions/current_account_state.local.json,2442.39,2139.68,0,no,not_invoked,no,no,no,no,result=validated_existing; account_state_local_only=yes; credentials_read=no
2026-07-28T16:39:51-04:00,phase5r_c9,create_phase5r_c9_account_state.py,create_or_validate_account_state,complete,05_risk_and_positions/current_positions.local.csv;07_automation/scheduler/phase5r_c9_maintenance_inhibit.local.json,05_risk_and_positions/current_account_state.local.json,2442.39,2139.68,0,no,not_invoked,no,no,no,no,result=validated_existing; account_state_local_only=yes; credentials_read=no
2026-07-28T18:36:13-04:00,phase5r_c9,create_phase5r_c9_account_state.py,create_or_validate_account_state,complete,05_risk_and_positions/current_positions.local.csv;07_automation/scheduler/phase5r_c9_maintenance_inhibit.local.json,05_risk_and_positions/current_account_state.local.json,2442.39,2139.68,0,no,not_invoked,no,no,no,no,result=validated_existing; account_state_local_only=yes; credentials_read=no
2026-07-28T18:40:12-04:00,phase5r_c9,create_phase5r_c9_account_state.py,create_or_validate_account_state,complete,05_risk_and_positions/current_positions.local.csv;07_automation/scheduler/phase5r_c9_maintenance_inhibit.local.json,05_risk_and_positions/current_account_state.local.json,2442.39,2139.68,0,no,not_invoked,no,no,no,no,result=validated_existing; account_state_local_only=yes; credentials_read=no
2026-07-29T08:28:58-04:00,phase5r_c9,create_phase5r_c9_account_state.py,create_or_validate_account_state,complete,05_risk_and_positions/current_positions.local.csv;07_automation/scheduler/phase5r_c9_maintenance_inhibit.local.json,05_risk_and_positions/current_account_state.local.json,2442.39,2139.68,0,no,not_invoked,no,no,no,no,result=validated_existing; account_state_local_only=yes; credentials_read=no
2026-07-29T13:34:34-04:00,phase5r_c9,create_phase5r_c9_account_state.py,create_or_validate_account_state,complete,05_risk_and_positions/current_positions.local.csv;07_automation/scheduler/phase5r_c9_maintenance_inhibit.local.json,05_risk_and_positions/current_account_state.local.json,2442.39,2139.68,0,no,not_invoked,no,no,no,no,result=validated_existing; account_state_local_only=yes; credentials_read=no
2026-07-29T17:19:45-04:00,phase5r_c9,create_phase5r_c9_account_state.py,create_or_validate_account_state,complete,05_risk_and_positions/current_positions.local.csv;07_automation/scheduler/phase5r_c9_maintenance_inhibit.local.json,05_risk_and_positions/current_account_state.local.json,2442.39,2139.68,0,no,not_invoked,no,no,no,no,result=validated_existing; account_state_local_only=yes; credentials_read=no
2026-07-29T17:50:16-04:00,phase5r_c9,create_phase5r_c9_account_state.py,create_or_validate_account_state,complete,05_risk_and_positions/current_positions.local.csv;07_automation/scheduler/phase5r_c9_maintenance_inhibit.local.json,05_risk_and_positions/current_account_state.local.json,2442.39,2139.68,0,no,not_invoked,no,no,no,no,result=validated_existing; account_state_local_only=yes; credentials_read=no
2026-07-30T00:40:58-04:00,phase5r_c9,create_phase5r_c9_account_state.py,create_or_validate_account_state,complete,05_risk_and_positions/current_positions.local.csv;07_automation/scheduler/phase5r_c9_maintenance_inhibit.local.json,05_risk_and_positions/current_account_state.local.json,2442.39,2139.68,0,no,not_invoked,no,no,no,no,result=validated_existing; account_state_local_only=yes; credentials_read=no
2026-07-30T08:18:02-04:00,phase5r_c9,create_phase5r_c9_account_state.py,create_or_validate_account_state,complete,05_risk_and_positions/current_positions.local.csv;07_automation/scheduler/phase5r_c9_maintenance_inhibit.local.json,05_risk_and_positions/current_account_state.local.json,2442.39,2139.68,0,no,not_invoked,no,no,no,no,result=validated_existing; account_state_local_only=yes; credentials_read=no
2026-07-30T13:14:54-04:00,phase5r_c9,create_phase5r_c9_account_state.py,create_or_validate_account_state,complete,05_risk_and_positions/current_positions.local.csv;07_automation/scheduler/phase5r_c9_maintenance_inhibit.local.json,05_risk_and_positions/current_account_state.local.json,2442.39,2139.68,0,no,not_invoked,no,no,no,no,result=validated_existing; account_state_local_only=yes; credentials_read=no
2026-07-30T13:14:54-04:00,phase5r_c9,calculate_phase5r_c9_dynamic_weights.py,calculate_dynamic_weights,complete,05_risk_and_positions/current_account_state.local.json;05_risk_and_positions/current_positions.local.csv;03_source_data/phase5r/phase5r_b2_market_data_snapshot.csv;04_research/realtime_stock_picker_phase5r/phase5r_c5_company_research_packets.csv,05_risk_and_positions/phase5r_c9_dynamic_position_weights.csv;05_risk_and_positions/phase5r_c9_current_portfolio_summary.csv,2442.39,2139.68,2,no,not_invoked,no,no,no,no,active_weight_pct=13.1814; reconciliation_difference=-19.23; stored_position_pct_used_for_current_truth=no
2026-07-30T13:14:55-04:00,phase5r_c9,create_phase5r_c9_exact_action_plan.py,create_exact_action_plan,complete,05_risk_and_positions/current_account_state.local.json;05_risk_and_positions/current_positions.local.csv;05_risk_and_positions/phase5r_c9_dynamic_position_weights.csv;04_research/realtime_stock_picker_phase5r/phase5r_c5_company_research_packets.csv,05_risk_and_positions/phase5r_c9_exact_action_plan.csv;05_risk_and_positions/phase5r_c9_account_aware_review_queue.csv,2442.39,2139.68,2,no,not_invoked,no,no,no,no,whole_share_scenarios_dynamic=yes; adds_to_current_positions=no; manual_confirmation=action_transitions_only
2026-07-30T13:14:56-04:00,phase5r_c9,create_phase5r_c9_cash_deployment_plan.py,create_cash_deployment_and_target_allocation,complete,05_risk_and_positions/current_account_state.local.json;05_risk_and_positions/phase5r_c9_current_portfolio_summary.csv;05_risk_and_positions/phase5r_c9_dynamic_position_weights.csv;03_source_data/phase5r/phase5r_b2_market_data_snapshot.csv,05_risk_and_positions/phase5r_c9_cash_deployment_plan.csv;05_risk_and_positions/phase5r_c9_target_allocation_report.csv,2442.39,2139.68,2,no,not_invoked,no,no,no,no,core_candidate=SPY; benchmark_quality=ok; automatic_selection=no; maintenance_blocks_deployment=no
2026-07-30T13:14:56-04:00,phase5r_c9,regenerate_phase5r_c9_portfolio_outputs.py,regenerate_account_aware_portfolio_outputs,complete,05_risk_and_positions/current_account_state.local.json;05_risk_and_positions/current_positions.local.csv;03_source_data/phase5r/phase5r_b2_market_data_snapshot.csv;04_research/realtime_stock_picker_phase5r/phase5r_c5_company_research_packets.csv;05_risk_and_positions/phase5r_c9_dynamic_position_weights.csv;05_risk_and_positions/phase5r_c9_exact_action_plan.csv,04_research/realtime_stock_picker_phase5r/phase5r_c9_account_aware_conviction_scores.csv;04_research/realtime_stock_picker_phase5r/phase5r_c9_position_recommendations.csv;04_research/realtime_stock_picker_phase5r/phase5r_c9_new_candidate_recommendations.csv;04_research/realtime_stock_picker_phase5r/phase5r_c9_account_aware_memo.md;04_research/realtime_stock_picker_phase5r/phase5r_c9_allocation_report.md;05_risk_and_positions/phase5r_c9_weekly_decision_summary.md,2442.39,2139.68,2,no,not_invoked,no,no,no,no,eligible_individual_count=0; core_separate=yes; stored_position_pct_current_truth=no; no_email=yes
2026-07-30T20:55:59-04:00,phase5r_c9,create_phase5r_c9_account_state.py,create_or_validate_account_state,complete,05_risk_and_positions/current_positions.local.csv;07_automation/scheduler/phase5r_c9_maintenance_inhibit.local.json,05_risk_and_positions/current_account_state.local.json,2442.39,2139.68,0,no,not_invoked,no,no,no,no,result=validated_existing; account_state_local_only=yes; credentials_read=no
2026-07-31T10:56:06-04:00,phase5r_c9,create_phase5r_c9_account_state.py,create_or_validate_account_state,complete,05_risk_and_positions/current_positions.local.csv;07_automation/scheduler/phase5r_c9_maintenance_inhibit.local.json,05_risk_and_positions/current_account_state.local.json,2442.39,2139.68,0,no,not_invoked,no,no,no,no,result=validated_existing; account_state_local_only=yes; credentials_read=no
2026-07-31T22:09:46-04:00,phase5r_c9,create_phase5r_c9_account_state.py,create_or_validate_account_state,complete,05_risk_and_positions/current_positions.local.csv;07_automation/scheduler/phase5r_c9_maintenance_inhibit.local.json,05_risk_and_positions/current_account_state.local.json,2442.39,2139.68,0,no,not_invoked,no,no,no,no,result=validated_existing; account_state_local_only=yes; credentials_read=no
2026-08-01T12:44:39-04:00,phase5r_c9,create_phase5r_c9_account_state.py,create_or_validate_account_state,complete,05_risk_and_positions/current_positions.local.csv;07_automation/scheduler/phase5r_c9_maintenance_inhibit.local.json,05_risk_and_positions/current_account_state.local.json,2442.39,2139.68,0,no,not_invoked,no,no,no,no,result=validated_existing; account_state_local_only=yes; credentials_read=no
2026-08-01T18:35:55-04:00,phase5r_c9,create_phase5r_c9_account_state.py,create_or_validate_account_state,complete,05_risk_and_positions/current_positions.local.csv;07_automation/scheduler/phase5r_c9_maintenance_inhibit.local.json,05_risk_and_positions/current_account_state.local.json,2442.39,2139.68,0,no,not_invoked,no,no,no,no,result=validated_existing; account_state_local_only=yes; credentials_read=no
2026-08-02T12:19:11-04:00,phase5r_c9,create_phase5r_c9_account_state.py,create_or_validate_account_state,complete,05_risk_and_positions/current_positions.local.csv;07_automation/scheduler/phase5r_c9_maintenance_inhibit.local.json,05_risk_and_positions/current_account_state.local.json,2442.39,2139.68,0,no,not_invoked,no,no,no,no,result=validated_existing; account_state_local_only=yes; credentials_read=no
2026-08-02T20:38:41-04:00,phase5r_c9,create_phase5r_c9_account_state.py,create_or_validate_account_state,complete,05_risk_and_positions/current_positions.local.csv;07_automation/scheduler/phase5r_c9_maintenance_inhibit.local.json,05_risk_and_positions/current_account_state.local.json,2442.39,2139.68,0,no,not_invoked,no,no,no,no,result=validated_existing; account_state_local_only=yes; credentials_read=no
2026-08-03T09:58:43-04:00,phase5r_c9,create_phase5r_c9_account_state.py,create_or_validate_account_state,complete,05_risk_and_positions/current_positions.local.csv;07_automation/scheduler/phase5r_c9_maintenance_inhibit.local.json,05_risk_and_positions/current_account_state.local.json,2442.39,2139.68,0,no,not_invoked,no,no,no,no,result=validated_existing; account_state_local_only=yes; credentials_read=no
2026-08-03T16:07:22-04:00,phase5r_c9,create_phase5r_c9_account_state.py,create_or_validate_account_state,complete,05_risk_and_positions/current_positions.local.csv;07_automation/scheduler/phase5r_c9_maintenance_inhibit.local.json,05_risk_and_positions/current_account_state.local.json,2442.39,2139.68,0,no,not_invoked,no,no,no,no,result=validated_existing; account_state_local_only=yes; credentials_read=no
2026-08-03T16:23:17-04:00,phase5r_c9,create_phase5r_c9_account_state.py,create_or_validate_account_state,complete,05_risk_and_positions/current_positions.local.csv;07_automation/scheduler/phase5r_c9_maintenance_inhibit.local.json,05_risk_and_positions/current_account_state.local.json,2442.39,2139.68,0,no,not_invoked,no,no,no,no,result=validated_existing; account_state_local_only=yes; credentials_read=no
2026-08-03T18:08:16-04:00,phase5r_c9,create_phase5r_c9_account_state.py,create_or_validate_account_state,complete,05_risk_and_positions/current_positions.local.csv;07_automation/scheduler/phase5r_c9_maintenance_inhibit.local.json,05_risk_and_positions/current_account_state.local.json,2442.39,2139.68,0,no,not_invoked,no,no,no,no,result=validated_existing; account_state_local_only=yes; credentials_read=no
2026-08-03T18:55:54-04:00,phase5r_c9,create_phase5r_c9_account_state.py,create_or_validate_account_state,complete,05_risk_and_positions/current_positions.local.csv;07_automation/scheduler/phase5r_c9_maintenance_inhibit.local.json,05_risk_and_positions/current_account_state.local.json,2442.39,2139.68,0,no,not_invoked,no,no,no,no,result=validated_existing; account_state_local_only=yes; credentials_read=no
2026-08-03T19:31:03-04:00,phase5r_c9,create_phase5r_c9_account_state.py,create_or_validate_account_state,complete,05_risk_and_positions/current_positions.local.csv;07_automation/scheduler/phase5r_c9_maintenance_inhibit.local.json,05_risk_and_positions/current_account_state.local.json,2442.39,2139.68,0,no,not_invoked,no,no,no,no,result=validated_existing; account_state_local_only=yes; credentials_read=no
2026-08-04T12:19:25-04:00,phase5r_c9,create_phase5r_c9_account_state.py,create_or_validate_account_state,complete,05_risk_and_positions/current_positions.local.csv;07_automation/scheduler/phase5r_c9_maintenance_inhibit.local.json,05_risk_and_positions/current_account_state.local.json,2442.39,2139.68,0,no,not_invoked,no,no,no,no,result=validated_existing; account_state_local_only=yes; credentials_read=no
2026-08-04T13:10:25-04:00,phase5r_c9,create_phase5r_c9_account_state.py,create_or_validate_account_state,complete,05_risk_and_positions/current_positions.local.csv;07_automation/scheduler/phase5r_c9_maintenance_inhibit.local.json,05_risk_and_positions/current_account_state.local.json,2442.39,2139.68,0,no,not_invoked,no,no,no,no,result=validated_existing; account_state_local_only=yes; credentials_read=no
2026-08-04T13:10:39-04:00,phase5r_c9,create_phase5r_c9_account_state.py,create_or_validate_account_state,complete,05_risk_and_positions/current_positions.local.csv;07_automation/scheduler/phase5r_c9_maintenance_inhibit.local.json,05_risk_and_positions/current_account_state.local.json,2442.39,2139.68,0,no,not_invoked,no,no,no,no,result=validated_existing; account_state_local_only=yes; credentials_read=no
2026-08-04T13:36:36-04:00,phase5r_c9,create_phase5r_c9_account_state.py,create_or_validate_account_state,complete,05_risk_and_positions/current_positions.local.csv;07_automation/scheduler/phase5r_c9_maintenance_inhibit.local.json,05_risk_and_positions/current_account_state.local.json,2442.39,2139.68,0,no,not_invoked,no,no,no,no,result=validated_existing; account_state_local_only=yes; credentials_read=no
2026-08-04T13:56:30-04:00,phase5r_c9,create_phase5r_c9_account_state.py,create_or_validate_account_state,complete,05_risk_and_positions/current_positions.local.csv;07_automation/scheduler/phase5r_c9_maintenance_inhibit.local.json,05_risk_and_positions/current_account_state.local.json,2442.39,2139.68,0,no,not_invoked,no,no,no,no,result=validated_existing; account_state_local_only=yes; credentials_read=no
2026-08-04T14:28:54-04:00,phase5r_c9,calculate_phase5r_c9_dynamic_weights.py,calculate_dynamic_weights,complete,05_risk_and_positions/current_account_state.local.json;05_risk_and_positions/current_positions.local.csv;03_source_data/phase5r/phase5r_b2_market_data_snapshot.csv;04_research/realtime_stock_picker_phase5r/phase5r_c5_company_research_packets.csv,05_risk_and_positions/phase5r_c9_dynamic_position_weights.csv;05_risk_and_positions/phase5r_c9_current_portfolio_summary.csv,2397.53,2043.49,2,no,not_invoked,no,no,no,no,active_weight_pct=14.7539; reconciliation_difference=0.31; stored_position_pct_used_for_current_truth=no
2026-08-04T14:47:17-04:00,phase5r_c9,create_phase5r_c9_account_state.py,create_or_validate_account_state,complete,05_risk_and_positions/current_positions.local.csv;07_automation/scheduler/phase5r_c9_maintenance_inhibit.local.json,05_risk_and_positions/current_account_state.local.json,2397.53,2043.49,0,no,not_invoked,no,no,no,no,result=validated_existing; account_state_local_only=yes; credentials_read=no
2026-08-04T14:47:17-04:00,phase5r_c9,calculate_phase5r_c9_dynamic_weights.py,calculate_dynamic_weights,complete,05_risk_and_positions/current_account_state.local.json;05_risk_and_positions/current_positions.local.csv;03_source_data/phase5r/phase5r_b2_market_data_snapshot.csv;04_research/realtime_stock_picker_phase5r/phase5r_c5_company_research_packets.csv,05_risk_and_positions/phase5r_c9_dynamic_position_weights.csv;05_risk_and_positions/phase5r_c9_current_portfolio_summary.csv,2397.53,2043.49,2,no,not_invoked,no,no,no,no,active_weight_pct=14.7760; reconciliation_difference=-0.22; stored_position_pct_used_for_current_truth=no
2026-08-04T14:47:17-04:00,phase5r_c9,create_phase5r_c9_exact_action_plan.py,create_exact_action_plan,complete,05_risk_and_positions/current_account_state.local.json;05_risk_and_positions/current_positions.local.csv;05_risk_and_positions/phase5r_c9_dynamic_position_weights.csv;04_research/realtime_stock_picker_phase5r/phase5r_c5_company_research_packets.csv,05_risk_and_positions/phase5r_c9_exact_action_plan.csv;05_risk_and_positions/phase5r_c9_account_aware_review_queue.csv,2397.53,2043.49,2,no,not_invoked,no,no,no,no,whole_share_scenarios_dynamic=yes; adds_to_current_positions=no; manual_confirmation=action_transitions_only
2026-08-04T14:47:17-04:00,phase5r_c9,create_phase5r_c9_cash_deployment_plan.py,create_cash_deployment_and_target_allocation,complete,05_risk_and_positions/current_account_state.local.json;05_risk_and_positions/phase5r_c9_current_portfolio_summary.csv;05_risk_and_positions/phase5r_c9_dynamic_position_weights.csv;03_source_data/phase5r/phase5r_b2_market_data_snapshot.csv,05_risk_and_positions/phase5r_c9_cash_deployment_plan.csv;05_risk_and_positions/phase5r_c9_target_allocation_report.csv,2397.53,2043.49,2,no,not_invoked,no,no,no,no,core_candidate=SPY; benchmark_quality=ok; automatic_selection=no; maintenance_blocks_deployment=no
2026-08-04T14:47:17-04:00,phase5r_c9,regenerate_phase5r_c9_portfolio_outputs.py,regenerate_account_aware_portfolio_outputs,complete,05_risk_and_positions/current_account_state.local.json;05_risk_and_positions/current_positions.local.csv;03_source_data/phase5r/phase5r_b2_market_data_snapshot.csv;04_research/realtime_stock_picker_phase5r/phase5r_c5_company_research_packets.csv;05_risk_and_positions/phase5r_c9_dynamic_position_weights.csv;05_risk_and_positions/phase5r_c9_exact_action_plan.csv,04_research/realtime_stock_picker_phase5r/phase5r_c9_account_aware_conviction_scores.csv;04_research/realtime_stock_picker_phase5r/phase5r_c9_position_recommendations.csv;04_research/realtime_stock_picker_phase5r/phase5r_c9_new_candidate_recommendations.csv;04_research/realtime_stock_picker_phase5r/phase5r_c9_account_aware_memo.md;04_research/realtime_stock_picker_phase5r/phase5r_c9_allocation_report.md;05_risk_and_positions/phase5r_c9_weekly_decision_summary.md,2397.53,2043.49,2,no,not_invoked,no,no,no,no,eligible_individual_count=0; core_separate=yes; stored_position_pct_current_truth=no; no_email=yes
2026-08-04T16:21:13-04:00,phase5r_c9,create_phase5r_c9_account_state.py,create_or_validate_account_state,complete,05_risk_and_positions/current_positions.local.csv;07_automation/scheduler/phase5r_c9_maintenance_inhibit.local.json,05_risk_and_positions/current_account_state.local.json,2397.53,2043.49,0,no,not_invoked,no,no,no,no,result=validated_existing; account_state_local_only=yes; credentials_read=no
2026-08-04T16:21:14-04:00,phase5r_c9,calculate_phase5r_c9_dynamic_weights.py,calculate_dynamic_weights,complete,05_risk_and_positions/current_account_state.local.json;05_risk_and_positions/current_positions.local.csv;03_source_data/phase5r/phase5r_b2_market_data_snapshot.csv;04_research/realtime_stock_picker_phase5r/phase5r_c5_company_research_packets.csv,05_risk_and_positions/phase5r_c9_dynamic_position_weights.csv;05_risk_and_positions/phase5r_c9_current_portfolio_summary.csv,2397.53,2043.49,2,no,not_invoked,no,no,no,no,active_weight_pct=14.8061; reconciliation_difference=-0.94; stored_position_pct_used_for_current_truth=no
2026-08-04T16:21:14-04:00,phase5r_c9,create_phase5r_c9_exact_action_plan.py,create_exact_action_plan,complete,05_risk_and_positions/current_account_state.local.json;05_risk_and_positions/current_positions.local.csv;05_risk_and_positions/phase5r_c9_dynamic_position_weights.csv;04_research/realtime_stock_picker_phase5r/phase5r_c5_company_research_packets.csv,05_risk_and_positions/phase5r_c9_exact_action_plan.csv;05_risk_and_positions/phase5r_c9_account_aware_review_queue.csv,2397.53,2043.49,2,no,not_invoked,no,no,no,no,whole_share_scenarios_dynamic=yes; adds_to_current_positions=no; manual_confirmation=action_transitions_only
2026-08-04T16:21:15-04:00,phase5r_c9,create_phase5r_c9_cash_deployment_plan.py,create_cash_deployment_and_target_allocation,complete,05_risk_and_positions/current_account_state.local.json;05_risk_and_positions/phase5r_c9_current_portfolio_summary.csv;05_risk_and_positions/phase5r_c9_dynamic_position_weights.csv;03_source_data/phase5r/phase5r_b2_market_data_snapshot.csv,05_risk_and_positions/phase5r_c9_cash_deployment_plan.csv;05_risk_and_positions/phase5r_c9_target_allocation_report.csv,2397.53,2043.49,2,no,not_invoked,no,no,no,no,core_candidate=SPY; benchmark_quality=ok; automatic_selection=no; maintenance_blocks_deployment=no
2026-08-04T16:21:15-04:00,phase5r_c9,regenerate_phase5r_c9_portfolio_outputs.py,regenerate_account_aware_portfolio_outputs,complete,05_risk_and_positions/current_account_state.local.json;05_risk_and_positions/current_positions.local.csv;03_source_data/phase5r/phase5r_b2_market_data_snapshot.csv;04_research/realtime_stock_picker_phase5r/phase5r_c5_company_research_packets.csv;05_risk_and_positions/phase5r_c9_dynamic_position_weights.csv;05_risk_and_positions/phase5r_c9_exact_action_plan.csv,04_research/realtime_stock_picker_phase5r/phase5r_c9_account_aware_conviction_scores.csv;04_research/realtime_stock_picker_phase5r/phase5r_c9_position_recommendations.csv;04_research/realtime_stock_picker_phase5r/phase5r_c9_new_candidate_recommendations.csv;04_research/realtime_stock_picker_phase5r/phase5r_c9_account_aware_memo.md;04_research/realtime_stock_picker_phase5r/phase5r_c9_allocation_report.md;05_risk_and_positions/phase5r_c9_weekly_decision_summary.md,2397.53,2043.49,2,no,not_invoked,no,no,no,no,eligible_individual_count=0; core_separate=yes; stored_position_pct_current_truth=no; no_email=yes
2026-08-05T05:55:47+08:00,phase5r_c9,create_phase5r_c9_account_state.py,create_or_validate_account_state,complete,05_risk_and_positions/current_positions.local.csv;07_automation/scheduler/phase5r_c9_maintenance_inhibit.local.json,05_risk_and_positions/current_account_state.local.json,2397.53,2043.49,0,no,not_invoked,no,no,no,no,result=validated_existing; account_state_local_only=yes; credentials_read=no
2026-08-05T05:58:04+08:00,phase5r_c9,create_phase5r_c9_account_state.py,create_or_validate_account_state,complete,05_risk_and_positions/current_positions.local.csv;07_automation/scheduler/phase5r_c9_maintenance_inhibit.local.json,05_risk_and_positions/current_account_state.local.json,2397.53,2043.49,0,no,not_invoked,no,no,no,no,result=validated_existing; account_state_local_only=yes; credentials_read=no
2026-08-05T06:11:34+08:00,phase5r_c9,create_phase5r_c9_account_state.py,create_or_validate_account_state,complete,05_risk_and_positions/current_positions.local.csv;07_automation/scheduler/phase5r_c9_maintenance_inhibit.local.json,05_risk_and_positions/current_account_state.local.json,2397.53,2043.49,0,no,not_invoked,no,no,no,no,result=validated_existing; account_state_local_only=yes; credentials_read=no
2026-08-05T06:11:34+08:00,phase5r_c9,calculate_phase5r_c9_dynamic_weights.py,calculate_dynamic_weights,complete,05_risk_and_positions/current_account_state.local.json;05_risk_and_positions/current_positions.local.csv;03_source_data/phase5r/phase5r_b2_market_data_snapshot.csv;04_research/realtime_stock_picker_phase5r/phase5r_c5_company_research_packets.csv,05_risk_and_positions/phase5r_c9_dynamic_position_weights.csv;05_risk_and_positions/phase5r_c9_current_portfolio_summary.csv,2397.53,2043.49,2,no,not_invoked,no,no,no,no,active_weight_pct=14.8061; reconciliation_difference=-0.94; stored_position_pct_used_for_current_truth=no
2026-08-05T06:11:35+08:00,phase5r_c9,create_phase5r_c9_exact_action_plan.py,create_exact_action_plan,complete,05_risk_and_positions/current_account_state.local.json;05_risk_and_positions/current_positions.local.csv;05_risk_and_positions/phase5r_c9_dynamic_position_weights.csv;04_research/realtime_stock_picker_phase5r/phase5r_c5_company_research_packets.csv,05_risk_and_positions/phase5r_c9_exact_action_plan.csv;05_risk_and_positions/phase5r_c9_account_aware_review_queue.csv,2397.53,2043.49,2,no,not_invoked,no,no,no,no,whole_share_scenarios_dynamic=yes; adds_to_current_positions=no; manual_confirmation=action_transitions_only
2026-08-05T06:11:35+08:00,phase5r_c9,create_phase5r_c9_cash_deployment_plan.py,create_cash_deployment_and_target_allocation,complete,05_risk_and_positions/current_account_state.local.json;05_risk_and_positions/phase5r_c9_current_portfolio_summary.csv;05_risk_and_positions/phase5r_c9_dynamic_position_weights.csv;03_source_data/phase5r/phase5r_b2_market_data_snapshot.csv,05_risk_and_positions/phase5r_c9_cash_deployment_plan.csv;05_risk_and_positions/phase5r_c9_target_allocation_report.csv,2397.53,2043.49,2,no,not_invoked,no,no,no,no,core_candidate=SPY; benchmark_quality=ok; automatic_selection=no; maintenance_blocks_deployment=no
2026-08-05T06:11:35+08:00,phase5r_c9,regenerate_phase5r_c9_portfolio_outputs.py,regenerate_account_aware_portfolio_outputs,complete,05_risk_and_positions/current_account_state.local.json;05_risk_and_positions/current_positions.local.csv;03_source_data/phase5r/phase5r_b2_market_data_snapshot.csv;04_research/realtime_stock_picker_phase5r/phase5r_c5_company_research_packets.csv;05_risk_and_positions/phase5r_c9_dynamic_position_weights.csv;05_risk_and_positions/phase5r_c9_exact_action_plan.csv,04_research/realtime_stock_picker_phase5r/phase5r_c9_account_aware_conviction_scores.csv;04_research/realtime_stock_picker_phase5r/phase5r_c9_position_recommendations.csv;04_research/realtime_stock_picker_phase5r/phase5r_c9_new_candidate_recommendations.csv;04_research/realtime_stock_picker_phase5r/phase5r_c9_account_aware_memo.md;04_research/realtime_stock_picker_phase5r/phase5r_c9_allocation_report.md;05_risk_and_positions/phase5r_c9_weekly_decision_summary.md,2397.53,2043.49,2,no,not_invoked,no,no,no,no,eligible_individual_count=0; core_separate=yes; stored_position_pct_current_truth=no; no_email=yes
2026-08-05T06:42:30+08:00,phase5r_c9,create_phase5r_c9_account_state.py,create_or_validate_account_state,complete,05_risk_and_positions/current_positions.local.csv;07_automation/scheduler/phase5r_c9_maintenance_inhibit.local.json,05_risk_and_positions/current_account_state.local.json,2397.53,2043.49,0,no,not_invoked,no,no,no,no,result=validated_existing; account_state_local_only=yes; credentials_read=no
2026-08-05T06:42:30+08:00,phase5r_c9,calculate_phase5r_c9_dynamic_weights.py,calculate_dynamic_weights,complete,05_risk_and_positions/current_account_state.local.json;05_risk_and_positions/current_positions.local.csv;03_source_data/phase5r/phase5r_b2_market_data_snapshot.csv;04_research/realtime_stock_picker_phase5r/phase5r_c5_company_research_packets.csv,05_risk_and_positions/phase5r_c9_dynamic_position_weights.csv;05_risk_and_positions/phase5r_c9_current_portfolio_summary.csv,2397.53,2043.49,2,no,not_invoked,no,no,no,no,active_weight_pct=14.8061; reconciliation_difference=-0.94; stored_position_pct_used_for_current_truth=no
2026-08-05T06:42:31+08:00,phase5r_c9,create_phase5r_c9_exact_action_plan.py,create_exact_action_plan,complete,05_risk_and_positions/current_account_state.local.json;05_risk_and_positions/current_positions.local.csv;05_risk_and_positions/phase5r_c9_dynamic_position_weights.csv;04_research/realtime_stock_picker_phase5r/phase5r_c5_company_research_packets.csv,05_risk_and_positions/phase5r_c9_exact_action_plan.csv;05_risk_and_positions/phase5r_c9_account_aware_review_queue.csv,2397.53,2043.49,2,no,not_invoked,no,no,no,no,whole_share_scenarios_dynamic=yes; adds_to_current_positions=no; manual_confirmation=action_transitions_only
2026-08-05T06:42:31+08:00,phase5r_c9,create_phase5r_c9_cash_deployment_plan.py,create_cash_deployment_and_target_allocation,complete,05_risk_and_positions/current_account_state.local.json;05_risk_and_positions/phase5r_c9_current_portfolio_summary.csv;05_risk_and_positions/phase5r_c9_dynamic_position_weights.csv;03_source_data/phase5r/phase5r_b2_market_data_snapshot.csv,05_risk_and_positions/phase5r_c9_cash_deployment_plan.csv;05_risk_and_positions/phase5r_c9_target_allocation_report.csv,2397.53,2043.49,2,no,not_invoked,no,no,no,no,core_candidate=SPY; benchmark_quality=ok; automatic_selection=no; maintenance_blocks_deployment=no
2026-08-05T06:42:31+08:00,phase5r_c9,regenerate_phase5r_c9_portfolio_outputs.py,regenerate_account_aware_portfolio_outputs,complete,05_risk_and_positions/current_account_state.local.json;05_risk_and_positions/current_positions.local.csv;03_source_data/phase5r/phase5r_b2_market_data_snapshot.csv;04_research/realtime_stock_picker_phase5r/phase5r_c5_company_research_packets.csv;05_risk_and_positions/phase5r_c9_dynamic_position_weights.csv;05_risk_and_positions/phase5r_c9_exact_action_plan.csv,04_research/realtime_stock_picker_phase5r/phase5r_c9_account_aware_conviction_scores.csv;04_research/realtime_stock_picker_phase5r/phase5r_c9_position_recommendations.csv;04_research/realtime_stock_picker_phase5r/phase5r_c9_new_candidate_recommendations.csv;04_research/realtime_stock_picker_phase5r/phase5r_c9_account_aware_memo.md;04_research/realtime_stock_picker_phase5r/phase5r_c9_allocation_report.md;05_risk_and_positions/phase5r_c9_weekly_decision_summary.md,2397.53,2043.49,2,no,not_invoked,no,no,no,no,eligible_individual_count=0; core_separate=yes; stored_position_pct_current_truth=no; no_email=yes
2026-08-05T06:58:23+08:00,phase5r_c9,create_phase5r_c9_account_state.py,create_or_validate_account_state,complete,05_risk_and_positions/current_positions.local.csv;07_automation/scheduler/phase5r_c9_maintenance_inhibit.local.json,05_risk_and_positions/current_account_state.local.json,2397.53,2043.49,0,no,not_invoked,no,no,no,no,result=validated_existing; account_state_local_only=yes; credentials_read=no
2026-08-05T06:58:23+08:00,phase5r_c9,calculate_phase5r_c9_dynamic_weights.py,calculate_dynamic_weights,complete,05_risk_and_positions/current_account_state.local.json;05_risk_and_positions/current_positions.local.csv;03_source_data/phase5r/phase5r_b2_market_data_snapshot.csv;04_research/realtime_stock_picker_phase5r/phase5r_c5_company_research_packets.csv,05_risk_and_positions/phase5r_c9_dynamic_position_weights.csv;05_risk_and_positions/phase5r_c9_current_portfolio_summary.csv,2397.53,2043.49,2,no,not_invoked,no,no,no,no,active_weight_pct=14.8061; reconciliation_difference=-0.94; stored_position_pct_used_for_current_truth=no
2026-08-05T06:58:23+08:00,phase5r_c9,create_phase5r_c9_exact_action_plan.py,create_exact_action_plan,complete,05_risk_and_positions/current_account_state.local.json;05_risk_and_positions/current_positions.local.csv;05_risk_and_positions/phase5r_c9_dynamic_position_weights.csv;04_research/realtime_stock_picker_phase5r/phase5r_c5_company_research_packets.csv,05_risk_and_positions/phase5r_c9_exact_action_plan.csv;05_risk_and_positions/phase5r_c9_account_aware_review_queue.csv,2397.53,2043.49,2,no,not_invoked,no,no,no,no,whole_share_scenarios_dynamic=yes; adds_to_current_positions=no; manual_confirmation=action_transitions_only
2026-08-05T06:58:23+08:00,phase5r_c9,create_phase5r_c9_cash_deployment_plan.py,create_cash_deployment_and_target_allocation,complete,05_risk_and_positions/current_account_state.local.json;05_risk_and_positions/phase5r_c9_current_portfolio_summary.csv;05_risk_and_positions/phase5r_c9_dynamic_position_weights.csv;03_source_data/phase5r/phase5r_b2_market_data_snapshot.csv,05_risk_and_positions/phase5r_c9_cash_deployment_plan.csv;05_risk_and_positions/phase5r_c9_target_allocation_report.csv,2397.53,2043.49,2,no,not_invoked,no,no,no,no,core_candidate=SPY; benchmark_quality=ok; automatic_selection=no; maintenance_blocks_deployment=no
2026-08-05T06:58:23+08:00,phase5r_c9,regenerate_phase5r_c9_portfolio_outputs.py,regenerate_account_aware_portfolio_outputs,complete,05_risk_and_positions/current_account_state.local.json;05_risk_and_positions/current_positions.local.csv;03_source_data/phase5r/phase5r_b2_market_data_snapshot.csv;04_research/realtime_stock_picker_phase5r/phase5r_c5_company_research_packets.csv;05_risk_and_positions/phase5r_c9_dynamic_position_weights.csv;05_risk_and_positions/phase5r_c9_exact_action_plan.csv,04_research/realtime_stock_picker_phase5r/phase5r_c9_account_aware_conviction_scores.csv;04_research/realtime_stock_picker_phase5r/phase5r_c9_position_recommendations.csv;04_research/realtime_stock_picker_phase5r/phase5r_c9_new_candidate_recommendations.csv;04_research/realtime_stock_picker_phase5r/phase5r_c9_account_aware_memo.md;04_research/realtime_stock_picker_phase5r/phase5r_c9_allocation_report.md;05_risk_and_positions/phase5r_c9_weekly_decision_summary.md,2397.53,2043.49,2,no,not_invoked,no,no,no,no,eligible_individual_count=0; core_separate=yes; stored_position_pct_current_truth=no; no_email=yes
2026-08-05T14:19:22+08:00,phase5r_c9,create_phase5r_c9_account_state.py,create_or_validate_account_state,complete,05_risk_and_positions/current_positions.local.csv;07_automation/scheduler/phase5r_c9_maintenance_inhibit.local.json,05_risk_and_positions/current_account_state.local.json,2397.53,2043.49,0,no,not_invoked,no,no,no,no,result=validated_existing; account_state_local_only=yes; credentials_read=no
2026-08-05T14:19:22+08:00,phase5r_c9,calculate_phase5r_c9_dynamic_weights.py,calculate_dynamic_weights,complete,05_risk_and_positions/current_account_state.local.json;05_risk_and_positions/current_positions.local.csv;03_source_data/phase5r/phase5r_b2_market_data_snapshot.csv;04_research/realtime_stock_picker_phase5r/phase5r_c5_company_research_packets.csv,05_risk_and_positions/phase5r_c9_dynamic_position_weights.csv;05_risk_and_positions/phase5r_c9_current_portfolio_summary.csv,2397.53,2043.49,2,no,not_invoked,no,no,no,no,active_weight_pct=14.8061; reconciliation_difference=-0.94; stored_position_pct_used_for_current_truth=no
2026-08-05T14:19:22+08:00,phase5r_c9,create_phase5r_c9_exact_action_plan.py,create_exact_action_plan,complete,05_risk_and_positions/current_account_state.local.json;05_risk_and_positions/current_positions.local.csv;05_risk_and_positions/phase5r_c9_dynamic_position_weights.csv;04_research/realtime_stock_picker_phase5r/phase5r_c5_company_research_packets.csv,05_risk_and_positions/phase5r_c9_exact_action_plan.csv;05_risk_and_positions/phase5r_c9_account_aware_review_queue.csv,2397.53,2043.49,2,no,not_invoked,no,no,no,no,whole_share_scenarios_dynamic=yes; adds_to_current_positions=no; manual_confirmation=action_transitions_only
2026-08-05T14:19:22+08:00,phase5r_c9,create_phase5r_c9_cash_deployment_plan.py,create_cash_deployment_and_target_allocation,complete,05_risk_and_positions/current_account_state.local.json;05_risk_and_positions/phase5r_c9_current_portfolio_summary.csv;05_risk_and_positions/phase5r_c9_dynamic_position_weights.csv;03_source_data/phase5r/phase5r_b2_market_data_snapshot.csv,05_risk_and_positions/phase5r_c9_cash_deployment_plan.csv;05_risk_and_positions/phase5r_c9_target_allocation_report.csv,2397.53,2043.49,2,no,not_invoked,no,no,no,no,core_candidate=SPY; benchmark_quality=ok; automatic_selection=no; maintenance_blocks_deployment=no
2026-08-05T14:19:22+08:00,phase5r_c9,regenerate_phase5r_c9_portfolio_outputs.py,regenerate_account_aware_portfolio_outputs,complete,05_risk_and_positions/current_account_state.local.json;05_risk_and_positions/current_positions.local.csv;03_source_data/phase5r/phase5r_b2_market_data_snapshot.csv;04_research/realtime_stock_picker_phase5r/phase5r_c5_company_research_packets.csv;05_risk_and_positions/phase5r_c9_dynamic_position_weights.csv;05_risk_and_positions/phase5r_c9_exact_action_plan.csv,04_research/realtime_stock_picker_phase5r/phase5r_c9_account_aware_conviction_scores.csv;04_research/realtime_stock_picker_phase5r/phase5r_c9_position_recommendations.csv;04_research/realtime_stock_picker_phase5r/phase5r_c9_new_candidate_recommendations.csv;04_research/realtime_stock_picker_phase5r/phase5r_c9_account_aware_memo.md;04_research/realtime_stock_picker_phase5r/phase5r_c9_allocation_report.md;05_risk_and_positions/phase5r_c9_weekly_decision_summary.md,2397.53,2043.49,2,no,not_invoked,no,no,no,no,eligible_individual_count=0; core_separate=yes; stored_position_pct_current_truth=no; no_email=yes
2026-08-05T20:29:55+08:00,phase5r_c9,create_phase5r_c9_account_state.py,create_or_validate_account_state,complete,05_risk_and_positions/current_positions.local.csv;07_automation/scheduler/phase5r_c9_maintenance_inhibit.local.json,05_risk_and_positions/current_account_state.local.json,2397.53,2043.49,0,no,not_invoked,no,no,no,no,result=validated_existing; account_state_local_only=yes; credentials_read=no
2026-08-05T20:29:55+08:00,phase5r_c9,calculate_phase5r_c9_dynamic_weights.py,calculate_dynamic_weights,complete,05_risk_and_positions/current_account_state.local.json;05_risk_and_positions/current_positions.local.csv;03_source_data/phase5r/phase5r_b2_market_data_snapshot.csv;04_research/realtime_stock_picker_phase5r/phase5r_c5_company_research_packets.csv,05_risk_and_positions/phase5r_c9_dynamic_position_weights.csv;05_risk_and_positions/phase5r_c9_current_portfolio_summary.csv,2397.53,2043.49,2,no,not_invoked,no,no,no,no,active_weight_pct=14.8061; reconciliation_difference=-0.94; stored_position_pct_used_for_current_truth=no
2026-08-05T20:29:55+08:00,phase5r_c9,create_phase5r_c9_exact_action_plan.py,create_exact_action_plan,complete,05_risk_and_positions/current_account_state.local.json;05_risk_and_positions/current_positions.local.csv;05_risk_and_positions/phase5r_c9_dynamic_position_weights.csv;04_research/realtime_stock_picker_phase5r/phase5r_c5_company_research_packets.csv,05_risk_and_positions/phase5r_c9_exact_action_plan.csv;05_risk_and_positions/phase5r_c9_account_aware_review_queue.csv,2397.53,2043.49,2,no,not_invoked,no,no,no,no,whole_share_scenarios_dynamic=yes; adds_to_current_positions=no; manual_confirmation=action_transitions_only
2026-08-05T20:29:57+08:00,phase5r_c9,create_phase5r_c9_cash_deployment_plan.py,create_cash_deployment_and_target_allocation,complete,05_risk_and_positions/current_account_state.local.json;05_risk_and_positions/phase5r_c9_current_portfolio_summary.csv;05_risk_and_positions/phase5r_c9_dynamic_position_weights.csv;03_source_data/phase5r/phase5r_b2_market_data_snapshot.csv,05_risk_and_positions/phase5r_c9_cash_deployment_plan.csv;05_risk_and_positions/phase5r_c9_target_allocation_report.csv,2397.53,2043.49,2,no,not_invoked,no,no,no,no,core_candidate=SPY; benchmark_quality=ok; automatic_selection=no; maintenance_blocks_deployment=no
2026-08-05T20:29:57+08:00,phase5r_c9,regenerate_phase5r_c9_portfolio_outputs.py,regenerate_account_aware_portfolio_outputs,complete,05_risk_and_positions/current_account_state.local.json;05_risk_and_positions/current_positions.local.csv;03_source_data/phase5r/phase5r_b2_market_data_snapshot.csv;04_research/realtime_stock_picker_phase5r/phase5r_c5_company_research_packets.csv;05_risk_and_positions/phase5r_c9_dynamic_position_weights.csv;05_risk_and_positions/phase5r_c9_exact_action_plan.csv,04_research/realtime_stock_picker_phase5r/phase5r_c9_account_aware_conviction_scores.csv;04_research/realtime_stock_picker_phase5r/phase5r_c9_position_recommendations.csv;04_research/realtime_stock_picker_phase5r/phase5r_c9_new_candidate_recommendations.csv;04_research/realtime_stock_picker_phase5r/phase5r_c9_account_aware_memo.md;04_research/realtime_stock_picker_phase5r/phase5r_c9_allocation_report.md;05_risk_and_positions/phase5r_c9_weekly_decision_summary.md,2397.53,2043.49,2,no,not_invoked,no,no,no,no,eligible_individual_count=0; core_separate=yes; stored_position_pct_current_truth=no; no_email=yes
2026-08-06T00:41:41+08:00,phase5r_c9,create_phase5r_c9_account_state.py,create_or_validate_account_state,complete,05_risk_and_positions/current_positions.local.csv;07_automation/scheduler/phase5r_c9_maintenance_inhibit.local.json,05_risk_and_positions/current_account_state.local.json,2397.53,2043.49,0,no,not_invoked,no,no,no,no,result=validated_existing; account_state_local_only=yes; credentials_read=no
2026-08-06T00:41:41+08:00,phase5r_c9,calculate_phase5r_c9_dynamic_weights.py,calculate_dynamic_weights,complete,05_risk_and_positions/current_account_state.local.json;05_risk_and_positions/current_positions.local.csv;03_source_data/phase5r/phase5r_b2_market_data_snapshot.csv;04_research/realtime_stock_picker_phase5r/phase5r_c5_company_research_packets.csv,05_risk_and_positions/phase5r_c9_dynamic_position_weights.csv;05_risk_and_positions/phase5r_c9_current_portfolio_summary.csv,2397.53,2043.49,2,no,not_invoked,no,no,no,no,active_weight_pct=14.8061; reconciliation_difference=-0.94; stored_position_pct_used_for_current_truth=no
2026-08-06T00:41:41+08:00,phase5r_c9,create_phase5r_c9_exact_action_plan.py,create_exact_action_plan,complete,05_risk_and_positions/current_account_state.local.json;05_risk_and_positions/current_positions.local.csv;05_risk_and_positions/phase5r_c9_dynamic_position_weights.csv;04_research/realtime_stock_picker_phase5r/phase5r_c5_company_research_packets.csv,05_risk_and_positions/phase5r_c9_exact_action_plan.csv;05_risk_and_positions/phase5r_c9_account_aware_review_queue.csv,2397.53,2043.49,2,no,not_invoked,no,no,no,no,whole_share_scenarios_dynamic=yes; adds_to_current_positions=no; manual_confirmation=action_transitions_only
2026-08-06T00:41:43+08:00,phase5r_c9,create_phase5r_c9_cash_deployment_plan.py,create_cash_deployment_and_target_allocation,complete,05_risk_and_positions/current_account_state.local.json;05_risk_and_positions/phase5r_c9_current_portfolio_summary.csv;05_risk_and_positions/phase5r_c9_dynamic_position_weights.csv;03_source_data/phase5r/phase5r_b2_market_data_snapshot.csv,05_risk_and_positions/phase5r_c9_cash_deployment_plan.csv;05_risk_and_positions/phase5r_c9_target_allocation_report.csv,2397.53,2043.49,2,no,not_invoked,no,no,no,no,core_candidate=SPY; benchmark_quality=ok; automatic_selection=no; maintenance_blocks_deployment=no
2026-08-06T00:41:43+08:00,phase5r_c9,regenerate_phase5r_c9_portfolio_outputs.py,regenerate_account_aware_portfolio_outputs,complete,05_risk_and_positions/current_account_state.local.json;05_risk_and_positions/current_positions.local.csv;03_source_data/phase5r/phase5r_b2_market_data_snapshot.csv;04_research/realtime_stock_picker_phase5r/phase5r_c5_company_research_packets.csv;05_risk_and_positions/phase5r_c9_dynamic_position_weights.csv;05_risk_and_positions/phase5r_c9_exact_action_plan.csv,04_research/realtime_stock_picker_phase5r/phase5r_c9_account_aware_conviction_scores.csv;04_research/realtime_stock_picker_phase5r/phase5r_c9_position_recommendations.csv;04_research/realtime_stock_picker_phase5r/phase5r_c9_new_candidate_recommendations.csv;04_research/realtime_stock_picker_phase5r/phase5r_c9_account_aware_memo.md;04_research/realtime_stock_picker_phase5r/phase5r_c9_allocation_report.md;05_risk_and_positions/phase5r_c9_weekly_decision_summary.md,2397.53,2043.49,2,no,not_invoked,no,no,no,no,eligible_individual_count=0; core_separate=yes; stored_position_pct_current_truth=no; no_email=yes
2026-08-06T04:27:38+08:00,phase5r_c9,create_phase5r_c9_account_state.py,create_or_validate_account_state,complete,05_risk_and_positions/current_positions.local.csv;07_automation/scheduler/phase5r_c9_maintenance_inhibit.local.json,05_risk_and_positions/current_account_state.local.json,2397.53,2043.49,0,no,not_invoked,no,no,no,no,result=validated_existing; account_state_local_only=yes; credentials_read=no
2026-08-06T04:27:39+08:00,phase5r_c9,calculate_phase5r_c9_dynamic_weights.py,calculate_dynamic_weights,complete,05_risk_and_positions/current_account_state.local.json;05_risk_and_positions/current_positions.local.csv;03_source_data/phase5r/phase5r_b2_market_data_snapshot.csv;04_research/realtime_stock_picker_phase5r/phase5r_c5_company_research_packets.csv,05_risk_and_positions/phase5r_c9_dynamic_position_weights.csv;05_risk_and_positions/phase5r_c9_current_portfolio_summary.csv,2397.53,2043.49,2,no,not_invoked,no,no,no,no,active_weight_pct=14.8061; reconciliation_difference=-0.94; stored_position_pct_used_for_current_truth=no
2026-08-06T04:27:39+08:00,phase5r_c9,create_phase5r_c9_exact_action_plan.py,create_exact_action_plan,complete,05_risk_and_positions/current_account_state.local.json;05_risk_and_positions/current_positions.local.csv;05_risk_and_positions/phase5r_c9_dynamic_position_weights.csv;04_research/realtime_stock_picker_phase5r/phase5r_c5_company_research_packets.csv,05_risk_and_positions/phase5r_c9_exact_action_plan.csv;05_risk_and_positions/phase5r_c9_account_aware_review_queue.csv,2397.53,2043.49,2,no,not_invoked,no,no,no,no,whole_share_scenarios_dynamic=yes; adds_to_current_positions=no; manual_confirmation=action_transitions_only
2026-08-06T04:27:40+08:00,phase5r_c9,create_phase5r_c9_cash_deployment_plan.py,create_cash_deployment_and_target_allocation,complete,05_risk_and_positions/current_account_state.local.json;05_risk_and_positions/phase5r_c9_current_portfolio_summary.csv;05_risk_and_positions/phase5r_c9_dynamic_position_weights.csv;03_source_data/phase5r/phase5r_b2_market_data_snapshot.csv,05_risk_and_positions/phase5r_c9_cash_deployment_plan.csv;05_risk_and_positions/phase5r_c9_target_allocation_report.csv,2397.53,2043.49,2,no,not_invoked,no,no,no,no,core_candidate=SPY; benchmark_quality=ok; automatic_selection=no; maintenance_blocks_deployment=no
2026-08-06T04:27:40+08:00,phase5r_c9,regenerate_phase5r_c9_portfolio_outputs.py,regenerate_account_aware_portfolio_outputs,complete,05_risk_and_positions/current_account_state.local.json;05_risk_and_positions/current_positions.local.csv;03_source_data/phase5r/phase5r_b2_market_data_snapshot.csv;04_research/realtime_stock_picker_phase5r/phase5r_c5_company_research_packets.csv;05_risk_and_positions/phase5r_c9_dynamic_position_weights.csv;05_risk_and_positions/phase5r_c9_exact_action_plan.csv,04_research/realtime_stock_picker_phase5r/phase5r_c9_account_aware_conviction_scores.csv;04_research/realtime_stock_picker_phase5r/phase5r_c9_position_recommendations.csv;04_research/realtime_stock_picker_phase5r/phase5r_c9_new_candidate_recommendations.csv;04_research/realtime_stock_picker_phase5r/phase5r_c9_account_aware_memo.md;04_research/realtime_stock_picker_phase5r/phase5r_c9_allocation_report.md;05_risk_and_positions/phase5r_c9_weekly_decision_summary.md,2397.53,2043.49,2,no,not_invoked,no,no,no,no,eligible_individual_count=0; core_separate=yes; stored_position_pct_current_truth=no; no_email=yes
2026-08-06T05:58:41+08:00,phase5r_c9,create_phase5r_c9_account_state.py,create_or_validate_account_state,complete,05_risk_and_positions/current_positions.local.csv;07_automation/scheduler/phase5r_c9_maintenance_inhibit.local.json,05_risk_and_positions/current_account_state.local.json,2397.53,2043.49,0,no,not_invoked,no,no,no,no,result=validated_existing; account_state_local_only=yes; credentials_read=no
2026-08-06T05:58:42+08:00,phase5r_c9,calculate_phase5r_c9_dynamic_weights.py,calculate_dynamic_weights,complete,05_risk_and_positions/current_account_state.local.json;05_risk_and_positions/current_positions.local.csv;03_source_data/phase5r/phase5r_b2_market_data_snapshot.csv;04_research/realtime_stock_picker_phase5r/phase5r_c5_company_research_packets.csv,05_risk_and_positions/phase5r_c9_dynamic_position_weights.csv;05_risk_and_positions/phase5r_c9_current_portfolio_summary.csv,2397.53,2043.49,2,no,not_invoked,no,no,no,no,active_weight_pct=14.8061; reconciliation_difference=-0.94; stored_position_pct_used_for_current_truth=no
2026-08-06T05:58:43+08:00,phase5r_c9,create_phase5r_c9_exact_action_plan.py,create_exact_action_plan,complete,05_risk_and_positions/current_account_state.local.json;05_risk_and_positions/current_positions.local.csv;05_risk_and_positions/phase5r_c9_dynamic_position_weights.csv;04_research/realtime_stock_picker_phase5r/phase5r_c5_company_research_packets.csv,05_risk_and_positions/phase5r_c9_exact_action_plan.csv;05_risk_and_positions/phase5r_c9_account_aware_review_queue.csv,2397.53,2043.49,2,no,not_invoked,no,no,no,no,whole_share_scenarios_dynamic=yes; adds_to_current_positions=no; manual_confirmation=action_transitions_only
2026-08-06T05:58:43+08:00,phase5r_c9,create_phase5r_c9_cash_deployment_plan.py,create_cash_deployment_and_target_allocation,complete,05_risk_and_positions/current_account_state.local.json;05_risk_and_positions/phase5r_c9_current_portfolio_summary.csv;05_risk_and_positions/phase5r_c9_dynamic_position_weights.csv;03_source_data/phase5r/phase5r_b2_market_data_snapshot.csv,05_risk_and_positions/phase5r_c9_cash_deployment_plan.csv;05_risk_and_positions/phase5r_c9_target_allocation_report.csv,2397.53,2043.49,2,no,not_invoked,no,no,no,no,core_candidate=SPY; benchmark_quality=ok; automatic_selection=no; maintenance_blocks_deployment=no
2026-08-06T05:58:43+08:00,phase5r_c9,regenerate_phase5r_c9_portfolio_outputs.py,regenerate_account_aware_portfolio_outputs,complete,05_risk_and_positions/current_account_state.local.json;05_risk_and_positions/current_positions.local.csv;03_source_data/phase5r/phase5r_b2_market_data_snapshot.csv;04_research/realtime_stock_picker_phase5r/phase5r_c5_company_research_packets.csv;05_risk_and_positions/phase5r_c9_dynamic_position_weights.csv;05_risk_and_positions/phase5r_c9_exact_action_plan.csv,04_research/realtime_stock_picker_phase5r/phase5r_c9_account_aware_conviction_scores.csv;04_research/realtime_stock_picker_phase5r/phase5r_c9_position_recommendations.csv;04_research/realtime_stock_picker_phase5r/phase5r_c9_new_candidate_recommendations.csv;04_research/realtime_stock_picker_phase5r/phase5r_c9_account_aware_memo.md;04_research/realtime_stock_picker_phase5r/phase5r_c9_allocation_report.md;05_risk_and_positions/phase5r_c9_weekly_decision_summary.md,2397.53,2043.49,2,no,not_invoked,no,no,no,no,eligible_individual_count=0; core_separate=yes; stored_position_pct_current_truth=no; no_email=yes
2026-08-06T06:31:26+08:00,phase5r_c9,create_phase5r_c9_account_state.py,create_or_validate_account_state,complete,05_risk_and_positions/current_positions.local.csv;07_automation/scheduler/phase5r_c9_maintenance_inhibit.local.json,05_risk_and_positions/current_account_state.local.json,2397.53,2043.49,0,no,not_invoked,no,no,no,no,result=validated_existing; account_state_local_only=yes; credentials_read=no
2026-08-06T06:31:26+08:00,phase5r_c9,calculate_phase5r_c9_dynamic_weights.py,calculate_dynamic_weights,complete,05_risk_and_positions/current_account_state.local.json;05_risk_and_positions/current_positions.local.csv;03_source_data/phase5r/phase5r_b2_market_data_snapshot.csv;04_research/realtime_stock_picker_phase5r/phase5r_c5_company_research_packets.csv,05_risk_and_positions/phase5r_c9_dynamic_position_weights.csv;05_risk_and_positions/phase5r_c9_current_portfolio_summary.csv,2397.53,2043.49,2,no,not_invoked,no,no,no,no,active_weight_pct=14.8061; reconciliation_difference=-0.94; stored_position_pct_used_for_current_truth=no
2026-08-06T06:31:27+08:00,phase5r_c9,create_phase5r_c9_exact_action_plan.py,create_exact_action_plan,complete,05_risk_and_positions/current_account_state.local.json;05_risk_and_positions/current_positions.local.csv;05_risk_and_positions/phase5r_c9_dynamic_position_weights.csv;04_research/realtime_stock_picker_phase5r/phase5r_c5_company_research_packets.csv,05_risk_and_positions/phase5r_c9_exact_action_plan.csv;05_risk_and_positions/phase5r_c9_account_aware_review_queue.csv,2397.53,2043.49,2,no,not_invoked,no,no,no,no,whole_share_scenarios_dynamic=yes; adds_to_current_positions=no; manual_confirmation=action_transitions_only
2026-08-06T06:31:27+08:00,phase5r_c9,create_phase5r_c9_cash_deployment_plan.py,create_cash_deployment_and_target_allocation,complete,05_risk_and_positions/current_account_state.local.json;05_risk_and_positions/phase5r_c9_current_portfolio_summary.csv;05_risk_and_positions/phase5r_c9_dynamic_position_weights.csv;03_source_data/phase5r/phase5r_b2_market_data_snapshot.csv,05_risk_and_positions/phase5r_c9_cash_deployment_plan.csv;05_risk_and_positions/phase5r_c9_target_allocation_report.csv,2397.53,2043.49,2,no,not_invoked,no,no,no,no,core_candidate=SPY; benchmark_quality=ok; automatic_selection=no; maintenance_blocks_deployment=no
2026-08-06T06:31:27+08:00,phase5r_c9,regenerate_phase5r_c9_portfolio_outputs.py,regenerate_account_aware_portfolio_outputs,complete,05_risk_and_positions/current_account_state.local.json;05_risk_and_positions/current_positions.local.csv;03_source_data/phase5r/phase5r_b2_market_data_snapshot.csv;04_research/realtime_stock_picker_phase5r/phase5r_c5_company_research_packets.csv;05_risk_and_positions/phase5r_c9_dynamic_position_weights.csv;05_risk_and_positions/phase5r_c9_exact_action_plan.csv,04_research/realtime_stock_picker_phase5r/phase5r_c9_account_aware_conviction_scores.csv;04_research/realtime_stock_picker_phase5r/phase5r_c9_position_recommendations.csv;04_research/realtime_stock_picker_phase5r/phase5r_c9_new_candidate_recommendations.csv;04_research/realtime_stock_picker_phase5r/phase5r_c9_account_aware_memo.md;04_research/realtime_stock_picker_phase5r/phase5r_c9_allocation_report.md;05_risk_and_positions/phase5r_c9_weekly_decision_summary.md,2397.53,2043.49,2,no,not_invoked,no,no,no,no,eligible_individual_count=0; core_separate=yes; stored_position_pct_current_truth=no; no_email=yes
2026-08-06T20:40:11+08:00,phase5r_c9,create_phase5r_c9_account_state.py,create_or_validate_account_state,complete,05_risk_and_positions/current_positions.local.csv;07_automation/scheduler/phase5r_c9_maintenance_inhibit.local.json,05_risk_and_positions/current_account_state.local.json,2397.53,2043.49,0,no,not_invoked,no,no,no,no,result=validated_existing; account_state_local_only=yes; credentials_read=no
2026-08-06T20:40:12+08:00,phase5r_c9,calculate_phase5r_c9_dynamic_weights.py,calculate_dynamic_weights,complete,05_risk_and_positions/current_account_state.local.json;05_risk_and_positions/current_positions.local.csv;03_source_data/phase5r/phase5r_b2_market_data_snapshot.csv;04_research/realtime_stock_picker_phase5r/phase5r_c5_company_research_packets.csv,05_risk_and_positions/phase5r_c9_dynamic_position_weights.csv;05_risk_and_positions/phase5r_c9_current_portfolio_summary.csv,2397.53,2043.49,2,no,not_invoked,no,no,no,no,active_weight_pct=14.8061; reconciliation_difference=-0.94; stored_position_pct_used_for_current_truth=no
2026-08-06T20:40:12+08:00,phase5r_c9,create_phase5r_c9_exact_action_plan.py,create_exact_action_plan,complete,05_risk_and_positions/current_account_state.local.json;05_risk_and_positions/current_positions.local.csv;05_risk_and_positions/phase5r_c9_dynamic_position_weights.csv;04_research/realtime_stock_picker_phase5r/phase5r_c5_company_research_packets.csv,05_risk_and_positions/phase5r_c9_exact_action_plan.csv;05_risk_and_positions/phase5r_c9_account_aware_review_queue.csv,2397.53,2043.49,2,no,not_invoked,no,no,no,no,whole_share_scenarios_dynamic=yes; adds_to_current_positions=no; manual_confirmation=action_transitions_only
2026-08-06T20:40:12+08:00,phase5r_c9,create_phase5r_c9_cash_deployment_plan.py,create_cash_deployment_and_target_allocation,complete,05_risk_and_positions/current_account_state.local.json;05_risk_and_positions/phase5r_c9_current_portfolio_summary.csv;05_risk_and_positions/phase5r_c9_dynamic_position_weights.csv;03_source_data/phase5r/phase5r_b2_market_data_snapshot.csv,05_risk_and_positions/phase5r_c9_cash_deployment_plan.csv;05_risk_and_positions/phase5r_c9_target_allocation_report.csv,2397.53,2043.49,2,no,not_invoked,no,no,no,no,core_candidate=SPY; benchmark_quality=ok; automatic_selection=no; maintenance_blocks_deployment=no
2026-08-06T20:40:13+08:00,phase5r_c9,regenerate_phase5r_c9_portfolio_outputs.py,regenerate_account_aware_portfolio_outputs,complete,05_risk_and_positions/current_account_state.local.json;05_risk_and_positions/current_positions.local.csv;03_source_data/phase5r/phase5r_b2_market_data_snapshot.csv;04_research/realtime_stock_picker_phase5r/phase5r_c5_company_research_packets.csv;05_risk_and_positions/phase5r_c9_dynamic_position_weights.csv;05_risk_and_positions/phase5r_c9_exact_action_plan.csv,04_research/realtime_stock_picker_phase5r/phase5r_c9_account_aware_conviction_scores.csv;04_research/realtime_stock_picker_phase5r/phase5r_c9_position_recommendations.csv;04_research/realtime_stock_picker_phase5r/phase5r_c9_new_candidate_recommendations.csv;04_research/realtime_stock_picker_phase5r/phase5r_c9_account_aware_memo.md;04_research/realtime_stock_picker_phase5r/phase5r_c9_allocation_report.md;05_risk_and_positions/phase5r_c9_weekly_decision_summary.md,2397.53,2043.49,2,no,not_invoked,no,no,no,no,eligible_individual_count=0; core_separate=yes; stored_position_pct_current_truth=no; no_email=yes
2026-08-07T07:44:47+08:00,phase5r_c9,create_phase5r_c9_account_state.py,create_or_validate_account_state,complete,05_risk_and_positions/current_positions.local.csv;07_automation/scheduler/phase5r_c9_maintenance_inhibit.local.json,05_risk_and_positions/current_account_state.local.json,2397.53,2043.49,0,no,not_invoked,no,no,no,no,result=validated_existing; account_state_local_only=yes; credentials_read=no
2026-08-07T07:44:47+08:00,phase5r_c9,calculate_phase5r_c9_dynamic_weights.py,calculate_dynamic_weights,complete,05_risk_and_positions/current_account_state.local.json;05_risk_and_positions/current_positions.local.csv;03_source_data/phase5r/phase5r_b2_market_data_snapshot.csv;04_research/realtime_stock_picker_phase5r/phase5r_c5_company_research_packets.csv,05_risk_and_positions/phase5r_c9_dynamic_position_weights.csv;05_risk_and_positions/phase5r_c9_current_portfolio_summary.csv,2397.53,2043.49,2,no,not_invoked,no,no,no,no,active_weight_pct=14.8061; reconciliation_difference=-0.94; stored_position_pct_used_for_current_truth=no
2026-08-07T07:44:48+08:00,phase5r_c9,create_phase5r_c9_exact_action_plan.py,create_exact_action_plan,complete,05_risk_and_positions/current_account_state.local.json;05_risk_and_positions/current_positions.local.csv;05_risk_and_positions/phase5r_c9_dynamic_position_weights.csv;04_research/realtime_stock_picker_phase5r/phase5r_c5_company_research_packets.csv,05_risk_and_positions/phase5r_c9_exact_action_plan.csv;05_risk_and_positions/phase5r_c9_account_aware_review_queue.csv,2397.53,2043.49,2,no,not_invoked,no,no,no,no,whole_share_scenarios_dynamic=yes; adds_to_current_positions=no; manual_confirmation=action_transitions_only
2026-08-07T07:44:48+08:00,phase5r_c9,create_phase5r_c9_cash_deployment_plan.py,create_cash_deployment_and_target_allocation,complete,05_risk_and_positions/current_account_state.local.json;05_risk_and_positions/phase5r_c9_current_portfolio_summary.csv;05_risk_and_positions/phase5r_c9_dynamic_position_weights.csv;03_source_data/phase5r/phase5r_b2_market_data_snapshot.csv,05_risk_and_positions/phase5r_c9_cash_deployment_plan.csv;05_risk_and_positions/phase5r_c9_target_allocation_report.csv,2397.53,2043.49,2,no,not_invoked,no,no,no,no,core_candidate=SPY; benchmark_quality=ok; automatic_selection=no; maintenance_blocks_deployment=no
2026-08-07T07:44:49+08:00,phase5r_c9,regenerate_phase5r_c9_portfolio_outputs.py,regenerate_account_aware_portfolio_outputs,complete,05_risk_and_positions/current_account_state.local.json;05_risk_and_positions/current_positions.local.csv;03_source_data/phase5r/phase5r_b2_market_data_snapshot.csv;04_research/realtime_stock_picker_phase5r/phase5r_c5_company_research_packets.csv;05_risk_and_positions/phase5r_c9_dynamic_position_weights.csv;05_risk_and_positions/phase5r_c9_exact_action_plan.csv,04_research/realtime_stock_picker_phase5r/phase5r_c9_account_aware_conviction_scores.csv;04_research/realtime_stock_picker_phase5r/phase5r_c9_position_recommendations.csv;04_research/realtime_stock_picker_phase5r/phase5r_c9_new_candidate_recommendations.csv;04_research/realtime_stock_picker_phase5r/phase5r_c9_account_aware_memo.md;04_research/realtime_stock_picker_phase5r/phase5r_c9_allocation_report.md;05_risk_and_positions/phase5r_c9_weekly_decision_summary.md,2397.53,2043.49,2,no,not_invoked,no,no,no,no,eligible_individual_count=0; core_separate=yes; stored_position_pct_current_truth=no; no_email=yes
2026-08-07T07:59:08+08:00,phase5r_c9,create_phase5r_c9_account_state.py,create_or_validate_account_state,complete,05_risk_and_positions/current_positions.local.csv;07_automation/scheduler/phase5r_c9_maintenance_inhibit.local.json,05_risk_and_positions/current_account_state.local.json,2397.53,2043.49,0,no,not_invoked,no,no,no,no,result=validated_existing; account_state_local_only=yes; credentials_read=no
2026-08-07T07:59:08+08:00,phase5r_c9,calculate_phase5r_c9_dynamic_weights.py,calculate_dynamic_weights,complete,05_risk_and_positions/current_account_state.local.json;05_risk_and_positions/current_positions.local.csv;03_source_data/phase5r/phase5r_b2_market_data_snapshot.csv;04_research/realtime_stock_picker_phase5r/phase5r_c5_company_research_packets.csv,05_risk_and_positions/phase5r_c9_dynamic_position_weights.csv;05_risk_and_positions/phase5r_c9_current_portfolio_summary.csv,2397.53,2043.49,2,no,not_invoked,no,no,no,no,active_weight_pct=14.8061; reconciliation_difference=-0.94; stored_position_pct_used_for_current_truth=no
2026-08-07T07:59:09+08:00,phase5r_c9,create_phase5r_c9_exact_action_plan.py,create_exact_action_plan,complete,05_risk_and_positions/current_account_state.local.json;05_risk_and_positions/current_positions.local.csv;05_risk_and_positions/phase5r_c9_dynamic_position_weights.csv;04_research/realtime_stock_picker_phase5r/phase5r_c5_company_research_packets.csv,05_risk_and_positions/phase5r_c9_exact_action_plan.csv;05_risk_and_positions/phase5r_c9_account_aware_review_queue.csv,2397.53,2043.49,2,no,not_invoked,no,no,no,no,whole_share_scenarios_dynamic=yes; adds_to_current_positions=no; manual_confirmation=action_transitions_only
2026-08-07T07:59:10+08:00,phase5r_c9,create_phase5r_c9_cash_deployment_plan.py,create_cash_deployment_and_target_allocation,complete,05_risk_and_positions/current_account_state.local.json;05_risk_and_positions/phase5r_c9_current_portfolio_summary.csv;05_risk_and_positions/phase5r_c9_dynamic_position_weights.csv;03_source_data/phase5r/phase5r_b2_market_data_snapshot.csv,05_risk_and_positions/phase5r_c9_cash_deployment_plan.csv;05_risk_and_positions/phase5r_c9_target_allocation_report.csv,2397.53,2043.49,2,no,not_invoked,no,no,no,no,core_candidate=SPY; benchmark_quality=ok; automatic_selection=no; maintenance_blocks_deployment=no
2026-08-07T07:59:10+08:00,phase5r_c9,regenerate_phase5r_c9_portfolio_outputs.py,regenerate_account_aware_portfolio_outputs,complete,05_risk_and_positions/current_account_state.local.json;05_risk_and_positions/current_positions.local.csv;03_source_data/phase5r/phase5r_b2_market_data_snapshot.csv;04_research/realtime_stock_picker_phase5r/phase5r_c5_company_research_packets.csv;05_risk_and_positions/phase5r_c9_dynamic_position_weights.csv;05_risk_and_positions/phase5r_c9_exact_action_plan.csv,04_research/realtime_stock_picker_phase5r/phase5r_c9_account_aware_conviction_scores.csv;04_research/realtime_stock_picker_phase5r/phase5r_c9_position_recommendations.csv;04_research/realtime_stock_picker_phase5r/phase5r_c9_new_candidate_recommendations.csv;04_research/realtime_stock_picker_phase5r/phase5r_c9_account_aware_memo.md;04_research/realtime_stock_picker_phase5r/phase5r_c9_allocation_report.md;05_risk_and_positions/phase5r_c9_weekly_decision_summary.md,2397.53,2043.49,2,no,not_invoked,no,no,no,no,eligible_individual_count=0; core_separate=yes; stored_position_pct_current_truth=no; no_email=yes
2026-08-07T20:22:16+08:00,phase5r_c9,create_phase5r_c9_account_state.py,create_or_validate_account_state,complete,05_risk_and_positions/current_positions.local.csv;07_automation/scheduler/phase5r_c9_maintenance_inhibit.local.json,05_risk_and_positions/current_account_state.local.json,2397.53,2043.49,0,no,not_invoked,no,no,no,no,result=validated_existing; account_state_local_only=yes; credentials_read=no
2026-08-07T20:22:21+08:00,phase5r_c9,calculate_phase5r_c9_dynamic_weights.py,calculate_dynamic_weights,complete,05_risk_and_positions/current_account_state.local.json;05_risk_and_positions/current_positions.local.csv;03_source_data/phase5r/phase5r_b2_market_data_snapshot.csv;04_research/realtime_stock_picker_phase5r/phase5r_c5_company_research_packets.csv,05_risk_and_positions/phase5r_c9_dynamic_position_weights.csv;05_risk_and_positions/phase5r_c9_current_portfolio_summary.csv,2397.53,2043.49,2,no,not_invoked,no,no,no,no,active_weight_pct=14.8061; reconciliation_difference=-0.94; stored_position_pct_used_for_current_truth=no
2026-08-07T20:22:30+08:00,phase5r_c9,create_phase5r_c9_exact_action_plan.py,create_exact_action_plan,complete,05_risk_and_positions/current_account_state.local.json;05_risk_and_positions/current_positions.local.csv;05_risk_and_positions/phase5r_c9_dynamic_position_weights.csv;04_research/realtime_stock_picker_phase5r/phase5r_c5_company_research_packets.csv,05_risk_and_positions/phase5r_c9_exact_action_plan.csv;05_risk_and_positions/phase5r_c9_account_aware_review_queue.csv,2397.53,2043.49,2,no,not_invoked,no,no,no,no,whole_share_scenarios_dynamic=yes; adds_to_current_positions=no; manual_confirmation=action_transitions_only
2026-08-07T20:22:36+08:00,phase5r_c9,create_phase5r_c9_cash_deployment_plan.py,create_cash_deployment_and_target_allocation,complete,05_risk_and_positions/current_account_state.local.json;05_risk_and_positions/phase5r_c9_current_portfolio_summary.csv;05_risk_and_positions/phase5r_c9_dynamic_position_weights.csv;03_source_data/phase5r/phase5r_b2_market_data_snapshot.csv,05_risk_and_positions/phase5r_c9_cash_deployment_plan.csv;05_risk_and_positions/phase5r_c9_target_allocation_report.csv,2397.53,2043.49,2,no,not_invoked,no,no,no,no,core_candidate=SPY; benchmark_quality=ok; automatic_selection=no; maintenance_blocks_deployment=no
2026-08-07T20:22:37+08:00,phase5r_c9,regenerate_phase5r_c9_portfolio_outputs.py,regenerate_account_aware_portfolio_outputs,complete,05_risk_and_positions/current_account_state.local.json;05_risk_and_positions/current_positions.local.csv;03_source_data/phase5r/phase5r_b2_market_data_snapshot.csv;04_research/realtime_stock_picker_phase5r/phase5r_c5_company_research_packets.csv;05_risk_and_positions/phase5r_c9_dynamic_position_weights.csv;05_risk_and_positions/phase5r_c9_exact_action_plan.csv,04_research/realtime_stock_picker_phase5r/phase5r_c9_account_aware_conviction_scores.csv;04_research/realtime_stock_picker_phase5r/phase5r_c9_position_recommendations.csv;04_research/realtime_stock_picker_phase5r/phase5r_c9_new_candidate_recommendations.csv;04_research/realtime_stock_picker_phase5r/phase5r_c9_account_aware_memo.md;04_research/realtime_stock_picker_phase5r/phase5r_c9_allocation_report.md;05_risk_and_positions/phase5r_c9_weekly_decision_summary.md,2397.53,2043.49,2,no,not_invoked,no,no,no,no,eligible_individual_count=0; core_separate=yes; stored_position_pct_current_truth=no; no_email=yes
2026-08-08T07:20:48+08:00,phase5r_c9,create_phase5r_c9_account_state.py,create_or_validate_account_state,complete,05_risk_and_positions/current_positions.local.csv;07_automation/scheduler/phase5r_c9_maintenance_inhibit.local.json,05_risk_and_positions/current_account_state.local.json,2397.53,2043.49,0,no,not_invoked,no,no,no,no,result=validated_existing; account_state_local_only=yes; credentials_read=no
2026-08-08T07:20:49+08:00,phase5r_c9,calculate_phase5r_c9_dynamic_weights.py,calculate_dynamic_weights,complete,05_risk_and_positions/current_account_state.local.json;05_risk_and_positions/current_positions.local.csv;03_source_data/phase5r/phase5r_b2_market_data_snapshot.csv;04_research/realtime_stock_picker_phase5r/phase5r_c5_company_research_packets.csv,05_risk_and_positions/phase5r_c9_dynamic_position_weights.csv;05_risk_and_positions/phase5r_c9_current_portfolio_summary.csv,2397.53,2043.49,2,no,not_invoked,no,no,no,no,active_weight_pct=14.8061; reconciliation_difference=-0.94; stored_position_pct_used_for_current_truth=no
2026-08-08T07:20:51+08:00,phase5r_c9,create_phase5r_c9_exact_action_plan.py,create_exact_action_plan,complete,05_risk_and_positions/current_account_state.local.json;05_risk_and_positions/current_positions.local.csv;05_risk_and_positions/phase5r_c9_dynamic_position_weights.csv;04_research/realtime_stock_picker_phase5r/phase5r_c5_company_research_packets.csv,05_risk_and_positions/phase5r_c9_exact_action_plan.csv;05_risk_and_positions/phase5r_c9_account_aware_review_queue.csv,2397.53,2043.49,2,no,not_invoked,no,no,no,no,whole_share_scenarios_dynamic=yes; adds_to_current_positions=no; manual_confirmation=action_transitions_only
2026-08-08T07:20:54+08:00,phase5r_c9,create_phase5r_c9_cash_deployment_plan.py,create_cash_deployment_and_target_allocation,complete,05_risk_and_positions/current_account_state.local.json;05_risk_and_positions/phase5r_c9_current_portfolio_summary.csv;05_risk_and_positions/phase5r_c9_dynamic_position_weights.csv;03_source_data/phase5r/phase5r_b2_market_data_snapshot.csv,05_risk_and_positions/phase5r_c9_cash_deployment_plan.csv;05_risk_and_positions/phase5r_c9_target_allocation_report.csv,2397.53,2043.49,2,no,not_invoked,no,no,no,no,core_candidate=SPY; benchmark_quality=ok; automatic_selection=no; maintenance_blocks_deployment=no
2026-08-08T07:20:54+08:00,phase5r_c9,regenerate_phase5r_c9_portfolio_outputs.py,regenerate_account_aware_portfolio_outputs,complete,05_risk_and_positions/current_account_state.local.json;05_risk_and_positions/current_positions.local.csv;03_source_data/phase5r/phase5r_b2_market_data_snapshot.csv;04_research/realtime_stock_picker_phase5r/phase5r_c5_company_research_packets.csv;05_risk_and_positions/phase5r_c9_dynamic_position_weights.csv;05_risk_and_positions/phase5r_c9_exact_action_plan.csv,04_research/realtime_stock_picker_phase5r/phase5r_c9_account_aware_conviction_scores.csv;04_research/realtime_stock_picker_phase5r/phase5r_c9_position_recommendations.csv;04_research/realtime_stock_picker_phase5r/phase5r_c9_new_candidate_recommendations.csv;04_research/realtime_stock_picker_phase5r/phase5r_c9_account_aware_memo.md;04_research/realtime_stock_picker_phase5r/phase5r_c9_allocation_report.md;05_risk_and_positions/phase5r_c9_weekly_decision_summary.md,2397.53,2043.49,2,no,not_invoked,no,no,no,no,eligible_individual_count=0; core_separate=yes; stored_position_pct_current_truth=no; no_email=yes
2026-08-09T00:21:33+08:00,phase5r_c9,create_phase5r_c9_account_state.py,create_or_validate_account_state,complete,05_risk_and_positions/current_positions.local.csv;07_automation/scheduler/phase5r_c9_maintenance_inhibit.local.json,05_risk_and_positions/current_account_state.local.json,2397.53,2043.49,0,no,not_invoked,no,no,no,no,result=validated_existing; account_state_local_only=yes; credentials_read=no
2026-08-09T00:21:33+08:00,phase5r_c9,calculate_phase5r_c9_dynamic_weights.py,calculate_dynamic_weights,complete,05_risk_and_positions/current_account_state.local.json;05_risk_and_positions/current_positions.local.csv;03_source_data/phase5r/phase5r_b2_market_data_snapshot.csv;04_research/realtime_stock_picker_phase5r/phase5r_c5_company_research_packets.csv,05_risk_and_positions/phase5r_c9_dynamic_position_weights.csv;05_risk_and_positions/phase5r_c9_current_portfolio_summary.csv,2397.53,2043.49,2,no,not_invoked,no,no,no,no,active_weight_pct=14.8061; reconciliation_difference=-0.94; stored_position_pct_used_for_current_truth=no
2026-08-09T00:21:34+08:00,phase5r_c9,create_phase5r_c9_exact_action_plan.py,create_exact_action_plan,complete,05_risk_and_positions/current_account_state.local.json;05_risk_and_positions/current_positions.local.csv;05_risk_and_positions/phase5r_c9_dynamic_position_weights.csv;04_research/realtime_stock_picker_phase5r/phase5r_c5_company_research_packets.csv,05_risk_and_positions/phase5r_c9_exact_action_plan.csv;05_risk_and_positions/phase5r_c9_account_aware_review_queue.csv,2397.53,2043.49,2,no,not_invoked,no,no,no,no,whole_share_scenarios_dynamic=yes; adds_to_current_positions=no; manual_confirmation=action_transitions_only
2026-08-09T00:21:35+08:00,phase5r_c9,create_phase5r_c9_cash_deployment_plan.py,create_cash_deployment_and_target_allocation,complete,05_risk_and_positions/current_account_state.local.json;05_risk_and_positions/phase5r_c9_current_portfolio_summary.csv;05_risk_and_positions/phase5r_c9_dynamic_position_weights.csv;03_source_data/phase5r/phase5r_b2_market_data_snapshot.csv,05_risk_and_positions/phase5r_c9_cash_deployment_plan.csv;05_risk_and_positions/phase5r_c9_target_allocation_report.csv,2397.53,2043.49,2,no,not_invoked,no,no,no,no,core_candidate=SPY; benchmark_quality=ok; automatic_selection=no; maintenance_blocks_deployment=no
2026-08-09T00:21:35+08:00,phase5r_c9,regenerate_phase5r_c9_portfolio_outputs.py,regenerate_account_aware_portfolio_outputs,complete,05_risk_and_positions/current_account_state.local.json;05_risk_and_positions/current_positions.local.csv;03_source_data/phase5r/phase5r_b2_market_data_snapshot.csv;04_research/realtime_stock_picker_phase5r/phase5r_c5_company_research_packets.csv;05_risk_and_positions/phase5r_c9_dynamic_position_weights.csv;05_risk_and_positions/phase5r_c9_exact_action_plan.csv,04_research/realtime_stock_picker_phase5r/phase5r_c9_account_aware_conviction_scores.csv;04_research/realtime_stock_picker_phase5r/phase5r_c9_position_recommendations.csv;04_research/realtime_stock_picker_phase5r/phase5r_c9_new_candidate_recommendations.csv;04_research/realtime_stock_picker_phase5r/phase5r_c9_account_aware_memo.md;04_research/realtime_stock_picker_phase5r/phase5r_c9_allocation_report.md;05_risk_and_positions/phase5r_c9_weekly_decision_summary.md,2397.53,2043.49,2,no,not_invoked,no,no,no,no,eligible_individual_count=0; core_separate=yes; stored_position_pct_current_truth=no; no_email=yes
2026-08-09T06:59:58+08:00,phase5r_c9,create_phase5r_c9_account_state.py,create_or_validate_account_state,complete,05_risk_and_positions/current_positions.local.csv;07_automation/scheduler/phase5r_c9_maintenance_inhibit.local.json,05_risk_and_positions/current_account_state.local.json,2397.53,2043.49,0,no,not_invoked,no,no,no,no,result=validated_existing; account_state_local_only=yes; credentials_read=no
2026-08-09T06:59:58+08:00,phase5r_c9,calculate_phase5r_c9_dynamic_weights.py,calculate_dynamic_weights,complete,05_risk_and_positions/current_account_state.local.json;05_risk_and_positions/current_positions.local.csv;03_source_data/phase5r/phase5r_b2_market_data_snapshot.csv;04_research/realtime_stock_picker_phase5r/phase5r_c5_company_research_packets.csv,05_risk_and_positions/phase5r_c9_dynamic_position_weights.csv;05_risk_and_positions/phase5r_c9_current_portfolio_summary.csv,2397.53,2043.49,2,no,not_invoked,no,no,no,no,active_weight_pct=14.8061; reconciliation_difference=-0.94; stored_position_pct_used_for_current_truth=no
2026-08-09T06:59:59+08:00,phase5r_c9,create_phase5r_c9_exact_action_plan.py,create_exact_action_plan,complete,05_risk_and_positions/current_account_state.local.json;05_risk_and_positions/current_positions.local.csv;05_risk_and_positions/phase5r_c9_dynamic_position_weights.csv;04_research/realtime_stock_picker_phase5r/phase5r_c5_company_research_packets.csv,05_risk_and_positions/phase5r_c9_exact_action_plan.csv;05_risk_and_positions/phase5r_c9_account_aware_review_queue.csv,2397.53,2043.49,2,no,not_invoked,no,no,no,no,whole_share_scenarios_dynamic=yes; adds_to_current_positions=no; manual_confirmation=action_transitions_only
2026-08-09T07:00:00+08:00,phase5r_c9,create_phase5r_c9_cash_deployment_plan.py,create_cash_deployment_and_target_allocation,complete,05_risk_and_positions/current_account_state.local.json;05_risk_and_positions/phase5r_c9_current_portfolio_summary.csv;05_risk_and_positions/phase5r_c9_dynamic_position_weights.csv;03_source_data/phase5r/phase5r_b2_market_data_snapshot.csv,05_risk_and_positions/phase5r_c9_cash_deployment_plan.csv;05_risk_and_positions/phase5r_c9_target_allocation_report.csv,2397.53,2043.49,2,no,not_invoked,no,no,no,no,core_candidate=SPY; benchmark_quality=ok; automatic_selection=no; maintenance_blocks_deployment=no
2026-08-09T07:00:00+08:00,phase5r_c9,regenerate_phase5r_c9_portfolio_outputs.py,regenerate_account_aware_portfolio_outputs,complete,05_risk_and_positions/current_account_state.local.json;05_risk_and_positions/current_positions.local.csv;03_source_data/phase5r/phase5r_b2_market_data_snapshot.csv;04_research/realtime_stock_picker_phase5r/phase5r_c5_company_research_packets.csv;05_risk_and_positions/phase5r_c9_dynamic_position_weights.csv;05_risk_and_positions/phase5r_c9_exact_action_plan.csv,04_research/realtime_stock_picker_phase5r/phase5r_c9_account_aware_conviction_scores.csv;04_research/realtime_stock_picker_phase5r/phase5r_c9_position_recommendations.csv;04_research/realtime_stock_picker_phase5r/phase5r_c9_new_candidate_recommendations.csv;04_research/realtime_stock_picker_phase5r/phase5r_c9_account_aware_memo.md;04_research/realtime_stock_picker_phase5r/phase5r_c9_allocation_report.md;05_risk_and_positions/phase5r_c9_weekly_decision_summary.md,2397.53,2043.49,2,no,not_invoked,no,no,no,no,eligible_individual_count=0; core_separate=yes; stored_position_pct_current_truth=no; no_email=yes
2026-08-10T00:18:13+08:00,phase5r_c9,create_phase5r_c9_account_state.py,create_or_validate_account_state,complete,05_risk_and_positions/current_positions.local.csv;07_automation/scheduler/phase5r_c9_maintenance_inhibit.local.json,05_risk_and_positions/current_account_state.local.json,2397.53,2043.49,0,no,not_invoked,no,no,no,no,result=validated_existing; account_state_local_only=yes; credentials_read=no
2026-08-10T00:18:13+08:00,phase5r_c9,calculate_phase5r_c9_dynamic_weights.py,calculate_dynamic_weights,complete,05_risk_and_positions/current_account_state.local.json;05_risk_and_positions/current_positions.local.csv;03_source_data/phase5r/phase5r_b2_market_data_snapshot.csv;04_research/realtime_stock_picker_phase5r/phase5r_c5_company_research_packets.csv,05_risk_and_positions/phase5r_c9_dynamic_position_weights.csv;05_risk_and_positions/phase5r_c9_current_portfolio_summary.csv,2397.53,2043.49,2,no,not_invoked,no,no,no,no,active_weight_pct=14.8061; reconciliation_difference=-0.94; stored_position_pct_used_for_current_truth=no
2026-08-10T00:18:14+08:00,phase5r_c9,create_phase5r_c9_exact_action_plan.py,create_exact_action_plan,complete,05_risk_and_positions/current_account_state.local.json;05_risk_and_positions/current_positions.local.csv;05_risk_and_positions/phase5r_c9_dynamic_position_weights.csv;04_research/realtime_stock_picker_phase5r/phase5r_c5_company_research_packets.csv,05_risk_and_positions/phase5r_c9_exact_action_plan.csv;05_risk_and_positions/phase5r_c9_account_aware_review_queue.csv,2397.53,2043.49,2,no,not_invoked,no,no,no,no,whole_share_scenarios_dynamic=yes; adds_to_current_positions=no; manual_confirmation=action_transitions_only
2026-08-10T00:18:15+08:00,phase5r_c9,create_phase5r_c9_cash_deployment_plan.py,create_cash_deployment_and_target_allocation,complete,05_risk_and_positions/current_account_state.local.json;05_risk_and_positions/phase5r_c9_current_portfolio_summary.csv;05_risk_and_positions/phase5r_c9_dynamic_position_weights.csv;03_source_data/phase5r/phase5r_b2_market_data_snapshot.csv,05_risk_and_positions/phase5r_c9_cash_deployment_plan.csv;05_risk_and_positions/phase5r_c9_target_allocation_report.csv,2397.53,2043.49,2,no,not_invoked,no,no,no,no,core_candidate=SPY; benchmark_quality=ok; automatic_selection=no; maintenance_blocks_deployment=no
2026-08-10T00:18:15+08:00,phase5r_c9,regenerate_phase5r_c9_portfolio_outputs.py,regenerate_account_aware_portfolio_outputs,complete,05_risk_and_positions/current_account_state.local.json;05_risk_and_positions/current_positions.local.csv;03_source_data/phase5r/phase5r_b2_market_data_snapshot.csv;04_research/realtime_stock_picker_phase5r/phase5r_c5_company_research_packets.csv;05_risk_and_positions/phase5r_c9_dynamic_position_weights.csv;05_risk_and_positions/phase5r_c9_exact_action_plan.csv,04_research/realtime_stock_picker_phase5r/phase5r_c9_account_aware_conviction_scores.csv;04_research/realtime_stock_picker_phase5r/phase5r_c9_position_recommendations.csv;04_research/realtime_stock_picker_phase5r/phase5r_c9_new_candidate_recommendations.csv;04_research/realtime_stock_picker_phase5r/phase5r_c9_account_aware_memo.md;04_research/realtime_stock_picker_phase5r/phase5r_c9_allocation_report.md;05_risk_and_positions/phase5r_c9_weekly_decision_summary.md,2397.53,2043.49,2,no,not_invoked,no,no,no,no,eligible_individual_count=0; core_separate=yes; stored_position_pct_current_truth=no; no_email=yes
2026-08-10T06:38:38+08:00,phase5r_c9,create_phase5r_c9_account_state.py,create_or_validate_account_state,complete,05_risk_and_positions/current_positions.local.csv;07_automation/scheduler/phase5r_c9_maintenance_inhibit.local.json,05_risk_and_positions/current_account_state.local.json,2397.53,2043.49,0,no,not_invoked,no,no,no,no,result=validated_existing; account_state_local_only=yes; credentials_read=no
2026-08-10T06:38:38+08:00,phase5r_c9,calculate_phase5r_c9_dynamic_weights.py,calculate_dynamic_weights,complete,05_risk_and_positions/current_account_state.local.json;05_risk_and_positions/current_positions.local.csv;03_source_data/phase5r/phase5r_b2_market_data_snapshot.csv;04_research/realtime_stock_picker_phase5r/phase5r_c5_company_research_packets.csv,05_risk_and_positions/phase5r_c9_dynamic_position_weights.csv;05_risk_and_positions/phase5r_c9_current_portfolio_summary.csv,2397.53,2043.49,2,no,not_invoked,no,no,no,no,active_weight_pct=14.8061; reconciliation_difference=-0.94; stored_position_pct_used_for_current_truth=no
2026-08-10T06:38:38+08:00,phase5r_c9,create_phase5r_c9_exact_action_plan.py,create_exact_action_plan,complete,05_risk_and_positions/current_account_state.local.json;05_risk_and_positions/current_positions.local.csv;05_risk_and_positions/phase5r_c9_dynamic_position_weights.csv;04_research/realtime_stock_picker_phase5r/phase5r_c5_company_research_packets.csv,05_risk_and_positions/phase5r_c9_exact_action_plan.csv;05_risk_and_positions/phase5r_c9_account_aware_review_queue.csv,2397.53,2043.49,2,no,not_invoked,no,no,no,no,whole_share_scenarios_dynamic=yes; adds_to_current_positions=no; manual_confirmation=action_transitions_only
2026-08-10T06:38:39+08:00,phase5r_c9,create_phase5r_c9_cash_deployment_plan.py,create_cash_deployment_and_target_allocation,complete,05_risk_and_positions/current_account_state.local.json;05_risk_and_positions/phase5r_c9_current_portfolio_summary.csv;05_risk_and_positions/phase5r_c9_dynamic_position_weights.csv;03_source_data/phase5r/phase5r_b2_market_data_snapshot.csv,05_risk_and_positions/phase5r_c9_cash_deployment_plan.csv;05_risk_and_positions/phase5r_c9_target_allocation_report.csv,2397.53,2043.49,2,no,not_invoked,no,no,no,no,core_candidate=SPY; benchmark_quality=ok; automatic_selection=no; maintenance_blocks_deployment=no
2026-08-10T06:38:39+08:00,phase5r_c9,regenerate_phase5r_c9_portfolio_outputs.py,regenerate_account_aware_portfolio_outputs,complete,05_risk_and_positions/current_account_state.local.json;05_risk_and_positions/current_positions.local.csv;03_source_data/phase5r/phase5r_b2_market_data_snapshot.csv;04_research/realtime_stock_picker_phase5r/phase5r_c5_company_research_packets.csv;05_risk_and_positions/phase5r_c9_dynamic_position_weights.csv;05_risk_and_positions/phase5r_c9_exact_action_plan.csv,04_research/realtime_stock_picker_phase5r/phase5r_c9_account_aware_conviction_scores.csv;04_research/realtime_stock_picker_phase5r/phase5r_c9_position_recommendations.csv;04_research/realtime_stock_picker_phase5r/phase5r_c9_new_candidate_recommendations.csv;04_research/realtime_stock_picker_phase5r/phase5r_c9_account_aware_memo.md;04_research/realtime_stock_picker_phase5r/phase5r_c9_allocation_report.md;05_risk_and_positions/phase5r_c9_weekly_decision_summary.md,2397.53,2043.49,2,no,not_invoked,no,no,no,no,eligible_individual_count=0; core_separate=yes; stored_position_pct_current_truth=no; no_email=yes
2026-08-10T06:54:34+08:00,phase5r_c9,create_phase5r_c9_account_state.py,create_or_validate_account_state,complete,05_risk_and_positions/current_positions.local.csv;07_automation/scheduler/phase5r_c9_maintenance_inhibit.local.json,05_risk_and_positions/current_account_state.local.json,2397.53,2043.49,0,no,not_invoked,no,no,no,no,result=validated_existing; account_state_local_only=yes; credentials_read=no
2026-08-10T06:54:34+08:00,phase5r_c9,calculate_phase5r_c9_dynamic_weights.py,calculate_dynamic_weights,complete,05_risk_and_positions/current_account_state.local.json;05_risk_and_positions/current_positions.local.csv;03_source_data/phase5r/phase5r_b2_market_data_snapshot.csv;04_research/realtime_stock_picker_phase5r/phase5r_c5_company_research_packets.csv,05_risk_and_positions/phase5r_c9_dynamic_position_weights.csv;05_risk_and_positions/phase5r_c9_current_portfolio_summary.csv,2397.53,2043.49,2,no,not_invoked,no,no,no,no,active_weight_pct=14.8061; reconciliation_difference=-0.94; stored_position_pct_used_for_current_truth=no
2026-08-10T06:54:34+08:00,phase5r_c9,create_phase5r_c9_exact_action_plan.py,create_exact_action_plan,complete,05_risk_and_positions/current_account_state.local.json;05_risk_and_positions/current_positions.local.csv;05_risk_and_positions/phase5r_c9_dynamic_position_weights.csv;04_research/realtime_stock_picker_phase5r/phase5r_c5_company_research_packets.csv,05_risk_and_positions/phase5r_c9_exact_action_plan.csv;05_risk_and_positions/phase5r_c9_account_aware_review_queue.csv,2397.53,2043.49,2,no,not_invoked,no,no,no,no,whole_share_scenarios_dynamic=yes; adds_to_current_positions=no; manual_confirmation=action_transitions_only
2026-08-10T06:54:35+08:00,phase5r_c9,create_phase5r_c9_cash_deployment_plan.py,create_cash_deployment_and_target_allocation,complete,05_risk_and_positions/current_account_state.local.json;05_risk_and_positions/phase5r_c9_current_portfolio_summary.csv;05_risk_and_positions/phase5r_c9_dynamic_position_weights.csv;03_source_data/phase5r/phase5r_b2_market_data_snapshot.csv,05_risk_and_positions/phase5r_c9_cash_deployment_plan.csv;05_risk_and_positions/phase5r_c9_target_allocation_report.csv,2397.53,2043.49,2,no,not_invoked,no,no,no,no,core_candidate=SPY; benchmark_quality=ok; automatic_selection=no; maintenance_blocks_deployment=no
2026-08-10T06:54:35+08:00,phase5r_c9,regenerate_phase5r_c9_portfolio_outputs.py,regenerate_account_aware_portfolio_outputs,complete,05_risk_and_positions/current_account_state.local.json;05_risk_and_positions/current_positions.local.csv;03_source_data/phase5r/phase5r_b2_market_data_snapshot.csv;04_research/realtime_stock_picker_phase5r/phase5r_c5_company_research_packets.csv;05_risk_and_positions/phase5r_c9_dynamic_position_weights.csv;05_risk_and_positions/phase5r_c9_exact_action_plan.csv,04_research/realtime_stock_picker_phase5r/phase5r_c9_account_aware_conviction_scores.csv;04_research/realtime_stock_picker_phase5r/phase5r_c9_position_recommendations.csv;04_research/realtime_stock_picker_phase5r/phase5r_c9_new_candidate_recommendations.csv;04_research/realtime_stock_picker_phase5r/phase5r_c9_account_aware_memo.md;04_research/realtime_stock_picker_phase5r/phase5r_c9_allocation_report.md;05_risk_and_positions/phase5r_c9_weekly_decision_summary.md,2397.53,2043.49,2,no,not_invoked,no,no,no,no,eligible_individual_count=0; core_separate=yes; stored_position_pct_current_truth=no; no_email=yes
2026-08-10T23:47:25+08:00,phase5r_c9,create_phase5r_c9_account_state.py,create_or_validate_account_state,complete,05_risk_and_positions/current_positions.local.csv;07_automation/scheduler/phase5r_c9_maintenance_inhibit.local.json,05_risk_and_positions/current_account_state.local.json,2397.53,2043.49,0,no,not_invoked,no,no,no,no,result=validated_existing; account_state_local_only=yes; credentials_read=no
2026-08-10T23:47:25+08:00,phase5r_c9,calculate_phase5r_c9_dynamic_weights.py,calculate_dynamic_weights,complete,05_risk_and_positions/current_account_state.local.json;05_risk_and_positions/current_positions.local.csv;03_source_data/phase5r/phase5r_b2_market_data_snapshot.csv;04_research/realtime_stock_picker_phase5r/phase5r_c5_company_research_packets.csv,05_risk_and_positions/phase5r_c9_dynamic_position_weights.csv;05_risk_and_positions/phase5r_c9_current_portfolio_summary.csv,2397.53,2043.49,2,no,not_invoked,no,no,no,no,active_weight_pct=14.8061; reconciliation_difference=-0.94; stored_position_pct_used_for_current_truth=no
2026-08-10T23:47:26+08:00,phase5r_c9,create_phase5r_c9_exact_action_plan.py,create_exact_action_plan,complete,05_risk_and_positions/current_account_state.local.json;05_risk_and_positions/current_positions.local.csv;05_risk_and_positions/phase5r_c9_dynamic_position_weights.csv;04_research/realtime_stock_picker_phase5r/phase5r_c5_company_research_packets.csv,05_risk_and_positions/phase5r_c9_exact_action_plan.csv;05_risk_and_positions/phase5r_c9_account_aware_review_queue.csv,2397.53,2043.49,2,no,not_invoked,no,no,no,no,whole_share_scenarios_dynamic=yes; adds_to_current_positions=no; manual_confirmation=action_transitions_only
2026-08-10T23:47:27+08:00,phase5r_c9,create_phase5r_c9_cash_deployment_plan.py,create_cash_deployment_and_target_allocation,complete,05_risk_and_positions/current_account_state.local.json;05_risk_and_positions/phase5r_c9_current_portfolio_summary.csv;05_risk_and_positions/phase5r_c9_dynamic_position_weights.csv;03_source_data/phase5r/phase5r_b2_market_data_snapshot.csv,05_risk_and_positions/phase5r_c9_cash_deployment_plan.csv;05_risk_and_positions/phase5r_c9_target_allocation_report.csv,2397.53,2043.49,2,no,not_invoked,no,no,no,no,core_candidate=SPY; benchmark_quality=ok; automatic_selection=no; maintenance_blocks_deployment=no
2026-08-10T23:47:29+08:00,phase5r_c9,regenerate_phase5r_c9_portfolio_outputs.py,regenerate_account_aware_portfolio_outputs,complete,05_risk_and_positions/current_account_state.local.json;05_risk_and_positions/current_positions.local.csv;03_source_data/phase5r/phase5r_b2_market_data_snapshot.csv;04_research/realtime_stock_picker_phase5r/phase5r_c5_company_research_packets.csv;05_risk_and_positions/phase5r_c9_dynamic_position_weights.csv;05_risk_and_positions/phase5r_c9_exact_action_plan.csv,04_research/realtime_stock_picker_phase5r/phase5r_c9_account_aware_conviction_scores.csv;04_research/realtime_stock_picker_phase5r/phase5r_c9_position_recommendations.csv;04_research/realtime_stock_picker_phase5r/phase5r_c9_new_candidate_recommendations.csv;04_research/realtime_stock_picker_phase5r/phase5r_c9_account_aware_memo.md;04_research/realtime_stock_picker_phase5r/phase5r_c9_allocation_report.md;05_risk_and_positions/phase5r_c9_weekly_decision_summary.md,2397.53,2043.49,2,no,not_invoked,no,no,no,no,eligible_individual_count=0; core_separate=yes; stored_position_pct_current_truth=no; no_email=yes
2026-08-11T08:02:05+08:00,phase5r_c9,create_phase5r_c9_account_state.py,create_or_validate_account_state,complete,05_risk_and_positions/current_positions.local.csv;07_automation/scheduler/phase5r_c9_maintenance_inhibit.local.json,05_risk_and_positions/current_account_state.local.json,2397.53,2043.49,0,no,not_invoked,no,no,no,no,result=validated_existing; account_state_local_only=yes; credentials_read=no
2026-08-11T11:37:54+08:00,phase5r_c9,create_phase5r_c9_account_state.py,create_or_validate_account_state,complete,05_risk_and_positions/current_positions.local.csv;07_automation/scheduler/phase5r_c9_maintenance_inhibit.local.json,05_risk_and_positions/current_account_state.local.json,2397.53,2043.49,0,no,not_invoked,no,no,no,no,result=validated_existing; account_state_local_only=yes; credentials_read=no
2026-08-11T11:56:49+08:00,phase5r_c9,create_phase5r_c9_account_state.py,create_or_validate_account_state,complete,05_risk_and_positions/current_positions.local.csv;07_automation/scheduler/phase5r_c9_maintenance_inhibit.local.json,05_risk_and_positions/current_account_state.local.json,2397.53,2043.49,0,no,not_invoked,no,no,no,no,result=validated_existing; account_state_local_only=yes; credentials_read=no
2026-08-11T20:29:56+08:00,phase5r_c9,create_phase5r_c9_account_state.py,create_or_validate_account_state,complete,05_risk_and_positions/current_positions.local.csv;07_automation/scheduler/phase5r_c9_maintenance_inhibit.local.json,05_risk_and_positions/current_account_state.local.json,2397.53,2043.49,0,no,not_invoked,no,no,no,no,result=validated_existing; account_state_local_only=yes; credentials_read=no
2026-08-12T00:31:54+08:00,phase5r_c9,create_phase5r_c9_account_state.py,create_or_validate_account_state,complete,05_risk_and_positions/current_positions.local.csv;07_automation/scheduler/phase5r_c9_maintenance_inhibit.local.json,05_risk_and_positions/current_account_state.local.json,2397.53,2043.49,0,no,not_invoked,no,no,no,no,result=validated_existing; account_state_local_only=yes; credentials_read=no
2026-08-12T04:18:48+08:00,phase5r_c9,create_phase5r_c9_account_state.py,create_or_validate_account_state,complete,05_risk_and_positions/current_positions.local.csv;07_automation/scheduler/phase5r_c9_maintenance_inhibit.local.json,05_risk_and_positions/current_account_state.local.json,2397.53,2043.49,0,no,not_invoked,no,no,no,no,result=validated_existing; account_state_local_only=yes; credentials_read=no
2026-08-12T05:49:48+08:00,phase5r_c9,create_phase5r_c9_account_state.py,create_or_validate_account_state,complete,05_risk_and_positions/current_positions.local.csv;07_automation/scheduler/phase5r_c9_maintenance_inhibit.local.json,05_risk_and_positions/current_account_state.local.json,2397.53,2043.49,0,no,not_invoked,no,no,no,no,result=validated_existing; account_state_local_only=yes; credentials_read=no
2026-08-12T06:37:32+08:00,phase5r_c9,create_phase5r_c9_account_state.py,create_or_validate_account_state,complete,05_risk_and_positions/current_positions.local.csv;07_automation/scheduler/phase5r_c9_maintenance_inhibit.local.json,05_risk_and_positions/current_account_state.local.json,2397.53,2043.49,0,no,not_invoked,no,no,no,no,result=validated_existing; account_state_local_only=yes; credentials_read=no
2026-08-12T06:53:22+08:00,phase5r_c9,create_phase5r_c9_account_state.py,create_or_validate_account_state,complete,05_risk_and_positions/current_positions.local.csv;07_automation/scheduler/phase5r_c9_maintenance_inhibit.local.json,05_risk_and_positions/current_account_state.local.json,2397.53,2043.49,0,no,not_invoked,no,no,no,no,result=validated_existing; account_state_local_only=yes; credentials_read=no
2026-08-12T20:30:15+08:00,phase5r_c9,create_phase5r_c9_account_state.py,create_or_validate_account_state,complete,05_risk_and_positions/current_positions.local.csv;07_automation/scheduler/phase5r_c9_maintenance_inhibit.local.json,05_risk_and_positions/current_account_state.local.json,2397.53,2043.49,0,no,not_invoked,no,no,no,no,result=validated_existing; account_state_local_only=yes; credentials_read=no
2026-08-13T00:34:12+08:00,phase5r_c9,create_phase5r_c9_account_state.py,create_or_validate_account_state,complete,05_risk_and_positions/current_positions.local.csv;07_automation/scheduler/phase5r_c9_maintenance_inhibit.local.json,05_risk_and_positions/current_account_state.local.json,2397.53,2043.49,0,no,not_invoked,no,no,no,no,result=validated_existing; account_state_local_only=yes; credentials_read=no
2026-08-13T04:17:18+08:00,phase5r_c9,create_phase5r_c9_account_state.py,create_or_validate_account_state,complete,05_risk_and_positions/current_positions.local.csv;07_automation/scheduler/phase5r_c9_maintenance_inhibit.local.json,05_risk_and_positions/current_account_state.local.json,2397.53,2043.49,0,no,not_invoked,no,no,no,no,result=validated_existing; account_state_local_only=yes; credentials_read=no
2026-08-13T05:49:14+08:00,phase5r_c9,create_phase5r_c9_account_state.py,create_or_validate_account_state,complete,05_risk_and_positions/current_positions.local.csv;07_automation/scheduler/phase5r_c9_maintenance_inhibit.local.json,05_risk_and_positions/current_account_state.local.json,2397.53,2043.49,0,no,not_invoked,no,no,no,no,result=validated_existing; account_state_local_only=yes; credentials_read=no
2026-08-13T06:31:53+08:00,phase5r_c9,create_phase5r_c9_account_state.py,create_or_validate_account_state,complete,05_risk_and_positions/current_positions.local.csv;07_automation/scheduler/phase5r_c9_maintenance_inhibit.local.json,05_risk_and_positions/current_account_state.local.json,2397.53,2043.49,0,no,not_invoked,no,no,no,no,result=validated_existing; account_state_local_only=yes; credentials_read=no
2026-08-13T06:47:46+08:00,phase5r_c9,create_phase5r_c9_account_state.py,create_or_validate_account_state,complete,05_risk_and_positions/current_positions.local.csv;07_automation/scheduler/phase5r_c9_maintenance_inhibit.local.json,05_risk_and_positions/current_account_state.local.json,2397.53,2043.49,0,no,not_invoked,no,no,no,no,result=validated_existing; account_state_local_only=yes; credentials_read=no
2026-08-13T21:07:01+08:00,phase5r_c9,create_phase5r_c9_account_state.py,create_or_validate_account_state,complete,05_risk_and_positions/current_positions.local.csv;07_automation/scheduler/phase5r_c9_maintenance_inhibit.local.json,05_risk_and_positions/current_account_state.local.json,2397.53,2043.49,0,no,not_invoked,no,no,no,no,result=validated_existing; account_state_local_only=yes; credentials_read=no
2026-08-14T06:38:25+08:00,phase5r_c9,create_phase5r_c9_account_state.py,create_or_validate_account_state,complete,05_risk_and_positions/current_positions.local.csv;07_automation/scheduler/phase5r_c9_maintenance_inhibit.local.json,05_risk_and_positions/current_account_state.local.json,2397.53,2043.49,0,no,not_invoked,no,no,no,no,result=validated_existing; account_state_local_only=yes; credentials_read=no
2026-08-14T11:56:44+08:00,phase5r_c9,create_phase5r_c9_account_state.py,create_or_validate_account_state,complete,05_risk_and_positions/current_positions.local.csv;07_automation/scheduler/phase5r_c9_maintenance_inhibit.local.json,05_risk_and_positions/current_account_state.local.json,2397.53,2043.49,0,no,not_invoked,no,no,no,no,result=validated_existing; account_state_local_only=yes; credentials_read=no
2026-08-14T20:20:34+08:00,phase5r_c9,create_phase5r_c9_account_state.py,create_or_validate_account_state,complete,05_risk_and_positions/current_positions.local.csv;07_automation/scheduler/phase5r_c9_maintenance_inhibit.local.json,05_risk_and_positions/current_account_state.local.json,2397.53,2043.49,0,no,not_invoked,no,no,no,no,result=validated_existing; account_state_local_only=yes; credentials_read=no
2026-08-15T01:57:23+08:00,phase5r_c9,create_phase5r_c9_account_state.py,create_or_validate_account_state,complete,05_risk_and_positions/current_positions.local.csv;07_automation/scheduler/phase5r_c9_maintenance_inhibit.local.json,05_risk_and_positions/current_account_state.local.json,2397.53,2043.49,0,no,not_invoked,no,no,no,no,result=validated_existing; account_state_local_only=yes; credentials_read=no
2026-08-15T07:28:27+08:00,phase5r_c9,create_phase5r_c9_account_state.py,create_or_validate_account_state,complete,05_risk_and_positions/current_positions.local.csv;07_automation/scheduler/phase5r_c9_maintenance_inhibit.local.json,05_risk_and_positions/current_account_state.local.json,2397.53,2043.49,0,no,not_invoked,no,no,no,no,result=validated_existing; account_state_local_only=yes; credentials_read=no
2026-08-15T11:28:34+08:00,phase5r_c9,create_phase5r_c9_account_state.py,create_or_validate_account_state,complete,05_risk_and_positions/current_positions.local.csv;07_automation/scheduler/phase5r_c9_maintenance_inhibit.local.json,05_risk_and_positions/current_account_state.local.json,2397.53,2043.49,0,no,not_invoked,no,no,no,no,result=validated_existing; account_state_local_only=yes; credentials_read=no
2026-08-16T00:26:58+08:00,phase5r_c9,create_phase5r_c9_account_state.py,create_or_validate_account_state,complete,05_risk_and_positions/current_positions.local.csv;07_automation/scheduler/phase5r_c9_maintenance_inhibit.local.json,05_risk_and_positions/current_account_state.local.json,2397.53,2043.49,0,no,not_invoked,no,no,no,no,result=validated_existing; account_state_local_only=yes; credentials_read=no
2026-08-16T06:44:03+08:00,phase5r_c9,create_phase5r_c9_account_state.py,create_or_validate_account_state,complete,05_risk_and_positions/current_positions.local.csv;07_automation/scheduler/phase5r_c9_maintenance_inhibit.local.json,05_risk_and_positions/current_account_state.local.json,2397.53,2043.49,0,no,not_invoked,no,no,no,no,result=validated_existing; account_state_local_only=yes; credentials_read=no
2026-08-16T10:09:09+08:00,phase5r_c9,create_phase5r_c9_account_state.py,create_or_validate_account_state,complete,05_risk_and_positions/current_positions.local.csv;07_automation/scheduler/phase5r_c9_maintenance_inhibit.local.json,05_risk_and_positions/current_account_state.local.json,2397.53,2043.49,0,no,not_invoked,no,no,no,no,result=validated_existing; account_state_local_only=yes; credentials_read=no
2026-08-17T08:04:29+08:00,phase5r_c9,create_phase5r_c9_account_state.py,create_or_validate_account_state,complete,05_risk_and_positions/current_positions.local.csv;07_automation/scheduler/phase5r_c9_maintenance_inhibit.local.json,05_risk_and_positions/current_account_state.local.json,2397.53,2043.49,0,no,not_invoked,no,no,no,no,result=validated_existing; account_state_local_only=yes; credentials_read=no
2026-08-17T21:02:55+08:00,phase5r_c9,create_phase5r_c9_account_state.py,create_or_validate_account_state,complete,05_risk_and_positions/current_positions.local.csv;07_automation/scheduler/phase5r_c9_maintenance_inhibit.local.json,05_risk_and_positions/current_account_state.local.json,2397.53,2043.49,0,no,not_invoked,no,no,no,no,result=validated_existing; account_state_local_only=yes; credentials_read=no
2026-08-18T08:01:08+08:00,phase5r_c9,create_phase5r_c9_account_state.py,create_or_validate_account_state,complete,05_risk_and_positions/current_positions.local.csv;07_automation/scheduler/phase5r_c9_maintenance_inhibit.local.json,05_risk_and_positions/current_account_state.local.json,2397.53,2043.49,0,no,not_invoked,no,no,no,no,result=validated_existing; account_state_local_only=yes; credentials_read=no
2026-08-18T10:13:29+08:00,phase5r_c9,create_phase5r_c9_account_state.py,create_or_validate_account_state,complete,05_risk_and_positions/current_positions.local.csv;07_automation/scheduler/phase5r_c9_maintenance_inhibit.local.json,05_risk_and_positions/current_account_state.local.json,2397.53,2043.49,0,no,not_invoked,no,no,no,no,result=validated_existing; account_state_local_only=yes; credentials_read=no
2026-08-18T10:29:19+08:00,phase5r_c9,create_phase5r_c9_account_state.py,create_or_validate_account_state,complete,05_risk_and_positions/current_positions.local.csv;07_automation/scheduler/phase5r_c9_maintenance_inhibit.local.json,05_risk_and_positions/current_account_state.local.json,2397.53,2043.49,0,no,not_invoked,no,no,no,no,result=validated_existing; account_state_local_only=yes; credentials_read=no
2026-08-18T20:30:14+08:00,phase5r_c9,create_phase5r_c9_account_state.py,create_or_validate_account_state,complete,05_risk_and_positions/current_positions.local.csv;07_automation/scheduler/phase5r_c9_maintenance_inhibit.local.json,05_risk_and_positions/current_account_state.local.json,2397.53,2043.49,0,no,not_invoked,no,no,no,no,result=validated_existing; account_state_local_only=yes; credentials_read=no
2026-08-19T00:39:43+08:00,phase5r_c9,create_phase5r_c9_account_state.py,create_or_validate_account_state,complete,05_risk_and_positions/current_positions.local.csv;07_automation/scheduler/phase5r_c9_maintenance_inhibit.local.json,05_risk_and_positions/current_account_state.local.json,2397.53,2043.49,0,no,not_invoked,no,no,no,no,result=validated_existing; account_state_local_only=yes; credentials_read=no
2026-08-19T04:26:26+08:00,phase5r_c9,create_phase5r_c9_account_state.py,create_or_validate_account_state,complete,05_risk_and_positions/current_positions.local.csv;07_automation/scheduler/phase5r_c9_maintenance_inhibit.local.json,05_risk_and_positions/current_account_state.local.json,2397.53,2043.49,0,no,not_invoked,no,no,no,no,result=validated_existing; account_state_local_only=yes; credentials_read=no
2026-08-19T05:57:24+08:00,phase5r_c9,create_phase5r_c9_account_state.py,create_or_validate_account_state,complete,05_risk_and_positions/current_positions.local.csv;07_automation/scheduler/phase5r_c9_maintenance_inhibit.local.json,05_risk_and_positions/current_account_state.local.json,2397.53,2043.49,0,no,not_invoked,no,no,no,no,result=validated_existing; account_state_local_only=yes; credentials_read=no
2026-08-19T06:34:23+08:00,phase5r_c9,create_phase5r_c9_account_state.py,create_or_validate_account_state,complete,05_risk_and_positions/current_positions.local.csv;07_automation/scheduler/phase5r_c9_maintenance_inhibit.local.json,05_risk_and_positions/current_account_state.local.json,2397.53,2043.49,0,no,not_invoked,no,no,no,no,result=validated_existing; account_state_local_only=yes; credentials_read=no
2026-08-19T06:49:56+08:00,phase5r_c9,create_phase5r_c9_account_state.py,create_or_validate_account_state,complete,05_risk_and_positions/current_positions.local.csv;07_automation/scheduler/phase5r_c9_maintenance_inhibit.local.json,05_risk_and_positions/current_account_state.local.json,2397.53,2043.49,0,no,not_invoked,no,no,no,no,result=validated_existing; account_state_local_only=yes; credentials_read=no
