relative_path,current_proposed_action_from_phase0b,current_blocks_phase5r,touch_categories,sensitivity,phase_tokens,phase5r_decision,reason,allowed_as_phase5r_dependency,quarantine_as_legacy,requires_human_approval_before_migration,can_be_archived_after_approval,can_be_copied_to_canonical_after_approval,notes
.DS_Store,DELETE_LATER_LOCAL_CACHE_ONLY,no,,LOW,,DELETE_LATER_LOCAL_CACHE_ONLY,Generated local cache or OS metadata; can only be removed in a later approved cleanup phase.,no,no,no,no,no,No deletion in Phase 0C.
.git/HEAD,KEEP_IN_PLACE,no,,LOW,,EXCLUDE_FROM_PHASE5R,Git internal metadata is not a Phase 5R design/runtime dependency.,no,no,no,no,no,
.git/config,KEEP_IN_PLACE,no,,LOW,,EXCLUDE_FROM_PHASE5R,Git internal metadata is not a Phase 5R design/runtime dependency.,no,no,no,no,no,
.git/description,KEEP_IN_PLACE,no,,LOW,,EXCLUDE_FROM_PHASE5R,Git internal metadata is not a Phase 5R design/runtime dependency.,no,no,no,no,no,
.git/hooks/applypatch-msg.sample,KEEP_IN_PLACE,no,,LOW,,EXCLUDE_FROM_PHASE5R,Git internal metadata is not a Phase 5R design/runtime dependency.,no,no,no,no,no,
.git/hooks/commit-msg.sample,KEEP_IN_PLACE,no,,LOW,,EXCLUDE_FROM_PHASE5R,Git internal metadata is not a Phase 5R design/runtime dependency.,no,no,no,no,no,
.git/hooks/fsmonitor-watchman.sample,KEEP_IN_PLACE,no,,LOW,,EXCLUDE_FROM_PHASE5R,Git internal metadata is not a Phase 5R design/runtime dependency.,no,no,no,no,no,
.git/hooks/post-update.sample,KEEP_IN_PLACE,no,,LOW,,EXCLUDE_FROM_PHASE5R,Git internal metadata is not a Phase 5R design/runtime dependency.,no,no,no,no,no,
.git/hooks/pre-applypatch.sample,KEEP_IN_PLACE,no,,LOW,,EXCLUDE_FROM_PHASE5R,Git internal metadata is not a Phase 5R design/runtime dependency.,no,no,no,no,no,
.git/hooks/pre-commit.sample,KEEP_IN_PLACE,no,,LOW,,EXCLUDE_FROM_PHASE5R,Git internal metadata is not a Phase 5R design/runtime dependency.,no,no,no,no,no,
.git/hooks/pre-merge-commit.sample,KEEP_IN_PLACE,no,,LOW,,EXCLUDE_FROM_PHASE5R,Git internal metadata is not a Phase 5R design/runtime dependency.,no,no,no,no,no,
.git/hooks/pre-push.sample,KEEP_IN_PLACE,no,,LOW,,EXCLUDE_FROM_PHASE5R,Git internal metadata is not a Phase 5R design/runtime dependency.,no,no,no,no,no,
.git/hooks/pre-rebase.sample,KEEP_IN_PLACE,no,,LOW,,EXCLUDE_FROM_PHASE5R,Git internal metadata is not a Phase 5R design/runtime dependency.,no,no,no,no,no,
.git/hooks/pre-receive.sample,KEEP_IN_PLACE,no,,LOW,,EXCLUDE_FROM_PHASE5R,Git internal metadata is not a Phase 5R design/runtime dependency.,no,no,no,no,no,
.git/hooks/prepare-commit-msg.sample,KEEP_IN_PLACE,no,,LOW,,EXCLUDE_FROM_PHASE5R,Git internal metadata is not a Phase 5R design/runtime dependency.,no,no,no,no,no,
.git/hooks/push-to-checkout.sample,KEEP_IN_PLACE,no,,LOW,,EXCLUDE_FROM_PHASE5R,Git internal metadata is not a Phase 5R design/runtime dependency.,no,no,no,no,no,
.git/hooks/sendemail-validate.sample,KEEP_IN_PLACE,no,,LOW,,EXCLUDE_FROM_PHASE5R,Git internal metadata is not a Phase 5R design/runtime dependency.,no,no,no,no,no,
.git/hooks/update.sample,KEEP_IN_PLACE,no,,LOW,,EXCLUDE_FROM_PHASE5R,Git internal metadata is not a Phase 5R design/runtime dependency.,no,no,no,no,no,
.git/info/exclude,KEEP_IN_PLACE,no,,LOW,,EXCLUDE_FROM_PHASE5R,Git internal metadata is not a Phase 5R design/runtime dependency.,no,no,no,no,no,
.git/objects/42/5f1ac1077784ebcf2f8127035048708b12987f,KEEP_IN_PLACE,no,,LOW,,EXCLUDE_FROM_PHASE5R,Git internal metadata is not a Phase 5R design/runtime dependency.,no,no,no,no,no,
.git/objects/4b/825dc642cb6eb9a060e54bf8d69288fbee4904,KEEP_IN_PLACE,no,,LOW,,EXCLUDE_FROM_PHASE5R,Git internal metadata is not a Phase 5R design/runtime dependency.,no,no,no,no,no,
.git/objects/60/adbe17bd45eee44e0d50b4956539f048e0017f,KEEP_IN_PLACE,no,,LOW,,EXCLUDE_FROM_PHASE5R,Git internal metadata is not a Phase 5R design/runtime dependency.,no,no,no,no,no,
.git/objects/65/e813e43fda1a9a86a8b702b45e83c3188a811c,KEEP_IN_PLACE,no,,LOW,,EXCLUDE_FROM_PHASE5R,Git internal metadata is not a Phase 5R design/runtime dependency.,no,no,no,no,no,
.git/objects/66/ebe5260b0fa6cae248577fe0ab3e32000ef807,KEEP_IN_PLACE,no,,LOW,,EXCLUDE_FROM_PHASE5R,Git internal metadata is not a Phase 5R design/runtime dependency.,no,no,no,no,no,
.git/objects/68/06f17f76e0aa28b689fb3164a585ace9583b3b,KEEP_IN_PLACE,no,,LOW,,EXCLUDE_FROM_PHASE5R,Git internal metadata is not a Phase 5R design/runtime dependency.,no,no,no,no,no,
.git/objects/80/6f63d9b8047e12aeaf066371c9f655ca2f2999,KEEP_IN_PLACE,no,,LOW,,EXCLUDE_FROM_PHASE5R,Git internal metadata is not a Phase 5R design/runtime dependency.,no,no,no,no,no,
.git/refs/codex/turn-diffs/checkpoints/02430b8373d3f93b682c891c41b9a7166cd3eefa3a8489cb5d965eaf7e85eafe/24c0d06aab44d2429ab95e6f2366626cc943dc970977c1328609c0f56f5d3f4c/1783130552306/858148de-9f96-457a-a0b7-17e462a2db85,KEEP_IN_PLACE,no,,LOW,,EXCLUDE_FROM_PHASE5R,Git internal metadata is not a Phase 5R design/runtime dependency.,no,no,no,no,no,
.gitignore,KEEP_IN_PLACE,yes,email_drafts,HIGH,,KEEP_PROJECT_CONTROL,Top-level documentation or project skill remains a project control.,yes,no,no,no,no,Project control only; no broker or order behavior authorized. Phase 0B blocker cleared by Phase 0C reframe/control decision.
00_rules/brokerage_boundary.md,COPY_TO_CANONICAL,yes,trade_logs,HIGH,,KEEP_POLICY_CONTROL,"Policy control required to preserve manual approval, brokerage boundary, risk, source, and trading guardrails.",yes,no,no,no,no,Project control only; does not authorize execution or broker connectivity. Phase 0B blocker cleared by Phase 0C reframe/control decision.
00_rules/data_source_policy.md,COPY_TO_CANONICAL,no,,LOW,,KEEP_POLICY_CONTROL,"Policy control required to preserve manual approval, brokerage boundary, risk, source, and trading guardrails.",yes,no,no,no,no,Project control only; does not authorize execution or broker connectivity.
00_rules/manual_approval_policy.md,COPY_TO_CANONICAL,yes,risk_rules,MEDIUM,,KEEP_POLICY_CONTROL,"Policy control required to preserve manual approval, brokerage boundary, risk, source, and trading guardrails.",yes,no,no,no,no,Project control only; does not authorize execution or broker connectivity. Phase 0B blocker cleared by Phase 0C reframe/control decision.
00_rules/risk_policy.md,COPY_TO_CANONICAL,yes,risk_rules,MEDIUM,,KEEP_POLICY_CONTROL,"Policy control required to preserve manual approval, brokerage boundary, risk, source, and trading guardrails.",yes,no,no,no,no,Project control only; does not authorize execution or broker connectivity. Phase 0B blocker cleared by Phase 0C reframe/control decision.
00_rules/source_policy.md,COPY_TO_CANONICAL,no,,LOW,,KEEP_POLICY_CONTROL,"Policy control required to preserve manual approval, brokerage boundary, risk, source, and trading guardrails.",yes,no,no,no,no,Project control only; does not authorize execution or broker connectivity.
00_rules/trading_checklist.md,COPY_TO_CANONICAL,yes,risk_rules,MEDIUM,,KEEP_POLICY_CONTROL,"Policy control required to preserve manual approval, brokerage boundary, risk, source, and trading guardrails.",yes,no,no,no,no,Project control only; does not authorize execution or broker connectivity. Phase 0B blocker cleared by Phase 0C reframe/control decision.
01_universe/phase2b_candidate_source_log.md,COPY_TO_CANONICAL,no,risk_rules,MEDIUM,phase2b,ARCHIVE_EVIDENCE_AFTER_APPROVAL,"Historical phase artifact should be preserved as evidence, not used as a Phase 5R dependency.",no,no,yes,yes,no,
01_universe/phase2c_selected_candidates.csv,COPY_TO_CANONICAL,no,,LOW,phase2b;phase2c,ARCHIVE_EVIDENCE_AFTER_APPROVAL,"Historical phase artifact should be preserved as evidence, not used as a Phase 5R dependency.",no,no,no,yes,no,
01_universe/quarantined_placeholder_rows.csv,COPY_TO_CANONICAL,no,,LOW,phase0b,EXCLUDE_FROM_PHASE5R,Not part of the minimum manual-execution-safe Phase 5R dependency set.,no,no,no,no,no,
01_universe/real_candidate_sources.md,COPY_TO_CANONICAL,no,,LOW,,ALLOW_FOR_PHASE5R,Candidate universe/source file can seed Phase 5R screening without using old holding data.,yes,no,no,no,yes,Use as candidate/source data only; do not import old position state.
01_universe/real_candidate_universe.csv,COPY_TO_CANONICAL,no,,LOW,,ALLOW_FOR_PHASE5R,Candidate universe/source file can seed Phase 5R screening without using old holding data.,yes,no,no,no,yes,Use as candidate/source data only; do not import old position state.
01_universe/rejected.csv,COPY_TO_CANONICAL,no,,LOW,,EXCLUDE_FROM_PHASE5R,Not part of the minimum manual-execution-safe Phase 5R dependency set.,no,no,no,no,no,
01_universe/test_fixtures.csv,COPY_TO_CANONICAL,no,,LOW,,EXCLUDE_FROM_PHASE5R,Not part of the minimum manual-execution-safe Phase 5R dependency set.,no,no,no,no,no,
01_universe/universe.csv,COPY_TO_CANONICAL,no,,LOW,,ALLOW_FOR_PHASE5R,Candidate universe/source file can seed Phase 5R screening without using old holding data.,yes,no,no,no,yes,Use as candidate/source data only; do not import old position state.
02_filings/filing_notes/ACMR_filing_note.md,COPY_TO_CANONICAL,no,,LOW,,ALLOW_AFTER_REVIEW,"SEC filing source data may be useful after freshness/source review, but old files are not required to start Phase 5R.",no,no,no,no,yes,Allowed only as source evidence after review; SEC ingestion workflow is preferred.
02_filings/filing_notes/ALAB_filing_note.md,COPY_TO_CANONICAL,no,,LOW,,ALLOW_AFTER_REVIEW,"SEC filing source data may be useful after freshness/source review, but old files are not required to start Phase 5R.",no,no,no,no,yes,Allowed only as source evidence after review; SEC ingestion workflow is preferred.
02_filings/filing_notes/AMD_filing_note.md,COPY_TO_CANONICAL,no,,LOW,,ALLOW_AFTER_REVIEW,"SEC filing source data may be useful after freshness/source review, but old files are not required to start Phase 5R.",no,no,no,no,yes,Allowed only as source evidence after review; SEC ingestion workflow is preferred.
02_filings/filing_notes/ARRY_filing_note.md,COPY_TO_CANONICAL,no,,LOW,,ALLOW_AFTER_REVIEW,"SEC filing source data may be useful after freshness/source review, but old files are not required to start Phase 5R.",no,no,no,no,yes,Allowed only as source evidence after review; SEC ingestion workflow is preferred.
02_filings/filing_notes/CRSP_filing_note.md,COPY_TO_CANONICAL,no,,LOW,,ALLOW_AFTER_REVIEW,"SEC filing source data may be useful after freshness/source review, but old files are not required to start Phase 5R.",no,no,no,no,yes,Allowed only as source evidence after review; SEC ingestion workflow is preferred.
02_filings/filing_notes/CRWV_filing_note.md,COPY_TO_CANONICAL,no,,LOW,,ALLOW_AFTER_REVIEW,"SEC filing source data may be useful after freshness/source review, but old files are not required to start Phase 5R.",no,no,no,no,yes,Allowed only as source evidence after review; SEC ingestion workflow is preferred.
02_filings/filing_notes/ENPH_filing_note.md,COPY_TO_CANONICAL,no,,LOW,,ALLOW_AFTER_REVIEW,"SEC filing source data may be useful after freshness/source review, but old files are not required to start Phase 5R.",no,no,no,no,yes,Allowed only as source evidence after review; SEC ingestion workflow is preferred.
02_filings/filing_notes/ENVX_filing_note.md,COPY_TO_CANONICAL,no,,LOW,,ALLOW_AFTER_REVIEW,"SEC filing source data may be useful after freshness/source review, but old files are not required to start Phase 5R.",no,no,no,no,yes,Allowed only as source evidence after review; SEC ingestion workflow is preferred.
02_filings/filing_notes/FLNC_filing_note.md,COPY_TO_CANONICAL,no,,LOW,,ALLOW_AFTER_REVIEW,"SEC filing source data may be useful after freshness/source review, but old files are not required to start Phase 5R.",no,no,no,no,yes,Allowed only as source evidence after review; SEC ingestion workflow is preferred.
02_filings/filing_notes/IOT_filing_note.md,COPY_TO_CANONICAL,no,,LOW,,ALLOW_AFTER_REVIEW,"SEC filing source data may be useful after freshness/source review, but old files are not required to start Phase 5R.",no,no,no,no,yes,Allowed only as source evidence after review; SEC ingestion workflow is preferred.
02_filings/filing_notes/NVTS_filing_note.md,COPY_TO_CANONICAL,no,,LOW,,ALLOW_AFTER_REVIEW,"SEC filing source data may be useful after freshness/source review, but old files are not required to start Phase 5R.",no,no,no,no,yes,Allowed only as source evidence after review; SEC ingestion workflow is preferred.
02_filings/filing_notes/RBRK_filing_note.md,COPY_TO_CANONICAL,no,,LOW,,ALLOW_AFTER_REVIEW,"SEC filing source data may be useful after freshness/source review, but old files are not required to start Phase 5R.",no,no,no,no,yes,Allowed only as source evidence after review; SEC ingestion workflow is preferred.
02_filings/filing_notes/RXRX_filing_note.md,COPY_TO_CANONICAL,no,,LOW,,ALLOW_AFTER_REVIEW,"SEC filing source data may be useful after freshness/source review, but old files are not required to start Phase 5R.",no,no,no,no,yes,Allowed only as source evidence after review; SEC ingestion workflow is preferred.
02_filings/filing_notes/TEM_filing_note.md,COPY_TO_CANONICAL,no,,LOW,,ALLOW_AFTER_REVIEW,"SEC filing source data may be useful after freshness/source review, but old files are not required to start Phase 5R.",no,no,no,no,yes,Allowed only as source evidence after review; SEC ingestion workflow is preferred.
02_filings/filing_notes/TSLA_filing_note.md,COPY_TO_CANONICAL,no,,LOW,,ALLOW_AFTER_REVIEW,"SEC filing source data may be useful after freshness/source review, but old files are not required to start Phase 5R.",no,no,no,no,yes,Allowed only as source evidence after review; SEC ingestion workflow is preferred.
02_filings/sec_raw/ACMR_submissions.json,COPY_TO_CANONICAL,no,,LOW,,ALLOW_AFTER_REVIEW,"SEC filing source data may be useful after freshness/source review, but old files are not required to start Phase 5R.",no,no,no,no,yes,Allowed only as source evidence after review; SEC ingestion workflow is preferred.
02_filings/sec_raw/ALAB_submissions.json,COPY_TO_CANONICAL,no,,LOW,,ALLOW_AFTER_REVIEW,"SEC filing source data may be useful after freshness/source review, but old files are not required to start Phase 5R.",no,no,no,no,yes,Allowed only as source evidence after review; SEC ingestion workflow is preferred.
02_filings/sec_raw/AMD_submissions.json,COPY_TO_CANONICAL,no,,LOW,,ALLOW_AFTER_REVIEW,"SEC filing source data may be useful after freshness/source review, but old files are not required to start Phase 5R.",no,no,no,no,yes,Allowed only as source evidence after review; SEC ingestion workflow is preferred.
02_filings/sec_raw/ARRY_submissions.json,COPY_TO_CANONICAL,no,,LOW,,ALLOW_AFTER_REVIEW,"SEC filing source data may be useful after freshness/source review, but old files are not required to start Phase 5R.",no,no,no,no,yes,Allowed only as source evidence after review; SEC ingestion workflow is preferred.
02_filings/sec_raw/CRSP_submissions.json,COPY_TO_CANONICAL,no,,LOW,,ALLOW_AFTER_REVIEW,"SEC filing source data may be useful after freshness/source review, but old files are not required to start Phase 5R.",no,no,no,no,yes,Allowed only as source evidence after review; SEC ingestion workflow is preferred.
02_filings/sec_raw/CRWV_submissions.json,COPY_TO_CANONICAL,no,,LOW,,ALLOW_AFTER_REVIEW,"SEC filing source data may be useful after freshness/source review, but old files are not required to start Phase 5R.",no,no,no,no,yes,Allowed only as source evidence after review; SEC ingestion workflow is preferred.
02_filings/sec_raw/ENPH_submissions.json,COPY_TO_CANONICAL,no,,LOW,phase13ga;phase2017de;phase2017pr;phase2018de;phase2018pr;phase8,ARCHIVE_EVIDENCE_AFTER_APPROVAL,"Historical phase artifact should be preserved as evidence, not used as a Phase 5R dependency.",no,no,no,yes,no,
02_filings/sec_raw/ENVX_submissions.json,COPY_TO_CANONICAL,no,,LOW,,ALLOW_AFTER_REVIEW,"SEC filing source data may be useful after freshness/source review, but old files are not required to start Phase 5R.",no,no,no,no,yes,Allowed only as source evidence after review; SEC ingestion workflow is preferred.
02_filings/sec_raw/FLNC_submissions.json,COPY_TO_CANONICAL,no,,LOW,,ALLOW_AFTER_REVIEW,"SEC filing source data may be useful after freshness/source review, but old files are not required to start Phase 5R.",no,no,no,no,yes,Allowed only as source evidence after review; SEC ingestion workflow is preferred.
02_filings/sec_raw/IOT_submissions.json,COPY_TO_CANONICAL,no,,LOW,,ALLOW_AFTER_REVIEW,"SEC filing source data may be useful after freshness/source review, but old files are not required to start Phase 5R.",no,no,no,no,yes,Allowed only as source evidence after review; SEC ingestion workflow is preferred.
02_filings/sec_raw/NVTS_submissions.json,COPY_TO_CANONICAL,no,,LOW,,ALLOW_AFTER_REVIEW,"SEC filing source data may be useful after freshness/source review, but old files are not required to start Phase 5R.",no,no,no,no,yes,Allowed only as source evidence after review; SEC ingestion workflow is preferred.
02_filings/sec_raw/RBRK_submissions.json,COPY_TO_CANONICAL,no,,LOW,,ALLOW_AFTER_REVIEW,"SEC filing source data may be useful after freshness/source review, but old files are not required to start Phase 5R.",no,no,no,no,yes,Allowed only as source evidence after review; SEC ingestion workflow is preferred.
02_filings/sec_raw/RXRX_submissions.json,COPY_TO_CANONICAL,no,,LOW,,ALLOW_AFTER_REVIEW,"SEC filing source data may be useful after freshness/source review, but old files are not required to start Phase 5R.",no,no,no,no,yes,Allowed only as source evidence after review; SEC ingestion workflow is preferred.
02_filings/sec_raw/TEM_submissions.json,COPY_TO_CANONICAL,no,,LOW,,ALLOW_AFTER_REVIEW,"SEC filing source data may be useful after freshness/source review, but old files are not required to start Phase 5R.",no,no,no,no,yes,Allowed only as source evidence after review; SEC ingestion workflow is preferred.
02_filings/sec_raw/TSLA_submissions.json,COPY_TO_CANONICAL,no,,LOW,,ALLOW_AFTER_REVIEW,"SEC filing source data may be useful after freshness/source review, but old files are not required to start Phase 5R.",no,no,no,no,yes,Allowed only as source evidence after review; SEC ingestion workflow is preferred.
03_research/.DS_Store,DELETE_LATER_LOCAL_CACHE_ONLY,no,,LOW,,DELETE_LATER_LOCAL_CACHE_ONLY,Generated local cache or OS metadata; can only be removed in a later approved cleanup phase.,no,no,no,no,no,No deletion in Phase 0C.
03_research/agent_restructure_phase3c/current_structure_audit.md,NEEDS_HUMAN_REVIEW,yes,real_positions;trade_logs;email_drafts;weekly_reviews;risk_rules,HIGH,phase0;phase2;phase2n;phase2p;phase2q;phase2r;phase3;phase3a;phase3b;phase3c,LEGACY_QUARANTINE,Trade logs must be preserved as evidence and excluded from Phase 5R dependencies.,no,yes,yes,yes,no,Preserve; do not delete or treat paper/real/journal files as interchangeable. Phase 0B blocker waived because row is out of Phase 5R scope.
03_research/agent_restructure_phase3c/proposed_real_monitoring_architecture.md,NEEDS_HUMAN_REVIEW,yes,real_positions;email_drafts;sec_alerts;weekly_reviews;risk_rules,HIGH,phase3;phase3b;phase3c;phase4;phase4b;phase5,EXCLUDE_FROM_PHASE5R,"Email drafts, Gmail/OAuth plans, recipient allowlists, and preflight/send-gate work are out of scope for the manual-execution-only stock picker.",no,yes,yes,yes,no,No email sending or recipient automation dependency for Phase 5R. Phase 0B blocker waived because row is out of Phase 5R scope.
03_research/agent_restructure_phase3c/security_boundary.md,NEEDS_HUMAN_REVIEW,yes,email_drafts;sec_alerts;risk_rules,HIGH,phase3c;phase4;phase5,EXCLUDE_FROM_PHASE5R,"Email drafts, Gmail/OAuth plans, recipient allowlists, and preflight/send-gate work are out of scope for the manual-execution-only stock picker.",no,yes,yes,yes,no,No email sending or recipient automation dependency for Phase 5R. Phase 0B blocker waived because row is out of Phase 5R scope.
03_research/agent_restructure_phase3c/weekly_email_agent_spec.md,NEEDS_HUMAN_REVIEW,yes,email_drafts;sec_alerts,HIGH,phase3c;phase4b;phase5,EXCLUDE_FROM_PHASE5R,"Email drafts, Gmail/OAuth plans, recipient allowlists, and preflight/send-gate work are out of scope for the manual-execution-only stock picker.",no,yes,yes,yes,no,No email sending or recipient automation dependency for Phase 5R. Phase 0B blocker waived because row is out of Phase 5R scope.
03_research/company_memo_template.md,COPY_TO_CANONICAL,yes,risk_rules,MEDIUM,,ALLOW_AFTER_REVIEW,Generic research framework/template may support Phase 5R after review.,no,no,no,no,yes,Review before optional reuse; not part of the minimum Phase 5R start set.
03_research/company_memos_phase2f/IOT_company_memo.md,ARCHIVE_AFTER_APPROVAL,no,,LOW,phase2e;phase2e1;phase2f,ARCHIVE_EVIDENCE_AFTER_APPROVAL,"Historical phase artifact should be preserved as evidence, not used as a Phase 5R dependency.",no,no,yes,yes,no,
03_research/company_memos_phase2f/RBRK_company_memo.md,ARCHIVE_AFTER_APPROVAL,no,,LOW,phase2e;phase2e1;phase2f,ARCHIVE_EVIDENCE_AFTER_APPROVAL,"Historical phase artifact should be preserved as evidence, not used as a Phase 5R dependency.",no,no,yes,yes,no,
03_research/email_automation_phase5a/email_send_gate_policy.md,NEEDS_HUMAN_REVIEW,yes,email_drafts;weekly_reviews,HIGH,phase5a,EXCLUDE_FROM_PHASE5R,"Email drafts, Gmail/OAuth plans, recipient allowlists, and preflight/send-gate work are out of scope for the manual-execution-only stock picker.",no,yes,yes,yes,no,No email sending or recipient automation dependency for Phase 5R. Phase 0B blocker waived because row is out of Phase 5R scope.
03_research/email_automation_phase5a/failure_handling_plan.md,NEEDS_HUMAN_REVIEW,yes,email_drafts,HIGH,phase5a,EXCLUDE_FROM_PHASE5R,"Email drafts, Gmail/OAuth plans, recipient allowlists, and preflight/send-gate work are out of scope for the manual-execution-only stock picker.",no,yes,yes,yes,no,No email sending or recipient automation dependency for Phase 5R. Phase 0B blocker waived because row is out of Phase 5R scope.
03_research/email_automation_phase5a/gmail_dry_run_plan.md,NEEDS_HUMAN_REVIEW,yes,email_drafts;sec_alerts;weekly_reviews,HIGH,phase5a;phase5b;phase5c;phase5d;phase5e;phase5f,EXCLUDE_FROM_PHASE5R,"Email drafts, Gmail/OAuth plans, recipient allowlists, and preflight/send-gate work are out of scope for the manual-execution-only stock picker.",no,yes,yes,yes,no,No email sending or recipient automation dependency for Phase 5R. Phase 0B blocker waived because row is out of Phase 5R scope.
03_research/email_automation_phase5a/oauth_security_plan.md,NEEDS_HUMAN_REVIEW,yes,email_drafts,HIGH,phase5a,EXCLUDE_FROM_PHASE5R,"Email drafts, Gmail/OAuth plans, recipient allowlists, and preflight/send-gate work are out of scope for the manual-execution-only stock picker.",no,yes,yes,yes,no,No email sending or recipient automation dependency for Phase 5R. Phase 0B blocker waived because row is out of Phase 5R scope.
03_research/email_draft_agent_phase4b/weekly_email_draft.html,NEEDS_HUMAN_REVIEW,yes,email_drafts;sec_alerts;weekly_reviews;risk_rules,HIGH,phase4b,EXCLUDE_FROM_PHASE5R,"Email drafts, Gmail/OAuth plans, recipient allowlists, and preflight/send-gate work are out of scope for the manual-execution-only stock picker.",no,yes,yes,yes,no,No email sending or recipient automation dependency for Phase 5R. Phase 0B blocker waived because row is out of Phase 5R scope.
03_research/email_draft_agent_phase4b/weekly_email_draft.md,NEEDS_HUMAN_REVIEW,yes,email_drafts;sec_alerts;weekly_reviews;risk_rules,HIGH,phase4b,EXCLUDE_FROM_PHASE5R,"Email drafts, Gmail/OAuth plans, recipient allowlists, and preflight/send-gate work are out of scope for the manual-execution-only stock picker.",no,yes,yes,yes,no,No email sending or recipient automation dependency for Phase 5R. Phase 0B blocker waived because row is out of Phase 5R scope.
03_research/email_draft_agent_phase4b/weekly_email_subject.txt,NEEDS_HUMAN_REVIEW,yes,email_drafts;risk_rules,HIGH,phase4b,EXCLUDE_FROM_PHASE5R,"Email drafts, Gmail/OAuth plans, recipient allowlists, and preflight/send-gate work are out of scope for the manual-execution-only stock picker.",no,yes,yes,yes,no,No email sending or recipient automation dependency for Phase 5R. Phase 0B blocker waived because row is out of Phase 5R scope.
03_research/email_preflight_phase5b/preflight_rules.md,NEEDS_HUMAN_REVIEW,yes,email_drafts;weekly_reviews,HIGH,phase5b,EXCLUDE_FROM_PHASE5R,"Email drafts, Gmail/OAuth plans, recipient allowlists, and preflight/send-gate work are out of scope for the manual-execution-only stock picker.",no,yes,yes,yes,no,No email sending or recipient automation dependency for Phase 5R. Phase 0B blocker waived because row is out of Phase 5R scope.
03_research/email_preflight_phase5b/recipient_allowlist_policy.md,NEEDS_HUMAN_REVIEW,yes,email_drafts,HIGH,phase5b,EXCLUDE_FROM_PHASE5R,"Email drafts, Gmail/OAuth plans, recipient allowlists, and preflight/send-gate work are out of scope for the manual-execution-only stock picker.",no,yes,yes,yes,no,No email sending or recipient automation dependency for Phase 5R. Phase 0B blocker waived because row is out of Phase 5R scope.
03_research/filing_excerpts_phase2f/IOT_filing_excerpts.md,ARCHIVE_AFTER_APPROVAL,no,,LOW,phase2f,ARCHIVE_EVIDENCE_AFTER_APPROVAL,"Historical phase artifact should be preserved as evidence, not used as a Phase 5R dependency.",no,no,yes,yes,no,
03_research/filing_excerpts_phase2f/RBRK_filing_excerpts.md,ARCHIVE_AFTER_APPROVAL,no,,LOW,phase2f,ARCHIVE_EVIDENCE_AFTER_APPROVAL,"Historical phase artifact should be preserved as evidence, not used as a Phase 5R dependency.",no,no,yes,yes,no,
03_research/gpt_packets/ACMR_gpt_packet.md,COPY_TO_CANONICAL,no,,LOW,phase2b;phase2c,ARCHIVE_EVIDENCE_AFTER_APPROVAL,"Historical phase artifact should be preserved as evidence, not used as a Phase 5R dependency.",no,no,no,yes,no,
03_research/gpt_packets/ALAB_gpt_packet.md,COPY_TO_CANONICAL,no,,LOW,phase2b;phase2c,ARCHIVE_EVIDENCE_AFTER_APPROVAL,"Historical phase artifact should be preserved as evidence, not used as a Phase 5R dependency.",no,no,no,yes,no,
03_research/gpt_packets/AMD_gpt_packet.md,COPY_TO_CANONICAL,no,,LOW,,EXCLUDE_FROM_PHASE5R,Not part of the minimum manual-execution-safe Phase 5R dependency set.,no,no,no,no,no,
03_research/gpt_packets/ARRY_gpt_packet.md,COPY_TO_CANONICAL,no,,LOW,phase2b;phase2c,ARCHIVE_EVIDENCE_AFTER_APPROVAL,"Historical phase artifact should be preserved as evidence, not used as a Phase 5R dependency.",no,no,no,yes,no,
03_research/gpt_packets/CRSP_gpt_packet.md,COPY_TO_CANONICAL,no,,LOW,phase2b;phase2c,ARCHIVE_EVIDENCE_AFTER_APPROVAL,"Historical phase artifact should be preserved as evidence, not used as a Phase 5R dependency.",no,no,no,yes,no,
03_research/gpt_packets/CRWV_gpt_packet.md,COPY_TO_CANONICAL,no,,LOW,phase2b;phase2c,ARCHIVE_EVIDENCE_AFTER_APPROVAL,"Historical phase artifact should be preserved as evidence, not used as a Phase 5R dependency.",no,no,no,yes,no,
03_research/gpt_packets/ENPH_gpt_packet.md,COPY_TO_CANONICAL,no,,LOW,,EXCLUDE_FROM_PHASE5R,Not part of the minimum manual-execution-safe Phase 5R dependency set.,no,no,no,no,no,
03_research/gpt_packets/ENVX_gpt_packet.md,COPY_TO_CANONICAL,no,,LOW,phase2b;phase2c,ARCHIVE_EVIDENCE_AFTER_APPROVAL,"Historical phase artifact should be preserved as evidence, not used as a Phase 5R dependency.",no,no,no,yes,no,
03_research/gpt_packets/FLNC_gpt_packet.md,COPY_TO_CANONICAL,no,,LOW,phase2b;phase2c,ARCHIVE_EVIDENCE_AFTER_APPROVAL,"Historical phase artifact should be preserved as evidence, not used as a Phase 5R dependency.",no,no,no,yes,no,
03_research/gpt_packets/IOT_gpt_packet.md,COPY_TO_CANONICAL,no,,LOW,phase2b;phase2c,ARCHIVE_EVIDENCE_AFTER_APPROVAL,"Historical phase artifact should be preserved as evidence, not used as a Phase 5R dependency.",no,no,no,yes,no,
03_research/gpt_packets/NVTS_gpt_packet.md,COPY_TO_CANONICAL,no,,LOW,phase2b;phase2c,ARCHIVE_EVIDENCE_AFTER_APPROVAL,"Historical phase artifact should be preserved as evidence, not used as a Phase 5R dependency.",no,no,no,yes,no,
03_research/gpt_packets/RBRK_gpt_packet.md,COPY_TO_CANONICAL,no,,LOW,phase2b;phase2c,ARCHIVE_EVIDENCE_AFTER_APPROVAL,"Historical phase artifact should be preserved as evidence, not used as a Phase 5R dependency.",no,no,no,yes,no,
03_research/gpt_packets/RXRX_gpt_packet.md,COPY_TO_CANONICAL,no,,LOW,phase2b;phase2c,ARCHIVE_EVIDENCE_AFTER_APPROVAL,"Historical phase artifact should be preserved as evidence, not used as a Phase 5R dependency.",no,no,no,yes,no,
03_research/gpt_packets/TEM_gpt_packet.md,COPY_TO_CANONICAL,no,,LOW,phase2b;phase2c,ARCHIVE_EVIDENCE_AFTER_APPROVAL,"Historical phase artifact should be preserved as evidence, not used as a Phase 5R dependency.",no,no,no,yes,no,
03_research/gpt_packets/TSLA_gpt_packet.md,COPY_TO_CANONICAL,no,,LOW,,EXCLUDE_FROM_PHASE5R,Not part of the minimum manual-execution-safe Phase 5R dependency set.,no,no,no,no,no,
03_research/gpt_review_phase2g/IOT_gpt_review.md,ARCHIVE_AFTER_APPROVAL,no,,LOW,phase2e;phase2e1;phase2g,ARCHIVE_EVIDENCE_AFTER_APPROVAL,"Historical phase artifact should be preserved as evidence, not used as a Phase 5R dependency.",no,no,yes,yes,no,
03_research/gpt_review_phase2g/RBRK_gpt_review.md,ARCHIVE_AFTER_APPROVAL,no,,LOW,phase2e;phase2e1;phase2g,ARCHIVE_EVIDENCE_AFTER_APPROVAL,"Historical phase artifact should be preserved as evidence, not used as a Phase 5R dependency.",no,no,yes,yes,no,
03_research/human_notes_synthesis_phase2i/IOT_synthesis.md,ARCHIVE_AFTER_APPROVAL,no,,LOW,phase2g;phase2h;phase2i;phase2j,ARCHIVE_EVIDENCE_AFTER_APPROVAL,"Historical phase artifact should be preserved as evidence, not used as a Phase 5R dependency.",no,no,yes,yes,no,
03_research/human_notes_synthesis_phase2i/RBRK_synthesis.md,ARCHIVE_AFTER_APPROVAL,no,,LOW,phase2g;phase2h;phase2i;phase2j,ARCHIVE_EVIDENCE_AFTER_APPROVAL,"Historical phase artifact should be preserved as evidence, not used as a Phase 5R dependency.",no,no,yes,yes,no,
03_research/manual_filing_review_phase2h/.DS_Store,DELETE_LATER_LOCAL_CACHE_ONLY,no,,LOW,phase2h,DELETE_LATER_LOCAL_CACHE_ONLY,Generated local cache or OS metadata; can only be removed in a later approved cleanup phase.,no,no,no,no,no,No deletion in Phase 0C.
03_research/manual_filing_review_phase2h/IOT_manual_filing_review.md,ARCHIVE_AFTER_APPROVAL,no,,LOW,phase2f;phase2g;phase2h,ARCHIVE_EVIDENCE_AFTER_APPROVAL,"Historical phase artifact should be preserved as evidence, not used as a Phase 5R dependency.",no,no,yes,yes,no,
03_research/manual_filing_review_phase2h/RBRK_manual_filing_review.md,ARCHIVE_AFTER_APPROVAL,no,,LOW,phase2f;phase2g;phase2h,ARCHIVE_EVIDENCE_AFTER_APPROVAL,"Historical phase artifact should be preserved as evidence, not used as a Phase 5R dependency.",no,no,yes,yes,no,
03_research/manual_filing_review_phase2h/phase2h_review_tracker.csv,ARCHIVE_AFTER_APPROVAL,no,,LOW,phase2h,ARCHIVE_EVIDENCE_AFTER_APPROVAL,"Historical phase artifact should be preserved as evidence, not used as a Phase 5R dependency.",no,no,yes,yes,no,
03_research/paper_execution_decision_phase2q/IOT_phase2q_decision_gate.md,ARCHIVE_AFTER_APPROVAL,no,risk_rules,MEDIUM,phase2q;phase2r,ARCHIVE_EVIDENCE_AFTER_APPROVAL,"Historical phase artifact should be preserved as evidence, not used as a Phase 5R dependency.",no,no,yes,yes,no,
03_research/paper_execution_decision_phase2q/RBRK_phase2q_decision_gate.md,ARCHIVE_AFTER_APPROVAL,no,risk_rules,MEDIUM,phase2q;phase2r,ARCHIVE_EVIDENCE_AFTER_APPROVAL,"Historical phase artifact should be preserved as evidence, not used as a Phase 5R dependency.",no,no,yes,yes,no,
03_research/paper_execution_log_phase2p/IOT_paper_execution_log_setup.md,NEEDS_HUMAN_REVIEW,no,trade_logs;risk_rules,HIGH,phase2o;phase2p;phase2q,LEGACY_QUARANTINE,Trade logs must be preserved as evidence and excluded from Phase 5R dependencies.,no,yes,yes,yes,no,Preserve; do not delete or treat paper/real/journal files as interchangeable.
03_research/paper_execution_log_phase2p/RBRK_paper_execution_log_setup.md,NEEDS_HUMAN_REVIEW,no,trade_logs;risk_rules,HIGH,phase2o;phase2p;phase2q,LEGACY_QUARANTINE,Trade logs must be preserved as evidence and excluded from Phase 5R dependencies.,no,yes,yes,yes,no,Preserve; do not delete or treat paper/real/journal files as interchangeable.
03_research/paper_execution_phase2r/IOT_paper_execution_record.md,NEEDS_HUMAN_REVIEW,no,weekly_reviews;risk_rules,MEDIUM,phase2q;phase2r,ARCHIVE_EVIDENCE_AFTER_APPROVAL,Legacy real-position or weekly-position evidence; archive after approval and exclude from Phase 5R stock selection.,no,yes,yes,yes,no,Old IOT/RBRK holding context is explicitly out of scope.
03_research/paper_execution_phase2r/RBRK_paper_execution_record.md,NEEDS_HUMAN_REVIEW,no,weekly_reviews;risk_rules,MEDIUM,phase2q;phase2r,ARCHIVE_EVIDENCE_AFTER_APPROVAL,Legacy real-position or weekly-position evidence; archive after approval and exclude from Phase 5R stock selection.,no,yes,yes,yes,no,Old IOT/RBRK holding context is explicitly out of scope.
03_research/paper_execution_readiness_phase2o/IOT_paper_execution_readiness.md,NEEDS_HUMAN_REVIEW,no,trade_logs;risk_rules,HIGH,phase2h;phase2n;phase2o;phase2p,LEGACY_QUARANTINE,Trade logs must be preserved as evidence and excluded from Phase 5R dependencies.,no,yes,yes,yes,no,Preserve; do not delete or treat paper/real/journal files as interchangeable.
03_research/paper_execution_readiness_phase2o/RBRK_paper_execution_readiness.md,NEEDS_HUMAN_REVIEW,no,trade_logs;risk_rules,HIGH,phase2h;phase2n;phase2o;phase2p,LEGACY_QUARANTINE,Trade logs must be preserved as evidence and excluded from Phase 5R dependencies.,no,yes,yes,yes,no,Preserve; do not delete or treat paper/real/journal files as interchangeable.
03_research/paper_plan_drafts_phase2n/IOT_paper_plan_draft.md,ARCHIVE_AFTER_APPROVAL,no,risk_rules,MEDIUM,phase2j;phase2k;phase2m;phase2n,ARCHIVE_EVIDENCE_AFTER_APPROVAL,"Historical phase artifact should be preserved as evidence, not used as a Phase 5R dependency.",no,no,yes,yes,no,
03_research/paper_plan_drafts_phase2n/RBRK_paper_plan_draft.md,ARCHIVE_AFTER_APPROVAL,no,risk_rules,MEDIUM,phase2j;phase2k;phase2m;phase2n,ARCHIVE_EVIDENCE_AFTER_APPROVAL,"Historical phase artifact should be preserved as evidence, not used as a Phase 5R dependency.",no,no,yes,yes,no,
03_research/peer_data_phase2k/IOT_peer_data.md,ARCHIVE_AFTER_APPROVAL,no,,LOW,phase2k;phase2l,ARCHIVE_EVIDENCE_AFTER_APPROVAL,"Historical phase artifact should be preserved as evidence, not used as a Phase 5R dependency.",no,no,yes,yes,no,
03_research/peer_data_phase2k/RBRK_peer_data.md,ARCHIVE_AFTER_APPROVAL,no,,LOW,phase2k;phase2l,ARCHIVE_EVIDENCE_AFTER_APPROVAL,"Historical phase artifact should be preserved as evidence, not used as a Phase 5R dependency.",no,no,yes,yes,no,
03_research/real_position_audit_phase3a/IOT_real_position_audit.md,NEEDS_HUMAN_REVIEW,yes,real_positions;risk_rules,HIGH,phase3a,LEGACY_QUARANTINE,Existing real-position monitoring is legacy IOT/RBRK context and must not feed Phase 5R stock selection.,no,yes,yes,yes,no,Old IOT/RBRK holding context is explicitly out of scope. Phase 0B blocker waived because row is out of Phase 5R scope.
03_research/real_position_audit_phase3a/RBRK_real_position_audit.md,NEEDS_HUMAN_REVIEW,yes,real_positions;risk_rules,HIGH,phase3a,LEGACY_QUARANTINE,Existing real-position monitoring is legacy IOT/RBRK context and must not feed Phase 5R stock selection.,no,yes,yes,yes,no,Old IOT/RBRK holding context is explicitly out of scope. Phase 0B blocker waived because row is out of Phase 5R scope.
03_research/real_position_monitoring_phase3b/IOT_real_position_note.md,NEEDS_HUMAN_REVIEW,yes,real_positions;weekly_reviews;risk_rules,HIGH,phase3b;phase3c,LEGACY_QUARANTINE,Existing real-position monitoring is legacy IOT/RBRK context and must not feed Phase 5R stock selection.,no,yes,yes,yes,no,Old IOT/RBRK holding context is explicitly out of scope. Phase 0B blocker waived because row is out of Phase 5R scope.
03_research/real_position_monitoring_phase3b/RBRK_real_position_note.md,NEEDS_HUMAN_REVIEW,yes,real_positions;weekly_reviews;risk_rules,HIGH,phase3b;phase3c,LEGACY_QUARANTINE,Existing real-position monitoring is legacy IOT/RBRK context and must not feed Phase 5R stock selection.,no,yes,yes,yes,no,Old IOT/RBRK holding context is explicitly out of scope. Phase 0B blocker waived because row is out of Phase 5R scope.
03_research/red_team_phase2f/IOT_red_team.md,ARCHIVE_AFTER_APPROVAL,no,risk_rules,MEDIUM,phase2f,ARCHIVE_EVIDENCE_AFTER_APPROVAL,"Historical phase artifact should be preserved as evidence, not used as a Phase 5R dependency.",no,no,yes,yes,no,
03_research/red_team_phase2f/RBRK_red_team.md,ARCHIVE_AFTER_APPROVAL,no,,LOW,phase2f,ARCHIVE_EVIDENCE_AFTER_APPROVAL,"Historical phase artifact should be preserved as evidence, not used as a Phase 5R dependency.",no,no,yes,yes,no,
03_research/research_decision_phase2m/IOT_research_decision.md,ARCHIVE_AFTER_APPROVAL,no,,LOW,phase2k;phase2l;phase2m;phase2n,ARCHIVE_EVIDENCE_AFTER_APPROVAL,"Historical phase artifact should be preserved as evidence, not used as a Phase 5R dependency.",no,no,yes,yes,no,
03_research/research_decision_phase2m/RBRK_research_decision.md,ARCHIVE_AFTER_APPROVAL,no,,LOW,phase2k;phase2l;phase2m;phase2n,ARCHIVE_EVIDENCE_AFTER_APPROVAL,"Historical phase artifact should be preserved as evidence, not used as a Phase 5R dependency.",no,no,yes,yes,no,
03_research/scenario_peer_work_phase2j/IOT_peer_framework.md,ARCHIVE_AFTER_APPROVAL,no,,LOW,phase2j,ARCHIVE_EVIDENCE_AFTER_APPROVAL,"Historical phase artifact should be preserved as evidence, not used as a Phase 5R dependency.",no,no,yes,yes,no,
03_research/scenario_peer_work_phase2j/IOT_scenario_workpaper.md,ARCHIVE_AFTER_APPROVAL,no,,LOW,phase2i;phase2j,ARCHIVE_EVIDENCE_AFTER_APPROVAL,"Historical phase artifact should be preserved as evidence, not used as a Phase 5R dependency.",no,no,yes,yes,no,
03_research/scenario_peer_work_phase2j/RBRK_peer_framework.md,ARCHIVE_AFTER_APPROVAL,no,,LOW,phase2j,ARCHIVE_EVIDENCE_AFTER_APPROVAL,"Historical phase artifact should be preserved as evidence, not used as a Phase 5R dependency.",no,no,yes,yes,no,
03_research/scenario_peer_work_phase2j/RBRK_scenario_workpaper.md,ARCHIVE_AFTER_APPROVAL,no,,LOW,phase2i;phase2j,ARCHIVE_EVIDENCE_AFTER_APPROVAL,"Historical phase artifact should be preserved as evidence, not used as a Phase 5R dependency.",no,no,yes,yes,no,
03_research/sector_frameworks/ai_infrastructure_framework.md,COPY_TO_CANONICAL,no,,LOW,,ALLOW_AFTER_REVIEW,Generic research framework/template may support Phase 5R after review.,no,no,no,no,yes,
03_research/sector_frameworks/biotech_framework.md,COPY_TO_CANONICAL,no,,LOW,phase1;phase2;phase3,ARCHIVE_EVIDENCE_AFTER_APPROVAL,"Historical phase artifact should be preserved as evidence, not used as a Phase 5R dependency.",no,no,no,yes,no,
03_research/sector_frameworks/clean_tech_framework.md,COPY_TO_CANONICAL,no,,LOW,,ALLOW_AFTER_REVIEW,Generic research framework/template may support Phase 5R after review.,no,no,no,no,yes,
03_research/sector_frameworks/semiconductor_framework.md,COPY_TO_CANONICAL,no,,LOW,,ALLOW_AFTER_REVIEW,Generic research framework/template may support Phase 5R after review.,no,no,no,no,yes,
03_research/triage_notes/ACMR_triage_note.md,COPY_TO_CANONICAL,no,,LOW,phase2e,ARCHIVE_EVIDENCE_AFTER_APPROVAL,"Historical phase artifact should be preserved as evidence, not used as a Phase 5R dependency.",no,no,no,yes,no,
03_research/triage_notes/ALAB_triage_note.md,COPY_TO_CANONICAL,no,,LOW,phase2e,ARCHIVE_EVIDENCE_AFTER_APPROVAL,"Historical phase artifact should be preserved as evidence, not used as a Phase 5R dependency.",no,no,no,yes,no,
03_research/triage_notes/ARRY_triage_note.md,COPY_TO_CANONICAL,no,,LOW,phase2e,ARCHIVE_EVIDENCE_AFTER_APPROVAL,"Historical phase artifact should be preserved as evidence, not used as a Phase 5R dependency.",no,no,no,yes,no,
03_research/triage_notes/CRSP_triage_note.md,COPY_TO_CANONICAL,no,,LOW,phase2e,ARCHIVE_EVIDENCE_AFTER_APPROVAL,"Historical phase artifact should be preserved as evidence, not used as a Phase 5R dependency.",no,no,no,yes,no,
03_research/triage_notes/CRWV_triage_note.md,COPY_TO_CANONICAL,no,,LOW,phase2e,ARCHIVE_EVIDENCE_AFTER_APPROVAL,"Historical phase artifact should be preserved as evidence, not used as a Phase 5R dependency.",no,no,no,yes,no,
03_research/triage_notes/ENVX_triage_note.md,COPY_TO_CANONICAL,no,,LOW,phase2e,ARCHIVE_EVIDENCE_AFTER_APPROVAL,"Historical phase artifact should be preserved as evidence, not used as a Phase 5R dependency.",no,no,no,yes,no,
03_research/triage_notes/FLNC_triage_note.md,COPY_TO_CANONICAL,no,,LOW,phase2e,ARCHIVE_EVIDENCE_AFTER_APPROVAL,"Historical phase artifact should be preserved as evidence, not used as a Phase 5R dependency.",no,no,no,yes,no,
03_research/triage_notes/IOT_triage_note.md,COPY_TO_CANONICAL,no,,LOW,phase2e,ARCHIVE_EVIDENCE_AFTER_APPROVAL,"Historical phase artifact should be preserved as evidence, not used as a Phase 5R dependency.",no,no,no,yes,no,
03_research/triage_notes/NVTS_triage_note.md,COPY_TO_CANONICAL,no,,LOW,phase2e,ARCHIVE_EVIDENCE_AFTER_APPROVAL,"Historical phase artifact should be preserved as evidence, not used as a Phase 5R dependency.",no,no,no,yes,no,
03_research/triage_notes/RBRK_triage_note.md,COPY_TO_CANONICAL,no,,LOW,phase2e,ARCHIVE_EVIDENCE_AFTER_APPROVAL,"Historical phase artifact should be preserved as evidence, not used as a Phase 5R dependency.",no,no,no,yes,no,
03_research/triage_notes/RXRX_triage_note.md,COPY_TO_CANONICAL,no,,LOW,phase2e,ARCHIVE_EVIDENCE_AFTER_APPROVAL,"Historical phase artifact should be preserved as evidence, not used as a Phase 5R dependency.",no,no,no,yes,no,
03_research/triage_notes/TEM_triage_note.md,COPY_TO_CANONICAL,no,,LOW,phase2e,ARCHIVE_EVIDENCE_AFTER_APPROVAL,"Historical phase artifact should be preserved as evidence, not used as a Phase 5R dependency.",no,no,no,yes,no,
03_research/triage_notes_phase2e1/ACMR_phase2e1_note.md,ARCHIVE_AFTER_APPROVAL,no,risk_rules,MEDIUM,phase2e;phase2e1,ARCHIVE_EVIDENCE_AFTER_APPROVAL,"Historical phase artifact should be preserved as evidence, not used as a Phase 5R dependency.",no,no,yes,yes,no,
03_research/triage_notes_phase2e1/ALAB_phase2e1_note.md,ARCHIVE_AFTER_APPROVAL,no,risk_rules,MEDIUM,phase2e;phase2e1,ARCHIVE_EVIDENCE_AFTER_APPROVAL,"Historical phase artifact should be preserved as evidence, not used as a Phase 5R dependency.",no,no,yes,yes,no,
03_research/triage_notes_phase2e1/ARRY_phase2e1_note.md,ARCHIVE_AFTER_APPROVAL,no,risk_rules,MEDIUM,phase2e;phase2e1,ARCHIVE_EVIDENCE_AFTER_APPROVAL,"Historical phase artifact should be preserved as evidence, not used as a Phase 5R dependency.",no,no,yes,yes,no,
03_research/triage_notes_phase2e1/CRSP_phase2e1_note.md,ARCHIVE_AFTER_APPROVAL,no,risk_rules,MEDIUM,phase2e;phase2e1,ARCHIVE_EVIDENCE_AFTER_APPROVAL,"Historical phase artifact should be preserved as evidence, not used as a Phase 5R dependency.",no,no,yes,yes,no,
03_research/triage_notes_phase2e1/CRWV_phase2e1_note.md,ARCHIVE_AFTER_APPROVAL,no,risk_rules,MEDIUM,phase2e;phase2e1,ARCHIVE_EVIDENCE_AFTER_APPROVAL,"Historical phase artifact should be preserved as evidence, not used as a Phase 5R dependency.",no,no,yes,yes,no,
03_research/triage_notes_phase2e1/ENVX_phase2e1_note.md,ARCHIVE_AFTER_APPROVAL,no,,LOW,phase2e;phase2e1,ARCHIVE_EVIDENCE_AFTER_APPROVAL,"Historical phase artifact should be preserved as evidence, not used as a Phase 5R dependency.",no,no,yes,yes,no,
03_research/triage_notes_phase2e1/FLNC_phase2e1_note.md,ARCHIVE_AFTER_APPROVAL,no,risk_rules,MEDIUM,phase2e;phase2e1,ARCHIVE_EVIDENCE_AFTER_APPROVAL,"Historical phase artifact should be preserved as evidence, not used as a Phase 5R dependency.",no,no,yes,yes,no,
03_research/triage_notes_phase2e1/IOT_phase2e1_note.md,ARCHIVE_AFTER_APPROVAL,no,,LOW,phase2e;phase2e1,ARCHIVE_EVIDENCE_AFTER_APPROVAL,"Historical phase artifact should be preserved as evidence, not used as a Phase 5R dependency.",no,no,yes,yes,no,
03_research/triage_notes_phase2e1/NVTS_phase2e1_note.md,ARCHIVE_AFTER_APPROVAL,no,risk_rules,MEDIUM,phase2e;phase2e1,ARCHIVE_EVIDENCE_AFTER_APPROVAL,"Historical phase artifact should be preserved as evidence, not used as a Phase 5R dependency.",no,no,yes,yes,no,
03_research/triage_notes_phase2e1/RBRK_phase2e1_note.md,ARCHIVE_AFTER_APPROVAL,no,,LOW,phase2e;phase2e1,ARCHIVE_EVIDENCE_AFTER_APPROVAL,"Historical phase artifact should be preserved as evidence, not used as a Phase 5R dependency.",no,no,yes,yes,no,
03_research/triage_notes_phase2e1/RXRX_phase2e1_note.md,ARCHIVE_AFTER_APPROVAL,no,risk_rules,MEDIUM,phase2e;phase2e1,ARCHIVE_EVIDENCE_AFTER_APPROVAL,"Historical phase artifact should be preserved as evidence, not used as a Phase 5R dependency.",no,no,yes,yes,no,
03_research/triage_notes_phase2e1/TEM_phase2e1_note.md,ARCHIVE_AFTER_APPROVAL,no,risk_rules,MEDIUM,phase2e;phase2e1,ARCHIVE_EVIDENCE_AFTER_APPROVAL,"Historical phase artifact should be preserved as evidence, not used as a Phase 5R dependency.",no,no,yes,yes,no,
03_research/valuation_earnings_phase2l/IOT_next_earnings_checklist.md,ARCHIVE_AFTER_APPROVAL,no,risk_rules,MEDIUM,phase2h;phase2k;phase2l,ARCHIVE_EVIDENCE_AFTER_APPROVAL,"Historical phase artifact should be preserved as evidence, not used as a Phase 5R dependency.",no,no,yes,yes,no,
03_research/valuation_earnings_phase2l/IOT_valuation_risk_workpaper.md,ARCHIVE_AFTER_APPROVAL,no,,LOW,phase2j;phase2k;phase2l,ARCHIVE_EVIDENCE_AFTER_APPROVAL,Legacy real-position or weekly-position evidence; archive after approval and exclude from Phase 5R stock selection.,no,yes,yes,yes,no,Old IOT/RBRK holding context is explicitly out of scope.
03_research/valuation_earnings_phase2l/RBRK_next_earnings_checklist.md,ARCHIVE_AFTER_APPROVAL,no,risk_rules,MEDIUM,phase2h;phase2k;phase2l,ARCHIVE_EVIDENCE_AFTER_APPROVAL,"Historical phase artifact should be preserved as evidence, not used as a Phase 5R dependency.",no,no,yes,yes,no,
03_research/valuation_earnings_phase2l/RBRK_valuation_risk_workpaper.md,ARCHIVE_AFTER_APPROVAL,no,,LOW,phase2j;phase2k;phase2l,ARCHIVE_EVIDENCE_AFTER_APPROVAL,Legacy real-position or weekly-position evidence; archive after approval and exclude from Phase 5R stock selection.,no,yes,yes,yes,no,Old IOT/RBRK holding context is explicitly out of scope.
03_research/weekly_review_agent_phase4a/IOT_weekly_review_note.md,NEEDS_HUMAN_REVIEW,yes,real_positions;sec_alerts;weekly_reviews;risk_rules,HIGH,phase4a,LEGACY_QUARANTINE,Existing real-position monitoring is legacy IOT/RBRK context and must not feed Phase 5R stock selection.,no,yes,yes,yes,no,Old IOT/RBRK holding context is explicitly out of scope. Phase 0B blocker waived because row is out of Phase 5R scope.
03_research/weekly_review_agent_phase4a/RBRK_weekly_review_note.md,NEEDS_HUMAN_REVIEW,yes,real_positions;sec_alerts;weekly_reviews;risk_rules,HIGH,phase4a,LEGACY_QUARANTINE,Existing real-position monitoring is legacy IOT/RBRK context and must not feed Phase 5R stock selection.,no,yes,yes,yes,no,Old IOT/RBRK holding context is explicitly out of scope. Phase 0B blocker waived because row is out of Phase 5R scope.
04_data/.DS_Store,DELETE_LATER_LOCAL_CACHE_ONLY,no,,LOW,,DELETE_LATER_LOCAL_CACHE_ONLY,Generated local cache or OS metadata; can only be removed in a later approved cleanup phase.,no,no,no,no,no,No deletion in Phase 0C.
04_data/phase2b_candidate_screening_results.csv,ARCHIVE_AFTER_APPROVAL,no,,LOW,phase2b,ARCHIVE_EVIDENCE_AFTER_APPROVAL,"Historical phase artifact should be preserved as evidence, not used as a Phase 5R dependency.",no,no,yes,yes,no,
04_data/phase2e1_8k_dilution_review.csv,ARCHIVE_AFTER_APPROVAL,no,,LOW,phase2e1,ARCHIVE_EVIDENCE_AFTER_APPROVAL,"Historical phase artifact should be preserved as evidence, not used as a Phase 5R dependency.",no,no,yes,yes,no,
04_data/phase2e1_manual_market_data_README.md,ARCHIVE_AFTER_APPROVAL,no,,LOW,phase2c;phase2e;phase2e1,ARCHIVE_EVIDENCE_AFTER_APPROVAL,"Historical phase artifact should be preserved as evidence, not used as a Phase 5R dependency.",no,no,yes,yes,no,
04_data/phase2e1_manual_market_data_filled.csv,ARCHIVE_AFTER_APPROVAL,no,,LOW,phase2e1,ARCHIVE_EVIDENCE_AFTER_APPROVAL,"Historical phase artifact should be preserved as evidence, not used as a Phase 5R dependency.",no,no,yes,yes,no,
04_data/phase2e1_manual_market_data_template.csv,ARCHIVE_AFTER_APPROVAL,no,,LOW,phase2e1,ARCHIVE_EVIDENCE_AFTER_APPROVAL,"Historical phase artifact should be preserved as evidence, not used as a Phase 5R dependency.",no,no,yes,yes,no,
04_data/phase2e1_manual_market_data_validated.csv,ARCHIVE_AFTER_APPROVAL,no,,LOW,phase2e1,ARCHIVE_EVIDENCE_AFTER_APPROVAL,"Historical phase artifact should be preserved as evidence, not used as a Phase 5R dependency.",no,no,yes,yes,no,
04_data/phase2e1_rescored_candidates.csv,ARCHIVE_AFTER_APPROVAL,no,,LOW,phase2e1,ARCHIVE_EVIDENCE_AFTER_APPROVAL,"Historical phase artifact should be preserved as evidence, not used as a Phase 5R dependency.",no,no,yes,yes,no,
04_data/phase2e_financial_enrichment.csv,ARCHIVE_AFTER_APPROVAL,no,,LOW,phase2e,ARCHIVE_EVIDENCE_AFTER_APPROVAL,"Historical phase artifact should be preserved as evidence, not used as a Phase 5R dependency.",no,no,yes,yes,no,
04_data/phase2e_first_triage_scores.csv,ARCHIVE_AFTER_APPROVAL,no,,LOW,phase2e,ARCHIVE_EVIDENCE_AFTER_APPROVAL,"Historical phase artifact should be preserved as evidence, not used as a Phase 5R dependency.",no,no,yes,yes,no,
04_data/phase2f_memo_scores.csv,ARCHIVE_AFTER_APPROVAL,no,,LOW,phase2e;phase2f,ARCHIVE_EVIDENCE_AFTER_APPROVAL,"Historical phase artifact should be preserved as evidence, not used as a Phase 5R dependency.",no,no,yes,yes,no,
04_data/phase2g_review_labels.csv,ARCHIVE_AFTER_APPROVAL,no,,LOW,phase2f;phase2g,ARCHIVE_EVIDENCE_AFTER_APPROVAL,"Historical phase artifact should be preserved as evidence, not used as a Phase 5R dependency.",no,no,yes,yes,no,
04_data/phase2i_evidence_gap_matrix.csv,ARCHIVE_AFTER_APPROVAL,no,,LOW,phase2i;phase2j,ARCHIVE_EVIDENCE_AFTER_APPROVAL,"Historical phase artifact should be preserved as evidence, not used as a Phase 5R dependency.",no,no,yes,yes,no,
04_data/phase2i_synthesis_labels.csv,ARCHIVE_AFTER_APPROVAL,no,,LOW,phase2g;phase2h;phase2i;phase2j,ARCHIVE_EVIDENCE_AFTER_APPROVAL,"Historical phase artifact should be preserved as evidence, not used as a Phase 5R dependency.",no,no,yes,yes,no,
04_data/phase2j_scenario_peer_labels.csv,ARCHIVE_AFTER_APPROVAL,no,,LOW,phase2i;phase2j,ARCHIVE_EVIDENCE_AFTER_APPROVAL,"Historical phase artifact should be preserved as evidence, not used as a Phase 5R dependency.",no,no,yes,yes,no,
04_data/phase2k_peer_data.csv,ARCHIVE_AFTER_APPROVAL,no,,LOW,phase2k,ARCHIVE_EVIDENCE_AFTER_APPROVAL,"Historical phase artifact should be preserved as evidence, not used as a Phase 5R dependency.",no,no,yes,yes,no,
04_data/phase2k_peer_data_quality.csv,ARCHIVE_AFTER_APPROVAL,no,,LOW,phase2k;phase2l,ARCHIVE_EVIDENCE_AFTER_APPROVAL,"Historical phase artifact should be preserved as evidence, not used as a Phase 5R dependency.",no,no,yes,yes,no,
04_data/phase2l_valuation_earnings_labels.csv,ARCHIVE_AFTER_APPROVAL,no,,LOW,phase2l;phase2m,ARCHIVE_EVIDENCE_AFTER_APPROVAL,"Historical phase artifact should be preserved as evidence, not used as a Phase 5R dependency.",no,no,yes,yes,no,
04_data/phase2m_research_decision_labels.csv,ARCHIVE_AFTER_APPROVAL,no,,LOW,phase2l;phase2m;phase2n,ARCHIVE_EVIDENCE_AFTER_APPROVAL,"Historical phase artifact should be preserved as evidence, not used as a Phase 5R dependency.",no,no,yes,yes,no,
04_data/phase2n_paper_plan_draft_labels.csv,ARCHIVE_AFTER_APPROVAL,no,risk_rules,MEDIUM,phase2m;phase2n,ARCHIVE_EVIDENCE_AFTER_APPROVAL,"Historical phase artifact should be preserved as evidence, not used as a Phase 5R dependency.",no,no,yes,yes,no,
04_data/phase2n_paper_plan_risk_template.csv,ARCHIVE_AFTER_APPROVAL,no,risk_rules,MEDIUM,phase2n,ARCHIVE_EVIDENCE_AFTER_APPROVAL,"Historical phase artifact should be preserved as evidence, not used as a Phase 5R dependency.",no,no,yes,yes,no,
04_data/phase2o_manual_chart_review_filled.csv,ARCHIVE_AFTER_APPROVAL,no,,LOW,phase2h;phase2o,ARCHIVE_EVIDENCE_AFTER_APPROVAL,"Historical phase artifact should be preserved as evidence, not used as a Phase 5R dependency.",no,no,yes,yes,no,
04_data/phase2o_manual_chart_review_validated.csv,ARCHIVE_AFTER_APPROVAL,no,,LOW,phase2o,ARCHIVE_EVIDENCE_AFTER_APPROVAL,"Historical phase artifact should be preserved as evidence, not used as a Phase 5R dependency.",no,no,yes,yes,no,
04_data/phase2o_paper_execution_readiness.csv,NEEDS_HUMAN_REVIEW,no,trade_logs;risk_rules,HIGH,phase2o;phase2p,LEGACY_QUARANTINE,Trade logs must be preserved as evidence and excluded from Phase 5R dependencies.,no,yes,yes,yes,no,Preserve; do not delete or treat paper/real/journal files as interchangeable.
04_data/phase2p_human_signoff_template.csv,ARCHIVE_AFTER_APPROVAL,no,risk_rules,MEDIUM,phase2p;phase2q,ARCHIVE_EVIDENCE_AFTER_APPROVAL,"Historical phase artifact should be preserved as evidence, not used as a Phase 5R dependency.",no,no,yes,yes,no,
04_data/phase2p_paper_execution_log.csv,NEEDS_HUMAN_REVIEW,no,trade_logs;risk_rules,HIGH,phase2o1b;phase2p;phase2q,LEGACY_QUARANTINE,Trade logs must be preserved as evidence and excluded from Phase 5R dependencies.,no,yes,yes,yes,no,Preserve; do not delete or treat paper/real/journal files as interchangeable.
04_data/phase2p_risk_calculator_inputs.csv,ARCHIVE_AFTER_APPROVAL,no,risk_rules,MEDIUM,phase2p;phase2q,ARCHIVE_EVIDENCE_AFTER_APPROVAL,"Historical phase artifact should be preserved as evidence, not used as a Phase 5R dependency.",no,no,yes,yes,no,
04_data/phase2q_execution_decision.csv,ARCHIVE_AFTER_APPROVAL,no,,LOW,phase2q;phase2r,ARCHIVE_EVIDENCE_AFTER_APPROVAL,"Historical phase artifact should be preserved as evidence, not used as a Phase 5R dependency.",no,no,yes,yes,no,
04_data/phase2q_manual_execution_inputs_filled.xlsx,ARCHIVE_AFTER_APPROVAL,no,,LOW,phase2q,ARCHIVE_EVIDENCE_AFTER_APPROVAL,"Historical phase artifact should be preserved as evidence, not used as a Phase 5R dependency.",no,no,yes,yes,no,
04_data/phase2q_manual_execution_inputs_filled_normalized.csv,ARCHIVE_AFTER_APPROVAL,no,,LOW,phase2h;phase2o;phase2q,ARCHIVE_EVIDENCE_AFTER_APPROVAL,"Historical phase artifact should be preserved as evidence, not used as a Phase 5R dependency.",no,no,yes,yes,no,
04_data/phase2q_manual_execution_inputs_validated.csv,ARCHIVE_AFTER_APPROVAL,no,,LOW,phase2q,ARCHIVE_EVIDENCE_AFTER_APPROVAL,"Historical phase artifact should be preserved as evidence, not used as a Phase 5R dependency.",no,no,yes,yes,no,
04_data/phase2q_risk_calculator_results.csv,ARCHIVE_AFTER_APPROVAL,no,risk_rules,MEDIUM,phase2q;phase2r,ARCHIVE_EVIDENCE_AFTER_APPROVAL,"Historical phase artifact should be preserved as evidence, not used as a Phase 5R dependency.",no,no,yes,yes,no,
04_data/phase2r_monitoring_checklist.csv,ARCHIVE_AFTER_APPROVAL,no,,LOW,phase2r,ARCHIVE_EVIDENCE_AFTER_APPROVAL,"Historical phase artifact should be preserved as evidence, not used as a Phase 5R dependency.",no,no,yes,yes,no,
04_data/phase2r_open_paper_positions.csv,ARCHIVE_AFTER_APPROVAL,no,,LOW,phase2r,ARCHIVE_EVIDENCE_AFTER_APPROVAL,"Historical phase artifact should be preserved as evidence, not used as a Phase 5R dependency.",no,no,yes,yes,no,
04_data/phase2r_paper_execution_log.csv,NEEDS_HUMAN_REVIEW,no,trade_logs,HIGH,phase2q;phase2r,LEGACY_QUARANTINE,Trade logs must be preserved as evidence and excluded from Phase 5R dependencies.,no,yes,yes,yes,no,Preserve; do not delete or treat paper/real/journal files as interchangeable.
04_data/phase3a_real_position_audit.csv,NEEDS_HUMAN_REVIEW,yes,real_positions,HIGH,phase3a,LEGACY_QUARANTINE,Existing real-position monitoring is legacy IOT/RBRK context and must not feed Phase 5R stock selection.,no,yes,yes,yes,no,Old IOT/RBRK holding context is explicitly out of scope. Phase 0B blocker waived because row is out of Phase 5R scope.
04_data/phase3a_structure_transition_checklist.csv,NEEDS_HUMAN_REVIEW,no,real_positions;trade_logs,HIGH,phase2;phase3;phase3a,LEGACY_QUARANTINE,Trade logs must be preserved as evidence and excluded from Phase 5R dependencies.,no,yes,yes,yes,no,Preserve; do not delete or treat paper/real/journal files as interchangeable.
04_data/phase3b_real_position_input_template.csv,NEEDS_HUMAN_REVIEW,yes,real_positions,HIGH,phase3b,LEGACY_QUARANTINE,Existing real-position monitoring is legacy IOT/RBRK context and must not feed Phase 5R stock selection.,no,yes,yes,yes,no,Old IOT/RBRK holding context is explicitly out of scope. Phase 0B blocker waived because row is out of Phase 5R scope.
04_data/phase3b_real_position_inputs_filled.csv,NEEDS_HUMAN_REVIEW,yes,real_positions,HIGH,phase3b,LEGACY_QUARANTINE,Existing real-position monitoring is legacy IOT/RBRK context and must not feed Phase 5R stock selection.,no,yes,yes,yes,no,Old IOT/RBRK holding context is explicitly out of scope. Phase 0B blocker waived because row is out of Phase 5R scope.
04_data/phase3b_real_position_inputs_filled_normalized.csv,NEEDS_HUMAN_REVIEW,yes,real_positions,HIGH,phase3b,LEGACY_QUARANTINE,Existing real-position monitoring is legacy IOT/RBRK context and must not feed Phase 5R stock selection.,no,yes,yes,yes,no,Old IOT/RBRK holding context is explicitly out of scope. Phase 0B blocker waived because row is out of Phase 5R scope.
04_data/phase3b_real_position_log.csv,NEEDS_HUMAN_REVIEW,yes,real_positions,HIGH,phase3b,LEGACY_QUARANTINE,Existing real-position monitoring is legacy IOT/RBRK context and must not feed Phase 5R stock selection.,no,yes,yes,yes,no,Old IOT/RBRK holding context is explicitly out of scope. Phase 0B blocker waived because row is out of Phase 5R scope.
04_data/phase3b_real_position_risk_review.csv,NEEDS_HUMAN_REVIEW,yes,real_positions;risk_rules,HIGH,phase3b,LEGACY_QUARANTINE,Existing real-position monitoring is legacy IOT/RBRK context and must not feed Phase 5R stock selection.,no,yes,yes,yes,no,Old IOT/RBRK holding context is explicitly out of scope. Phase 0B blocker waived because row is out of Phase 5R scope.
04_data/phase3b_real_risk_calculation.csv,NEEDS_HUMAN_REVIEW,yes,real_positions,HIGH,phase3b,LEGACY_QUARANTINE,Existing real-position monitoring is legacy IOT/RBRK context and must not feed Phase 5R stock selection.,no,yes,yes,yes,no,Old IOT/RBRK holding context is explicitly out of scope. Phase 0B blocker waived because row is out of Phase 5R scope.
04_data/phase3b_weekly_monitoring_checklist.csv,NEEDS_HUMAN_REVIEW,yes,trade_logs;weekly_reviews,HIGH,phase3b,LEGACY_QUARANTINE,Trade logs must be preserved as evidence and excluded from Phase 5R dependencies.,no,yes,yes,yes,no,Preserve; do not delete or treat paper/real/journal files as interchangeable. Phase 0B blocker waived because row is out of Phase 5R scope.
04_data/phase3c_restructure_action_items.csv,NEEDS_HUMAN_REVIEW,yes,real_positions;email_drafts;sec_alerts;weekly_reviews;risk_rules,HIGH,phase3b;phase3c;phase4a;phase4b;phase5,EXCLUDE_FROM_PHASE5R,"Email drafts, Gmail/OAuth plans, recipient allowlists, and preflight/send-gate work are out of scope for the manual-execution-only stock picker.",no,yes,yes,yes,no,No email sending or recipient automation dependency for Phase 5R. Phase 0B blocker waived because row is out of Phase 5R scope.
04_data/phase4a_weekly_action_labels.csv,NEEDS_HUMAN_REVIEW,yes,weekly_reviews,MEDIUM,phase4a,LEGACY_QUARANTINE,Existing real-position monitoring is legacy IOT/RBRK context and must not feed Phase 5R stock selection.,no,yes,yes,yes,no,Old IOT/RBRK holding context is explicitly out of scope. Phase 0B blocker waived because row is out of Phase 5R scope.
04_data/phase4a_weekly_real_position_alerts.csv,NEEDS_HUMAN_REVIEW,yes,real_positions;weekly_reviews,HIGH,phase4a,LEGACY_QUARANTINE,Existing real-position monitoring is legacy IOT/RBRK context and must not feed Phase 5R stock selection.,no,yes,yes,yes,no,Old IOT/RBRK holding context is explicitly out of scope. Phase 0B blocker waived because row is out of Phase 5R scope.
04_data/phase4a_weekly_review_run_log.csv,NEEDS_HUMAN_REVIEW,yes,weekly_reviews,MEDIUM,phase4a,LEGACY_QUARANTINE,Existing real-position monitoring is legacy IOT/RBRK context and must not feed Phase 5R stock selection.,no,yes,yes,yes,no,Old IOT/RBRK holding context is explicitly out of scope. Phase 0B blocker waived because row is out of Phase 5R scope.
04_data/phase4b_email_draft_metadata.csv,NEEDS_HUMAN_REVIEW,yes,email_drafts;risk_rules,HIGH,phase4b,EXCLUDE_FROM_PHASE5R,"Email drafts, Gmail/OAuth plans, recipient allowlists, and preflight/send-gate work are out of scope for the manual-execution-only stock picker.",no,yes,yes,yes,no,No email sending or recipient automation dependency for Phase 5R. Phase 0B blocker waived because row is out of Phase 5R scope.
04_data/phase4b_email_draft_run_log.csv,NEEDS_HUMAN_REVIEW,yes,real_positions;email_drafts;weekly_reviews,HIGH,phase4b,EXCLUDE_FROM_PHASE5R,"Email drafts, Gmail/OAuth plans, recipient allowlists, and preflight/send-gate work are out of scope for the manual-execution-only stock picker.",no,yes,yes,yes,no,No email sending or recipient automation dependency for Phase 5R. Phase 0B blocker waived because row is out of Phase 5R scope.
04_data/phase5a_email_automation_action_items.csv,NEEDS_HUMAN_REVIEW,yes,email_drafts,HIGH,phase5a;phase5b;phase5d;phase5e;phase5f,EXCLUDE_FROM_PHASE5R,"Email drafts, Gmail/OAuth plans, recipient allowlists, and preflight/send-gate work are out of scope for the manual-execution-only stock picker.",no,yes,yes,yes,no,No email sending or recipient automation dependency for Phase 5R. Phase 0B blocker waived because row is out of Phase 5R scope.
04_data/phase5b_email_preflight_results.csv,NEEDS_HUMAN_REVIEW,yes,email_drafts,HIGH,phase4b;phase5a;phase5b,EXCLUDE_FROM_PHASE5R,"Email drafts, Gmail/OAuth plans, recipient allowlists, and preflight/send-gate work are out of scope for the manual-execution-only stock picker.",no,yes,yes,yes,no,No email sending or recipient automation dependency for Phase 5R. Phase 0B blocker waived because row is out of Phase 5R scope.
04_data/phase5b_email_preflight_run_log.csv,NEEDS_HUMAN_REVIEW,yes,email_drafts,HIGH,phase5b,EXCLUDE_FROM_PHASE5R,"Email drafts, Gmail/OAuth plans, recipient allowlists, and preflight/send-gate work are out of scope for the manual-execution-only stock picker.",no,yes,yes,yes,no,No email sending or recipient automation dependency for Phase 5R. Phase 0B blocker waived because row is out of Phase 5R scope.
04_data/phase5b_recipient_allowlist.csv,NEEDS_HUMAN_REVIEW,yes,email_drafts,HIGH,phase5b,EXCLUDE_FROM_PHASE5R,"Email drafts, Gmail/OAuth plans, recipient allowlists, and preflight/send-gate work are out of scope for the manual-execution-only stock picker.",no,yes,yes,yes,no,No email sending or recipient automation dependency for Phase 5R. Phase 0B blocker waived because row is out of Phase 5R scope.
04_data/screening_results.csv,COPY_TO_CANONICAL,no,,LOW,,EXCLUDE_FROM_PHASE5R,Not part of the minimum manual-execution-safe Phase 5R dependency set.,no,no,no,no,no,
05_scripts/__pycache__/audit_phase3a_real_position_structure.cpython-313.pyc,DELETE_LATER_LOCAL_CACHE_ONLY,no,real_positions,HIGH,phase3a,DELETE_LATER_LOCAL_CACHE_ONLY,Generated local cache or OS metadata; can only be removed in a later approved cleanup phase.,no,no,yes,no,no,No deletion in Phase 0C.
05_scripts/__pycache__/audit_phase3c_agent_restructure.cpython-313.pyc,DELETE_LATER_LOCAL_CACHE_ONLY,no,,LOW,phase3c,DELETE_LATER_LOCAL_CACHE_ONLY,Generated local cache or OS metadata; can only be removed in a later approved cleanup phase.,no,no,no,no,no,No deletion in Phase 0C.
05_scripts/__pycache__/calculate_phase3b_real_risk.cpython-313.pyc,DELETE_LATER_LOCAL_CACHE_ONLY,no,,LOW,phase3b,DELETE_LATER_LOCAL_CACHE_ONLY,Generated local cache or OS metadata; can only be removed in a later approved cleanup phase.,no,no,no,no,no,No deletion in Phase 0C.
05_scripts/__pycache__/check_phase4a_sec_filing_alerts.cpython-313.pyc,DELETE_LATER_LOCAL_CACHE_ONLY,no,sec_alerts,MEDIUM,phase4a,DELETE_LATER_LOCAL_CACHE_ONLY,Generated local cache or OS metadata; can only be removed in a later approved cleanup phase.,no,no,yes,no,no,No deletion in Phase 0C.
05_scripts/__pycache__/collect_phase2k_peer_data.cpython-313.pyc,DELETE_LATER_LOCAL_CACHE_ONLY,no,,LOW,phase2k,DELETE_LATER_LOCAL_CACHE_ONLY,Generated local cache or OS metadata; can only be removed in a later approved cleanup phase.,no,no,no,no,no,No deletion in Phase 0C.
05_scripts/__pycache__/create_phase2h_manual_review_worksheets.cpython-312.pyc,DELETE_LATER_LOCAL_CACHE_ONLY,no,,LOW,phase2h,DELETE_LATER_LOCAL_CACHE_ONLY,Generated local cache or OS metadata; can only be removed in a later approved cleanup phase.,no,no,no,no,no,No deletion in Phase 0C.
05_scripts/__pycache__/create_phase2j_scenario_peer_workpapers.cpython-313.pyc,DELETE_LATER_LOCAL_CACHE_ONLY,no,,LOW,phase2j,DELETE_LATER_LOCAL_CACHE_ONLY,Generated local cache or OS metadata; can only be removed in a later approved cleanup phase.,no,no,no,no,no,No deletion in Phase 0C.
05_scripts/__pycache__/create_phase2l_valuation_earnings_workpapers.cpython-313.pyc,DELETE_LATER_LOCAL_CACHE_ONLY,no,,LOW,phase2l,DELETE_LATER_LOCAL_CACHE_ONLY,Generated local cache or OS metadata; can only be removed in a later approved cleanup phase.,no,no,no,no,no,No deletion in Phase 0C.
05_scripts/__pycache__/create_phase2m_research_decision_review.cpython-313.pyc,DELETE_LATER_LOCAL_CACHE_ONLY,no,,LOW,phase2m,DELETE_LATER_LOCAL_CACHE_ONLY,Generated local cache or OS metadata; can only be removed in a later approved cleanup phase.,no,no,no,no,no,No deletion in Phase 0C.
05_scripts/__pycache__/create_phase2n_paper_plan_drafts.cpython-313.pyc,DELETE_LATER_LOCAL_CACHE_ONLY,no,,LOW,phase2n,DELETE_LATER_LOCAL_CACHE_ONLY,Generated local cache or OS metadata; can only be removed in a later approved cleanup phase.,no,no,no,no,no,No deletion in Phase 0C.
05_scripts/__pycache__/create_phase2o_paper_execution_readiness.cpython-313.pyc,DELETE_LATER_LOCAL_CACHE_ONLY,no,,LOW,phase2o,DELETE_LATER_LOCAL_CACHE_ONLY,Generated local cache or OS metadata; can only be removed in a later approved cleanup phase.,no,no,no,no,no,No deletion in Phase 0C.
05_scripts/__pycache__/create_phase2p_paper_execution_log_setup.cpython-313.pyc,DELETE_LATER_LOCAL_CACHE_ONLY,no,trade_logs,HIGH,phase2p,DELETE_LATER_LOCAL_CACHE_ONLY,Generated local cache or OS metadata; can only be removed in a later approved cleanup phase.,no,no,yes,no,no,No deletion in Phase 0C.
05_scripts/__pycache__/create_phase2q_execution_decision_gate.cpython-313.pyc,DELETE_LATER_LOCAL_CACHE_ONLY,no,,LOW,phase2q,DELETE_LATER_LOCAL_CACHE_ONLY,Generated local cache or OS metadata; can only be removed in a later approved cleanup phase.,no,no,no,no,no,No deletion in Phase 0C.
05_scripts/__pycache__/create_phase2r_paper_execution_log.cpython-313.pyc,DELETE_LATER_LOCAL_CACHE_ONLY,no,trade_logs,HIGH,phase2r,DELETE_LATER_LOCAL_CACHE_ONLY,Generated local cache or OS metadata; can only be removed in a later approved cleanup phase.,no,no,yes,no,no,No deletion in Phase 0C.
05_scripts/__pycache__/create_phase3b_real_position_log.cpython-313.pyc,DELETE_LATER_LOCAL_CACHE_ONLY,no,real_positions,HIGH,phase3b,DELETE_LATER_LOCAL_CACHE_ONLY,Generated local cache or OS metadata; can only be removed in a later approved cleanup phase.,no,no,yes,no,no,No deletion in Phase 0C.
05_scripts/__pycache__/create_phase4a_weekly_action_labels.cpython-313.pyc,DELETE_LATER_LOCAL_CACHE_ONLY,no,weekly_reviews,MEDIUM,phase4a,DELETE_LATER_LOCAL_CACHE_ONLY,Generated local cache or OS metadata; can only be removed in a later approved cleanup phase.,no,no,yes,no,no,No deletion in Phase 0C.
05_scripts/__pycache__/create_phase4b_weekly_email_draft.cpython-313.pyc,DELETE_LATER_LOCAL_CACHE_ONLY,no,email_drafts,HIGH,phase4b,DELETE_LATER_LOCAL_CACHE_ONLY,Generated local cache or OS metadata; can only be removed in a later approved cleanup phase.,no,no,yes,no,no,No deletion in Phase 0C.
05_scripts/__pycache__/enrich_candidate_financials.cpython-312.pyc,DELETE_LATER_LOCAL_CACHE_ONLY,no,,LOW,,DELETE_LATER_LOCAL_CACHE_ONLY,Generated local cache or OS metadata; can only be removed in a later approved cleanup phase.,no,no,no,no,no,No deletion in Phase 0C.
05_scripts/__pycache__/extract_phase2f_filing_excerpts.cpython-312.pyc,DELETE_LATER_LOCAL_CACHE_ONLY,no,,LOW,phase2f,DELETE_LATER_LOCAL_CACHE_ONLY,Generated local cache or OS metadata; can only be removed in a later approved cleanup phase.,no,no,no,no,no,No deletion in Phase 0C.
05_scripts/__pycache__/make_gpt_packet.cpython-312.pyc,DELETE_LATER_LOCAL_CACHE_ONLY,no,,LOW,,DELETE_LATER_LOCAL_CACHE_ONLY,Generated local cache or OS metadata; can only be removed in a later approved cleanup phase.,no,no,no,no,no,No deletion in Phase 0C.
05_scripts/__pycache__/make_gpt_packet.cpython-313.pyc,DELETE_LATER_LOCAL_CACHE_ONLY,no,,LOW,,DELETE_LATER_LOCAL_CACHE_ONLY,Generated local cache or OS metadata; can only be removed in a later approved cleanup phase.,no,no,no,no,no,No deletion in Phase 0C.
05_scripts/__pycache__/make_weekly_report.cpython-312.pyc,DELETE_LATER_LOCAL_CACHE_ONLY,no,,LOW,,DELETE_LATER_LOCAL_CACHE_ONLY,Generated local cache or OS metadata; can only be removed in a later approved cleanup phase.,no,no,no,no,no,No deletion in Phase 0C.
05_scripts/__pycache__/make_weekly_report.cpython-313.pyc,DELETE_LATER_LOCAL_CACHE_ONLY,no,,LOW,,DELETE_LATER_LOCAL_CACHE_ONLY,Generated local cache or OS metadata; can only be removed in a later approved cleanup phase.,no,no,no,no,no,No deletion in Phase 0C.
05_scripts/__pycache__/normalize_phase2q_filled_inputs.cpython-313.pyc,DELETE_LATER_LOCAL_CACHE_ONLY,no,,LOW,phase2q,DELETE_LATER_LOCAL_CACHE_ONLY,Generated local cache or OS metadata; can only be removed in a later approved cleanup phase.,no,no,no,no,no,No deletion in Phase 0C.
05_scripts/__pycache__/normalize_phase3b_real_position_inputs.cpython-313.pyc,DELETE_LATER_LOCAL_CACHE_ONLY,no,real_positions,HIGH,phase3b,DELETE_LATER_LOCAL_CACHE_ONLY,Generated local cache or OS metadata; can only be removed in a later approved cleanup phase.,no,no,yes,no,no,No deletion in Phase 0C.
05_scripts/__pycache__/phase5a_email_automation_preflight.cpython-313.pyc,DELETE_LATER_LOCAL_CACHE_ONLY,no,,LOW,phase5a,DELETE_LATER_LOCAL_CACHE_ONLY,Generated local cache or OS metadata; can only be removed in a later approved cleanup phase.,no,no,no,no,no,No deletion in Phase 0C.
05_scripts/__pycache__/phase5b_email_preflight_validator.cpython-313.pyc,DELETE_LATER_LOCAL_CACHE_ONLY,no,,LOW,phase5b,DELETE_LATER_LOCAL_CACHE_ONLY,Generated local cache or OS metadata; can only be removed in a later approved cleanup phase.,no,no,no,no,no,No deletion in Phase 0C.
05_scripts/__pycache__/rescore_phase2e1_candidates.cpython-312.pyc,DELETE_LATER_LOCAL_CACHE_ONLY,no,,LOW,phase2e1,DELETE_LATER_LOCAL_CACHE_ONLY,Generated local cache or OS metadata; can only be removed in a later approved cleanup phase.,no,no,no,no,no,No deletion in Phase 0C.
05_scripts/__pycache__/review_8k_and_dilution_filings.cpython-312.pyc,DELETE_LATER_LOCAL_CACHE_ONLY,no,,LOW,,DELETE_LATER_LOCAL_CACHE_ONLY,Generated local cache or OS metadata; can only be removed in a later approved cleanup phase.,no,no,no,no,no,No deletion in Phase 0C.
05_scripts/__pycache__/risk_calculator.cpython-312.pyc,DELETE_LATER_LOCAL_CACHE_ONLY,no,risk_rules,MEDIUM,,DELETE_LATER_LOCAL_CACHE_ONLY,Generated local cache or OS metadata; can only be removed in a later approved cleanup phase.,no,no,yes,no,no,No deletion in Phase 0C.
05_scripts/__pycache__/risk_calculator.cpython-313.pyc,DELETE_LATER_LOCAL_CACHE_ONLY,no,risk_rules,MEDIUM,,DELETE_LATER_LOCAL_CACHE_ONLY,Generated local cache or OS metadata; can only be removed in a later approved cleanup phase.,no,no,yes,no,no,No deletion in Phase 0C.
05_scripts/__pycache__/run_phase2q_paper_risk_calculator.cpython-313.pyc,DELETE_LATER_LOCAL_CACHE_ONLY,no,risk_rules,MEDIUM,phase2q,DELETE_LATER_LOCAL_CACHE_ONLY,Generated local cache or OS metadata; can only be removed in a later approved cleanup phase.,no,no,yes,no,no,No deletion in Phase 0C.
05_scripts/__pycache__/run_phase4a_weekly_real_position_review.cpython-313.pyc,DELETE_LATER_LOCAL_CACHE_ONLY,no,real_positions;weekly_reviews,HIGH,phase4a,DELETE_LATER_LOCAL_CACHE_ONLY,Generated local cache or OS metadata; can only be removed in a later approved cleanup phase.,no,no,yes,no,no,No deletion in Phase 0C.
05_scripts/__pycache__/score_phase2e_candidates.cpython-312.pyc,DELETE_LATER_LOCAL_CACHE_ONLY,no,,LOW,phase2e,DELETE_LATER_LOCAL_CACHE_ONLY,Generated local cache or OS metadata; can only be removed in a later approved cleanup phase.,no,no,no,no,no,No deletion in Phase 0C.
05_scripts/__pycache__/score_phase2f_memos.cpython-312.pyc,DELETE_LATER_LOCAL_CACHE_ONLY,no,,LOW,phase2f,DELETE_LATER_LOCAL_CACHE_ONLY,Generated local cache or OS metadata; can only be removed in a later approved cleanup phase.,no,no,no,no,no,No deletion in Phase 0C.
05_scripts/__pycache__/score_phase2k_peer_data_quality.cpython-313.pyc,DELETE_LATER_LOCAL_CACHE_ONLY,no,,LOW,phase2k,DELETE_LATER_LOCAL_CACHE_ONLY,Generated local cache or OS metadata; can only be removed in a later approved cleanup phase.,no,no,no,no,no,No deletion in Phase 0C.
05_scripts/__pycache__/screen_universe.cpython-312.pyc,DELETE_LATER_LOCAL_CACHE_ONLY,no,,LOW,,DELETE_LATER_LOCAL_CACHE_ONLY,Generated local cache or OS metadata; can only be removed in a later approved cleanup phase.,no,no,no,no,no,No deletion in Phase 0C.
05_scripts/__pycache__/screen_universe.cpython-313.pyc,DELETE_LATER_LOCAL_CACHE_ONLY,no,,LOW,,DELETE_LATER_LOCAL_CACHE_ONLY,Generated local cache or OS metadata; can only be removed in a later approved cleanup phase.,no,no,no,no,no,No deletion in Phase 0C.
05_scripts/__pycache__/synthesize_phase2i_human_notes.cpython-313.pyc,DELETE_LATER_LOCAL_CACHE_ONLY,no,,LOW,phase2i,DELETE_LATER_LOCAL_CACHE_ONLY,Generated local cache or OS metadata; can only be removed in a later approved cleanup phase.,no,no,no,no,no,No deletion in Phase 0C.
05_scripts/__pycache__/update_sec_filings.cpython-312.pyc,DELETE_LATER_LOCAL_CACHE_ONLY,no,,LOW,,DELETE_LATER_LOCAL_CACHE_ONLY,Generated local cache or OS metadata; can only be removed in a later approved cleanup phase.,no,no,no,no,no,No deletion in Phase 0C.
05_scripts/__pycache__/update_sec_filings.cpython-313.pyc,DELETE_LATER_LOCAL_CACHE_ONLY,no,,LOW,,DELETE_LATER_LOCAL_CACHE_ONLY,Generated local cache or OS metadata; can only be removed in a later approved cleanup phase.,no,no,no,no,no,No deletion in Phase 0C.
05_scripts/__pycache__/validate_manual_market_data.cpython-312.pyc,DELETE_LATER_LOCAL_CACHE_ONLY,no,,LOW,,DELETE_LATER_LOCAL_CACHE_ONLY,Generated local cache or OS metadata; can only be removed in a later approved cleanup phase.,no,no,no,no,no,No deletion in Phase 0C.
05_scripts/__pycache__/validate_phase2o_manual_chart_review.cpython-313.pyc,DELETE_LATER_LOCAL_CACHE_ONLY,no,,LOW,phase2o,DELETE_LATER_LOCAL_CACHE_ONLY,Generated local cache or OS metadata; can only be removed in a later approved cleanup phase.,no,no,no,no,no,No deletion in Phase 0C.
05_scripts/__pycache__/validate_phase2q_manual_execution_inputs.cpython-313.pyc,DELETE_LATER_LOCAL_CACHE_ONLY,no,,LOW,phase2q,DELETE_LATER_LOCAL_CACHE_ONLY,Generated local cache or OS metadata; can only be removed in a later approved cleanup phase.,no,no,no,no,no,No deletion in Phase 0C.
05_scripts/audit_phase3a_real_position_structure.py,NEEDS_HUMAN_REVIEW,yes,real_positions;trade_logs;weekly_reviews;risk_rules,HIGH,phase2;phase2p;phase2q;phase2r;phase2s;phase3;phase3a,LEGACY_QUARANTINE,Trade logs must be preserved as evidence and excluded from Phase 5R dependencies.,no,yes,yes,yes,no,Preserve; do not delete or treat paper/real/journal files as interchangeable. Phase 0B blocker waived because row is out of Phase 5R scope.
05_scripts/audit_phase3c_agent_restructure.py,NEEDS_HUMAN_REVIEW,yes,real_positions;trade_logs;email_drafts;sec_alerts;weekly_reviews;risk_rules,HIGH,phase0;phase2;phase2n;phase2p;phase2q;phase2r;phase3;phase3a;phase3b;phase3c;phase4;phase4a;phase4b;phase5,LEGACY_QUARANTINE,Trade logs must be preserved as evidence and excluded from Phase 5R dependencies.,no,yes,yes,yes,no,Preserve; do not delete or treat paper/real/journal files as interchangeable. Phase 0B blocker waived because row is out of Phase 5R scope.
05_scripts/calculate_phase3b_real_risk.py,NEEDS_HUMAN_REVIEW,yes,real_positions;risk_rules,HIGH,phase3b,LEGACY_QUARANTINE,Existing real-position monitoring is legacy IOT/RBRK context and must not feed Phase 5R stock selection.,no,yes,yes,yes,no,Old IOT/RBRK holding context is explicitly out of scope. Phase 0B blocker waived because row is out of Phase 5R scope.
05_scripts/check_phase4a_sec_filing_alerts.py,NEEDS_HUMAN_REVIEW,yes,real_positions;sec_alerts;weekly_reviews,HIGH,phase4a,LEGACY_QUARANTINE,Existing real-position monitoring is legacy IOT/RBRK context and must not feed Phase 5R stock selection.,no,yes,yes,yes,no,Old IOT/RBRK holding context is explicitly out of scope. Phase 0B blocker waived because row is out of Phase 5R scope.
05_scripts/collect_phase2k_peer_data.py,COPY_TO_CANONICAL,no,,LOW,phase2j;phase2k;phase2l,ARCHIVE_EVIDENCE_AFTER_APPROVAL,"Historical phase artifact should be preserved as evidence, not used as a Phase 5R dependency.",no,no,no,yes,no,
05_scripts/create_phase2h_manual_review_worksheets.py,COPY_TO_CANONICAL,no,,LOW,phase2f;phase2g;phase2h,ARCHIVE_EVIDENCE_AFTER_APPROVAL,"Historical phase artifact should be preserved as evidence, not used as a Phase 5R dependency.",no,no,no,yes,no,
05_scripts/create_phase2j_scenario_peer_workpapers.py,COPY_TO_CANONICAL,no,,LOW,phase2f;phase2h;phase2i;phase2j;phase2k,ARCHIVE_EVIDENCE_AFTER_APPROVAL,"Historical phase artifact should be preserved as evidence, not used as a Phase 5R dependency.",no,no,no,yes,no,
05_scripts/create_phase2l_valuation_earnings_workpapers.py,COPY_TO_CANONICAL,yes,risk_rules,MEDIUM,phase2e1;phase2h;phase2i;phase2j;phase2k;phase2l;phase2m,ARCHIVE_EVIDENCE_AFTER_APPROVAL,"Historical phase artifact should be preserved as evidence, not used as a Phase 5R dependency.",no,no,yes,yes,no,Phase 0B blocker waived because row is out of Phase 5R scope.
05_scripts/create_phase2m_research_decision_review.py,COPY_TO_CANONICAL,yes,risk_rules,MEDIUM,phase2f;phase2i;phase2j;phase2k;phase2l;phase2m;phase2n,ARCHIVE_EVIDENCE_AFTER_APPROVAL,"Historical phase artifact should be preserved as evidence, not used as a Phase 5R dependency.",no,no,yes,yes,no,Phase 0B blocker waived because row is out of Phase 5R scope.
05_scripts/create_phase2n_paper_plan_drafts.py,COPY_TO_CANONICAL,yes,risk_rules,MEDIUM,phase2i;phase2j;phase2k;phase2l;phase2m;phase2n;phase2o,ARCHIVE_EVIDENCE_AFTER_APPROVAL,"Historical phase artifact should be preserved as evidence, not used as a Phase 5R dependency.",no,no,yes,yes,no,Phase 0B blocker waived because row is out of Phase 5R scope.
05_scripts/create_phase2o_paper_execution_readiness.py,NEEDS_HUMAN_REVIEW,yes,trade_logs;risk_rules,HIGH,phase2e1;phase2l;phase2n;phase2o;phase2p,LEGACY_QUARANTINE,Trade logs must be preserved as evidence and excluded from Phase 5R dependencies.,no,yes,yes,yes,no,Preserve; do not delete or treat paper/real/journal files as interchangeable. Phase 0B blocker waived because row is out of Phase 5R scope.
05_scripts/create_phase2p_paper_execution_log_setup.py,NEEDS_HUMAN_REVIEW,yes,trade_logs;risk_rules,HIGH,phase2n;phase2o;phase2o1b;phase2p;phase2q,LEGACY_QUARANTINE,Trade logs must be preserved as evidence and excluded from Phase 5R dependencies.,no,yes,yes,yes,no,Preserve; do not delete or treat paper/real/journal files as interchangeable. Phase 0B blocker waived because row is out of Phase 5R scope.
05_scripts/create_phase2q_execution_decision_gate.py,NEEDS_HUMAN_REVIEW,yes,trade_logs;risk_rules,HIGH,phase2n;phase2o;phase2p;phase2q;phase2r,LEGACY_QUARANTINE,Trade logs must be preserved as evidence and excluded from Phase 5R dependencies.,no,yes,yes,yes,no,Preserve; do not delete or treat paper/real/journal files as interchangeable. Phase 0B blocker waived because row is out of Phase 5R scope.
05_scripts/create_phase2r_paper_execution_log.py,NEEDS_HUMAN_REVIEW,yes,trade_logs;weekly_reviews;risk_rules,HIGH,phase2e1;phase2n;phase2o;phase2p;phase2q;phase2r;phase2s,LEGACY_QUARANTINE,Trade logs must be preserved as evidence and excluded from Phase 5R dependencies.,no,yes,yes,yes,no,Preserve; do not delete or treat paper/real/journal files as interchangeable. Phase 0B blocker waived because row is out of Phase 5R scope.
05_scripts/create_phase3b_real_position_log.py,NEEDS_HUMAN_REVIEW,yes,real_positions;trade_logs;weekly_reviews;risk_rules,HIGH,phase2q;phase2r;phase3a;phase3b;phase3c,LEGACY_QUARANTINE,Trade logs must be preserved as evidence and excluded from Phase 5R dependencies.,no,yes,yes,yes,no,Preserve; do not delete or treat paper/real/journal files as interchangeable. Phase 0B blocker waived because row is out of Phase 5R scope.
05_scripts/create_phase4a_weekly_action_labels.py,NEEDS_HUMAN_REVIEW,yes,real_positions;weekly_reviews,HIGH,phase3b;phase4a,LEGACY_QUARANTINE,Existing real-position monitoring is legacy IOT/RBRK context and must not feed Phase 5R stock selection.,no,yes,yes,yes,no,Old IOT/RBRK holding context is explicitly out of scope. Phase 0B blocker waived because row is out of Phase 5R scope.
05_scripts/create_phase4b_weekly_email_draft.py,NEEDS_HUMAN_REVIEW,yes,real_positions;email_drafts;sec_alerts;weekly_reviews;risk_rules,HIGH,phase3c;phase4a;phase4b;phase5a,EXCLUDE_FROM_PHASE5R,"Email drafts, Gmail/OAuth plans, recipient allowlists, and preflight/send-gate work are out of scope for the manual-execution-only stock picker.",no,yes,yes,yes,no,No email sending or recipient automation dependency for Phase 5R. Phase 0B blocker waived because row is out of Phase 5R scope.
05_scripts/enrich_candidate_financials.py,COPY_TO_CANONICAL,no,,LOW,phase2c;phase2e,ALLOW_FOR_PHASE5R,Financial enrichment supports candidate evaluation and does not imply execution.,yes,no,no,no,yes,Allowed workflow must remain analysis-only and manual-execution-only.
05_scripts/extract_phase2f_filing_excerpts.py,COPY_TO_CANONICAL,no,,LOW,phase2e1;phase2f,ARCHIVE_EVIDENCE_AFTER_APPROVAL,"Historical phase artifact should be preserved as evidence, not used as a Phase 5R dependency.",no,no,no,yes,no,
05_scripts/make_gpt_packet.py,COPY_TO_CANONICAL,no,,LOW,phase2b;phase2c,ALLOW_FOR_PHASE5R,GPT packet generation supports research context and does not imply execution.,yes,no,no,no,yes,Allowed workflow must remain analysis-only and manual-execution-only.
05_scripts/make_weekly_report.py,NEEDS_HUMAN_REVIEW,yes,real_positions;trade_logs;weekly_reviews,HIGH,,LEGACY_QUARANTINE,Trade logs must be preserved as evidence and excluded from Phase 5R dependencies.,no,yes,yes,yes,no,Preserve; do not delete or treat paper/real/journal files as interchangeable. Phase 0B blocker waived because row is out of Phase 5R scope.
05_scripts/normalize_phase2q_filled_inputs.py,COPY_TO_CANONICAL,no,,LOW,phase2q,ARCHIVE_EVIDENCE_AFTER_APPROVAL,"Historical phase artifact should be preserved as evidence, not used as a Phase 5R dependency.",no,no,no,yes,no,
05_scripts/normalize_phase3b_real_position_inputs.py,NEEDS_HUMAN_REVIEW,yes,real_positions,HIGH,phase3b,LEGACY_QUARANTINE,Existing real-position monitoring is legacy IOT/RBRK context and must not feed Phase 5R stock selection.,no,yes,yes,yes,no,Old IOT/RBRK holding context is explicitly out of scope. Phase 0B blocker waived because row is out of Phase 5R scope.
05_scripts/phase5a_email_automation_preflight.py,NEEDS_HUMAN_REVIEW,yes,email_drafts,HIGH,phase4b;phase5a,EXCLUDE_FROM_PHASE5R,"Email drafts, Gmail/OAuth plans, recipient allowlists, and preflight/send-gate work are out of scope for the manual-execution-only stock picker.",no,yes,yes,yes,no,No email sending or recipient automation dependency for Phase 5R. Phase 0B blocker waived because row is out of Phase 5R scope.
05_scripts/phase5b_email_preflight_validator.py,NEEDS_HUMAN_REVIEW,yes,email_drafts,HIGH,phase4b;phase5a;phase5b;phase5c,EXCLUDE_FROM_PHASE5R,"Email drafts, Gmail/OAuth plans, recipient allowlists, and preflight/send-gate work are out of scope for the manual-execution-only stock picker.",no,yes,yes,yes,no,No email sending or recipient automation dependency for Phase 5R. Phase 0B blocker waived because row is out of Phase 5R scope.
05_scripts/rescore_phase2e1_candidates.py,COPY_TO_CANONICAL,yes,risk_rules,MEDIUM,phase2e;phase2e1,ARCHIVE_EVIDENCE_AFTER_APPROVAL,"Historical phase artifact should be preserved as evidence, not used as a Phase 5R dependency.",no,no,yes,yes,no,Phase 0B blocker waived because row is out of Phase 5R scope.
05_scripts/review_8k_and_dilution_filings.py,COPY_TO_CANONICAL,yes,risk_rules,MEDIUM,phase2c;phase2e1,ARCHIVE_EVIDENCE_AFTER_APPROVAL,"Historical phase artifact should be preserved as evidence, not used as a Phase 5R dependency.",no,no,yes,yes,no,Phase 0B blocker waived because row is out of Phase 5R scope.
05_scripts/risk_calculator.py,COPY_TO_CANONICAL,yes,risk_rules,MEDIUM,,ALLOW_AFTER_REVIEW,Risk calculator may be useful only after confirming it has no broker/order/real-position side effects.,no,no,yes,no,no,Review before optional reuse; not part of the minimum Phase 5R start set.
05_scripts/run_phase2q_paper_risk_calculator.py,COPY_TO_CANONICAL,yes,risk_rules,MEDIUM,phase2p;phase2q;phase2r,ARCHIVE_EVIDENCE_AFTER_APPROVAL,"Historical phase artifact should be preserved as evidence, not used as a Phase 5R dependency.",no,no,yes,yes,no,Phase 0B blocker waived because row is out of Phase 5R scope.
05_scripts/run_phase4a_weekly_real_position_review.py,NEEDS_HUMAN_REVIEW,yes,real_positions;email_drafts;sec_alerts;weekly_reviews;risk_rules,HIGH,phase3b;phase4a;phase4b;phase5,EXCLUDE_FROM_PHASE5R,"Email drafts, Gmail/OAuth plans, recipient allowlists, and preflight/send-gate work are out of scope for the manual-execution-only stock picker.",no,yes,yes,yes,no,No email sending or recipient automation dependency for Phase 5R. Phase 0B blocker waived because row is out of Phase 5R scope.
05_scripts/score_phase2e_candidates.py,COPY_TO_CANONICAL,no,,LOW,phase2c;phase2e,ARCHIVE_EVIDENCE_AFTER_APPROVAL,"Historical phase artifact should be preserved as evidence, not used as a Phase 5R dependency.",no,no,no,yes,no,
05_scripts/score_phase2f_memos.py,COPY_TO_CANONICAL,no,,LOW,phase2e;phase2e1;phase2f,ARCHIVE_EVIDENCE_AFTER_APPROVAL,"Historical phase artifact should be preserved as evidence, not used as a Phase 5R dependency.",no,no,no,yes,no,
05_scripts/score_phase2k_peer_data_quality.py,COPY_TO_CANONICAL,yes,risk_rules,MEDIUM,phase2k;phase2l,ARCHIVE_EVIDENCE_AFTER_APPROVAL,"Historical phase artifact should be preserved as evidence, not used as a Phase 5R dependency.",no,no,yes,yes,no,Phase 0B blocker waived because row is out of Phase 5R scope.
05_scripts/screen_universe.py,COPY_TO_CANONICAL,no,,LOW,phase1a,ALLOW_FOR_PHASE5R,Candidate universe screening is safe for Phase 5R stock selection and does not imply execution.,yes,no,no,no,yes,Allowed workflow must remain analysis-only and manual-execution-only.
05_scripts/synthesize_phase2i_human_notes.py,COPY_TO_CANONICAL,no,,LOW,phase2f;phase2g;phase2h;phase2i;phase2j,ARCHIVE_EVIDENCE_AFTER_APPROVAL,"Historical phase artifact should be preserved as evidence, not used as a Phase 5R dependency.",no,no,no,yes,no,
05_scripts/update_sec_filings.py,COPY_TO_CANONICAL,no,,LOW,phase2c,ALLOW_FOR_PHASE5R,"SEC filing ingestion is source-data collection, not broker/order activity.",yes,no,no,no,yes,Allowed workflow must remain analysis-only and manual-execution-only.
05_scripts/validate_manual_market_data.py,COPY_TO_CANONICAL,no,,LOW,phase2c;phase2e;phase2e1,ALLOW_FOR_PHASE5R,Manual market data validation supports safe data hygiene for manual review.,yes,no,no,no,yes,Allowed workflow must remain analysis-only and manual-execution-only.
05_scripts/validate_phase2o_manual_chart_review.py,COPY_TO_CANONICAL,yes,risk_rules,MEDIUM,phase2o,ARCHIVE_EVIDENCE_AFTER_APPROVAL,"Historical phase artifact should be preserved as evidence, not used as a Phase 5R dependency.",no,no,yes,yes,no,Phase 0B blocker waived because row is out of Phase 5R scope.
05_scripts/validate_phase2q_manual_execution_inputs.py,COPY_TO_CANONICAL,no,,LOW,phase2q,ARCHIVE_EVIDENCE_AFTER_APPROVAL,"Historical phase artifact should be preserved as evidence, not used as a Phase 5R dependency.",no,no,no,yes,no,
06_trading/paper_trades.csv,NEEDS_HUMAN_REVIEW,yes,trade_logs,HIGH,,LEGACY_QUARANTINE,Trade logs must be preserved as evidence and excluded from Phase 5R dependencies.,no,yes,yes,yes,no,Preserve; do not delete or treat paper/real/journal files as interchangeable. Phase 0B blocker waived because row is out of Phase 5R scope.
06_trading/real_trades.csv,NEEDS_HUMAN_REVIEW,yes,real_positions;trade_logs,HIGH,,LEGACY_QUARANTINE,Trade logs must be preserved as evidence and excluded from Phase 5R dependencies.,no,yes,yes,yes,no,Preserve; do not delete or treat paper/real/journal files as interchangeable. Phase 0B blocker waived because row is out of Phase 5R scope.
06_trading/trade_journal.csv,NEEDS_HUMAN_REVIEW,yes,trade_logs,HIGH,,LEGACY_QUARANTINE,Trade logs must be preserved as evidence and excluded from Phase 5R dependencies.,no,yes,yes,yes,no,Preserve; do not delete or treat paper/real/journal files as interchangeable. Phase 0B blocker waived because row is out of Phase 5R scope.
07_reviews/.DS_Store,DELETE_LATER_LOCAL_CACHE_ONLY,no,,LOW,,DELETE_LATER_LOCAL_CACHE_ONLY,Generated local cache or OS metadata; can only be removed in a later approved cleanup phase.,no,no,no,no,no,No deletion in Phase 0C.
07_reviews/latest_real_position_weekly_review.md,NEEDS_HUMAN_REVIEW,yes,real_positions;sec_alerts;weekly_reviews;risk_rules,HIGH,,LEGACY_QUARANTINE,Existing real-position monitoring is legacy IOT/RBRK context and must not feed Phase 5R stock selection.,no,yes,yes,yes,no,Old IOT/RBRK holding context is explicitly out of scope. Phase 0B blocker waived because row is out of Phase 5R scope.
07_reviews/latest_weekly_report.md,NEEDS_HUMAN_REVIEW,yes,weekly_reviews,MEDIUM,,EXCLUDE_FROM_PHASE5R,Not part of the minimum manual-execution-safe Phase 5R dependency set.,no,no,yes,no,no,Phase 0B blocker waived because row is out of Phase 5R scope.
07_reviews/monthly_review_template.md,COPY_TO_CANONICAL,yes,risk_rules,MEDIUM,,EXCLUDE_FROM_PHASE5R,Not part of the minimum manual-execution-safe Phase 5R dependency set.,no,no,yes,no,no,Phase 0B blocker waived because row is out of Phase 5R scope.
07_reviews/phase0_audit_report.md,ARCHIVE_AFTER_APPROVAL,no,real_positions;trade_logs;weekly_reviews;risk_rules,HIGH,phase0;phase0a;phase0b;phase1,LEGACY_QUARANTINE,Trade logs must be preserved as evidence and excluded from Phase 5R dependencies.,no,yes,yes,yes,no,Preserve; do not delete or treat paper/real/journal files as interchangeable.
07_reviews/phase0b_phase1a_report.md,ARCHIVE_AFTER_APPROVAL,no,real_positions;trade_logs;weekly_reviews;risk_rules,HIGH,phase0a;phase0b;phase1a;phase1b,LEGACY_QUARANTINE,Trade logs must be preserved as evidence and excluded from Phase 5R dependencies.,no,yes,yes,yes,no,Preserve; do not delete or treat paper/real/journal files as interchangeable.
07_reviews/phase1b_dry_run_report.md,ARCHIVE_AFTER_APPROVAL,no,weekly_reviews;risk_rules,MEDIUM,phase1b;phase1c,ARCHIVE_EVIDENCE_AFTER_APPROVAL,"Historical phase artifact should be preserved as evidence, not used as a Phase 5R dependency.",no,no,yes,yes,no,
07_reviews/phase1c_sec_fetch_report.md,ARCHIVE_AFTER_APPROVAL,no,weekly_reviews;risk_rules,MEDIUM,phase1c;phase1d,ARCHIVE_EVIDENCE_AFTER_APPROVAL,"Historical phase artifact should be preserved as evidence, not used as a Phase 5R dependency.",no,no,yes,yes,no,
07_reviews/phase1d_gpt_packet_report.md,ARCHIVE_AFTER_APPROVAL,no,weekly_reviews;risk_rules,MEDIUM,phase1c;phase1d,ARCHIVE_EVIDENCE_AFTER_APPROVAL,"Historical phase artifact should be preserved as evidence, not used as a Phase 5R dependency.",no,no,yes,yes,no,
07_reviews/phase1e_skill_draft_report.md,ARCHIVE_AFTER_APPROVAL,no,weekly_reviews,MEDIUM,phase1e;phase2a,ARCHIVE_EVIDENCE_AFTER_APPROVAL,"Historical phase artifact should be preserved as evidence, not used as a Phase 5R dependency.",no,no,yes,yes,no,
07_reviews/phase2a_real_universe_setup_report.md,ARCHIVE_AFTER_APPROVAL,no,weekly_reviews,MEDIUM,phase1b;phase2a;phase2b,ARCHIVE_EVIDENCE_AFTER_APPROVAL,"Historical phase artifact should be preserved as evidence, not used as a Phase 5R dependency.",no,no,yes,yes,no,
07_reviews/phase2b_candidate_sourcing_report.md,ARCHIVE_AFTER_APPROVAL,no,weekly_reviews,MEDIUM,phase2b;phase2c,ARCHIVE_EVIDENCE_AFTER_APPROVAL,"Historical phase artifact should be preserved as evidence, not used as a Phase 5R dependency.",no,no,yes,yes,no,
07_reviews/phase2c_sec_fetch_report.md,ARCHIVE_AFTER_APPROVAL,no,weekly_reviews;risk_rules,MEDIUM,phase1;phase2b;phase2c;phase2d,ARCHIVE_EVIDENCE_AFTER_APPROVAL,"Historical phase artifact should be preserved as evidence, not used as a Phase 5R dependency.",no,no,yes,yes,no,
07_reviews/phase2d_gpt_packet_report.md,ARCHIVE_AFTER_APPROVAL,no,weekly_reviews;risk_rules,MEDIUM,phase2b;phase2c;phase2d,ARCHIVE_EVIDENCE_AFTER_APPROVAL,"Historical phase artifact should be preserved as evidence, not used as a Phase 5R dependency.",no,no,yes,yes,no,
07_reviews/phase2e1_market_8k_dilution_report.md,ARCHIVE_AFTER_APPROVAL,no,,LOW,phase2e;phase2e1;phase2f,ARCHIVE_EVIDENCE_AFTER_APPROVAL,"Historical phase artifact should be preserved as evidence, not used as a Phase 5R dependency.",no,no,yes,yes,no,
07_reviews/phase2e1_market_8k_dilution_report_after_filled_data.md,ARCHIVE_AFTER_APPROVAL,no,,LOW,phase2c;phase2e;phase2e1;phase2f,ARCHIVE_EVIDENCE_AFTER_APPROVAL,"Historical phase artifact should be preserved as evidence, not used as a Phase 5R dependency.",no,no,yes,yes,no,
07_reviews/phase2e_financial_enrichment_report.md,ARCHIVE_AFTER_APPROVAL,no,weekly_reviews;risk_rules,MEDIUM,phase2c;phase2e;phase2f,ARCHIVE_EVIDENCE_AFTER_APPROVAL,"Historical phase artifact should be preserved as evidence, not used as a Phase 5R dependency.",no,no,yes,yes,no,
07_reviews/phase2f_memo_review_report.md,ARCHIVE_AFTER_APPROVAL,no,,LOW,phase2e;phase2e1;phase2f;phase2g,ARCHIVE_EVIDENCE_AFTER_APPROVAL,"Historical phase artifact should be preserved as evidence, not used as a Phase 5R dependency.",no,no,yes,yes,no,
07_reviews/phase2g_gpt_review_report.md,ARCHIVE_AFTER_APPROVAL,no,weekly_reviews,MEDIUM,phase2e;phase2e1;phase2f;phase2g;phase2h,ARCHIVE_EVIDENCE_AFTER_APPROVAL,"Historical phase artifact should be preserved as evidence, not used as a Phase 5R dependency.",no,no,yes,yes,no,
07_reviews/phase2h_manual_filing_review_report.md,ARCHIVE_AFTER_APPROVAL,no,,LOW,phase2g;phase2h;phase2i,ARCHIVE_EVIDENCE_AFTER_APPROVAL,"Historical phase artifact should be preserved as evidence, not used as a Phase 5R dependency.",no,no,yes,yes,no,
07_reviews/phase2i_human_notes_synthesis_report.md,ARCHIVE_AFTER_APPROVAL,no,,LOW,phase2f;phase2g;phase2h;phase2i;phase2j,ARCHIVE_EVIDENCE_AFTER_APPROVAL,"Historical phase artifact should be preserved as evidence, not used as a Phase 5R dependency.",no,no,yes,yes,no,
07_reviews/phase2j_scenario_peer_report.md,ARCHIVE_AFTER_APPROVAL,no,,LOW,phase2j;phase2k,ARCHIVE_EVIDENCE_AFTER_APPROVAL,"Historical phase artifact should be preserved as evidence, not used as a Phase 5R dependency.",no,no,yes,yes,no,
07_reviews/phase2k_peer_data_report.md,ARCHIVE_AFTER_APPROVAL,no,risk_rules,MEDIUM,phase2k;phase2l,ARCHIVE_EVIDENCE_AFTER_APPROVAL,"Historical phase artifact should be preserved as evidence, not used as a Phase 5R dependency.",no,no,yes,yes,no,
07_reviews/phase2l_valuation_earnings_report.md,ARCHIVE_AFTER_APPROVAL,no,,LOW,phase2l;phase2m,ARCHIVE_EVIDENCE_AFTER_APPROVAL,"Historical phase artifact should be preserved as evidence, not used as a Phase 5R dependency.",no,no,yes,yes,no,
07_reviews/phase2m_research_decision_report.md,ARCHIVE_AFTER_APPROVAL,no,risk_rules,MEDIUM,phase2f;phase2i;phase2j;phase2k;phase2l;phase2m;phase2n,ARCHIVE_EVIDENCE_AFTER_APPROVAL,"Historical phase artifact should be preserved as evidence, not used as a Phase 5R dependency.",no,no,yes,yes,no,
07_reviews/phase2n_paper_plan_draft_report.md,ARCHIVE_AFTER_APPROVAL,no,risk_rules,MEDIUM,phase2n;phase2o,ARCHIVE_EVIDENCE_AFTER_APPROVAL,"Historical phase artifact should be preserved as evidence, not used as a Phase 5R dependency.",no,no,yes,yes,no,
07_reviews/phase2o_paper_execution_readiness_report.md,ARCHIVE_AFTER_APPROVAL,no,trade_logs;risk_rules,HIGH,phase2o;phase2p,LEGACY_QUARANTINE,Trade logs must be preserved as evidence and excluded from Phase 5R dependencies.,no,yes,yes,yes,no,Preserve; do not delete or treat paper/real/journal files as interchangeable.
07_reviews/phase2o_paper_execution_readiness_report_after_filled_chart.md,ARCHIVE_AFTER_APPROVAL,no,trade_logs;risk_rules,HIGH,phase2o;phase2p,LEGACY_QUARANTINE,Trade logs must be preserved as evidence and excluded from Phase 5R dependencies.,no,yes,yes,yes,no,Preserve; do not delete or treat paper/real/journal files as interchangeable.
07_reviews/phase2p_paper_execution_log_setup_report.md,ARCHIVE_AFTER_APPROVAL,no,trade_logs;risk_rules,HIGH,phase2p;phase2q,LEGACY_QUARANTINE,Trade logs must be preserved as evidence and excluded from Phase 5R dependencies.,no,yes,yes,yes,no,Preserve; do not delete or treat paper/real/journal files as interchangeable.
07_reviews/phase2q_paper_execution_decision_report.md,ARCHIVE_AFTER_APPROVAL,no,risk_rules,MEDIUM,phase2q;phase2r,ARCHIVE_EVIDENCE_AFTER_APPROVAL,"Historical phase artifact should be preserved as evidence, not used as a Phase 5R dependency.",no,no,yes,yes,no,
07_reviews/phase2q_paper_execution_decision_report_after_filled_inputs.md,ARCHIVE_AFTER_APPROVAL,no,risk_rules,MEDIUM,phase2q;phase2r,ARCHIVE_EVIDENCE_AFTER_APPROVAL,"Historical phase artifact should be preserved as evidence, not used as a Phase 5R dependency.",no,no,yes,yes,no,
07_reviews/phase2r_paper_execution_report.md,ARCHIVE_AFTER_APPROVAL,no,trade_logs,HIGH,phase2q;phase2r;phase2s,LEGACY_QUARANTINE,Trade logs must be preserved as evidence and excluded from Phase 5R dependencies.,no,yes,yes,yes,no,Preserve; do not delete or treat paper/real/journal files as interchangeable.
07_reviews/phase3a_real_position_structure_audit_report.md,ARCHIVE_AFTER_APPROVAL,no,real_positions;trade_logs;weekly_reviews;risk_rules,HIGH,phase2;phase2p;phase2q;phase2r;phase2s;phase3;phase3a,LEGACY_QUARANTINE,Trade logs must be preserved as evidence and excluded from Phase 5R dependencies.,no,yes,yes,yes,no,Preserve; do not delete or treat paper/real/journal files as interchangeable.
07_reviews/phase3b_real_position_log_report.md,ARCHIVE_AFTER_APPROVAL,no,real_positions;trade_logs;weekly_reviews,HIGH,phase3b;phase3c,LEGACY_QUARANTINE,Trade logs must be preserved as evidence and excluded from Phase 5R dependencies.,no,yes,yes,yes,no,Preserve; do not delete or treat paper/real/journal files as interchangeable.
07_reviews/phase3b_real_position_log_report_after_filled_inputs.md,ARCHIVE_AFTER_APPROVAL,no,real_positions;trade_logs;weekly_reviews;risk_rules,HIGH,phase3b;phase3c,LEGACY_QUARANTINE,Trade logs must be preserved as evidence and excluded from Phase 5R dependencies.,no,yes,yes,yes,no,Preserve; do not delete or treat paper/real/journal files as interchangeable.
07_reviews/phase3c_agent_restructure_report.md,ARCHIVE_AFTER_APPROVAL,no,real_positions;email_drafts;weekly_reviews;risk_rules,HIGH,phase2;phase3;phase3a;phase3b;phase3c;phase4;phase4a;phase4b;phase5,EXCLUDE_FROM_PHASE5R,"Email drafts, Gmail/OAuth plans, recipient allowlists, and preflight/send-gate work are out of scope for the manual-execution-only stock picker.",no,yes,yes,yes,no,No email sending or recipient automation dependency for Phase 5R.
07_reviews/phase4a_weekly_review_agent_report.md,ARCHIVE_AFTER_APPROVAL,no,real_positions;email_drafts;sec_alerts;weekly_reviews,HIGH,phase4a;phase4b;phase5,EXCLUDE_FROM_PHASE5R,"Email drafts, Gmail/OAuth plans, recipient allowlists, and preflight/send-gate work are out of scope for the manual-execution-only stock picker.",no,yes,yes,yes,no,No email sending or recipient automation dependency for Phase 5R.
07_reviews/phase4b_email_draft_agent_report.md,ARCHIVE_AFTER_APPROVAL,no,real_positions;email_drafts;weekly_reviews;risk_rules,HIGH,phase4b;phase5a,EXCLUDE_FROM_PHASE5R,"Email drafts, Gmail/OAuth plans, recipient allowlists, and preflight/send-gate work are out of scope for the manual-execution-only stock picker.",no,yes,yes,yes,no,No email sending or recipient automation dependency for Phase 5R.
07_reviews/phase5a_email_automation_plan_report.md,ARCHIVE_AFTER_APPROVAL,no,email_drafts;weekly_reviews,HIGH,phase5a;phase5b,EXCLUDE_FROM_PHASE5R,"Email drafts, Gmail/OAuth plans, recipient allowlists, and preflight/send-gate work are out of scope for the manual-execution-only stock picker.",no,yes,yes,yes,no,No email sending or recipient automation dependency for Phase 5R.
07_reviews/phase5b_email_preflight_report.md,ARCHIVE_AFTER_APPROVAL,no,email_drafts,HIGH,phase4b;phase5b;phase5c,EXCLUDE_FROM_PHASE5R,"Email drafts, Gmail/OAuth plans, recipient allowlists, and preflight/send-gate work are out of scope for the manual-execution-only stock picker.",no,yes,yes,yes,no,No email sending or recipient automation dependency for Phase 5R.
07_reviews/weekly_review_template.md,NEEDS_HUMAN_REVIEW,yes,weekly_reviews;risk_rules,MEDIUM,,EXCLUDE_FROM_PHASE5R,Not part of the minimum manual-execution-safe Phase 5R dependency set.,no,no,yes,no,no,Phase 0B blocker waived because row is out of Phase 5R scope.
AGENTS.md,KEEP_IN_PLACE,yes,trade_logs,HIGH,,KEEP_PROJECT_CONTROL,Top-level documentation or project skill remains a project control.,yes,no,no,no,no,Project control only; no broker or order behavior authorized. Phase 0B blocker cleared by Phase 0C reframe/control decision.
README.md,KEEP_IN_PLACE,yes,weekly_reviews;risk_rules,MEDIUM,phase0a;phase0b;phase1;phase1a,KEEP_PROJECT_CONTROL,Top-level documentation or project skill remains a project control.,yes,no,no,no,no,Project control only; no broker or order behavior authorized. Phase 0B blocker cleared by Phase 0C reframe/control decision.
skills/early-public-equity-research/SKILL.md,KEEP_IN_PLACE,yes,trade_logs;weekly_reviews;risk_rules,HIGH,,KEEP_PROJECT_CONTROL,Top-level documentation or project skill remains a project control.,yes,no,no,no,no,Project control only; no broker or order behavior authorized. Phase 0B blocker cleared by Phase 0C reframe/control decision.
skills/early-public-equity-research/references/memo_rubric.md,KEEP_IN_PLACE,no,,LOW,,KEEP_PROJECT_CONTROL,Top-level documentation or project skill remains a project control.,yes,no,no,no,no,Project control only; no broker or order behavior authorized.
skills/early-public-equity-research/references/phase_status.md,KEEP_IN_PLACE,yes,weekly_reviews;risk_rules,MEDIUM,phase0a;phase0b;phase1a;phase1b;phase1c;phase1d;phase2a,KEEP_PROJECT_CONTROL,Top-level documentation or project skill remains a project control.,yes,no,no,no,no,Project control only; no broker or order behavior authorized. Phase 0B blocker cleared by Phase 0C reframe/control decision.
skills/early-public-equity-research/references/red_team_checklist.md,KEEP_IN_PLACE,no,,LOW,,KEEP_PROJECT_CONTROL,Top-level documentation or project skill remains a project control.,yes,no,no,no,no,Project control only; no broker or order behavior authorized.
skills/early-public-equity-research/references/source_policy.md,KEEP_IN_PLACE,no,,LOW,,KEEP_PROJECT_CONTROL,Top-level documentation or project skill remains a project control.,yes,no,no,no,no,Project control only; no broker or order behavior authorized.
skills/early-public-equity-research/references/workflow.md,KEEP_IN_PLACE,yes,weekly_reviews;risk_rules,MEDIUM,,KEEP_PROJECT_CONTROL,Top-level documentation or project skill remains a project control.,yes,no,no,no,no,Project control only; no broker or order behavior authorized. Phase 0B blocker cleared by Phase 0C reframe/control decision.
tests/__pycache__/smoke_tests.cpython-312.pyc,DELETE_LATER_LOCAL_CACHE_ONLY,no,,LOW,,DELETE_LATER_LOCAL_CACHE_ONLY,Generated local cache or OS metadata; can only be removed in a later approved cleanup phase.,no,no,no,no,no,No deletion in Phase 0C.
tests/__pycache__/smoke_tests.cpython-313.pyc,DELETE_LATER_LOCAL_CACHE_ONLY,no,,LOW,,DELETE_LATER_LOCAL_CACHE_ONLY,Generated local cache or OS metadata; can only be removed in a later approved cleanup phase.,no,no,no,no,no,No deletion in Phase 0C.
tests/smoke_tests.py,COPY_TO_CANONICAL,yes,real_positions;trade_logs;weekly_reviews;risk_rules,HIGH,,LEGACY_QUARANTINE,Trade logs must be preserved as evidence and excluded from Phase 5R dependencies.,no,yes,yes,yes,no,Preserve; do not delete or treat paper/real/journal files as interchangeable. Phase 0B blocker waived because row is out of Phase 5R scope.
00_project_control/phase0a_broken_path_report.csv,COPY_TO_CANONICAL,no,,LOW,phase0a,KEEP_PROJECT_CONTROL,"Audit/control artifact remains project evidence, not a stock-selection input.",no,no,no,no,no,Keep as governance evidence; do not use old holding data for selection.
00_project_control/phase0a_cleanup_plan.md,COPY_TO_CANONICAL,no,,LOW,phase0a,KEEP_PROJECT_CONTROL,"Audit/control artifact remains project evidence, not a stock-selection input.",no,no,no,no,no,Keep as governance evidence; do not use old holding data for selection.
00_project_control/phase0a_duplicate_file_report.csv,COPY_TO_CANONICAL,no,,LOW,phase0a,KEEP_PROJECT_CONTROL,"Audit/control artifact remains project evidence, not a stock-selection input.",no,no,no,no,no,Keep as governance evidence; do not use old holding data for selection.
00_project_control/phase0a_file_classification.csv,COPY_TO_CANONICAL,no,,LOW,phase0a,KEEP_PROJECT_CONTROL,"Audit/control artifact remains project evidence, not a stock-selection input.",no,no,no,no,no,Keep as governance evidence; do not use old holding data for selection.
00_project_control/phase0a_full_file_inventory.csv,COPY_TO_CANONICAL,no,,LOW,phase0a,KEEP_PROJECT_CONTROL,"Audit/control artifact remains project evidence, not a stock-selection input.",no,no,no,no,no,Keep as governance evidence; do not use old holding data for selection.
00_project_control/phase0a_new_canonical_structure.md,COPY_TO_CANONICAL,no,,LOW,phase0a,KEEP_PROJECT_CONTROL,"Audit/control artifact remains project evidence, not a stock-selection input.",no,no,no,no,no,Keep as governance evidence; do not use old holding data for selection.
00_project_control/phase0a_phase_dependency_map.csv,COPY_TO_CANONICAL,no,,LOW,phase0a,KEEP_PROJECT_CONTROL,"Audit/control artifact remains project evidence, not a stock-selection input.",no,no,no,no,no,Keep as governance evidence; do not use old holding data for selection.
00_project_control/phase0a_real_position_file_map.csv,COPY_TO_CANONICAL,yes,real_positions,HIGH,phase0a,KEEP_PROJECT_CONTROL,"Audit/control artifact remains project evidence, not a stock-selection input.",no,no,yes,no,no,Keep as governance evidence; do not use old holding data for selection. Phase 0B blocker cleared by Phase 0C reframe/control decision.
00_project_control/phase0a_verification_report.md,COPY_TO_CANONICAL,no,,LOW,phase0a,KEEP_PROJECT_CONTROL,"Audit/control artifact remains project evidence, not a stock-selection input.",no,no,no,no,no,Keep as governance evidence; do not use old holding data for selection.
06_logs/phase0a_audit_run_log.csv,COPY_TO_CANONICAL,no,,LOW,phase0a,KEEP_PROJECT_CONTROL,"Audit/control artifact remains project evidence, not a stock-selection input.",no,no,no,no,no,Keep as governance evidence; do not use old holding data for selection.
