phase,inferred_status,file_count,scripts,data_files,research_files,reports,policy_files,other_files,referenced_existing_paths,referenced_missing_paths,referenced_other_phases
phase0,historical_or_phase_specific,3,05_scripts/audit_phase3c_agent_restructure.py,,03_research/agent_restructure_phase3c/current_structure_audit.md,07_reviews/phase0_audit_report.md,,,00_rules;00_rules/brokerage_boundary.md;00_rules/manual_approval_policy.md;00_rules/risk_policy.md;00_rules/source_policy.md;00_rules/trading_checklist.md;01_universe;01_universe/rejected.csv;01_universe/universe.csv;02_filings;02_filings/filing_notes;02_filings/sec_raw;03_research;03_research/company_memo_template.md;03_research/paper_execution_decision_phase2q;03_research/paper_execution_phase2r;03_research/paper_plan_drafts_phase2n;03_research/real_position_audit_phase3a;03_research/real_position_monitoring_phase3b;04_data;04_data/phase2r_monitoring_checklist.csv;04_data/phase2r_open_paper_positions.csv;04_data/phase2r_paper_execution_log.csv;04_data/phase3a_real_position_audit.csv;04_data/phase3a_structure_transition_checklist.csv;04_data/phase3b_real_position_inputs_filled_normalized.csv;04_data/phase3b_real_position_log.csv;04_data/phase3b_real_position_risk_review.csv;04_data/phase3b_real_risk_calculation.csv;04_data/phase3b_weekly_monitoring_checklist.csv;05_scripts;05_scripts/make_weekly_report.py;05_scripts/risk_calculator.py;05_scripts/screen_universe.py;05_scripts/update_sec_filings.py;06_trading;06_trading/paper_trades.csv;06_trading/real_trades.csv;07_reviews;07_reviews/latest_real_position_weekly_review.md;07_reviews/monthly_review_template.md;07_reviews/weekly_review_template.md;skills;tests,04_data/email_send_log.csv;04_data/latest_real_position_alerts.csv;04_data/phase2p_*;04_data/phase2q_*;04_data/phase2r_*;07_reviews/email_summary.html;07_reviews/email_summary.md,phase0a;phase0b;phase1;phase2;phase2n;phase2p;phase2q;phase2r;phase3;phase3a;phase3b;phase3c;phase4;phase4a;phase4b;phase5
phase0a,historical_or_phase_specific,4,,,,07_reviews/phase0_audit_report.md;07_reviews/phase0b_phase1a_report.md,,README.md;skills/early-public-equity-research/references/phase_status.md,00_rules;00_rules/brokerage_boundary.md;00_rules/data_source_policy.md;00_rules/manual_approval_policy.md;00_rules/risk_policy.md;00_rules/source_policy.md;00_rules/trading_checklist.md;01_universe;01_universe/quarantined_placeholder_rows.csv;01_universe/rejected.csv;01_universe/universe.csv;02_filings;03_research;03_research/company_memo_template.md;04_data;04_data/screening_results.csv;05_scripts;05_scripts/make_weekly_report.py;05_scripts/risk_calculator.py;05_scripts/screen_universe.py;05_scripts/update_sec_filings.py;06_trading;06_trading/paper_trades.csv;06_trading/real_trades.csv;06_trading/trade_journal.csv;07_reviews;07_reviews/latest_weekly_report.md;07_reviews/monthly_review_template.md;07_reviews/weekly_review_template.md;tests/smoke_tests.py,,phase0;phase0b;phase1;phase1a;phase1b;phase1c;phase1d;phase2a
phase0b,historical_or_phase_specific,5,,01_universe/quarantined_placeholder_rows.csv,,07_reviews/phase0_audit_report.md;07_reviews/phase0b_phase1a_report.md,,README.md;skills/early-public-equity-research/references/phase_status.md,00_rules;00_rules/brokerage_boundary.md;00_rules/data_source_policy.md;00_rules/manual_approval_policy.md;00_rules/risk_policy.md;00_rules/source_policy.md;00_rules/trading_checklist.md;01_universe;01_universe/quarantined_placeholder_rows.csv;01_universe/rejected.csv;01_universe/universe.csv;02_filings;03_research;03_research/company_memo_template.md;04_data;04_data/screening_results.csv;05_scripts;05_scripts/make_weekly_report.py;05_scripts/risk_calculator.py;05_scripts/screen_universe.py;05_scripts/update_sec_filings.py;06_trading;06_trading/paper_trades.csv;06_trading/real_trades.csv;06_trading/trade_journal.csv;07_reviews;07_reviews/latest_weekly_report.md;07_reviews/monthly_review_template.md;07_reviews/weekly_review_template.md;tests/smoke_tests.py,,phase0;phase0a;phase1;phase1a;phase1b;phase1c;phase1d;phase2a
phase1,historical_or_phase_specific,4,,,03_research/sector_frameworks/biotech_framework.md,07_reviews/phase0_audit_report.md;07_reviews/phase2c_sec_fetch_report.md,,README.md,00_rules;00_rules/risk_policy.md;00_rules/source_policy.md;00_rules/trading_checklist.md;01_universe;01_universe/phase2c_selected_candidates.csv;01_universe/real_candidate_universe.csv;01_universe/rejected.csv;01_universe/universe.csv;02_filings;02_filings/filing_notes/ACMR_filing_note.md;02_filings/filing_notes/ALAB_filing_note.md;02_filings/filing_notes/ARRY_filing_note.md;02_filings/filing_notes/CRSP_filing_note.md;02_filings/filing_notes/CRWV_filing_note.md;02_filings/filing_notes/ENVX_filing_note.md;02_filings/filing_notes/FLNC_filing_note.md;02_filings/filing_notes/IOT_filing_note.md;02_filings/filing_notes/NVTS_filing_note.md;02_filings/filing_notes/RBRK_filing_note.md;02_filings/filing_notes/RXRX_filing_note.md;02_filings/filing_notes/TEM_filing_note.md;02_filings/sec_raw/ACMR_submissions.json;02_filings/sec_raw/ALAB_submissions.json;02_filings/sec_raw/ARRY_submissions.json;02_filings/sec_raw/CRSP_submissions.json;02_filings/sec_raw/CRWV_submissions.json;02_filings/sec_raw/ENVX_submissions.json;02_filings/sec_raw/FLNC_submissions.json;02_filings/sec_raw/IOT_submissions.json;02_filings/sec_raw/NVTS_submissions.json;02_filings/sec_raw/RBRK_submissions.json;02_filings/sec_raw/RXRX_submissions.json;02_filings/sec_raw/TEM_submissions.json;03_research;03_research/company_memo_template.md;04_data;05_scripts;05_scripts/make_gpt_packet.py;05_scripts/make_weekly_report.py;05_scripts/risk_calculator.py;05_scripts/screen_universe.py;05_scripts/update_sec_filings.py;06_trading;06_trading/paper_trades.csv;06_trading/real_trades.csv;07_reviews;07_reviews/latest_weekly_report.md;07_reviews/monthly_review_template.md;07_reviews/weekly_review_template.md;tests/smoke_tests.py,,phase0;phase0a;phase0b;phase1a;phase2;phase2b;phase2c;phase2d;phase3
phase1a,historical_or_phase_specific,4,05_scripts/screen_universe.py,,,07_reviews/phase0b_phase1a_report.md,,README.md;skills/early-public-equity-research/references/phase_status.md,00_rules/brokerage_boundary.md;00_rules/data_source_policy.md;00_rules/manual_approval_policy.md;00_rules/risk_policy.md;00_rules/source_policy.md;00_rules/trading_checklist.md;01_universe/quarantined_placeholder_rows.csv;01_universe/rejected.csv;01_universe/universe.csv;03_research/company_memo_template.md;04_data/screening_results.csv;05_scripts/make_weekly_report.py;05_scripts/risk_calculator.py;05_scripts/screen_universe.py;05_scripts/update_sec_filings.py;06_trading/paper_trades.csv;06_trading/real_trades.csv;06_trading/trade_journal.csv;07_reviews/latest_weekly_report.md;tests/smoke_tests.py,,phase0a;phase0b;phase1;phase1b;phase1c;phase1d;phase2a
phase1b,historical_or_phase_specific,4,,,,07_reviews/phase0b_phase1a_report.md;07_reviews/phase1b_dry_run_report.md;07_reviews/phase2a_real_universe_setup_report.md,,skills/early-public-equity-research/references/phase_status.md,00_rules/brokerage_boundary.md;00_rules/data_source_policy.md;00_rules/manual_approval_policy.md;00_rules/risk_policy.md;00_rules/source_policy.md;00_rules/trading_checklist.md;01_universe/quarantined_placeholder_rows.csv;01_universe/real_candidate_sources.md;01_universe/real_candidate_universe.csv;01_universe/rejected.csv;01_universe/test_fixtures.csv;01_universe/universe.csv;03_research/company_memo_template.md;03_research/sector_frameworks/ai_infrastructure_framework.md;03_research/sector_frameworks/biotech_framework.md;03_research/sector_frameworks/clean_tech_framework.md;03_research/sector_frameworks/semiconductor_framework.md;04_data/screening_results.csv;05_scripts/make_weekly_report.py;05_scripts/risk_calculator.py;05_scripts/screen_universe.py;05_scripts/update_sec_filings.py;06_trading/paper_trades.csv;06_trading/real_trades.csv;06_trading/trade_journal.csv;07_reviews/latest_weekly_report.md;07_reviews/phase1b_dry_run_report.md;07_reviews/phase2a_real_universe_setup_report.md;tests/smoke_tests.py,,phase0a;phase0b;phase1a;phase1c;phase1d;phase2a;phase2b
phase1c,historical_or_phase_specific,4,,,,07_reviews/phase1b_dry_run_report.md;07_reviews/phase1c_sec_fetch_report.md;07_reviews/phase1d_gpt_packet_report.md,,skills/early-public-equity-research/references/phase_status.md,01_universe/universe.csv;02_filings/filing_notes/AMD_filing_note.md;02_filings/filing_notes/ENPH_filing_note.md;02_filings/filing_notes/TSLA_filing_note.md;02_filings/sec_raw/AMD_submissions.json;02_filings/sec_raw/ENPH_submissions.json;02_filings/sec_raw/TSLA_submissions.json;03_research/gpt_packets/AMD_gpt_packet.md;03_research/gpt_packets/ENPH_gpt_packet.md;03_research/gpt_packets/TSLA_gpt_packet.md;04_data/screening_results.csv;05_scripts/make_gpt_packet.py;05_scripts/make_weekly_report.py;05_scripts/risk_calculator.py;05_scripts/screen_universe.py;05_scripts/update_sec_filings.py;07_reviews/latest_weekly_report.md;07_reviews/phase1b_dry_run_report.md;tests/smoke_tests.py,,phase0a;phase0b;phase1a;phase1b;phase1d;phase2a
phase1d,historical_or_phase_specific,3,,,,07_reviews/phase1c_sec_fetch_report.md;07_reviews/phase1d_gpt_packet_report.md,,skills/early-public-equity-research/references/phase_status.md,01_universe/universe.csv;02_filings/filing_notes/AMD_filing_note.md;02_filings/filing_notes/ENPH_filing_note.md;02_filings/filing_notes/TSLA_filing_note.md;02_filings/sec_raw/AMD_submissions.json;02_filings/sec_raw/ENPH_submissions.json;02_filings/sec_raw/TSLA_submissions.json;03_research/gpt_packets/AMD_gpt_packet.md;03_research/gpt_packets/ENPH_gpt_packet.md;03_research/gpt_packets/TSLA_gpt_packet.md;04_data/screening_results.csv;05_scripts/make_gpt_packet.py;05_scripts/make_weekly_report.py;05_scripts/risk_calculator.py;05_scripts/screen_universe.py;05_scripts/update_sec_filings.py;07_reviews/latest_weekly_report.md;tests/smoke_tests.py,,phase0a;phase0b;phase1a;phase1b;phase1c;phase2a
phase1e,historical_or_phase_specific,1,,,,07_reviews/phase1e_skill_draft_report.md,,,01_universe/universe.csv;05_scripts/make_weekly_report.py;07_reviews/latest_weekly_report.md;07_reviews/phase1e_skill_draft_report.md;skills/early-public-equity-research/SKILL.md;skills/early-public-equity-research/references/memo_rubric.md;skills/early-public-equity-research/references/phase_status.md;skills/early-public-equity-research/references/red_team_checklist.md;skills/early-public-equity-research/references/source_policy.md;skills/early-public-equity-research/references/workflow.md;tests/smoke_tests.py,,phase2a
phase2,historical_or_phase_specific,7,05_scripts/audit_phase3a_real_position_structure.py;05_scripts/audit_phase3c_agent_restructure.py,04_data/phase3a_structure_transition_checklist.csv,03_research/agent_restructure_phase3c/current_structure_audit.md;03_research/sector_frameworks/biotech_framework.md,07_reviews/phase3a_real_position_structure_audit_report.md;07_reviews/phase3c_agent_restructure_report.md,,,00_rules;00_rules/brokerage_boundary.md;00_rules/manual_approval_policy.md;00_rules/risk_policy.md;01_universe;02_filings;02_filings/filing_notes;02_filings/sec_raw;03_research;03_research/paper_execution_decision_phase2q;03_research/paper_execution_phase2r;03_research/paper_plan_drafts_phase2n;03_research/real_position_audit_phase3a;03_research/real_position_audit_phase3a/IOT_real_position_audit.md;03_research/real_position_audit_phase3a/RBRK_real_position_audit.md;03_research/real_position_monitoring_phase3b;04_data;04_data/phase2p_paper_execution_log.csv;04_data/phase2p_risk_calculator_inputs.csv;04_data/phase2q_execution_decision.csv;04_data/phase2q_manual_execution_inputs_validated.csv;04_data/phase2q_risk_calculator_results.csv;04_data/phase2r_monitoring_checklist.csv;04_data/phase2r_open_paper_positions.csv;04_data/phase2r_paper_execution_log.csv;04_data/phase3a_real_position_audit.csv;04_data/phase3a_structure_transition_checklist.csv;04_data/phase3b_real_position_inputs_filled.csv;04_data/phase3b_real_position_inputs_filled_normalized.csv;04_data/phase3b_real_position_log.csv;04_data/phase3b_real_position_risk_review.csv;04_data/phase3b_real_risk_calculation.csv;04_data/phase3b_weekly_monitoring_checklist.csv;05_scripts;05_scripts/audit_phase3a_real_position_structure.py;05_scripts/update_sec_filings.py;06_trading;07_reviews;07_reviews/latest_real_position_weekly_review.md;07_reviews/phase3a_real_position_structure_audit_report.md;skills;tests,03_research/paper_monitoring_phase2s;04_data/email_send_log.csv;04_data/latest_real_position_alerts.csv;04_data/phase2p_*;04_data/phase2q_*;04_data/phase2r_*;07_reviews/email_summary.html;07_reviews/email_summary.md,phase0;phase1;phase2n;phase2p;phase2q;phase2r;phase2s;phase3;phase3a;phase3b;phase3c;phase4;phase4a;phase4b;phase5
phase2a,historical_or_phase_specific,3,,,,07_reviews/phase1e_skill_draft_report.md;07_reviews/phase2a_real_universe_setup_report.md,,skills/early-public-equity-research/references/phase_status.md,01_universe/real_candidate_sources.md;01_universe/real_candidate_universe.csv;01_universe/test_fixtures.csv;01_universe/universe.csv;03_research/sector_frameworks/ai_infrastructure_framework.md;03_research/sector_frameworks/biotech_framework.md;03_research/sector_frameworks/clean_tech_framework.md;03_research/sector_frameworks/semiconductor_framework.md;05_scripts/make_weekly_report.py;07_reviews/latest_weekly_report.md;07_reviews/phase1e_skill_draft_report.md;07_reviews/phase2a_real_universe_setup_report.md;skills/early-public-equity-research/SKILL.md;skills/early-public-equity-research/references/memo_rubric.md;skills/early-public-equity-research/references/phase_status.md;skills/early-public-equity-research/references/red_team_checklist.md;skills/early-public-equity-research/references/source_policy.md;skills/early-public-equity-research/references/workflow.md;tests/smoke_tests.py,,phase0a;phase0b;phase1a;phase1b;phase1c;phase1d;phase1e;phase2b
phase2b,historical_or_phase_specific,20,05_scripts/make_gpt_packet.py,01_universe/phase2c_selected_candidates.csv;04_data/phase2b_candidate_screening_results.csv,03_research/gpt_packets/ACMR_gpt_packet.md;03_research/gpt_packets/ALAB_gpt_packet.md;03_research/gpt_packets/ARRY_gpt_packet.md;03_research/gpt_packets/CRSP_gpt_packet.md;03_research/gpt_packets/CRWV_gpt_packet.md;03_research/gpt_packets/ENVX_gpt_packet.md;03_research/gpt_packets/FLNC_gpt_packet.md;03_research/gpt_packets/IOT_gpt_packet.md;03_research/gpt_packets/NVTS_gpt_packet.md;03_research/gpt_packets/RBRK_gpt_packet.md;03_research/gpt_packets/RXRX_gpt_packet.md;03_research/gpt_packets/TEM_gpt_packet.md,07_reviews/phase2a_real_universe_setup_report.md;07_reviews/phase2b_candidate_sourcing_report.md;07_reviews/phase2c_sec_fetch_report.md;07_reviews/phase2d_gpt_packet_report.md,,01_universe/phase2b_candidate_source_log.md,01_universe/phase2b_candidate_source_log.md;01_universe/phase2c_selected_candidates.csv;01_universe/real_candidate_sources.md;01_universe/real_candidate_universe.csv;01_universe/test_fixtures.csv;01_universe/universe.csv;02_filings/filing_notes/ACMR_filing_note.md;02_filings/filing_notes/ALAB_filing_note.md;02_filings/filing_notes/ARRY_filing_note.md;02_filings/filing_notes/CRSP_filing_note.md;02_filings/filing_notes/CRWV_filing_note.md;02_filings/filing_notes/ENVX_filing_note.md;02_filings/filing_notes/FLNC_filing_note.md;02_filings/filing_notes/IOT_filing_note.md;02_filings/filing_notes/NVTS_filing_note.md;02_filings/filing_notes/RBRK_filing_note.md;02_filings/filing_notes/RXRX_filing_note.md;02_filings/filing_notes/TEM_filing_note.md;02_filings/sec_raw/ACMR_submissions.json;02_filings/sec_raw/ALAB_submissions.json;02_filings/sec_raw/ARRY_submissions.json;02_filings/sec_raw/CRSP_submissions.json;02_filings/sec_raw/CRWV_submissions.json;02_filings/sec_raw/ENVX_submissions.json;02_filings/sec_raw/FLNC_submissions.json;02_filings/sec_raw/IOT_submissions.json;02_filings/sec_raw/NVTS_submissions.json;02_filings/sec_raw/RBRK_submissions.json;02_filings/sec_raw/RXRX_submissions.json;02_filings/sec_raw/TEM_submissions.json;03_research/gpt_packets/ACMR_gpt_packet.md;03_research/gpt_packets/ALAB_gpt_packet.md;03_research/gpt_packets/ARRY_gpt_packet.md;03_research/gpt_packets/CRSP_gpt_packet.md;03_research/gpt_packets/CRWV_gpt_packet.md;03_research/gpt_packets/ENVX_gpt_packet.md;03_research/gpt_packets/FLNC_gpt_packet.md;03_research/gpt_packets/IOT_gpt_packet.md;03_research/gpt_packets/NVTS_gpt_packet.md;03_research/gpt_packets/RBRK_gpt_packet.md;03_research/gpt_packets/RXRX_gpt_packet.md;03_research/gpt_packets/TEM_gpt_packet.md;03_research/sector_frameworks/ai_infrastructure_framework.md;03_research/sector_frameworks/biotech_framework.md;03_research/sector_frameworks/clean_tech_framework.md;03_research/sector_frameworks/semiconductor_framework.md;04_data/phase2b_candidate_screening_results.csv;05_scripts/make_gpt_packet.py;05_scripts/make_weekly_report.py;05_scripts/risk_calculator.py;05_scripts/screen_universe.py;05_scripts/update_sec_filings.py;07_reviews/latest_weekly_report.md;07_reviews/phase2a_real_universe_setup_report.md;07_reviews/phase2b_candidate_sourcing_report.md;tests/smoke_tests.py,02_filings/filing_notes/{TICKER}_filing_note.md;02_filings/sec_raw/{TICKER}_submissions.json,phase1;phase1b;phase2a;phase2c;phase2d
phase2c,historical_or_phase_specific,25,05_scripts/enrich_candidate_financials.py;05_scripts/make_gpt_packet.py;05_scripts/review_8k_and_dilution_filings.py;05_scripts/score_phase2e_candidates.py;05_scripts/update_sec_filings.py;05_scripts/validate_manual_market_data.py,01_universe/phase2c_selected_candidates.csv;04_data/phase2e1_manual_market_data_README.md,03_research/gpt_packets/ACMR_gpt_packet.md;03_research/gpt_packets/ALAB_gpt_packet.md;03_research/gpt_packets/ARRY_gpt_packet.md;03_research/gpt_packets/CRSP_gpt_packet.md;03_research/gpt_packets/CRWV_gpt_packet.md;03_research/gpt_packets/ENVX_gpt_packet.md;03_research/gpt_packets/FLNC_gpt_packet.md;03_research/gpt_packets/IOT_gpt_packet.md;03_research/gpt_packets/NVTS_gpt_packet.md;03_research/gpt_packets/RBRK_gpt_packet.md;03_research/gpt_packets/RXRX_gpt_packet.md;03_research/gpt_packets/TEM_gpt_packet.md,07_reviews/phase2b_candidate_sourcing_report.md;07_reviews/phase2c_sec_fetch_report.md;07_reviews/phase2d_gpt_packet_report.md;07_reviews/phase2e1_market_8k_dilution_report_after_filled_data.md;07_reviews/phase2e_financial_enrichment_report.md,,,01_universe/phase2b_candidate_source_log.md;01_universe/phase2c_selected_candidates.csv;01_universe/real_candidate_universe.csv;02_filings/filing_notes/ACMR_filing_note.md;02_filings/filing_notes/ALAB_filing_note.md;02_filings/filing_notes/ARRY_filing_note.md;02_filings/filing_notes/CRSP_filing_note.md;02_filings/filing_notes/CRWV_filing_note.md;02_filings/filing_notes/ENVX_filing_note.md;02_filings/filing_notes/FLNC_filing_note.md;02_filings/filing_notes/IOT_filing_note.md;02_filings/filing_notes/NVTS_filing_note.md;02_filings/filing_notes/RBRK_filing_note.md;02_filings/filing_notes/RXRX_filing_note.md;02_filings/filing_notes/TEM_filing_note.md;02_filings/sec_raw/ACMR_submissions.json;02_filings/sec_raw/ALAB_submissions.json;02_filings/sec_raw/ARRY_submissions.json;02_filings/sec_raw/CRSP_submissions.json;02_filings/sec_raw/CRWV_submissions.json;02_filings/sec_raw/ENVX_submissions.json;02_filings/sec_raw/FLNC_submissions.json;02_filings/sec_raw/IOT_submissions.json;02_filings/sec_raw/NVTS_submissions.json;02_filings/sec_raw/RBRK_submissions.json;02_filings/sec_raw/RXRX_submissions.json;02_filings/sec_raw/TEM_submissions.json;03_research/gpt_packets/ACMR_gpt_packet.md;03_research/gpt_packets/ALAB_gpt_packet.md;03_research/gpt_packets/ARRY_gpt_packet.md;03_research/gpt_packets/CRSP_gpt_packet.md;03_research/gpt_packets/CRWV_gpt_packet.md;03_research/gpt_packets/ENVX_gpt_packet.md;03_research/gpt_packets/FLNC_gpt_packet.md;03_research/gpt_packets/IOT_gpt_packet.md;03_research/gpt_packets/NVTS_gpt_packet.md;03_research/gpt_packets/RBRK_gpt_packet.md;03_research/gpt_packets/RXRX_gpt_packet.md;03_research/gpt_packets/TEM_gpt_packet.md;04_data/phase2b_candidate_screening_results.csv;04_data/phase2e1_8k_dilution_review.csv;04_data/phase2e1_manual_market_data_filled.csv;04_data/phase2e1_manual_market_data_validated.csv;04_data/phase2e1_rescored_candidates.csv;04_data/phase2e_financial_enrichment.csv;04_data/phase2e_first_triage_scores.csv;05_scripts/enrich_candidate_financials.py;05_scripts/make_gpt_packet.py;05_scripts/make_weekly_report.py;05_scripts/rescore_phase2e1_candidates.py;05_scripts/risk_calculator.py;05_scripts/score_phase2e_candidates.py;05_scripts/screen_universe.py;05_scripts/update_sec_filings.py;05_scripts/validate_manual_market_data.py;07_reviews/latest_weekly_report.md;07_reviews/phase2b_candidate_sourcing_report.md;tests/smoke_tests.py,02_filings/filing_notes/{TICKER}_filing_note.md;02_filings/sec_raw/{TICKER}_submissions.json;03_research/triage_notes/{TICKER}_triage_note.md;03_research/triage_notes_phase2e1/{TICKER}_phase2e1_note.md,phase1;phase2b;phase2d;phase2e;phase2e1;phase2f
phase2d,historical_or_phase_specific,2,,,,07_reviews/phase2c_sec_fetch_report.md;07_reviews/phase2d_gpt_packet_report.md,,,01_universe/phase2c_selected_candidates.csv;01_universe/real_candidate_universe.csv;02_filings/filing_notes/ACMR_filing_note.md;02_filings/filing_notes/ALAB_filing_note.md;02_filings/filing_notes/ARRY_filing_note.md;02_filings/filing_notes/CRSP_filing_note.md;02_filings/filing_notes/CRWV_filing_note.md;02_filings/filing_notes/ENVX_filing_note.md;02_filings/filing_notes/FLNC_filing_note.md;02_filings/filing_notes/IOT_filing_note.md;02_filings/filing_notes/NVTS_filing_note.md;02_filings/filing_notes/RBRK_filing_note.md;02_filings/filing_notes/RXRX_filing_note.md;02_filings/filing_notes/TEM_filing_note.md;02_filings/sec_raw/ACMR_submissions.json;02_filings/sec_raw/ALAB_submissions.json;02_filings/sec_raw/ARRY_submissions.json;02_filings/sec_raw/CRSP_submissions.json;02_filings/sec_raw/CRWV_submissions.json;02_filings/sec_raw/ENVX_submissions.json;02_filings/sec_raw/FLNC_submissions.json;02_filings/sec_raw/IOT_submissions.json;02_filings/sec_raw/NVTS_submissions.json;02_filings/sec_raw/RBRK_submissions.json;02_filings/sec_raw/RXRX_submissions.json;02_filings/sec_raw/TEM_submissions.json;03_research/gpt_packets/ACMR_gpt_packet.md;03_research/gpt_packets/ALAB_gpt_packet.md;03_research/gpt_packets/ARRY_gpt_packet.md;03_research/gpt_packets/CRSP_gpt_packet.md;03_research/gpt_packets/CRWV_gpt_packet.md;03_research/gpt_packets/ENVX_gpt_packet.md;03_research/gpt_packets/FLNC_gpt_packet.md;03_research/gpt_packets/IOT_gpt_packet.md;03_research/gpt_packets/NVTS_gpt_packet.md;03_research/gpt_packets/RBRK_gpt_packet.md;03_research/gpt_packets/RXRX_gpt_packet.md;03_research/gpt_packets/TEM_gpt_packet.md;04_data/phase2b_candidate_screening_results.csv;05_scripts/make_gpt_packet.py;05_scripts/make_weekly_report.py;05_scripts/risk_calculator.py;05_scripts/screen_universe.py;05_scripts/update_sec_filings.py;07_reviews/latest_weekly_report.md;tests/smoke_tests.py,02_filings/filing_notes/{TICKER}_filing_note.md;02_filings/sec_raw/{TICKER}_submissions.json,phase1;phase2b;phase2c
phase2e,historical_or_phase_specific,43,05_scripts/enrich_candidate_financials.py;05_scripts/rescore_phase2e1_candidates.py;05_scripts/score_phase2e_candidates.py;05_scripts/score_phase2f_memos.py;05_scripts/validate_manual_market_data.py,04_data/phase2e1_manual_market_data_README.md;04_data/phase2e_financial_enrichment.csv;04_data/phase2e_first_triage_scores.csv;04_data/phase2f_memo_scores.csv,03_research/company_memos_phase2f/IOT_company_memo.md;03_research/company_memos_phase2f/RBRK_company_memo.md;03_research/gpt_review_phase2g/IOT_gpt_review.md;03_research/gpt_review_phase2g/RBRK_gpt_review.md;03_research/triage_notes/ACMR_triage_note.md;03_research/triage_notes/ALAB_triage_note.md;03_research/triage_notes/ARRY_triage_note.md;03_research/triage_notes/CRSP_triage_note.md;03_research/triage_notes/CRWV_triage_note.md;03_research/triage_notes/ENVX_triage_note.md;03_research/triage_notes/FLNC_triage_note.md;03_research/triage_notes/IOT_triage_note.md;03_research/triage_notes/NVTS_triage_note.md;03_research/triage_notes/RBRK_triage_note.md;03_research/triage_notes/RXRX_triage_note.md;03_research/triage_notes/TEM_triage_note.md;03_research/triage_notes_phase2e1/ACMR_phase2e1_note.md;03_research/triage_notes_phase2e1/ALAB_phase2e1_note.md;03_research/triage_notes_phase2e1/ARRY_phase2e1_note.md;03_research/triage_notes_phase2e1/CRSP_phase2e1_note.md;03_research/triage_notes_phase2e1/CRWV_phase2e1_note.md;03_research/triage_notes_phase2e1/ENVX_phase2e1_note.md;03_research/triage_notes_phase2e1/FLNC_phase2e1_note.md;03_research/triage_notes_phase2e1/IOT_phase2e1_note.md;03_research/triage_notes_phase2e1/NVTS_phase2e1_note.md;03_research/triage_notes_phase2e1/RBRK_phase2e1_note.md;03_research/triage_notes_phase2e1/RXRX_phase2e1_note.md;03_research/triage_notes_phase2e1/TEM_phase2e1_note.md,07_reviews/phase2e1_market_8k_dilution_report.md;07_reviews/phase2e1_market_8k_dilution_report_after_filled_data.md;07_reviews/phase2e_financial_enrichment_report.md;07_reviews/phase2f_memo_review_report.md;07_reviews/phase2g_gpt_review_report.md,,05_scripts/__pycache__/score_phase2e_candidates.cpython-312.pyc,01_universe/real_candidate_universe.csv;02_filings/filing_notes/IOT_filing_note.md;02_filings/filing_notes/RBRK_filing_note.md;02_filings/sec_raw/IOT_submissions.json;02_filings/sec_raw/RBRK_submissions.json;03_research/company_memos_phase2f/IOT_company_memo.md;03_research/company_memos_phase2f/RBRK_company_memo.md;03_research/filing_excerpts_phase2f/IOT_filing_excerpts.md;03_research/filing_excerpts_phase2f/RBRK_filing_excerpts.md;03_research/gpt_packets/IOT_gpt_packet.md;03_research/gpt_packets/RBRK_gpt_packet.md;03_research/gpt_review_phase2g/IOT_gpt_review.md;03_research/gpt_review_phase2g/RBRK_gpt_review.md;03_research/red_team_phase2f/IOT_red_team.md;03_research/red_team_phase2f/RBRK_red_team.md;03_research/triage_notes_phase2e1/ACMR_phase2e1_note.md;03_research/triage_notes_phase2e1/ALAB_phase2e1_note.md;03_research/triage_notes_phase2e1/ARRY_phase2e1_note.md;03_research/triage_notes_phase2e1/CRSP_phase2e1_note.md;03_research/triage_notes_phase2e1/CRWV_phase2e1_note.md;03_research/triage_notes_phase2e1/ENVX_phase2e1_note.md;03_research/triage_notes_phase2e1/FLNC_phase2e1_note.md;03_research/triage_notes_phase2e1/IOT_phase2e1_note.md;03_research/triage_notes_phase2e1/NVTS_phase2e1_note.md;03_research/triage_notes_phase2e1/RBRK_phase2e1_note.md;03_research/triage_notes_phase2e1/RXRX_phase2e1_note.md;03_research/triage_notes_phase2e1/TEM_phase2e1_note.md;04_data/phase2e1_8k_dilution_review.csv;04_data/phase2e1_manual_market_data_README.md;04_data/phase2e1_manual_market_data_filled.csv;04_data/phase2e1_manual_market_data_template.csv;04_data/phase2e1_manual_market_data_validated.csv;04_data/phase2e1_rescored_candidates.csv;04_data/phase2e_financial_enrichment.csv;04_data/phase2e_first_triage_scores.csv;04_data/phase2f_memo_scores.csv;04_data/phase2g_review_labels.csv;05_scripts/enrich_candidate_financials.py;05_scripts/extract_phase2f_filing_excerpts.py;05_scripts/make_gpt_packet.py;05_scripts/make_weekly_report.py;05_scripts/rescore_phase2e1_candidates.py;05_scripts/review_8k_and_dilution_filings.py;05_scripts/risk_calculator.py;05_scripts/score_phase2e_candidates.py;05_scripts/score_phase2f_memos.py;05_scripts/screen_universe.py;05_scripts/update_sec_filings.py;05_scripts/validate_manual_market_data.py;07_reviews/latest_weekly_report.md;07_reviews/phase2f_memo_review_report.md;07_reviews/phase2g_gpt_review_report.md;tests/smoke_tests.py,03_research/triage_notes/{TICKER}_triage_note.md;03_research/triage_notes_phase2e1/{TICKER}_phase2e1_note.md,phase2c;phase2e1;phase2f;phase2g;phase2h
phase2e1,historical_or_phase_specific,35,05_scripts/create_phase2l_valuation_earnings_workpapers.py;05_scripts/create_phase2o_paper_execution_readiness.py;05_scripts/create_phase2r_paper_execution_log.py;05_scripts/extract_phase2f_filing_excerpts.py;05_scripts/rescore_phase2e1_candidates.py;05_scripts/review_8k_and_dilution_filings.py;05_scripts/score_phase2f_memos.py;05_scripts/validate_manual_market_data.py,04_data/phase2e1_8k_dilution_review.csv;04_data/phase2e1_manual_market_data_README.md;04_data/phase2e1_manual_market_data_filled.csv;04_data/phase2e1_manual_market_data_template.csv;04_data/phase2e1_manual_market_data_validated.csv;04_data/phase2e1_rescored_candidates.csv,03_research/company_memos_phase2f/IOT_company_memo.md;03_research/company_memos_phase2f/RBRK_company_memo.md;03_research/gpt_review_phase2g/IOT_gpt_review.md;03_research/gpt_review_phase2g/RBRK_gpt_review.md;03_research/triage_notes_phase2e1/ACMR_phase2e1_note.md;03_research/triage_notes_phase2e1/ALAB_phase2e1_note.md;03_research/triage_notes_phase2e1/ARRY_phase2e1_note.md;03_research/triage_notes_phase2e1/CRSP_phase2e1_note.md;03_research/triage_notes_phase2e1/CRWV_phase2e1_note.md;03_research/triage_notes_phase2e1/ENVX_phase2e1_note.md;03_research/triage_notes_phase2e1/FLNC_phase2e1_note.md;03_research/triage_notes_phase2e1/IOT_phase2e1_note.md;03_research/triage_notes_phase2e1/NVTS_phase2e1_note.md;03_research/triage_notes_phase2e1/RBRK_phase2e1_note.md;03_research/triage_notes_phase2e1/RXRX_phase2e1_note.md;03_research/triage_notes_phase2e1/TEM_phase2e1_note.md,07_reviews/phase2e1_market_8k_dilution_report.md;07_reviews/phase2e1_market_8k_dilution_report_after_filled_data.md;07_reviews/phase2f_memo_review_report.md;07_reviews/phase2g_gpt_review_report.md,,05_scripts/__pycache__/rescore_phase2e1_candidates.cpython-312.pyc,02_filings/filing_notes/IOT_filing_note.md;02_filings/filing_notes/RBRK_filing_note.md;02_filings/sec_raw/IOT_submissions.json;02_filings/sec_raw/RBRK_submissions.json;03_research/company_memos_phase2f/IOT_company_memo.md;03_research/company_memos_phase2f/RBRK_company_memo.md;03_research/filing_excerpts_phase2f/IOT_filing_excerpts.md;03_research/filing_excerpts_phase2f/RBRK_filing_excerpts.md;03_research/gpt_packets/IOT_gpt_packet.md;03_research/gpt_packets/RBRK_gpt_packet.md;03_research/gpt_review_phase2g/IOT_gpt_review.md;03_research/gpt_review_phase2g/RBRK_gpt_review.md;03_research/human_notes_synthesis_phase2i/IOT_synthesis.md;03_research/human_notes_synthesis_phase2i/RBRK_synthesis.md;03_research/paper_execution_decision_phase2q/IOT_phase2q_decision_gate.md;03_research/paper_execution_decision_phase2q/RBRK_phase2q_decision_gate.md;03_research/paper_plan_drafts_phase2n/IOT_paper_plan_draft.md;03_research/paper_plan_drafts_phase2n/RBRK_paper_plan_draft.md;03_research/peer_data_phase2k/IOT_peer_data.md;03_research/peer_data_phase2k/RBRK_peer_data.md;03_research/red_team_phase2f/IOT_red_team.md;03_research/red_team_phase2f/RBRK_red_team.md;03_research/scenario_peer_work_phase2j/IOT_peer_framework.md;03_research/scenario_peer_work_phase2j/IOT_scenario_workpaper.md;03_research/scenario_peer_work_phase2j/RBRK_peer_framework.md;03_research/scenario_peer_work_phase2j/RBRK_scenario_workpaper.md;03_research/triage_notes_phase2e1/ACMR_phase2e1_note.md;03_research/triage_notes_phase2e1/ALAB_phase2e1_note.md;03_research/triage_notes_phase2e1/ARRY_phase2e1_note.md;03_research/triage_notes_phase2e1/CRSP_phase2e1_note.md;03_research/triage_notes_phase2e1/CRWV_phase2e1_note.md;03_research/triage_notes_phase2e1/ENVX_phase2e1_note.md;03_research/triage_notes_phase2e1/FLNC_phase2e1_note.md;03_research/triage_notes_phase2e1/IOT_phase2e1_note.md;03_research/triage_notes_phase2e1/NVTS_phase2e1_note.md;03_research/triage_notes_phase2e1/RBRK_phase2e1_note.md;03_research/triage_notes_phase2e1/RXRX_phase2e1_note.md;03_research/triage_notes_phase2e1/TEM_phase2e1_note.md;03_research/valuation_earnings_phase2l/IOT_next_earnings_checklist.md;03_research/valuation_earnings_phase2l/IOT_valuation_risk_workpaper.md;03_research/valuation_earnings_phase2l/RBRK_next_earnings_checklist.md;03_research/valuation_earnings_phase2l/RBRK_valuation_risk_workpaper.md;04_data/phase2e1_8k_dilution_review.csv;04_data/phase2e1_manual_market_data_README.md;04_data/phase2e1_manual_market_data_filled.csv;04_data/phase2e1_manual_market_data_template.csv;04_data/phase2e1_manual_market_data_validated.csv;04_data/phase2e1_rescored_candidates.csv;04_data/phase2e_financial_enrichment.csv;04_data/phase2e_first_triage_scores.csv;04_data/phase2f_memo_scores.csv;04_data/phase2g_review_labels.csv;04_data/phase2i_synthesis_labels.csv;04_data/phase2k_peer_data.csv;04_data/phase2k_peer_data_quality.csv;04_data/phase2l_valuation_earnings_labels.csv;04_data/phase2n_paper_plan_draft_labels.csv;04_data/phase2n_paper_plan_risk_template.csv;04_data/phase2o_manual_chart_review_validated.csv;04_data/phase2p_paper_execution_log.csv;04_data/phase2q_execution_decision.csv;04_data/phase2q_manual_execution_inputs_validated.csv;04_data/phase2q_risk_calculator_results.csv;05_scripts/extract_phase2f_filing_excerpts.py;05_scripts/make_weekly_report.py;05_scripts/rescore_phase2e1_candidates.py;05_scripts/review_8k_and_dilution_filings.py;05_scripts/score_phase2f_memos.py;05_scripts/validate_manual_market_data.py;07_reviews/latest_weekly_report.md;07_reviews/phase2f_memo_review_report.md;07_reviews/phase2g_gpt_review_report.md;07_reviews/phase2k_peer_data_report.md;07_reviews/phase2l_valuation_earnings_report.md;tests/smoke_tests.py,03_research/triage_notes_phase2e1/{TICKER}_phase2e1_note.md,phase2c;phase2e;phase2f;phase2g;phase2h;phase2i;phase2j;phase2k;phase2l;phase2m;phase2n;phase2o;phase2p;phase2q;phase2r;phase2s
phase2f,historical_or_phase_specific,25,05_scripts/create_phase2h_manual_review_worksheets.py;05_scripts/create_phase2j_scenario_peer_workpapers.py;05_scripts/create_phase2m_research_decision_review.py;05_scripts/extract_phase2f_filing_excerpts.py;05_scripts/score_phase2f_memos.py;05_scripts/synthesize_phase2i_human_notes.py,04_data/phase2f_memo_scores.csv;04_data/phase2g_review_labels.csv,03_research/company_memos_phase2f/IOT_company_memo.md;03_research/company_memos_phase2f/RBRK_company_memo.md;03_research/filing_excerpts_phase2f/IOT_filing_excerpts.md;03_research/filing_excerpts_phase2f/RBRK_filing_excerpts.md;03_research/manual_filing_review_phase2h/IOT_manual_filing_review.md;03_research/manual_filing_review_phase2h/RBRK_manual_filing_review.md;03_research/red_team_phase2f/IOT_red_team.md;03_research/red_team_phase2f/RBRK_red_team.md,07_reviews/phase2e1_market_8k_dilution_report.md;07_reviews/phase2e1_market_8k_dilution_report_after_filled_data.md;07_reviews/phase2e_financial_enrichment_report.md;07_reviews/phase2f_memo_review_report.md;07_reviews/phase2g_gpt_review_report.md;07_reviews/phase2i_human_notes_synthesis_report.md;07_reviews/phase2m_research_decision_report.md,,05_scripts/__pycache__/extract_phase2f_filing_excerpts.cpython-312.pyc;05_scripts/__pycache__/score_phase2f_memos.cpython-312.pyc,01_universe/real_candidate_universe.csv;02_filings/filing_notes/IOT_filing_note.md;02_filings/filing_notes/RBRK_filing_note.md;02_filings/sec_raw/IOT_submissions.json;02_filings/sec_raw/RBRK_submissions.json;03_research/company_memos_phase2f/IOT_company_memo.md;03_research/company_memos_phase2f/RBRK_company_memo.md;03_research/filing_excerpts_phase2f/IOT_filing_excerpts.md;03_research/filing_excerpts_phase2f/RBRK_filing_excerpts.md;03_research/gpt_packets/IOT_gpt_packet.md;03_research/gpt_packets/RBRK_gpt_packet.md;03_research/gpt_review_phase2g/IOT_gpt_review.md;03_research/gpt_review_phase2g/RBRK_gpt_review.md;03_research/human_notes_synthesis_phase2i/IOT_synthesis.md;03_research/human_notes_synthesis_phase2i/RBRK_synthesis.md;03_research/manual_filing_review_phase2h/IOT_manual_filing_review.md;03_research/manual_filing_review_phase2h/RBRK_manual_filing_review.md;03_research/manual_filing_review_phase2h/phase2h_review_tracker.csv;03_research/peer_data_phase2k/IOT_peer_data.md;03_research/peer_data_phase2k/RBRK_peer_data.md;03_research/red_team_phase2f/IOT_red_team.md;03_research/red_team_phase2f/RBRK_red_team.md;03_research/scenario_peer_work_phase2j/IOT_peer_framework.md;03_research/scenario_peer_work_phase2j/IOT_scenario_workpaper.md;03_research/scenario_peer_work_phase2j/RBRK_peer_framework.md;03_research/scenario_peer_work_phase2j/RBRK_scenario_workpaper.md;03_research/triage_notes_phase2e1/ACMR_phase2e1_note.md;03_research/triage_notes_phase2e1/ALAB_phase2e1_note.md;03_research/triage_notes_phase2e1/ARRY_phase2e1_note.md;03_research/triage_notes_phase2e1/CRSP_phase2e1_note.md;03_research/triage_notes_phase2e1/CRWV_phase2e1_note.md;03_research/triage_notes_phase2e1/ENVX_phase2e1_note.md;03_research/triage_notes_phase2e1/FLNC_phase2e1_note.md;03_research/triage_notes_phase2e1/IOT_phase2e1_note.md;03_research/triage_notes_phase2e1/NVTS_phase2e1_note.md;03_research/triage_notes_phase2e1/RBRK_phase2e1_note.md;03_research/triage_notes_phase2e1/RXRX_phase2e1_note.md;03_research/triage_notes_phase2e1/TEM_phase2e1_note.md;03_research/valuation_earnings_phase2l/IOT_next_earnings_checklist.md;03_research/valuation_earnings_phase2l/IOT_valuation_risk_workpaper.md;03_research/valuation_earnings_phase2l/RBRK_next_earnings_checklist.md;03_research/valuation_earnings_phase2l/RBRK_valuation_risk_workpaper.md;04_data/phase2e1_8k_dilution_review.csv;04_data/phase2e1_manual_market_data_README.md;04_data/phase2e1_manual_market_data_filled.csv;04_data/phase2e1_manual_market_data_template.csv;04_data/phase2e1_manual_market_data_validated.csv;04_data/phase2e1_rescored_candidates.csv;04_data/phase2e_financial_enrichment.csv;04_data/phase2e_first_triage_scores.csv;04_data/phase2f_memo_scores.csv;04_data/phase2g_review_labels.csv;04_data/phase2j_scenario_peer_labels.csv;04_data/phase2k_peer_data_quality.csv;04_data/phase2l_valuation_earnings_labels.csv;05_scripts/enrich_candidate_financials.py;05_scripts/extract_phase2f_filing_excerpts.py;05_scripts/make_gpt_packet.py;05_scripts/make_weekly_report.py;05_scripts/rescore_phase2e1_candidates.py;05_scripts/review_8k_and_dilution_filings.py;05_scripts/risk_calculator.py;05_scripts/score_phase2e_candidates.py;05_scripts/score_phase2f_memos.py;05_scripts/screen_universe.py;05_scripts/update_sec_filings.py;05_scripts/validate_manual_market_data.py;07_reviews/latest_weekly_report.md;07_reviews/phase2f_memo_review_report.md;07_reviews/phase2g_gpt_review_report.md;07_reviews/phase2j_scenario_peer_report.md;tests/smoke_tests.py,03_research/company_memos_phase2f/{ticker}_company_memo.md;03_research/human_notes_synthesis_phase2i/{ticker}_synthesis.md;03_research/manual_filing_review_phase2h/{ticker}_manual_filing_review.md;03_research/red_team_phase2f/{ticker}_red_team.md;03_research/triage_notes/{TICKER}_triage_note.md;03_research/triage_notes_phase2e1/{TICKER}_phase2e1_note.md,phase2c;phase2e;phase2e1;phase2g;phase2h;phase2i;phase2j;phase2k;phase2l;phase2m;phase2n
phase2g,historical_or_phase_specific,14,05_scripts/create_phase2h_manual_review_worksheets.py;05_scripts/synthesize_phase2i_human_notes.py,04_data/phase2g_review_labels.csv;04_data/phase2i_synthesis_labels.csv,03_research/gpt_review_phase2g/IOT_gpt_review.md;03_research/gpt_review_phase2g/RBRK_gpt_review.md;03_research/human_notes_synthesis_phase2i/IOT_synthesis.md;03_research/human_notes_synthesis_phase2i/RBRK_synthesis.md;03_research/manual_filing_review_phase2h/IOT_manual_filing_review.md;03_research/manual_filing_review_phase2h/RBRK_manual_filing_review.md,07_reviews/phase2f_memo_review_report.md;07_reviews/phase2g_gpt_review_report.md;07_reviews/phase2h_manual_filing_review_report.md;07_reviews/phase2i_human_notes_synthesis_report.md,,,02_filings/filing_notes/IOT_filing_note.md;02_filings/filing_notes/RBRK_filing_note.md;02_filings/sec_raw/IOT_submissions.json;02_filings/sec_raw/RBRK_submissions.json;03_research/company_memos_phase2f/IOT_company_memo.md;03_research/company_memos_phase2f/RBRK_company_memo.md;03_research/filing_excerpts_phase2f/IOT_filing_excerpts.md;03_research/filing_excerpts_phase2f/RBRK_filing_excerpts.md;03_research/gpt_packets/IOT_gpt_packet.md;03_research/gpt_packets/RBRK_gpt_packet.md;03_research/gpt_review_phase2g/IOT_gpt_review.md;03_research/gpt_review_phase2g/RBRK_gpt_review.md;03_research/manual_filing_review_phase2h/IOT_manual_filing_review.md;03_research/manual_filing_review_phase2h/RBRK_manual_filing_review.md;03_research/manual_filing_review_phase2h/phase2h_review_tracker.csv;03_research/red_team_phase2f/IOT_red_team.md;03_research/red_team_phase2f/RBRK_red_team.md;03_research/triage_notes_phase2e1/IOT_phase2e1_note.md;03_research/triage_notes_phase2e1/RBRK_phase2e1_note.md;04_data/phase2e1_8k_dilution_review.csv;04_data/phase2e1_manual_market_data_validated.csv;04_data/phase2e1_rescored_candidates.csv;04_data/phase2e_financial_enrichment.csv;04_data/phase2f_memo_scores.csv;04_data/phase2g_review_labels.csv;05_scripts/create_phase2h_manual_review_worksheets.py;05_scripts/extract_phase2f_filing_excerpts.py;05_scripts/make_weekly_report.py;05_scripts/score_phase2f_memos.py;07_reviews/latest_weekly_report.md;07_reviews/phase2f_memo_review_report.md;07_reviews/phase2g_gpt_review_report.md;07_reviews/phase2h_manual_filing_review_report.md;tests/smoke_tests.py,,phase2e;phase2e1;phase2f;phase2h;phase2i;phase2j
phase2h,historical_or_phase_specific,21,05_scripts/create_phase2h_manual_review_worksheets.py;05_scripts/create_phase2j_scenario_peer_workpapers.py;05_scripts/create_phase2l_valuation_earnings_workpapers.py;05_scripts/synthesize_phase2i_human_notes.py,03_research/manual_filing_review_phase2h/phase2h_review_tracker.csv;04_data/phase2i_synthesis_labels.csv;04_data/phase2o_manual_chart_review_filled.csv;04_data/phase2q_manual_execution_inputs_filled_normalized.csv,03_research/human_notes_synthesis_phase2i/IOT_synthesis.md;03_research/human_notes_synthesis_phase2i/RBRK_synthesis.md;03_research/manual_filing_review_phase2h/.DS_Store;03_research/manual_filing_review_phase2h/IOT_manual_filing_review.md;03_research/manual_filing_review_phase2h/RBRK_manual_filing_review.md;03_research/paper_execution_readiness_phase2o/IOT_paper_execution_readiness.md;03_research/paper_execution_readiness_phase2o/RBRK_paper_execution_readiness.md;03_research/valuation_earnings_phase2l/IOT_next_earnings_checklist.md;03_research/valuation_earnings_phase2l/RBRK_next_earnings_checklist.md,07_reviews/phase2g_gpt_review_report.md;07_reviews/phase2h_manual_filing_review_report.md;07_reviews/phase2i_human_notes_synthesis_report.md,,05_scripts/__pycache__/create_phase2h_manual_review_worksheets.cpython-312.pyc,03_research/company_memos_phase2f/IOT_company_memo.md;03_research/company_memos_phase2f/RBRK_company_memo.md;03_research/filing_excerpts_phase2f/IOT_filing_excerpts.md;03_research/filing_excerpts_phase2f/RBRK_filing_excerpts.md;03_research/gpt_review_phase2g/IOT_gpt_review.md;03_research/gpt_review_phase2g/RBRK_gpt_review.md;03_research/human_notes_synthesis_phase2i/IOT_synthesis.md;03_research/human_notes_synthesis_phase2i/RBRK_synthesis.md;03_research/manual_filing_review_phase2h/IOT_manual_filing_review.md;03_research/manual_filing_review_phase2h/RBRK_manual_filing_review.md;03_research/manual_filing_review_phase2h/phase2h_review_tracker.csv;03_research/peer_data_phase2k/IOT_peer_data.md;03_research/peer_data_phase2k/RBRK_peer_data.md;03_research/red_team_phase2f/IOT_red_team.md;03_research/red_team_phase2f/RBRK_red_team.md;03_research/scenario_peer_work_phase2j/IOT_peer_framework.md;03_research/scenario_peer_work_phase2j/IOT_scenario_workpaper.md;03_research/scenario_peer_work_phase2j/RBRK_peer_framework.md;03_research/scenario_peer_work_phase2j/RBRK_scenario_workpaper.md;03_research/valuation_earnings_phase2l/IOT_next_earnings_checklist.md;03_research/valuation_earnings_phase2l/IOT_valuation_risk_workpaper.md;03_research/valuation_earnings_phase2l/RBRK_next_earnings_checklist.md;03_research/valuation_earnings_phase2l/RBRK_valuation_risk_workpaper.md;04_data/phase2e1_rescored_candidates.csv;04_data/phase2f_memo_scores.csv;04_data/phase2g_review_labels.csv;04_data/phase2i_synthesis_labels.csv;04_data/phase2j_scenario_peer_labels.csv;04_data/phase2k_peer_data.csv;04_data/phase2k_peer_data_quality.csv;04_data/phase2l_valuation_earnings_labels.csv;04_data/phase2o_manual_chart_review_filled.csv;05_scripts/create_phase2h_manual_review_worksheets.py;05_scripts/make_weekly_report.py;07_reviews/latest_weekly_report.md;07_reviews/phase2f_memo_review_report.md;07_reviews/phase2g_gpt_review_report.md;07_reviews/phase2h_manual_filing_review_report.md;07_reviews/phase2j_scenario_peer_report.md;07_reviews/phase2k_peer_data_report.md;07_reviews/phase2l_valuation_earnings_report.md;tests/smoke_tests.py,03_research/company_memos_phase2f/{ticker}_company_memo.md;03_research/human_notes_synthesis_phase2i/{ticker}_synthesis.md;03_research/manual_filing_review_phase2h/{ticker}_manual_filing_review.md;03_research/red_team_phase2f/{ticker}_red_team.md,phase2e;phase2e1;phase2f;phase2g;phase2i;phase2j;phase2k;phase2l;phase2m;phase2n;phase2o;phase2p
phase2i,historical_or_phase_specific,16,05_scripts/create_phase2j_scenario_peer_workpapers.py;05_scripts/create_phase2l_valuation_earnings_workpapers.py;05_scripts/create_phase2m_research_decision_review.py;05_scripts/create_phase2n_paper_plan_drafts.py;05_scripts/synthesize_phase2i_human_notes.py,04_data/phase2i_evidence_gap_matrix.csv;04_data/phase2i_synthesis_labels.csv;04_data/phase2j_scenario_peer_labels.csv,03_research/human_notes_synthesis_phase2i/IOT_synthesis.md;03_research/human_notes_synthesis_phase2i/RBRK_synthesis.md;03_research/scenario_peer_work_phase2j/IOT_scenario_workpaper.md;03_research/scenario_peer_work_phase2j/RBRK_scenario_workpaper.md,07_reviews/phase2h_manual_filing_review_report.md;07_reviews/phase2i_human_notes_synthesis_report.md;07_reviews/phase2m_research_decision_report.md,,05_scripts/__pycache__/synthesize_phase2i_human_notes.cpython-313.pyc,03_research/company_memos_phase2f/IOT_company_memo.md;03_research/company_memos_phase2f/RBRK_company_memo.md;03_research/gpt_review_phase2g/IOT_gpt_review.md;03_research/gpt_review_phase2g/RBRK_gpt_review.md;03_research/human_notes_synthesis_phase2i/IOT_synthesis.md;03_research/human_notes_synthesis_phase2i/RBRK_synthesis.md;03_research/manual_filing_review_phase2h/IOT_manual_filing_review.md;03_research/manual_filing_review_phase2h/RBRK_manual_filing_review.md;03_research/manual_filing_review_phase2h/phase2h_review_tracker.csv;03_research/paper_plan_drafts_phase2n/IOT_paper_plan_draft.md;03_research/paper_plan_drafts_phase2n/RBRK_paper_plan_draft.md;03_research/peer_data_phase2k/IOT_peer_data.md;03_research/peer_data_phase2k/RBRK_peer_data.md;03_research/red_team_phase2f/IOT_red_team.md;03_research/red_team_phase2f/RBRK_red_team.md;03_research/research_decision_phase2m/IOT_research_decision.md;03_research/research_decision_phase2m/RBRK_research_decision.md;03_research/scenario_peer_work_phase2j/IOT_peer_framework.md;03_research/scenario_peer_work_phase2j/IOT_scenario_workpaper.md;03_research/scenario_peer_work_phase2j/RBRK_peer_framework.md;03_research/scenario_peer_work_phase2j/RBRK_scenario_workpaper.md;03_research/valuation_earnings_phase2l/IOT_next_earnings_checklist.md;03_research/valuation_earnings_phase2l/IOT_valuation_risk_workpaper.md;03_research/valuation_earnings_phase2l/RBRK_next_earnings_checklist.md;03_research/valuation_earnings_phase2l/RBRK_valuation_risk_workpaper.md;04_data/phase2g_review_labels.csv;04_data/phase2i_synthesis_labels.csv;04_data/phase2j_scenario_peer_labels.csv;04_data/phase2k_peer_data.csv;04_data/phase2k_peer_data_quality.csv;04_data/phase2l_valuation_earnings_labels.csv;04_data/phase2m_research_decision_labels.csv;04_data/phase2n_paper_plan_draft_labels.csv;04_data/phase2n_paper_plan_risk_template.csv;05_scripts/create_phase2h_manual_review_worksheets.py;05_scripts/make_weekly_report.py;07_reviews/phase2h_manual_filing_review_report.md;07_reviews/phase2j_scenario_peer_report.md;07_reviews/phase2k_peer_data_report.md;07_reviews/phase2l_valuation_earnings_report.md;07_reviews/phase2n_paper_plan_draft_report.md;tests/smoke_tests.py,03_research/company_memos_phase2f/{ticker}_company_memo.md;03_research/human_notes_synthesis_phase2i/{ticker}_synthesis.md;03_research/manual_filing_review_phase2h/{ticker}_manual_filing_review.md;03_research/red_team_phase2f/{ticker}_red_team.md,phase2e1;phase2f;phase2g;phase2h;phase2j;phase2k;phase2l;phase2m;phase2n;phase2o
phase2j,historical_or_phase_specific,23,05_scripts/collect_phase2k_peer_data.py;05_scripts/create_phase2j_scenario_peer_workpapers.py;05_scripts/create_phase2l_valuation_earnings_workpapers.py;05_scripts/create_phase2m_research_decision_review.py;05_scripts/create_phase2n_paper_plan_drafts.py;05_scripts/synthesize_phase2i_human_notes.py,04_data/phase2i_evidence_gap_matrix.csv;04_data/phase2i_synthesis_labels.csv;04_data/phase2j_scenario_peer_labels.csv,03_research/human_notes_synthesis_phase2i/IOT_synthesis.md;03_research/human_notes_synthesis_phase2i/RBRK_synthesis.md;03_research/paper_plan_drafts_phase2n/IOT_paper_plan_draft.md;03_research/paper_plan_drafts_phase2n/RBRK_paper_plan_draft.md;03_research/scenario_peer_work_phase2j/IOT_peer_framework.md;03_research/scenario_peer_work_phase2j/IOT_scenario_workpaper.md;03_research/scenario_peer_work_phase2j/RBRK_peer_framework.md;03_research/scenario_peer_work_phase2j/RBRK_scenario_workpaper.md;03_research/valuation_earnings_phase2l/IOT_valuation_risk_workpaper.md;03_research/valuation_earnings_phase2l/RBRK_valuation_risk_workpaper.md,07_reviews/phase2i_human_notes_synthesis_report.md;07_reviews/phase2j_scenario_peer_report.md;07_reviews/phase2m_research_decision_report.md,,05_scripts/__pycache__/create_phase2j_scenario_peer_workpapers.cpython-313.pyc,03_research/company_memos_phase2f/IOT_company_memo.md;03_research/company_memos_phase2f/RBRK_company_memo.md;03_research/gpt_review_phase2g/IOT_gpt_review.md;03_research/gpt_review_phase2g/RBRK_gpt_review.md;03_research/human_notes_synthesis_phase2i/IOT_synthesis.md;03_research/human_notes_synthesis_phase2i/RBRK_synthesis.md;03_research/manual_filing_review_phase2h/IOT_manual_filing_review.md;03_research/manual_filing_review_phase2h/RBRK_manual_filing_review.md;03_research/manual_filing_review_phase2h/phase2h_review_tracker.csv;03_research/paper_plan_drafts_phase2n/IOT_paper_plan_draft.md;03_research/paper_plan_drafts_phase2n/RBRK_paper_plan_draft.md;03_research/peer_data_phase2k/IOT_peer_data.md;03_research/peer_data_phase2k/RBRK_peer_data.md;03_research/red_team_phase2f/IOT_red_team.md;03_research/red_team_phase2f/RBRK_red_team.md;03_research/research_decision_phase2m/IOT_research_decision.md;03_research/research_decision_phase2m/RBRK_research_decision.md;03_research/scenario_peer_work_phase2j/IOT_peer_framework.md;03_research/scenario_peer_work_phase2j/IOT_scenario_workpaper.md;03_research/scenario_peer_work_phase2j/RBRK_peer_framework.md;03_research/scenario_peer_work_phase2j/RBRK_scenario_workpaper.md;03_research/valuation_earnings_phase2l/IOT_next_earnings_checklist.md;03_research/valuation_earnings_phase2l/IOT_valuation_risk_workpaper.md;03_research/valuation_earnings_phase2l/RBRK_next_earnings_checklist.md;03_research/valuation_earnings_phase2l/RBRK_valuation_risk_workpaper.md;04_data/phase2g_review_labels.csv;04_data/phase2i_synthesis_labels.csv;04_data/phase2j_scenario_peer_labels.csv;04_data/phase2k_peer_data.csv;04_data/phase2k_peer_data_quality.csv;04_data/phase2l_valuation_earnings_labels.csv;04_data/phase2m_research_decision_labels.csv;04_data/phase2n_paper_plan_draft_labels.csv;04_data/phase2n_paper_plan_risk_template.csv;07_reviews/phase2j_scenario_peer_report.md;07_reviews/phase2k_peer_data_report.md;07_reviews/phase2l_valuation_earnings_report.md;07_reviews/phase2n_paper_plan_draft_report.md,03_research/company_memos_phase2f/{ticker}_company_memo.md;03_research/human_notes_synthesis_phase2i/{ticker}_synthesis.md;03_research/manual_filing_review_phase2h/{ticker}_manual_filing_review.md;03_research/red_team_phase2f/{ticker}_red_team.md,phase2e1;phase2f;phase2g;phase2h;phase2i;phase2k;phase2l;phase2m;phase2n;phase2o
phase2k,historical_or_phase_specific,23,05_scripts/collect_phase2k_peer_data.py;05_scripts/create_phase2j_scenario_peer_workpapers.py;05_scripts/create_phase2l_valuation_earnings_workpapers.py;05_scripts/create_phase2m_research_decision_review.py;05_scripts/create_phase2n_paper_plan_drafts.py;05_scripts/score_phase2k_peer_data_quality.py,04_data/phase2k_peer_data.csv;04_data/phase2k_peer_data_quality.csv,03_research/paper_plan_drafts_phase2n/IOT_paper_plan_draft.md;03_research/paper_plan_drafts_phase2n/RBRK_paper_plan_draft.md;03_research/peer_data_phase2k/IOT_peer_data.md;03_research/peer_data_phase2k/RBRK_peer_data.md;03_research/research_decision_phase2m/IOT_research_decision.md;03_research/research_decision_phase2m/RBRK_research_decision.md;03_research/valuation_earnings_phase2l/IOT_next_earnings_checklist.md;03_research/valuation_earnings_phase2l/IOT_valuation_risk_workpaper.md;03_research/valuation_earnings_phase2l/RBRK_next_earnings_checklist.md;03_research/valuation_earnings_phase2l/RBRK_valuation_risk_workpaper.md,07_reviews/phase2j_scenario_peer_report.md;07_reviews/phase2k_peer_data_report.md;07_reviews/phase2m_research_decision_report.md,,05_scripts/__pycache__/collect_phase2k_peer_data.cpython-313.pyc;05_scripts/__pycache__/score_phase2k_peer_data_quality.cpython-313.pyc,03_research/human_notes_synthesis_phase2i/IOT_synthesis.md;03_research/human_notes_synthesis_phase2i/RBRK_synthesis.md;03_research/paper_plan_drafts_phase2n/IOT_paper_plan_draft.md;03_research/paper_plan_drafts_phase2n/RBRK_paper_plan_draft.md;03_research/peer_data_phase2k/IOT_peer_data.md;03_research/peer_data_phase2k/RBRK_peer_data.md;03_research/red_team_phase2f/IOT_red_team.md;03_research/red_team_phase2f/RBRK_red_team.md;03_research/research_decision_phase2m/IOT_research_decision.md;03_research/research_decision_phase2m/RBRK_research_decision.md;03_research/scenario_peer_work_phase2j/IOT_peer_framework.md;03_research/scenario_peer_work_phase2j/IOT_scenario_workpaper.md;03_research/scenario_peer_work_phase2j/RBRK_peer_framework.md;03_research/scenario_peer_work_phase2j/RBRK_scenario_workpaper.md;03_research/valuation_earnings_phase2l/IOT_next_earnings_checklist.md;03_research/valuation_earnings_phase2l/IOT_valuation_risk_workpaper.md;03_research/valuation_earnings_phase2l/RBRK_next_earnings_checklist.md;03_research/valuation_earnings_phase2l/RBRK_valuation_risk_workpaper.md;04_data/phase2i_synthesis_labels.csv;04_data/phase2j_scenario_peer_labels.csv;04_data/phase2k_peer_data.csv;04_data/phase2k_peer_data_quality.csv;04_data/phase2l_valuation_earnings_labels.csv;04_data/phase2m_research_decision_labels.csv;04_data/phase2n_paper_plan_draft_labels.csv;04_data/phase2n_paper_plan_risk_template.csv;07_reviews/phase2j_scenario_peer_report.md;07_reviews/phase2k_peer_data_report.md;07_reviews/phase2l_valuation_earnings_report.md;07_reviews/phase2n_paper_plan_draft_report.md,03_research/company_memos_phase2f/{ticker}_company_memo.md;03_research/human_notes_synthesis_phase2i/{ticker}_synthesis.md;03_research/manual_filing_review_phase2h/{ticker}_manual_filing_review.md;03_research/red_team_phase2f/{ticker}_red_team.md,phase2e1;phase2f;phase2h;phase2i;phase2j;phase2l;phase2m;phase2n;phase2o
phase2l,historical_or_phase_specific,21,05_scripts/collect_phase2k_peer_data.py;05_scripts/create_phase2l_valuation_earnings_workpapers.py;05_scripts/create_phase2m_research_decision_review.py;05_scripts/create_phase2n_paper_plan_drafts.py;05_scripts/create_phase2o_paper_execution_readiness.py;05_scripts/score_phase2k_peer_data_quality.py,04_data/phase2k_peer_data_quality.csv;04_data/phase2l_valuation_earnings_labels.csv;04_data/phase2m_research_decision_labels.csv,03_research/peer_data_phase2k/IOT_peer_data.md;03_research/peer_data_phase2k/RBRK_peer_data.md;03_research/research_decision_phase2m/IOT_research_decision.md;03_research/research_decision_phase2m/RBRK_research_decision.md;03_research/valuation_earnings_phase2l/IOT_next_earnings_checklist.md;03_research/valuation_earnings_phase2l/IOT_valuation_risk_workpaper.md;03_research/valuation_earnings_phase2l/RBRK_next_earnings_checklist.md;03_research/valuation_earnings_phase2l/RBRK_valuation_risk_workpaper.md,07_reviews/phase2k_peer_data_report.md;07_reviews/phase2l_valuation_earnings_report.md;07_reviews/phase2m_research_decision_report.md,,05_scripts/__pycache__/create_phase2l_valuation_earnings_workpapers.cpython-313.pyc,02_filings/filing_notes/IOT_filing_note.md;02_filings/filing_notes/RBRK_filing_note.md;02_filings/sec_raw/IOT_submissions.json;02_filings/sec_raw/RBRK_submissions.json;03_research/human_notes_synthesis_phase2i/IOT_synthesis.md;03_research/human_notes_synthesis_phase2i/RBRK_synthesis.md;03_research/paper_plan_drafts_phase2n/IOT_paper_plan_draft.md;03_research/paper_plan_drafts_phase2n/RBRK_paper_plan_draft.md;03_research/peer_data_phase2k/IOT_peer_data.md;03_research/peer_data_phase2k/RBRK_peer_data.md;03_research/red_team_phase2f/IOT_red_team.md;03_research/red_team_phase2f/RBRK_red_team.md;03_research/research_decision_phase2m/IOT_research_decision.md;03_research/research_decision_phase2m/RBRK_research_decision.md;03_research/scenario_peer_work_phase2j/IOT_peer_framework.md;03_research/scenario_peer_work_phase2j/IOT_scenario_workpaper.md;03_research/scenario_peer_work_phase2j/RBRK_peer_framework.md;03_research/scenario_peer_work_phase2j/RBRK_scenario_workpaper.md;03_research/valuation_earnings_phase2l/IOT_next_earnings_checklist.md;03_research/valuation_earnings_phase2l/IOT_valuation_risk_workpaper.md;03_research/valuation_earnings_phase2l/RBRK_next_earnings_checklist.md;03_research/valuation_earnings_phase2l/RBRK_valuation_risk_workpaper.md;04_data/phase2e1_8k_dilution_review.csv;04_data/phase2e1_manual_market_data_validated.csv;04_data/phase2i_synthesis_labels.csv;04_data/phase2k_peer_data.csv;04_data/phase2k_peer_data_quality.csv;04_data/phase2l_valuation_earnings_labels.csv;04_data/phase2m_research_decision_labels.csv;04_data/phase2n_paper_plan_draft_labels.csv;04_data/phase2n_paper_plan_risk_template.csv;07_reviews/phase2k_peer_data_report.md;07_reviews/phase2l_valuation_earnings_report.md;07_reviews/phase2n_paper_plan_draft_report.md,,phase2e1;phase2f;phase2h;phase2i;phase2j;phase2k;phase2m;phase2n;phase2o;phase2p
phase2m,historical_or_phase_specific,13,05_scripts/create_phase2l_valuation_earnings_workpapers.py;05_scripts/create_phase2m_research_decision_review.py;05_scripts/create_phase2n_paper_plan_drafts.py,04_data/phase2l_valuation_earnings_labels.csv;04_data/phase2m_research_decision_labels.csv;04_data/phase2n_paper_plan_draft_labels.csv,03_research/paper_plan_drafts_phase2n/IOT_paper_plan_draft.md;03_research/paper_plan_drafts_phase2n/RBRK_paper_plan_draft.md;03_research/research_decision_phase2m/IOT_research_decision.md;03_research/research_decision_phase2m/RBRK_research_decision.md,07_reviews/phase2l_valuation_earnings_report.md;07_reviews/phase2m_research_decision_report.md,,05_scripts/__pycache__/create_phase2m_research_decision_review.cpython-313.pyc,03_research/human_notes_synthesis_phase2i/IOT_synthesis.md;03_research/human_notes_synthesis_phase2i/RBRK_synthesis.md;03_research/paper_plan_drafts_phase2n/IOT_paper_plan_draft.md;03_research/paper_plan_drafts_phase2n/RBRK_paper_plan_draft.md;03_research/peer_data_phase2k/IOT_peer_data.md;03_research/peer_data_phase2k/RBRK_peer_data.md;03_research/red_team_phase2f/IOT_red_team.md;03_research/red_team_phase2f/RBRK_red_team.md;03_research/research_decision_phase2m/IOT_research_decision.md;03_research/research_decision_phase2m/RBRK_research_decision.md;03_research/scenario_peer_work_phase2j/IOT_peer_framework.md;03_research/scenario_peer_work_phase2j/IOT_scenario_workpaper.md;03_research/scenario_peer_work_phase2j/RBRK_peer_framework.md;03_research/scenario_peer_work_phase2j/RBRK_scenario_workpaper.md;03_research/valuation_earnings_phase2l/IOT_next_earnings_checklist.md;03_research/valuation_earnings_phase2l/IOT_valuation_risk_workpaper.md;03_research/valuation_earnings_phase2l/RBRK_next_earnings_checklist.md;03_research/valuation_earnings_phase2l/RBRK_valuation_risk_workpaper.md;04_data/phase2i_synthesis_labels.csv;04_data/phase2k_peer_data.csv;04_data/phase2k_peer_data_quality.csv;04_data/phase2l_valuation_earnings_labels.csv;04_data/phase2m_research_decision_labels.csv;04_data/phase2n_paper_plan_draft_labels.csv;04_data/phase2n_paper_plan_risk_template.csv;07_reviews/phase2k_peer_data_report.md;07_reviews/phase2l_valuation_earnings_report.md;07_reviews/phase2n_paper_plan_draft_report.md,,phase2e1;phase2f;phase2h;phase2i;phase2j;phase2k;phase2l;phase2n;phase2o
phase2n,historical_or_phase_specific,20,05_scripts/audit_phase3c_agent_restructure.py;05_scripts/create_phase2m_research_decision_review.py;05_scripts/create_phase2n_paper_plan_drafts.py;05_scripts/create_phase2o_paper_execution_readiness.py;05_scripts/create_phase2p_paper_execution_log_setup.py;05_scripts/create_phase2q_execution_decision_gate.py;05_scripts/create_phase2r_paper_execution_log.py,04_data/phase2m_research_decision_labels.csv;04_data/phase2n_paper_plan_draft_labels.csv;04_data/phase2n_paper_plan_risk_template.csv,03_research/agent_restructure_phase3c/current_structure_audit.md;03_research/paper_execution_readiness_phase2o/IOT_paper_execution_readiness.md;03_research/paper_execution_readiness_phase2o/RBRK_paper_execution_readiness.md;03_research/paper_plan_drafts_phase2n/IOT_paper_plan_draft.md;03_research/paper_plan_drafts_phase2n/RBRK_paper_plan_draft.md;03_research/research_decision_phase2m/IOT_research_decision.md;03_research/research_decision_phase2m/RBRK_research_decision.md,07_reviews/phase2m_research_decision_report.md;07_reviews/phase2n_paper_plan_draft_report.md,,05_scripts/__pycache__/create_phase2n_paper_plan_drafts.cpython-313.pyc,00_rules;00_rules/brokerage_boundary.md;00_rules/manual_approval_policy.md;00_rules/risk_policy.md;01_universe;02_filings;02_filings/filing_notes;02_filings/filing_notes/IOT_filing_note.md;02_filings/filing_notes/RBRK_filing_note.md;02_filings/sec_raw;02_filings/sec_raw/IOT_submissions.json;02_filings/sec_raw/RBRK_submissions.json;03_research;03_research/human_notes_synthesis_phase2i/IOT_synthesis.md;03_research/human_notes_synthesis_phase2i/RBRK_synthesis.md;03_research/paper_execution_decision_phase2q;03_research/paper_execution_decision_phase2q/IOT_phase2q_decision_gate.md;03_research/paper_execution_decision_phase2q/RBRK_phase2q_decision_gate.md;03_research/paper_execution_log_phase2p/IOT_paper_execution_log_setup.md;03_research/paper_execution_log_phase2p/RBRK_paper_execution_log_setup.md;03_research/paper_execution_phase2r;03_research/paper_execution_readiness_phase2o/IOT_paper_execution_readiness.md;03_research/paper_execution_readiness_phase2o/RBRK_paper_execution_readiness.md;03_research/paper_plan_drafts_phase2n;03_research/paper_plan_drafts_phase2n/IOT_paper_plan_draft.md;03_research/paper_plan_drafts_phase2n/RBRK_paper_plan_draft.md;03_research/peer_data_phase2k/IOT_peer_data.md;03_research/peer_data_phase2k/RBRK_peer_data.md;03_research/real_position_audit_phase3a;03_research/real_position_monitoring_phase3b;03_research/red_team_phase2f/IOT_red_team.md;03_research/red_team_phase2f/RBRK_red_team.md;03_research/research_decision_phase2m/IOT_research_decision.md;03_research/research_decision_phase2m/RBRK_research_decision.md;03_research/scenario_peer_work_phase2j/IOT_scenario_workpaper.md;03_research/scenario_peer_work_phase2j/RBRK_scenario_workpaper.md;03_research/valuation_earnings_phase2l/IOT_next_earnings_checklist.md;03_research/valuation_earnings_phase2l/IOT_valuation_risk_workpaper.md;03_research/valuation_earnings_phase2l/RBRK_next_earnings_checklist.md;03_research/valuation_earnings_phase2l/RBRK_valuation_risk_workpaper.md;04_data;04_data/phase2e1_8k_dilution_review.csv;04_data/phase2e1_manual_market_data_validated.csv;04_data/phase2k_peer_data_quality.csv;04_data/phase2l_valuation_earnings_labels.csv;04_data/phase2m_research_decision_labels.csv;04_data/phase2n_paper_plan_draft_labels.csv;04_data/phase2n_paper_plan_risk_template.csv;04_data/phase2o_manual_chart_review_filled.csv;04_data/phase2o_manual_chart_review_validated.csv;04_data/phase2o_paper_execution_readiness.csv;04_data/phase2p_human_signoff_template.csv;04_data/phase2p_paper_execution_log.csv;04_data/phase2p_risk_calculator_inputs.csv;04_data/phase2q_execution_decision.csv;04_data/phase2q_manual_execution_inputs_filled_normalized.csv;04_data/phase2q_manual_execution_inputs_validated.csv;04_data/phase2q_risk_calculator_results.csv;04_data/phase2r_monitoring_checklist.csv;04_data/phase2r_open_paper_positions.csv;04_data/phase2r_paper_execution_log.csv;04_data/phase3a_real_position_audit.csv;04_data/phase3a_structure_transition_checklist.csv;04_data/phase3b_real_position_inputs_filled_normalized.csv;04_data/phase3b_real_position_log.csv;04_data/phase3b_real_position_risk_review.csv;04_data/phase3b_real_risk_calculation.csv;04_data/phase3b_weekly_monitoring_checklist.csv;05_scripts;05_scripts/update_sec_filings.py;06_trading;07_reviews;07_reviews/latest_real_position_weekly_review.md;07_reviews/phase2n_paper_plan_draft_report.md;07_reviews/phase2p_paper_execution_log_setup_report.md;skills;tests,04_data/email_send_log.csv;04_data/latest_real_position_alerts.csv;04_data/phase2p_*;04_data/phase2q_*;04_data/phase2r_*;07_reviews/email_summary.html;07_reviews/email_summary.md,phase0;phase2;phase2e1;phase2f;phase2h;phase2i;phase2j;phase2k;phase2l;phase2m;phase2o;phase2o1b;phase2p;phase2q;phase2r;phase2s;phase3;phase3a;phase3b;phase3c;phase4;phase4a;phase4b;phase5
phase2o,historical_or_phase_specific,19,05_scripts/create_phase2n_paper_plan_drafts.py;05_scripts/create_phase2o_paper_execution_readiness.py;05_scripts/create_phase2p_paper_execution_log_setup.py;05_scripts/create_phase2q_execution_decision_gate.py;05_scripts/create_phase2r_paper_execution_log.py;05_scripts/validate_phase2o_manual_chart_review.py,04_data/phase2o_manual_chart_review_filled.csv;04_data/phase2o_manual_chart_review_validated.csv;04_data/phase2o_paper_execution_readiness.csv;04_data/phase2q_manual_execution_inputs_filled_normalized.csv,03_research/paper_execution_log_phase2p/IOT_paper_execution_log_setup.md;03_research/paper_execution_log_phase2p/RBRK_paper_execution_log_setup.md;03_research/paper_execution_readiness_phase2o/IOT_paper_execution_readiness.md;03_research/paper_execution_readiness_phase2o/RBRK_paper_execution_readiness.md,07_reviews/phase2n_paper_plan_draft_report.md;07_reviews/phase2o_paper_execution_readiness_report.md;07_reviews/phase2o_paper_execution_readiness_report_after_filled_chart.md,,05_scripts/__pycache__/create_phase2o_paper_execution_readiness.cpython-313.pyc;05_scripts/__pycache__/validate_phase2o_manual_chart_review.cpython-313.pyc,02_filings/filing_notes/IOT_filing_note.md;02_filings/filing_notes/RBRK_filing_note.md;02_filings/sec_raw/IOT_submissions.json;02_filings/sec_raw/RBRK_submissions.json;03_research/human_notes_synthesis_phase2i/IOT_synthesis.md;03_research/human_notes_synthesis_phase2i/RBRK_synthesis.md;03_research/paper_execution_decision_phase2q/IOT_phase2q_decision_gate.md;03_research/paper_execution_decision_phase2q/RBRK_phase2q_decision_gate.md;03_research/paper_execution_log_phase2p/IOT_paper_execution_log_setup.md;03_research/paper_execution_log_phase2p/RBRK_paper_execution_log_setup.md;03_research/paper_execution_readiness_phase2o/IOT_paper_execution_readiness.md;03_research/paper_execution_readiness_phase2o/RBRK_paper_execution_readiness.md;03_research/paper_plan_drafts_phase2n/IOT_paper_plan_draft.md;03_research/paper_plan_drafts_phase2n/RBRK_paper_plan_draft.md;03_research/research_decision_phase2m/IOT_research_decision.md;03_research/research_decision_phase2m/RBRK_research_decision.md;03_research/scenario_peer_work_phase2j/IOT_scenario_workpaper.md;03_research/scenario_peer_work_phase2j/RBRK_scenario_workpaper.md;03_research/valuation_earnings_phase2l/IOT_next_earnings_checklist.md;03_research/valuation_earnings_phase2l/IOT_valuation_risk_workpaper.md;03_research/valuation_earnings_phase2l/RBRK_next_earnings_checklist.md;03_research/valuation_earnings_phase2l/RBRK_valuation_risk_workpaper.md;04_data;04_data/phase2e1_8k_dilution_review.csv;04_data/phase2e1_manual_market_data_validated.csv;04_data/phase2m_research_decision_labels.csv;04_data/phase2n_paper_plan_draft_labels.csv;04_data/phase2n_paper_plan_risk_template.csv;04_data/phase2o_manual_chart_review_filled.csv;04_data/phase2o_manual_chart_review_validated.csv;04_data/phase2o_paper_execution_readiness.csv;04_data/phase2p_human_signoff_template.csv;04_data/phase2p_paper_execution_log.csv;04_data/phase2p_risk_calculator_inputs.csv;04_data/phase2q_execution_decision.csv;04_data/phase2q_manual_execution_inputs_filled_normalized.csv;04_data/phase2q_manual_execution_inputs_validated.csv;04_data/phase2q_risk_calculator_results.csv;07_reviews/phase2n_paper_plan_draft_report.md;07_reviews/phase2o_paper_execution_readiness_report.md;07_reviews/phase2p_paper_execution_log_setup_report.md,04_data/phase2o_manual_chart_review_template.csv,phase2e1;phase2h;phase2i;phase2j;phase2k;phase2l;phase2m;phase2n;phase2o1b;phase2p;phase2q;phase2r;phase2s
phase2o1b,historical_or_phase_specific,2,05_scripts/create_phase2p_paper_execution_log_setup.py,04_data/phase2p_paper_execution_log.csv,,,,,03_research/paper_execution_log_phase2p/IOT_paper_execution_log_setup.md;03_research/paper_execution_log_phase2p/RBRK_paper_execution_log_setup.md;03_research/paper_execution_readiness_phase2o/IOT_paper_execution_readiness.md;03_research/paper_execution_readiness_phase2o/RBRK_paper_execution_readiness.md;03_research/paper_plan_drafts_phase2n/IOT_paper_plan_draft.md;03_research/paper_plan_drafts_phase2n/RBRK_paper_plan_draft.md;04_data/phase2n_paper_plan_draft_labels.csv;04_data/phase2n_paper_plan_risk_template.csv;04_data/phase2o_manual_chart_review_validated.csv;04_data/phase2o_paper_execution_readiness.csv;04_data/phase2p_human_signoff_template.csv;04_data/phase2p_paper_execution_log.csv;04_data/phase2p_risk_calculator_inputs.csv;07_reviews/phase2p_paper_execution_log_setup_report.md,,phase2n;phase2o;phase2p;phase2q
phase2p,historical_or_phase_specific,21,05_scripts/audit_phase3a_real_position_structure.py;05_scripts/audit_phase3c_agent_restructure.py;05_scripts/create_phase2o_paper_execution_readiness.py;05_scripts/create_phase2p_paper_execution_log_setup.py;05_scripts/create_phase2q_execution_decision_gate.py;05_scripts/create_phase2r_paper_execution_log.py;05_scripts/run_phase2q_paper_risk_calculator.py,04_data/phase2o_paper_execution_readiness.csv;04_data/phase2p_human_signoff_template.csv;04_data/phase2p_paper_execution_log.csv;04_data/phase2p_risk_calculator_inputs.csv,03_research/agent_restructure_phase3c/current_structure_audit.md;03_research/paper_execution_log_phase2p/IOT_paper_execution_log_setup.md;03_research/paper_execution_log_phase2p/RBRK_paper_execution_log_setup.md;03_research/paper_execution_readiness_phase2o/IOT_paper_execution_readiness.md;03_research/paper_execution_readiness_phase2o/RBRK_paper_execution_readiness.md,07_reviews/phase2o_paper_execution_readiness_report.md;07_reviews/phase2o_paper_execution_readiness_report_after_filled_chart.md;07_reviews/phase2p_paper_execution_log_setup_report.md;07_reviews/phase3a_real_position_structure_audit_report.md,,05_scripts/__pycache__/create_phase2p_paper_execution_log_setup.cpython-313.pyc,00_rules;00_rules/brokerage_boundary.md;00_rules/manual_approval_policy.md;00_rules/risk_policy.md;01_universe;02_filings;02_filings/filing_notes;02_filings/filing_notes/IOT_filing_note.md;02_filings/filing_notes/RBRK_filing_note.md;02_filings/sec_raw;02_filings/sec_raw/IOT_submissions.json;02_filings/sec_raw/RBRK_submissions.json;03_research;03_research/paper_execution_decision_phase2q;03_research/paper_execution_decision_phase2q/IOT_phase2q_decision_gate.md;03_research/paper_execution_decision_phase2q/RBRK_phase2q_decision_gate.md;03_research/paper_execution_log_phase2p/IOT_paper_execution_log_setup.md;03_research/paper_execution_log_phase2p/RBRK_paper_execution_log_setup.md;03_research/paper_execution_phase2r;03_research/paper_execution_readiness_phase2o/IOT_paper_execution_readiness.md;03_research/paper_execution_readiness_phase2o/RBRK_paper_execution_readiness.md;03_research/paper_plan_drafts_phase2n;03_research/paper_plan_drafts_phase2n/IOT_paper_plan_draft.md;03_research/paper_plan_drafts_phase2n/RBRK_paper_plan_draft.md;03_research/real_position_audit_phase3a;03_research/real_position_audit_phase3a/IOT_real_position_audit.md;03_research/real_position_audit_phase3a/RBRK_real_position_audit.md;03_research/real_position_monitoring_phase3b;03_research/valuation_earnings_phase2l/IOT_next_earnings_checklist.md;03_research/valuation_earnings_phase2l/RBRK_next_earnings_checklist.md;04_data;04_data/phase2e1_8k_dilution_review.csv;04_data/phase2e1_manual_market_data_validated.csv;04_data/phase2n_paper_plan_draft_labels.csv;04_data/phase2n_paper_plan_risk_template.csv;04_data/phase2o_manual_chart_review_filled.csv;04_data/phase2o_manual_chart_review_validated.csv;04_data/phase2o_paper_execution_readiness.csv;04_data/phase2p_human_signoff_template.csv;04_data/phase2p_paper_execution_log.csv;04_data/phase2p_risk_calculator_inputs.csv;04_data/phase2q_execution_decision.csv;04_data/phase2q_manual_execution_inputs_filled_normalized.csv;04_data/phase2q_manual_execution_inputs_validated.csv;04_data/phase2q_risk_calculator_results.csv;04_data/phase2r_monitoring_checklist.csv;04_data/phase2r_open_paper_positions.csv;04_data/phase2r_paper_execution_log.csv;04_data/phase3a_real_position_audit.csv;04_data/phase3a_structure_transition_checklist.csv;04_data/phase3b_real_position_inputs_filled_normalized.csv;04_data/phase3b_real_position_log.csv;04_data/phase3b_real_position_risk_review.csv;04_data/phase3b_real_risk_calculation.csv;04_data/phase3b_weekly_monitoring_checklist.csv;05_scripts;05_scripts/audit_phase3a_real_position_structure.py;05_scripts/update_sec_filings.py;06_trading;07_reviews;07_reviews/latest_real_position_weekly_review.md;07_reviews/phase2o_paper_execution_readiness_report.md;07_reviews/phase2p_paper_execution_log_setup_report.md;07_reviews/phase3a_real_position_structure_audit_report.md;skills;tests,03_research/paper_monitoring_phase2s;04_data/email_send_log.csv;04_data/latest_real_position_alerts.csv;04_data/phase2o_manual_chart_review_template.csv;04_data/phase2p_*;04_data/phase2q_*;04_data/phase2r_*;07_reviews/email_summary.html;07_reviews/email_summary.md,phase0;phase2;phase2e1;phase2h;phase2l;phase2n;phase2o;phase2o1b;phase2q;phase2r;phase2s;phase3;phase3a;phase3b;phase3c;phase4;phase4a;phase4b;phase5
phase2q,historical_or_phase_specific,34,05_scripts/audit_phase3a_real_position_structure.py;05_scripts/audit_phase3c_agent_restructure.py;05_scripts/create_phase2p_paper_execution_log_setup.py;05_scripts/create_phase2q_execution_decision_gate.py;05_scripts/create_phase2r_paper_execution_log.py;05_scripts/create_phase3b_real_position_log.py;05_scripts/normalize_phase2q_filled_inputs.py;05_scripts/run_phase2q_paper_risk_calculator.py;05_scripts/validate_phase2q_manual_execution_inputs.py,04_data/phase2p_human_signoff_template.csv;04_data/phase2p_paper_execution_log.csv;04_data/phase2p_risk_calculator_inputs.csv;04_data/phase2q_execution_decision.csv;04_data/phase2q_manual_execution_inputs_filled.xlsx;04_data/phase2q_manual_execution_inputs_filled_normalized.csv;04_data/phase2q_manual_execution_inputs_validated.csv;04_data/phase2q_risk_calculator_results.csv;04_data/phase2r_paper_execution_log.csv,03_research/agent_restructure_phase3c/current_structure_audit.md;03_research/paper_execution_decision_phase2q/IOT_phase2q_decision_gate.md;03_research/paper_execution_decision_phase2q/RBRK_phase2q_decision_gate.md;03_research/paper_execution_log_phase2p/IOT_paper_execution_log_setup.md;03_research/paper_execution_log_phase2p/RBRK_paper_execution_log_setup.md;03_research/paper_execution_phase2r/IOT_paper_execution_record.md;03_research/paper_execution_phase2r/RBRK_paper_execution_record.md,07_reviews/phase2p_paper_execution_log_setup_report.md;07_reviews/phase2q_paper_execution_decision_report.md;07_reviews/phase2q_paper_execution_decision_report_after_filled_inputs.md;07_reviews/phase2r_paper_execution_report.md;07_reviews/phase3a_real_position_structure_audit_report.md,,05_scripts/__pycache__/create_phase2q_execution_decision_gate.cpython-313.pyc;05_scripts/__pycache__/normalize_phase2q_filled_inputs.cpython-313.pyc;05_scripts/__pycache__/run_phase2q_paper_risk_calculator.cpython-313.pyc;05_scripts/__pycache__/validate_phase2q_manual_execution_inputs.cpython-313.pyc,00_rules;00_rules/brokerage_boundary.md;00_rules/manual_approval_policy.md;00_rules/risk_policy.md;01_universe;02_filings;02_filings/filing_notes;02_filings/sec_raw;03_research;03_research/paper_execution_decision_phase2q;03_research/paper_execution_decision_phase2q/IOT_phase2q_decision_gate.md;03_research/paper_execution_decision_phase2q/RBRK_phase2q_decision_gate.md;03_research/paper_execution_log_phase2p/IOT_paper_execution_log_setup.md;03_research/paper_execution_log_phase2p/RBRK_paper_execution_log_setup.md;03_research/paper_execution_phase2r;03_research/paper_execution_phase2r/IOT_paper_execution_record.md;03_research/paper_execution_phase2r/RBRK_paper_execution_record.md;03_research/paper_execution_readiness_phase2o/IOT_paper_execution_readiness.md;03_research/paper_execution_readiness_phase2o/RBRK_paper_execution_readiness.md;03_research/paper_plan_drafts_phase2n;03_research/paper_plan_drafts_phase2n/IOT_paper_plan_draft.md;03_research/paper_plan_drafts_phase2n/RBRK_paper_plan_draft.md;03_research/real_position_audit_phase3a;03_research/real_position_audit_phase3a/IOT_real_position_audit.md;03_research/real_position_audit_phase3a/RBRK_real_position_audit.md;03_research/real_position_monitoring_phase3b;04_data;04_data/phase2n_paper_plan_draft_labels.csv;04_data/phase2n_paper_plan_risk_template.csv;04_data/phase2o_manual_chart_review_validated.csv;04_data/phase2o_paper_execution_readiness.csv;04_data/phase2p_human_signoff_template.csv;04_data/phase2p_paper_execution_log.csv;04_data/phase2p_risk_calculator_inputs.csv;04_data/phase2q_execution_decision.csv;04_data/phase2q_manual_execution_inputs_filled.xlsx;04_data/phase2q_manual_execution_inputs_filled_normalized.csv;04_data/phase2q_manual_execution_inputs_validated.csv;04_data/phase2q_risk_calculator_results.csv;04_data/phase2r_monitoring_checklist.csv;04_data/phase2r_open_paper_positions.csv;04_data/phase2r_paper_execution_log.csv;04_data/phase3a_real_position_audit.csv;04_data/phase3a_structure_transition_checklist.csv;04_data/phase3b_real_position_inputs_filled_normalized.csv;04_data/phase3b_real_position_log.csv;04_data/phase3b_real_position_risk_review.csv;04_data/phase3b_real_risk_calculation.csv;04_data/phase3b_weekly_monitoring_checklist.csv;05_scripts;05_scripts/audit_phase3a_real_position_structure.py;05_scripts/create_phase2q_execution_decision_gate.py;05_scripts/create_phase2r_paper_execution_log.py;05_scripts/normalize_phase2q_filled_inputs.py;05_scripts/run_phase2q_paper_risk_calculator.py;05_scripts/update_sec_filings.py;05_scripts/validate_phase2q_manual_execution_inputs.py;06_trading;07_reviews;07_reviews/latest_real_position_weekly_review.md;07_reviews/phase2p_paper_execution_log_setup_report.md;07_reviews/phase2q_paper_execution_decision_report.md;07_reviews/phase2q_paper_execution_decision_report_after_filled_inputs.md;07_reviews/phase2r_paper_execution_report.md;07_reviews/phase3a_real_position_structure_audit_report.md;skills;tests,03_research/paper_monitoring_phase2s;04_data/email_send_log.csv;04_data/latest_real_position_alerts.csv;04_data/phase2p_*;04_data/phase2q_*;04_data/phase2q_manual_execution_inputs_template.csv;04_data/phase2r_*;07_reviews/email_summary.html;07_reviews/email_summary.md,phase0;phase2;phase2e1;phase2n;phase2o;phase2o1b;phase2p;phase2r;phase2s;phase3;phase3a;phase3b;phase3c;phase4;phase4a;phase4b;phase5
phase2r,historical_or_phase_specific,21,05_scripts/audit_phase3a_real_position_structure.py;05_scripts/audit_phase3c_agent_restructure.py;05_scripts/create_phase2q_execution_decision_gate.py;05_scripts/create_phase2r_paper_execution_log.py;05_scripts/create_phase3b_real_position_log.py;05_scripts/run_phase2q_paper_risk_calculator.py,04_data/phase2q_execution_decision.csv;04_data/phase2q_risk_calculator_results.csv;04_data/phase2r_monitoring_checklist.csv;04_data/phase2r_open_paper_positions.csv;04_data/phase2r_paper_execution_log.csv,03_research/agent_restructure_phase3c/current_structure_audit.md;03_research/paper_execution_decision_phase2q/IOT_phase2q_decision_gate.md;03_research/paper_execution_decision_phase2q/RBRK_phase2q_decision_gate.md;03_research/paper_execution_phase2r/IOT_paper_execution_record.md;03_research/paper_execution_phase2r/RBRK_paper_execution_record.md,07_reviews/phase2q_paper_execution_decision_report.md;07_reviews/phase2q_paper_execution_decision_report_after_filled_inputs.md;07_reviews/phase2r_paper_execution_report.md;07_reviews/phase3a_real_position_structure_audit_report.md,,05_scripts/__pycache__/create_phase2r_paper_execution_log.cpython-313.pyc,00_rules;00_rules/brokerage_boundary.md;00_rules/manual_approval_policy.md;00_rules/risk_policy.md;01_universe;02_filings;02_filings/filing_notes;02_filings/sec_raw;03_research;03_research/paper_execution_decision_phase2q;03_research/paper_execution_decision_phase2q/IOT_phase2q_decision_gate.md;03_research/paper_execution_decision_phase2q/RBRK_phase2q_decision_gate.md;03_research/paper_execution_log_phase2p/IOT_paper_execution_log_setup.md;03_research/paper_execution_log_phase2p/RBRK_paper_execution_log_setup.md;03_research/paper_execution_phase2r;03_research/paper_execution_phase2r/IOT_paper_execution_record.md;03_research/paper_execution_phase2r/RBRK_paper_execution_record.md;03_research/paper_plan_drafts_phase2n;03_research/paper_plan_drafts_phase2n/IOT_paper_plan_draft.md;03_research/paper_plan_drafts_phase2n/RBRK_paper_plan_draft.md;03_research/real_position_audit_phase3a;03_research/real_position_audit_phase3a/IOT_real_position_audit.md;03_research/real_position_audit_phase3a/RBRK_real_position_audit.md;03_research/real_position_monitoring_phase3b;04_data;04_data/phase2o_manual_chart_review_validated.csv;04_data/phase2o_paper_execution_readiness.csv;04_data/phase2p_human_signoff_template.csv;04_data/phase2p_paper_execution_log.csv;04_data/phase2p_risk_calculator_inputs.csv;04_data/phase2q_execution_decision.csv;04_data/phase2q_manual_execution_inputs_filled.xlsx;04_data/phase2q_manual_execution_inputs_filled_normalized.csv;04_data/phase2q_manual_execution_inputs_validated.csv;04_data/phase2q_risk_calculator_results.csv;04_data/phase2r_monitoring_checklist.csv;04_data/phase2r_open_paper_positions.csv;04_data/phase2r_paper_execution_log.csv;04_data/phase3a_real_position_audit.csv;04_data/phase3a_structure_transition_checklist.csv;04_data/phase3b_real_position_inputs_filled_normalized.csv;04_data/phase3b_real_position_log.csv;04_data/phase3b_real_position_risk_review.csv;04_data/phase3b_real_risk_calculation.csv;04_data/phase3b_weekly_monitoring_checklist.csv;05_scripts;05_scripts/audit_phase3a_real_position_structure.py;05_scripts/create_phase2q_execution_decision_gate.py;05_scripts/create_phase2r_paper_execution_log.py;05_scripts/normalize_phase2q_filled_inputs.py;05_scripts/run_phase2q_paper_risk_calculator.py;05_scripts/update_sec_filings.py;05_scripts/validate_phase2q_manual_execution_inputs.py;06_trading;07_reviews;07_reviews/latest_real_position_weekly_review.md;07_reviews/phase2q_paper_execution_decision_report.md;07_reviews/phase2q_paper_execution_decision_report_after_filled_inputs.md;07_reviews/phase2r_paper_execution_report.md;07_reviews/phase3a_real_position_structure_audit_report.md;skills;tests,03_research/paper_monitoring_phase2s;04_data/email_send_log.csv;04_data/latest_real_position_alerts.csv;04_data/phase2p_*;04_data/phase2q_*;04_data/phase2q_manual_execution_inputs_template.csv;04_data/phase2r_*;07_reviews/email_summary.html;07_reviews/email_summary.md,phase0;phase2;phase2e1;phase2n;phase2o;phase2p;phase2q;phase2s;phase3;phase3a;phase3b;phase3c;phase4;phase4a;phase4b;phase5
phase2s,historical_or_phase_specific,4,05_scripts/audit_phase3a_real_position_structure.py;05_scripts/create_phase2r_paper_execution_log.py,,,07_reviews/phase2r_paper_execution_report.md;07_reviews/phase3a_real_position_structure_audit_report.md,,,00_rules/brokerage_boundary.md;00_rules/manual_approval_policy.md;00_rules/risk_policy.md;03_research/paper_execution_decision_phase2q/IOT_phase2q_decision_gate.md;03_research/paper_execution_decision_phase2q/RBRK_phase2q_decision_gate.md;03_research/paper_execution_phase2r;03_research/paper_execution_phase2r/IOT_paper_execution_record.md;03_research/paper_execution_phase2r/RBRK_paper_execution_record.md;03_research/paper_plan_drafts_phase2n/IOT_paper_plan_draft.md;03_research/paper_plan_drafts_phase2n/RBRK_paper_plan_draft.md;03_research/real_position_audit_phase3a/IOT_real_position_audit.md;03_research/real_position_audit_phase3a/RBRK_real_position_audit.md;04_data/phase2o_manual_chart_review_validated.csv;04_data/phase2p_paper_execution_log.csv;04_data/phase2p_risk_calculator_inputs.csv;04_data/phase2q_execution_decision.csv;04_data/phase2q_manual_execution_inputs_validated.csv;04_data/phase2q_risk_calculator_results.csv;04_data/phase2r_monitoring_checklist.csv;04_data/phase2r_open_paper_positions.csv;04_data/phase2r_paper_execution_log.csv;04_data/phase3a_real_position_audit.csv;04_data/phase3a_structure_transition_checklist.csv;05_scripts/audit_phase3a_real_position_structure.py;05_scripts/create_phase2r_paper_execution_log.py;07_reviews/phase2r_paper_execution_report.md;07_reviews/phase3a_real_position_structure_audit_report.md,03_research/paper_monitoring_phase2s,phase2;phase2e1;phase2n;phase2o;phase2p;phase2q;phase2r;phase3;phase3a
phase3,historical_or_phase_specific,8,05_scripts/audit_phase3a_real_position_structure.py;05_scripts/audit_phase3c_agent_restructure.py,04_data/phase3a_structure_transition_checklist.csv,03_research/agent_restructure_phase3c/current_structure_audit.md;03_research/agent_restructure_phase3c/proposed_real_monitoring_architecture.md;03_research/sector_frameworks/biotech_framework.md,07_reviews/phase3a_real_position_structure_audit_report.md;07_reviews/phase3c_agent_restructure_report.md,,,00_rules;00_rules/brokerage_boundary.md;00_rules/manual_approval_policy.md;00_rules/risk_policy.md;01_universe;02_filings;02_filings/filing_notes;02_filings/sec_raw;03_research;03_research/paper_execution_decision_phase2q;03_research/paper_execution_phase2r;03_research/paper_plan_drafts_phase2n;03_research/real_position_audit_phase3a;03_research/real_position_audit_phase3a/IOT_real_position_audit.md;03_research/real_position_audit_phase3a/RBRK_real_position_audit.md;03_research/real_position_monitoring_phase3b;04_data;04_data/phase2p_paper_execution_log.csv;04_data/phase2p_risk_calculator_inputs.csv;04_data/phase2q_execution_decision.csv;04_data/phase2q_manual_execution_inputs_validated.csv;04_data/phase2q_risk_calculator_results.csv;04_data/phase2r_monitoring_checklist.csv;04_data/phase2r_open_paper_positions.csv;04_data/phase2r_paper_execution_log.csv;04_data/phase3a_real_position_audit.csv;04_data/phase3a_structure_transition_checklist.csv;04_data/phase3b_real_position_inputs_filled.csv;04_data/phase3b_real_position_inputs_filled_normalized.csv;04_data/phase3b_real_position_log.csv;04_data/phase3b_real_position_risk_review.csv;04_data/phase3b_real_risk_calculation.csv;04_data/phase3b_weekly_monitoring_checklist.csv;05_scripts;05_scripts/audit_phase3a_real_position_structure.py;05_scripts/update_sec_filings.py;06_trading;07_reviews;07_reviews/latest_real_position_weekly_review.md;07_reviews/phase3a_real_position_structure_audit_report.md;skills;tests,03_research/paper_monitoring_phase2s;04_data/email_send_log.csv;04_data/latest_real_position_alerts.csv;04_data/phase2p_*;04_data/phase2q_*;04_data/phase2r_*;07_reviews/email_summary.html;07_reviews/email_summary.md,phase0;phase1;phase2;phase2n;phase2p;phase2q;phase2r;phase2s;phase3a;phase3b;phase3c;phase4;phase4a;phase4b;phase5
phase3a,sensitive_operational_review_required,11,05_scripts/audit_phase3a_real_position_structure.py;05_scripts/audit_phase3c_agent_restructure.py;05_scripts/create_phase3b_real_position_log.py,04_data/phase3a_real_position_audit.csv;04_data/phase3a_structure_transition_checklist.csv,03_research/agent_restructure_phase3c/current_structure_audit.md;03_research/real_position_audit_phase3a/IOT_real_position_audit.md;03_research/real_position_audit_phase3a/RBRK_real_position_audit.md,07_reviews/phase3a_real_position_structure_audit_report.md;07_reviews/phase3c_agent_restructure_report.md,,05_scripts/__pycache__/audit_phase3a_real_position_structure.cpython-313.pyc,00_rules;00_rules/brokerage_boundary.md;00_rules/manual_approval_policy.md;00_rules/risk_policy.md;01_universe;02_filings;02_filings/filing_notes;02_filings/sec_raw;03_research;03_research/paper_execution_decision_phase2q;03_research/paper_execution_phase2r;03_research/paper_execution_phase2r/IOT_paper_execution_record.md;03_research/paper_execution_phase2r/RBRK_paper_execution_record.md;03_research/paper_plan_drafts_phase2n;03_research/real_position_audit_phase3a;03_research/real_position_audit_phase3a/IOT_real_position_audit.md;03_research/real_position_audit_phase3a/RBRK_real_position_audit.md;03_research/real_position_monitoring_phase3b;04_data;04_data/phase2p_paper_execution_log.csv;04_data/phase2p_risk_calculator_inputs.csv;04_data/phase2q_execution_decision.csv;04_data/phase2q_manual_execution_inputs_validated.csv;04_data/phase2q_risk_calculator_results.csv;04_data/phase2r_monitoring_checklist.csv;04_data/phase2r_open_paper_positions.csv;04_data/phase2r_paper_execution_log.csv;04_data/phase3a_real_position_audit.csv;04_data/phase3a_structure_transition_checklist.csv;04_data/phase3b_real_position_inputs_filled.csv;04_data/phase3b_real_position_inputs_filled_normalized.csv;04_data/phase3b_real_position_log.csv;04_data/phase3b_real_position_risk_review.csv;04_data/phase3b_real_risk_calculation.csv;04_data/phase3b_weekly_monitoring_checklist.csv;05_scripts;05_scripts/audit_phase3a_real_position_structure.py;05_scripts/update_sec_filings.py;06_trading;07_reviews;07_reviews/latest_real_position_weekly_review.md;07_reviews/phase3a_real_position_structure_audit_report.md;skills;tests,03_research/paper_monitoring_phase2s;04_data/email_send_log.csv;04_data/latest_real_position_alerts.csv;04_data/phase2p_*;04_data/phase2q_*;04_data/phase2r_*;07_reviews/email_summary.html;07_reviews/email_summary.md,phase0;phase2;phase2n;phase2p;phase2q;phase2r;phase2s;phase3;phase3b;phase3c;phase4;phase4a;phase4b;phase5
phase3b,sensitive_operational_review_required,24,05_scripts/audit_phase3c_agent_restructure.py;05_scripts/calculate_phase3b_real_risk.py;05_scripts/create_phase3b_real_position_log.py;05_scripts/create_phase4a_weekly_action_labels.py;05_scripts/normalize_phase3b_real_position_inputs.py;05_scripts/run_phase4a_weekly_real_position_review.py,04_data/phase3b_real_position_input_template.csv;04_data/phase3b_real_position_inputs_filled.csv;04_data/phase3b_real_position_inputs_filled_normalized.csv;04_data/phase3b_real_position_log.csv;04_data/phase3b_real_position_risk_review.csv;04_data/phase3b_real_risk_calculation.csv;04_data/phase3b_weekly_monitoring_checklist.csv;04_data/phase3c_restructure_action_items.csv,03_research/agent_restructure_phase3c/current_structure_audit.md;03_research/agent_restructure_phase3c/proposed_real_monitoring_architecture.md;03_research/real_position_monitoring_phase3b/IOT_real_position_note.md;03_research/real_position_monitoring_phase3b/RBRK_real_position_note.md,07_reviews/phase3b_real_position_log_report.md;07_reviews/phase3b_real_position_log_report_after_filled_inputs.md;07_reviews/phase3c_agent_restructure_report.md,,05_scripts/__pycache__/calculate_phase3b_real_risk.cpython-313.pyc;05_scripts/__pycache__/create_phase3b_real_position_log.cpython-313.pyc;05_scripts/__pycache__/normalize_phase3b_real_position_inputs.cpython-313.pyc,00_rules;00_rules/brokerage_boundary.md;00_rules/manual_approval_policy.md;00_rules/risk_policy.md;01_universe;02_filings;02_filings/filing_notes;02_filings/sec_raw;03_research;03_research/paper_execution_decision_phase2q;03_research/paper_execution_phase2r;03_research/paper_execution_phase2r/IOT_paper_execution_record.md;03_research/paper_execution_phase2r/RBRK_paper_execution_record.md;03_research/paper_plan_drafts_phase2n;03_research/real_position_audit_phase3a;03_research/real_position_audit_phase3a/IOT_real_position_audit.md;03_research/real_position_audit_phase3a/RBRK_real_position_audit.md;03_research/real_position_monitoring_phase3b;03_research/real_position_monitoring_phase3b/IOT_real_position_note.md;03_research/real_position_monitoring_phase3b/RBRK_real_position_note.md;04_data;04_data/phase2q_risk_calculator_results.csv;04_data/phase2r_monitoring_checklist.csv;04_data/phase2r_open_paper_positions.csv;04_data/phase2r_paper_execution_log.csv;04_data/phase3a_real_position_audit.csv;04_data/phase3a_structure_transition_checklist.csv;04_data/phase3b_real_position_input_template.csv;04_data/phase3b_real_position_inputs_filled.csv;04_data/phase3b_real_position_inputs_filled_normalized.csv;04_data/phase3b_real_position_log.csv;04_data/phase3b_real_position_risk_review.csv;04_data/phase3b_real_risk_calculation.csv;04_data/phase3b_weekly_monitoring_checklist.csv;05_scripts;05_scripts/calculate_phase3b_real_risk.py;05_scripts/check_phase4a_sec_filing_alerts.py;05_scripts/create_phase3b_real_position_log.py;05_scripts/create_phase4a_weekly_action_labels.py;05_scripts/normalize_phase3b_real_position_inputs.py;05_scripts/run_phase4a_weekly_real_position_review.py;05_scripts/update_sec_filings.py;06_trading;07_reviews;07_reviews/latest_real_position_weekly_review.md;07_reviews/phase3b_real_position_log_report.md;07_reviews/phase3b_real_position_log_report_after_filled_inputs.md;skills;tests,04_data/email_send_log.csv;04_data/latest_real_position_alerts.csv;04_data/phase2p_*;04_data/phase2q_*;04_data/phase2r_*;07_reviews/email_summary.html;07_reviews/email_summary.md,phase0;phase2;phase2n;phase2p;phase2q;phase2r;phase3;phase3a;phase3c;phase4;phase4a;phase4b;phase5
phase3c,historical_or_phase_specific,14,05_scripts/audit_phase3c_agent_restructure.py;05_scripts/create_phase3b_real_position_log.py;05_scripts/create_phase4b_weekly_email_draft.py,04_data/phase3c_restructure_action_items.csv,03_research/agent_restructure_phase3c/current_structure_audit.md;03_research/agent_restructure_phase3c/proposed_real_monitoring_architecture.md;03_research/agent_restructure_phase3c/security_boundary.md;03_research/agent_restructure_phase3c/weekly_email_agent_spec.md;03_research/real_position_monitoring_phase3b/IOT_real_position_note.md;03_research/real_position_monitoring_phase3b/RBRK_real_position_note.md,07_reviews/phase3b_real_position_log_report.md;07_reviews/phase3b_real_position_log_report_after_filled_inputs.md;07_reviews/phase3c_agent_restructure_report.md,,05_scripts/__pycache__/audit_phase3c_agent_restructure.cpython-313.pyc,00_rules;00_rules/brokerage_boundary.md;00_rules/manual_approval_policy.md;00_rules/risk_policy.md;01_universe;02_filings;02_filings/filing_notes;02_filings/sec_raw;03_research;03_research/paper_execution_decision_phase2q;03_research/paper_execution_phase2r;03_research/paper_execution_phase2r/IOT_paper_execution_record.md;03_research/paper_execution_phase2r/RBRK_paper_execution_record.md;03_research/paper_plan_drafts_phase2n;03_research/real_position_audit_phase3a;03_research/real_position_audit_phase3a/IOT_real_position_audit.md;03_research/real_position_audit_phase3a/RBRK_real_position_audit.md;03_research/real_position_monitoring_phase3b;03_research/real_position_monitoring_phase3b/IOT_real_position_note.md;03_research/real_position_monitoring_phase3b/RBRK_real_position_note.md;04_data;04_data/phase2q_risk_calculator_results.csv;04_data/phase2r_monitoring_checklist.csv;04_data/phase2r_open_paper_positions.csv;04_data/phase2r_paper_execution_log.csv;04_data/phase3a_real_position_audit.csv;04_data/phase3a_structure_transition_checklist.csv;04_data/phase3b_real_position_input_template.csv;04_data/phase3b_real_position_inputs_filled.csv;04_data/phase3b_real_position_inputs_filled_normalized.csv;04_data/phase3b_real_position_log.csv;04_data/phase3b_real_position_risk_review.csv;04_data/phase3b_real_risk_calculation.csv;04_data/phase3b_weekly_monitoring_checklist.csv;05_scripts;05_scripts/calculate_phase3b_real_risk.py;05_scripts/create_phase3b_real_position_log.py;05_scripts/normalize_phase3b_real_position_inputs.py;05_scripts/update_sec_filings.py;06_trading;07_reviews;07_reviews/latest_real_position_weekly_review.md;07_reviews/phase3b_real_position_log_report.md;07_reviews/phase3b_real_position_log_report_after_filled_inputs.md;skills;tests,04_data/email_send_log.csv;04_data/latest_real_position_alerts.csv;04_data/phase2p_*;04_data/phase2q_*;04_data/phase2r_*;07_reviews/email_summary.html;07_reviews/email_summary.md,phase0;phase2;phase2n;phase2p;phase2q;phase2r;phase3;phase3a;phase3b;phase4;phase4a;phase4b;phase5;phase5a
phase4,historical_or_phase_specific,4,05_scripts/audit_phase3c_agent_restructure.py,,03_research/agent_restructure_phase3c/proposed_real_monitoring_architecture.md;03_research/agent_restructure_phase3c/security_boundary.md,07_reviews/phase3c_agent_restructure_report.md,,,00_rules/brokerage_boundary.md;00_rules/manual_approval_policy.md;00_rules/risk_policy.md;02_filings/filing_notes;02_filings/sec_raw;03_research/paper_execution_decision_phase2q;03_research/paper_execution_phase2r;03_research/paper_plan_drafts_phase2n;03_research/real_position_audit_phase3a;03_research/real_position_monitoring_phase3b;04_data/phase2r_monitoring_checklist.csv;04_data/phase2r_open_paper_positions.csv;04_data/phase2r_paper_execution_log.csv;04_data/phase3a_real_position_audit.csv;04_data/phase3a_structure_transition_checklist.csv;04_data/phase3b_real_position_inputs_filled.csv;04_data/phase3b_real_position_inputs_filled_normalized.csv;04_data/phase3b_real_position_log.csv;04_data/phase3b_real_position_risk_review.csv;04_data/phase3b_real_risk_calculation.csv;04_data/phase3b_weekly_monitoring_checklist.csv;05_scripts/update_sec_filings.py;07_reviews;07_reviews/latest_real_position_weekly_review.md,04_data/email_send_log.csv;04_data/latest_real_position_alerts.csv;04_data/phase2p_*;04_data/phase2q_*;04_data/phase2r_*;07_reviews/email_summary.html;07_reviews/email_summary.md,phase0;phase2;phase2n;phase2p;phase2q;phase2r;phase3;phase3a;phase3b;phase3c;phase4a;phase4b;phase5
phase4a,sensitive_operational_review_required,16,05_scripts/audit_phase3c_agent_restructure.py;05_scripts/check_phase4a_sec_filing_alerts.py;05_scripts/create_phase4a_weekly_action_labels.py;05_scripts/create_phase4b_weekly_email_draft.py;05_scripts/run_phase4a_weekly_real_position_review.py,04_data/phase3c_restructure_action_items.csv;04_data/phase4a_weekly_action_labels.csv;04_data/phase4a_weekly_real_position_alerts.csv;04_data/phase4a_weekly_review_run_log.csv,03_research/weekly_review_agent_phase4a/IOT_weekly_review_note.md;03_research/weekly_review_agent_phase4a/RBRK_weekly_review_note.md,07_reviews/phase3c_agent_restructure_report.md;07_reviews/phase4a_weekly_review_agent_report.md,,05_scripts/__pycache__/check_phase4a_sec_filing_alerts.cpython-313.pyc;05_scripts/__pycache__/create_phase4a_weekly_action_labels.cpython-313.pyc;05_scripts/__pycache__/run_phase4a_weekly_real_position_review.cpython-313.pyc,00_rules/brokerage_boundary.md;00_rules/manual_approval_policy.md;00_rules/risk_policy.md;02_filings/filing_notes;02_filings/sec_raw;03_research/paper_execution_decision_phase2q;03_research/paper_execution_phase2r;03_research/paper_plan_drafts_phase2n;03_research/real_position_audit_phase3a;03_research/real_position_monitoring_phase3b;03_research/weekly_review_agent_phase4a/IOT_weekly_review_note.md;03_research/weekly_review_agent_phase4a/RBRK_weekly_review_note.md;04_data/phase2r_monitoring_checklist.csv;04_data/phase2r_open_paper_positions.csv;04_data/phase2r_paper_execution_log.csv;04_data/phase3a_real_position_audit.csv;04_data/phase3a_structure_transition_checklist.csv;04_data/phase3b_real_position_inputs_filled.csv;04_data/phase3b_real_position_inputs_filled_normalized.csv;04_data/phase3b_real_position_log.csv;04_data/phase3b_real_position_risk_review.csv;04_data/phase3b_real_risk_calculation.csv;04_data/phase3b_weekly_monitoring_checklist.csv;04_data/phase4a_weekly_action_labels.csv;04_data/phase4a_weekly_real_position_alerts.csv;04_data/phase4a_weekly_review_run_log.csv;05_scripts/check_phase4a_sec_filing_alerts.py;05_scripts/create_phase4a_weekly_action_labels.py;05_scripts/run_phase4a_weekly_real_position_review.py;05_scripts/update_sec_filings.py;07_reviews;07_reviews/latest_real_position_weekly_review.md;07_reviews/phase4a_weekly_review_agent_report.md,04_data/email_send_log.csv;04_data/latest_real_position_alerts.csv;04_data/phase2p_*;04_data/phase2q_*;04_data/phase2r_*;07_reviews/email_summary.html;07_reviews/email_summary.md,phase0;phase2;phase2n;phase2p;phase2q;phase2r;phase3;phase3a;phase3b;phase3c;phase4;phase4b;phase5;phase5a
phase4b,sensitive_operational_review_required,19,05_scripts/audit_phase3c_agent_restructure.py;05_scripts/create_phase4b_weekly_email_draft.py;05_scripts/phase5a_email_automation_preflight.py;05_scripts/phase5b_email_preflight_validator.py;05_scripts/run_phase4a_weekly_real_position_review.py,04_data/phase3c_restructure_action_items.csv;04_data/phase4b_email_draft_metadata.csv;04_data/phase4b_email_draft_run_log.csv;04_data/phase5b_email_preflight_results.csv,03_research/agent_restructure_phase3c/proposed_real_monitoring_architecture.md;03_research/agent_restructure_phase3c/weekly_email_agent_spec.md;03_research/email_draft_agent_phase4b/weekly_email_draft.html;03_research/email_draft_agent_phase4b/weekly_email_draft.md;03_research/email_draft_agent_phase4b/weekly_email_subject.txt,07_reviews/phase3c_agent_restructure_report.md;07_reviews/phase4a_weekly_review_agent_report.md;07_reviews/phase4b_email_draft_agent_report.md;07_reviews/phase5b_email_preflight_report.md,,05_scripts/__pycache__/create_phase4b_weekly_email_draft.cpython-313.pyc,00_rules/brokerage_boundary.md;00_rules/manual_approval_policy.md;00_rules/risk_policy.md;02_filings/filing_notes;02_filings/sec_raw;03_research/email_draft_agent_phase4b;03_research/email_draft_agent_phase4b/weekly_email_draft.html;03_research/email_draft_agent_phase4b/weekly_email_draft.md;03_research/email_draft_agent_phase4b/weekly_email_subject.txt;03_research/email_preflight_phase5b/preflight_rules.md;03_research/email_preflight_phase5b/recipient_allowlist_policy.md;03_research/paper_execution_decision_phase2q;03_research/paper_execution_phase2r;03_research/paper_plan_drafts_phase2n;03_research/real_position_audit_phase3a;03_research/real_position_monitoring_phase3b;03_research/weekly_review_agent_phase4a/IOT_weekly_review_note.md;03_research/weekly_review_agent_phase4a/RBRK_weekly_review_note.md;04_data/phase2r_monitoring_checklist.csv;04_data/phase2r_open_paper_positions.csv;04_data/phase2r_paper_execution_log.csv;04_data/phase3a_real_position_audit.csv;04_data/phase3a_structure_transition_checklist.csv;04_data/phase3b_real_position_inputs_filled.csv;04_data/phase3b_real_position_inputs_filled_normalized.csv;04_data/phase3b_real_position_log.csv;04_data/phase3b_real_position_risk_review.csv;04_data/phase3b_real_risk_calculation.csv;04_data/phase3b_weekly_monitoring_checklist.csv;04_data/phase4a_weekly_action_labels.csv;04_data/phase4a_weekly_real_position_alerts.csv;04_data/phase4a_weekly_review_run_log.csv;04_data/phase4b_email_draft_metadata.csv;04_data/phase4b_email_draft_run_log.csv;04_data/phase5b_email_preflight_results.csv;04_data/phase5b_email_preflight_run_log.csv;04_data/phase5b_recipient_allowlist.csv;05_scripts/check_phase4a_sec_filing_alerts.py;05_scripts/create_phase4a_weekly_action_labels.py;05_scripts/create_phase4b_weekly_email_draft.py;05_scripts/phase5b_email_preflight_validator.py;05_scripts/run_phase4a_weekly_real_position_review.py;05_scripts/update_sec_filings.py;07_reviews;07_reviews/latest_real_position_weekly_review.md;07_reviews/phase4a_weekly_review_agent_report.md;07_reviews/phase4b_email_draft_agent_report.md;07_reviews/phase5b_email_preflight_report.md,04_data/email_send_log.csv;04_data/latest_real_position_alerts.csv;04_data/phase2p_*;04_data/phase2q_*;04_data/phase2r_*;07_reviews/email_summary.html;07_reviews/email_summary.md,phase0;phase2;phase2n;phase2p;phase2q;phase2r;phase3;phase3a;phase3b;phase3c;phase4;phase4a;phase5;phase5a;phase5b;phase5c
phase5,historical_or_phase_specific,8,05_scripts/audit_phase3c_agent_restructure.py;05_scripts/run_phase4a_weekly_real_position_review.py,04_data/phase3c_restructure_action_items.csv,03_research/agent_restructure_phase3c/proposed_real_monitoring_architecture.md;03_research/agent_restructure_phase3c/security_boundary.md;03_research/agent_restructure_phase3c/weekly_email_agent_spec.md,07_reviews/phase3c_agent_restructure_report.md;07_reviews/phase4a_weekly_review_agent_report.md,,,00_rules/brokerage_boundary.md;00_rules/manual_approval_policy.md;00_rules/risk_policy.md;02_filings/filing_notes;02_filings/sec_raw;03_research/paper_execution_decision_phase2q;03_research/paper_execution_phase2r;03_research/paper_plan_drafts_phase2n;03_research/real_position_audit_phase3a;03_research/real_position_monitoring_phase3b;03_research/weekly_review_agent_phase4a/IOT_weekly_review_note.md;03_research/weekly_review_agent_phase4a/RBRK_weekly_review_note.md;04_data/phase2r_monitoring_checklist.csv;04_data/phase2r_open_paper_positions.csv;04_data/phase2r_paper_execution_log.csv;04_data/phase3a_real_position_audit.csv;04_data/phase3a_structure_transition_checklist.csv;04_data/phase3b_real_position_inputs_filled.csv;04_data/phase3b_real_position_inputs_filled_normalized.csv;04_data/phase3b_real_position_log.csv;04_data/phase3b_real_position_risk_review.csv;04_data/phase3b_real_risk_calculation.csv;04_data/phase3b_weekly_monitoring_checklist.csv;04_data/phase4a_weekly_action_labels.csv;04_data/phase4a_weekly_real_position_alerts.csv;04_data/phase4a_weekly_review_run_log.csv;05_scripts/check_phase4a_sec_filing_alerts.py;05_scripts/create_phase4a_weekly_action_labels.py;05_scripts/run_phase4a_weekly_real_position_review.py;05_scripts/update_sec_filings.py;07_reviews;07_reviews/latest_real_position_weekly_review.md;07_reviews/phase4a_weekly_review_agent_report.md,04_data/email_send_log.csv;04_data/latest_real_position_alerts.csv;04_data/phase2p_*;04_data/phase2q_*;04_data/phase2r_*;07_reviews/email_summary.html;07_reviews/email_summary.md,phase0;phase2;phase2n;phase2p;phase2q;phase2r;phase3;phase3a;phase3b;phase3c;phase4;phase4a;phase4b
phase5a,sensitive_operational_review_required,12,05_scripts/create_phase4b_weekly_email_draft.py;05_scripts/phase5a_email_automation_preflight.py;05_scripts/phase5b_email_preflight_validator.py,04_data/phase5a_email_automation_action_items.csv;04_data/phase5b_email_preflight_results.csv,03_research/email_automation_phase5a/email_send_gate_policy.md;03_research/email_automation_phase5a/failure_handling_plan.md;03_research/email_automation_phase5a/gmail_dry_run_plan.md;03_research/email_automation_phase5a/oauth_security_plan.md,07_reviews/phase4b_email_draft_agent_report.md;07_reviews/phase5a_email_automation_plan_report.md,,05_scripts/__pycache__/phase5a_email_automation_preflight.cpython-313.pyc,03_research/email_automation_phase5a/email_send_gate_policy.md;03_research/email_automation_phase5a/failure_handling_plan.md;03_research/email_automation_phase5a/gmail_dry_run_plan.md;03_research/email_automation_phase5a/oauth_security_plan.md;03_research/email_draft_agent_phase4b;03_research/email_draft_agent_phase4b/weekly_email_draft.html;03_research/email_draft_agent_phase4b/weekly_email_draft.md;03_research/email_draft_agent_phase4b/weekly_email_subject.txt;04_data/phase4b_email_draft_metadata.csv;04_data/phase4b_email_draft_run_log.csv;04_data/phase5a_email_automation_action_items.csv;04_data/phase5b_recipient_allowlist.csv;05_scripts/create_phase4b_weekly_email_draft.py;05_scripts/phase5a_email_automation_preflight.py;07_reviews/latest_real_position_weekly_review.md;07_reviews/phase4b_email_draft_agent_report.md;07_reviews/phase5a_email_automation_plan_report.md,,phase3c;phase4a;phase4b;phase5b;phase5c;phase5d;phase5e;phase5f
phase5b,sensitive_operational_review_required,11,05_scripts/phase5b_email_preflight_validator.py,04_data/phase5a_email_automation_action_items.csv;04_data/phase5b_email_preflight_results.csv;04_data/phase5b_email_preflight_run_log.csv;04_data/phase5b_recipient_allowlist.csv,03_research/email_automation_phase5a/gmail_dry_run_plan.md;03_research/email_preflight_phase5b/preflight_rules.md;03_research/email_preflight_phase5b/recipient_allowlist_policy.md,07_reviews/phase5a_email_automation_plan_report.md;07_reviews/phase5b_email_preflight_report.md,,05_scripts/__pycache__/phase5b_email_preflight_validator.cpython-313.pyc,03_research/email_automation_phase5a/email_send_gate_policy.md;03_research/email_automation_phase5a/failure_handling_plan.md;03_research/email_automation_phase5a/gmail_dry_run_plan.md;03_research/email_automation_phase5a/oauth_security_plan.md;03_research/email_draft_agent_phase4b/weekly_email_draft.html;03_research/email_draft_agent_phase4b/weekly_email_draft.md;03_research/email_draft_agent_phase4b/weekly_email_subject.txt;03_research/email_preflight_phase5b/preflight_rules.md;03_research/email_preflight_phase5b/recipient_allowlist_policy.md;04_data/phase4b_email_draft_metadata.csv;04_data/phase4b_email_draft_run_log.csv;04_data/phase5a_email_automation_action_items.csv;04_data/phase5b_email_preflight_results.csv;04_data/phase5b_email_preflight_run_log.csv;04_data/phase5b_recipient_allowlist.csv;05_scripts/phase5a_email_automation_preflight.py;05_scripts/phase5b_email_preflight_validator.py;07_reviews/phase5a_email_automation_plan_report.md;07_reviews/phase5b_email_preflight_report.md,,phase4b;phase5a;phase5c;phase5d;phase5e;phase5f
phase5c,historical_or_phase_specific,3,05_scripts/phase5b_email_preflight_validator.py,,03_research/email_automation_phase5a/gmail_dry_run_plan.md,07_reviews/phase5b_email_preflight_report.md,,,03_research/email_draft_agent_phase4b/weekly_email_draft.html;03_research/email_draft_agent_phase4b/weekly_email_draft.md;03_research/email_draft_agent_phase4b/weekly_email_subject.txt;03_research/email_preflight_phase5b/preflight_rules.md;03_research/email_preflight_phase5b/recipient_allowlist_policy.md;04_data/phase4b_email_draft_metadata.csv;04_data/phase4b_email_draft_run_log.csv;04_data/phase5b_email_preflight_results.csv;04_data/phase5b_email_preflight_run_log.csv;04_data/phase5b_recipient_allowlist.csv;05_scripts/phase5b_email_preflight_validator.py;07_reviews/phase5b_email_preflight_report.md,,phase4b;phase5a;phase5b;phase5d;phase5e;phase5f
phase5d,historical_or_phase_specific,2,,04_data/phase5a_email_automation_action_items.csv,03_research/email_automation_phase5a/gmail_dry_run_plan.md,,,,,,phase5a;phase5b;phase5c;phase5e;phase5f
phase5e,historical_or_phase_specific,2,,04_data/phase5a_email_automation_action_items.csv,03_research/email_automation_phase5a/gmail_dry_run_plan.md,,,,,,phase5a;phase5b;phase5c;phase5d;phase5f
phase5f,historical_or_phase_specific,2,,04_data/phase5a_email_automation_action_items.csv,03_research/email_automation_phase5a/gmail_dry_run_plan.md,,,,,,phase5a;phase5b;phase5c;phase5d;phase5e
phase8,historical_or_phase_specific,1,,,,,,02_filings/sec_raw/ENPH_submissions.json,,,
phase13ga,historical_or_phase_specific,1,,,,,,02_filings/sec_raw/ENPH_submissions.json,,,
unphased,current_or_shared,110,05_scripts/make_weekly_report.py;05_scripts/risk_calculator.py;tests/smoke_tests.py,01_universe/real_candidate_universe.csv;01_universe/rejected.csv;01_universe/test_fixtures.csv;01_universe/universe.csv;04_data/.DS_Store;04_data/screening_results.csv;06_trading/paper_trades.csv;06_trading/real_trades.csv;06_trading/trade_journal.csv,03_research/.DS_Store;03_research/company_memo_template.md;03_research/gpt_packets/AMD_gpt_packet.md;03_research/gpt_packets/ENPH_gpt_packet.md;03_research/gpt_packets/TSLA_gpt_packet.md;03_research/sector_frameworks/ai_infrastructure_framework.md;03_research/sector_frameworks/clean_tech_framework.md;03_research/sector_frameworks/semiconductor_framework.md,07_reviews/.DS_Store;07_reviews/latest_real_position_weekly_review.md;07_reviews/latest_weekly_report.md;07_reviews/monthly_review_template.md;07_reviews/weekly_review_template.md,00_rules/brokerage_boundary.md;00_rules/data_source_policy.md;00_rules/manual_approval_policy.md;00_rules/risk_policy.md;00_rules/source_policy.md;00_rules/trading_checklist.md,.DS_Store;.git/HEAD;.git/config;.git/description;.git/hooks/applypatch-msg.sample;.git/hooks/commit-msg.sample;.git/hooks/fsmonitor-watchman.sample;.git/hooks/post-update.sample;.git/hooks/pre-applypatch.sample;.git/hooks/pre-commit.sample;.git/hooks/pre-merge-commit.sample;.git/hooks/pre-push.sample;.git/hooks/pre-rebase.sample;.git/hooks/pre-receive.sample;.git/hooks/prepare-commit-msg.sample;.git/hooks/push-to-checkout.sample;.git/hooks/sendemail-validate.sample;.git/hooks/update.sample;.git/info/exclude;.git/objects/42/5f1ac1077784ebcf2f8127035048708b12987f;.git/objects/4b/825dc642cb6eb9a060e54bf8d69288fbee4904;.git/objects/60/adbe17bd45eee44e0d50b4956539f048e0017f;.git/objects/65/e813e43fda1a9a86a8b702b45e83c3188a811c;.git/objects/66/ebe5260b0fa6cae248577fe0ab3e32000ef807;.git/objects/68/06f17f76e0aa28b689fb3164a585ace9583b3b;.git/objects/80/6f63d9b8047e12aeaf066371c9f655ca2f2999;.git/refs/codex/turn-diffs/checkpoints/02430b8373d3f93b682c891c41b9a7166cd3eefa3a8489cb5d965eaf7e85eafe/24c0d06aab44d2429ab95e6f2366626cc943dc970977c1328609c0f56f5d3f4c/1783130552306/858148de-9f96-457a-a0b7-17e462a2db85;.gitignore;05_scripts/__pycache__/enrich_candidate_financials.cpython-312.pyc;05_scripts/__pycache__/make_gpt_packet.cpython-312.pyc;05_scripts/__pycache__/make_gpt_packet.cpython-313.pyc;05_scripts/__pycache__/make_weekly_report.cpython-312.pyc;05_scripts/__pycache__/make_weekly_report.cpython-313.pyc;05_scripts/__pycache__/review_8k_and_dilution_filings.cpython-312.pyc;05_scripts/__pycache__/risk_calculator.cpython-312.pyc;05_scripts/__pycache__/risk_calculator.cpython-313.pyc;05_scripts/__pycache__/screen_universe.cpython-312.pyc;05_scripts/__pycache__/screen_universe.cpython-313.pyc;05_scripts/__pycache__/update_sec_filings.cpython-312.pyc;05_scripts/__pycache__/update_sec_filings.cpython-313.pyc;05_scripts/__pycache__/validate_manual_market_data.cpython-312.pyc;AGENTS.md;skills/early-public-equity-research/SKILL.md;skills/early-public-equity-research/references/memo_rubric.md;skills/early-public-equity-research/references/red_team_checklist.md;skills/early-public-equity-research/references/source_policy.md;skills/early-public-equity-research/references/workflow.md;tests/__pycache__/smoke_tests.cpython-312.pyc;tests/__pycache__/smoke_tests.cpython-313.pyc;01_universe/real_candidate_sources.md;02_filings/filing_notes/ACMR_filing_note.md;02_filings/filing_notes/ALAB_filing_note.md;02_filings/filing_notes/AMD_filing_note.md;02_filings/filing_notes/ARRY_filing_note.md;02_filings/filing_notes/CRSP_filing_note.md;02_filings/filing_notes/CRWV_filing_note.md;02_filings/filing_notes/ENPH_filing_note.md;02_filings/filing_notes/ENVX_filing_note.md;02_filings/filing_notes/FLNC_filing_note.md;02_filings/filing_notes/IOT_filing_note.md;02_filings/filing_notes/NVTS_filing_note.md;02_filings/filing_notes/RBRK_filing_note.md;02_filings/filing_notes/RXRX_filing_note.md;02_filings/filing_notes/TEM_filing_note.md;02_filings/filing_notes/TSLA_filing_note.md;02_filings/sec_raw/ACMR_submissions.json;02_filings/sec_raw/ALAB_submissions.json;02_filings/sec_raw/AMD_submissions.json;02_filings/sec_raw/ARRY_submissions.json;02_filings/sec_raw/CRSP_submissions.json;02_filings/sec_raw/CRWV_submissions.json;02_filings/sec_raw/ENVX_submissions.json;02_filings/sec_raw/FLNC_submissions.json;02_filings/sec_raw/IOT_submissions.json;02_filings/sec_raw/NVTS_submissions.json;02_filings/sec_raw/RBRK_submissions.json;02_filings/sec_raw/RXRX_submissions.json;02_filings/sec_raw/TEM_submissions.json;02_filings/sec_raw/TSLA_submissions.json,00_rules/brokerage_boundary.md;00_rules/data_source_policy.md;00_rules/manual_approval_policy.md;00_rules/risk_policy.md;00_rules/source_policy.md;00_rules/trading_checklist.md;01_universe/quarantined_placeholder_rows.csv;01_universe/rejected.csv;01_universe/universe.csv;02_filings;02_filings/filing_notes;02_filings/filing_notes/AMD_filing_note.md;02_filings/filing_notes/ENPH_filing_note.md;02_filings/filing_notes/TSLA_filing_note.md;02_filings/sec_raw;02_filings/sec_raw/AMD_submissions.json;02_filings/sec_raw/ENPH_submissions.json;02_filings/sec_raw/TSLA_submissions.json;03_research;03_research/company_memo_template.md;03_research/gpt_packets;04_data;04_data/screening_results.csv;05_scripts/make_gpt_packet.py;05_scripts/make_weekly_report.py;05_scripts/risk_calculator.py;05_scripts/screen_universe.py;05_scripts/update_sec_filings.py;06_trading;06_trading/paper_trades.csv;06_trading/real_trades.csv;07_reviews;07_reviews/monthly_review_template.md;07_reviews/weekly_review_template.md;tests/smoke_tests.py,02_filings/sec_raw/*.json,
phase2017de,historical_or_phase_specific,1,,,,,,02_filings/sec_raw/ENPH_submissions.json,,,
phase2017pr,historical_or_phase_specific,1,,,,,,02_filings/sec_raw/ENPH_submissions.json,,,
phase2018de,historical_or_phase_specific,1,,,,,,02_filings/sec_raw/ENPH_submissions.json,,,
phase2018pr,historical_or_phase_specific,1,,,,,,02_filings/sec_raw/ENPH_submissions.json,,,
