audit_scope,run_timestamp,relative_path,absolute_path,top_level,file_name,extension,file_kind,size_bytes,modified_time,sha256,hash_status,content_scan_status,phase_tokens,touch_categories
baseline_before_phase0a_report_write,2026-07-08T22:59:44-05:00,.DS_Store,/Users/messssi/Desktop/equity/.DS_Store,.DS_Store,.DS_Store,,macos_metadata,14340,2026-07-07T11:00:18-05:00,8ee57713e99a01097241c28f01f3ba278dccf4dc6ab5bd8f627b0359f29f1bb8,HASHED,SKIPPED_BINARY_NUL,,
baseline_before_phase0a_report_write,2026-07-08T22:59:44-05:00,.git/HEAD,/Users/messssi/Desktop/equity/.git/HEAD,.git,HEAD,,git_internal,21,2026-06-28T16:45:28-05:00,,SKIPPED_GIT_INTERNAL,SKIPPED_GIT_INTERNAL,,
baseline_before_phase0a_report_write,2026-07-08T22:59:44-05:00,.git/config,/Users/messssi/Desktop/equity/.git/config,.git,config,,git_internal,137,2026-06-28T16:45:28-05:00,,SKIPPED_GIT_INTERNAL,SKIPPED_GIT_INTERNAL,,
baseline_before_phase0a_report_write,2026-07-08T22:59:44-05:00,.git/description,/Users/messssi/Desktop/equity/.git/description,.git,description,,git_internal,73,2026-06-28T16:45:28-05:00,,SKIPPED_GIT_INTERNAL,SKIPPED_GIT_INTERNAL,,
baseline_before_phase0a_report_write,2026-07-08T22:59:44-05:00,.git/hooks/applypatch-msg.sample,/Users/messssi/Desktop/equity/.git/hooks/applypatch-msg.sample,.git,applypatch-msg.sample,.sample,git_internal,478,2026-06-28T16:45:28-05:00,,SKIPPED_GIT_INTERNAL,SKIPPED_GIT_INTERNAL,,
baseline_before_phase0a_report_write,2026-07-08T22:59:44-05:00,.git/hooks/commit-msg.sample,/Users/messssi/Desktop/equity/.git/hooks/commit-msg.sample,.git,commit-msg.sample,.sample,git_internal,896,2026-06-28T16:45:28-05:00,,SKIPPED_GIT_INTERNAL,SKIPPED_GIT_INTERNAL,,
baseline_before_phase0a_report_write,2026-07-08T22:59:44-05:00,.git/hooks/fsmonitor-watchman.sample,/Users/messssi/Desktop/equity/.git/hooks/fsmonitor-watchman.sample,.git,fsmonitor-watchman.sample,.sample,git_internal,4726,2026-06-28T16:45:28-05:00,,SKIPPED_GIT_INTERNAL,SKIPPED_GIT_INTERNAL,,
baseline_before_phase0a_report_write,2026-07-08T22:59:44-05:00,.git/hooks/post-update.sample,/Users/messssi/Desktop/equity/.git/hooks/post-update.sample,.git,post-update.sample,.sample,git_internal,189,2026-06-28T16:45:28-05:00,,SKIPPED_GIT_INTERNAL,SKIPPED_GIT_INTERNAL,,
baseline_before_phase0a_report_write,2026-07-08T22:59:44-05:00,.git/hooks/pre-applypatch.sample,/Users/messssi/Desktop/equity/.git/hooks/pre-applypatch.sample,.git,pre-applypatch.sample,.sample,git_internal,424,2026-06-28T16:45:28-05:00,,SKIPPED_GIT_INTERNAL,SKIPPED_GIT_INTERNAL,,
baseline_before_phase0a_report_write,2026-07-08T22:59:44-05:00,.git/hooks/pre-commit.sample,/Users/messssi/Desktop/equity/.git/hooks/pre-commit.sample,.git,pre-commit.sample,.sample,git_internal,1649,2026-06-28T16:45:28-05:00,,SKIPPED_GIT_INTERNAL,SKIPPED_GIT_INTERNAL,,
baseline_before_phase0a_report_write,2026-07-08T22:59:44-05:00,.git/hooks/pre-merge-commit.sample,/Users/messssi/Desktop/equity/.git/hooks/pre-merge-commit.sample,.git,pre-merge-commit.sample,.sample,git_internal,416,2026-06-28T16:45:28-05:00,,SKIPPED_GIT_INTERNAL,SKIPPED_GIT_INTERNAL,,
baseline_before_phase0a_report_write,2026-07-08T22:59:44-05:00,.git/hooks/pre-push.sample,/Users/messssi/Desktop/equity/.git/hooks/pre-push.sample,.git,pre-push.sample,.sample,git_internal,1374,2026-06-28T16:45:28-05:00,,SKIPPED_GIT_INTERNAL,SKIPPED_GIT_INTERNAL,,
baseline_before_phase0a_report_write,2026-07-08T22:59:44-05:00,.git/hooks/pre-rebase.sample,/Users/messssi/Desktop/equity/.git/hooks/pre-rebase.sample,.git,pre-rebase.sample,.sample,git_internal,4898,2026-06-28T16:45:28-05:00,,SKIPPED_GIT_INTERNAL,SKIPPED_GIT_INTERNAL,,
baseline_before_phase0a_report_write,2026-07-08T22:59:44-05:00,.git/hooks/pre-receive.sample,/Users/messssi/Desktop/equity/.git/hooks/pre-receive.sample,.git,pre-receive.sample,.sample,git_internal,544,2026-06-28T16:45:28-05:00,,SKIPPED_GIT_INTERNAL,SKIPPED_GIT_INTERNAL,,
baseline_before_phase0a_report_write,2026-07-08T22:59:44-05:00,.git/hooks/prepare-commit-msg.sample,/Users/messssi/Desktop/equity/.git/hooks/prepare-commit-msg.sample,.git,prepare-commit-msg.sample,.sample,git_internal,1492,2026-06-28T16:45:28-05:00,,SKIPPED_GIT_INTERNAL,SKIPPED_GIT_INTERNAL,,
baseline_before_phase0a_report_write,2026-07-08T22:59:44-05:00,.git/hooks/push-to-checkout.sample,/Users/messssi/Desktop/equity/.git/hooks/push-to-checkout.sample,.git,push-to-checkout.sample,.sample,git_internal,2783,2026-06-28T16:45:28-05:00,,SKIPPED_GIT_INTERNAL,SKIPPED_GIT_INTERNAL,,
baseline_before_phase0a_report_write,2026-07-08T22:59:44-05:00,.git/hooks/sendemail-validate.sample,/Users/messssi/Desktop/equity/.git/hooks/sendemail-validate.sample,.git,sendemail-validate.sample,.sample,git_internal,2308,2026-06-28T16:45:28-05:00,,SKIPPED_GIT_INTERNAL,SKIPPED_GIT_INTERNAL,,
baseline_before_phase0a_report_write,2026-07-08T22:59:44-05:00,.git/hooks/update.sample,/Users/messssi/Desktop/equity/.git/hooks/update.sample,.git,update.sample,.sample,git_internal,3650,2026-06-28T16:45:28-05:00,,SKIPPED_GIT_INTERNAL,SKIPPED_GIT_INTERNAL,,
baseline_before_phase0a_report_write,2026-07-08T22:59:44-05:00,.git/info/exclude,/Users/messssi/Desktop/equity/.git/info/exclude,.git,exclude,,git_internal,240,2026-06-28T16:45:28-05:00,,SKIPPED_GIT_INTERNAL,SKIPPED_GIT_INTERNAL,,
baseline_before_phase0a_report_write,2026-07-08T22:59:44-05:00,.git/objects/42/5f1ac1077784ebcf2f8127035048708b12987f,/Users/messssi/Desktop/equity/.git/objects/42/5f1ac1077784ebcf2f8127035048708b12987f,.git,5f1ac1077784ebcf2f8127035048708b12987f,,git_internal,1299,2026-07-03T21:02:32-05:00,,SKIPPED_GIT_INTERNAL,SKIPPED_GIT_INTERNAL,,
baseline_before_phase0a_report_write,2026-07-08T22:59:44-05:00,.git/objects/4b/825dc642cb6eb9a060e54bf8d69288fbee4904,/Users/messssi/Desktop/equity/.git/objects/4b/825dc642cb6eb9a060e54bf8d69288fbee4904,.git,825dc642cb6eb9a060e54bf8d69288fbee4904,,git_internal,15,2026-07-03T21:01:42-05:00,,SKIPPED_GIT_INTERNAL,SKIPPED_GIT_INTERNAL,,
baseline_before_phase0a_report_write,2026-07-08T22:59:44-05:00,.git/objects/60/adbe17bd45eee44e0d50b4956539f048e0017f,/Users/messssi/Desktop/equity/.git/objects/60/adbe17bd45eee44e0d50b4956539f048e0017f,.git,adbe17bd45eee44e0d50b4956539f048e0017f,,git_internal,4934,2026-07-07T10:16:39-05:00,,SKIPPED_GIT_INTERNAL,SKIPPED_GIT_INTERNAL,,
baseline_before_phase0a_report_write,2026-07-08T22:59:44-05:00,.git/objects/65/e813e43fda1a9a86a8b702b45e83c3188a811c,/Users/messssi/Desktop/equity/.git/objects/65/e813e43fda1a9a86a8b702b45e83c3188a811c,.git,e813e43fda1a9a86a8b702b45e83c3188a811c,,git_internal,4955,2026-07-07T10:22:40-05:00,,SKIPPED_GIT_INTERNAL,SKIPPED_GIT_INTERNAL,,
baseline_before_phase0a_report_write,2026-07-08T22:59:44-05:00,.git/objects/66/ebe5260b0fa6cae248577fe0ab3e32000ef807,/Users/messssi/Desktop/equity/.git/objects/66/ebe5260b0fa6cae248577fe0ab3e32000ef807,.git,ebe5260b0fa6cae248577fe0ab3e32000ef807,,git_internal,52,2026-07-03T21:02:32-05:00,,SKIPPED_GIT_INTERNAL,SKIPPED_GIT_INTERNAL,,
baseline_before_phase0a_report_write,2026-07-08T22:59:44-05:00,.git/objects/68/06f17f76e0aa28b689fb3164a585ace9583b3b,/Users/messssi/Desktop/equity/.git/objects/68/06f17f76e0aa28b689fb3164a585ace9583b3b,.git,06f17f76e0aa28b689fb3164a585ace9583b3b,,git_internal,4839,2026-07-07T10:16:39-05:00,,SKIPPED_GIT_INTERNAL,SKIPPED_GIT_INTERNAL,,
baseline_before_phase0a_report_write,2026-07-08T22:59:44-05:00,.git/objects/80/6f63d9b8047e12aeaf066371c9f655ca2f2999,/Users/messssi/Desktop/equity/.git/objects/80/6f63d9b8047e12aeaf066371c9f655ca2f2999,.git,6f63d9b8047e12aeaf066371c9f655ca2f2999,,git_internal,66,2026-07-03T21:02:32-05:00,,SKIPPED_GIT_INTERNAL,SKIPPED_GIT_INTERNAL,,
baseline_before_phase0a_report_write,2026-07-08T22:59:44-05:00,.git/refs/codex/turn-diffs/checkpoints/02430b8373d3f93b682c891c41b9a7166cd3eefa3a8489cb5d965eaf7e85eafe/24c0d06aab44d2429ab95e6f2366626cc943dc970977c1328609c0f56f5d3f4c/1783130552306/858148de-9f96-457a-a0b7-17e462a2db85,/Users/messssi/Desktop/equity/.git/refs/codex/turn-diffs/checkpoints/02430b8373d3f93b682c891c41b9a7166cd3eefa3a8489cb5d965eaf7e85eafe/24c0d06aab44d2429ab95e6f2366626cc943dc970977c1328609c0f56f5d3f4c/1783130552306/858148de-9f96-457a-a0b7-17e462a2db85,.git,858148de-9f96-457a-a0b7-17e462a2db85,,git_internal,41,2026-07-03T21:02:32-05:00,,SKIPPED_GIT_INTERNAL,SKIPPED_GIT_INTERNAL,,
baseline_before_phase0a_report_write,2026-07-08T22:59:44-05:00,.gitignore,/Users/messssi/Desktop/equity/.gitignore,.gitignore,.gitignore,,other,148,2026-07-07T10:49:03-05:00,a34884df8277c855d7a2be942edd38b91b168301f2313fb237884a1a3db3b00e,HASHED,TEXT_READ_UTF_8,,email_drafts
baseline_before_phase0a_report_write,2026-07-08T22:59:44-05:00,00_rules/brokerage_boundary.md,/Users/messssi/Desktop/equity/00_rules/brokerage_boundary.md,00_rules,brokerage_boundary.md,.md,document,882,2026-07-03T21:18:03-05:00,71405c777c1f507170db170768d641a344e011ec97a868280f699424affc2f03,HASHED,TEXT_READ_UTF_8,,trade_logs
baseline_before_phase0a_report_write,2026-07-08T22:59:44-05:00,00_rules/data_source_policy.md,/Users/messssi/Desktop/equity/00_rules/data_source_policy.md,00_rules,data_source_policy.md,.md,document,1138,2026-07-03T21:18:03-05:00,4f1fdc3a5897ae1ad4fff09bcbd77231c338e1709fe9856c8a36d2eb4ca3dd73,HASHED,TEXT_READ_UTF_8,,
baseline_before_phase0a_report_write,2026-07-08T22:59:44-05:00,00_rules/manual_approval_policy.md,/Users/messssi/Desktop/equity/00_rules/manual_approval_policy.md,00_rules,manual_approval_policy.md,.md,document,1040,2026-07-03T21:18:03-05:00,b2b4b309f1f1a5489a598c0ee91e7364eb5e45f6b92996363220d5a07bf6c1c8,HASHED,TEXT_READ_UTF_8,,risk_rules
baseline_before_phase0a_report_write,2026-07-08T22:59:44-05:00,00_rules/risk_policy.md,/Users/messssi/Desktop/equity/00_rules/risk_policy.md,00_rules,risk_policy.md,.md,document,2136,2026-07-03T21:18:03-05:00,95612570a74898892c923c33b8dec26468bb4067e79ca723f58f2159ff176ebc,HASHED,TEXT_READ_UTF_8,,risk_rules
baseline_before_phase0a_report_write,2026-07-08T22:59:44-05:00,00_rules/source_policy.md,/Users/messssi/Desktop/equity/00_rules/source_policy.md,00_rules,source_policy.md,.md,document,1546,2026-07-03T21:18:03-05:00,7ebee15ee40b79cc10f3fac4d647ca8d20f8b0f088503c30aa7ec6330ed394b1,HASHED,TEXT_READ_UTF_8,,
baseline_before_phase0a_report_write,2026-07-08T22:59:44-05:00,00_rules/trading_checklist.md,/Users/messssi/Desktop/equity/00_rules/trading_checklist.md,00_rules,trading_checklist.md,.md,document,1830,2026-07-03T21:18:03-05:00,d6d3800b4c91d8d7de30162fcaf264078baa07ffc2400387cf6b5add7efd2a0d,HASHED,TEXT_READ_UTF_8,,risk_rules
baseline_before_phase0a_report_write,2026-07-08T22:59:44-05:00,01_universe/phase2b_candidate_source_log.md,/Users/messssi/Desktop/equity/01_universe/phase2b_candidate_source_log.md,01_universe,phase2b_candidate_source_log.md,.md,document,11798,2026-07-03T22:28:15-05:00,18a85a145aaa99915421a5b364cced83a4d7a834a17f2d59f3e77a4d495fa937,HASHED,TEXT_READ_UTF_8,phase2b,risk_rules
baseline_before_phase0a_report_write,2026-07-08T22:59:44-05:00,01_universe/phase2c_selected_candidates.csv,/Users/messssi/Desktop/equity/01_universe/phase2c_selected_candidates.csv,01_universe,phase2c_selected_candidates.csv,.csv,structured_data,4050,2026-07-05T14:29:06-05:00,83b115011c79f65c336eb725af4a82f4b261c3f2f5ea7013fe6289c3c94128e2,HASHED,TEXT_READ_UTF_8,phase2b;phase2c,
baseline_before_phase0a_report_write,2026-07-08T22:59:44-05:00,01_universe/quarantined_placeholder_rows.csv,/Users/messssi/Desktop/equity/01_universe/quarantined_placeholder_rows.csv,01_universe,quarantined_placeholder_rows.csv,.csv,structured_data,560,2026-07-03T21:18:14-05:00,ac4360fe232ecbfa6dfcebc3146c5e4866029b43a162c59ffb166d9e835710d1,HASHED,TEXT_READ_UTF_8,phase0b,
baseline_before_phase0a_report_write,2026-07-08T22:59:44-05:00,01_universe/real_candidate_sources.md,/Users/messssi/Desktop/equity/01_universe/real_candidate_sources.md,01_universe,real_candidate_sources.md,.md,document,972,2026-07-03T21:58:05-05:00,4c68ba1e97e97ff995af4856576852e37ccb56827c027513170b1ab66a11ad00,HASHED,TEXT_READ_UTF_8,,
baseline_before_phase0a_report_write,2026-07-08T22:59:44-05:00,01_universe/real_candidate_universe.csv,/Users/messssi/Desktop/equity/01_universe/real_candidate_universe.csv,01_universe,real_candidate_universe.csv,.csv,structured_data,13215,2026-07-05T14:42:05-05:00,126ca824211e397b8a2757964b22165f18a1253fcb416a8ee0c939e8cbfa962c,HASHED,TEXT_READ_UTF_8,,
baseline_before_phase0a_report_write,2026-07-08T22:59:44-05:00,01_universe/rejected.csv,/Users/messssi/Desktop/equity/01_universe/rejected.csv,01_universe,rejected.csv,.csv,structured_data,77,2026-07-03T21:18:14-05:00,fb00828a85114229ceb2b4bd5164bd2156a3d5724081749e91f7eeda4a9aed1d,HASHED,TEXT_READ_UTF_8,,
baseline_before_phase0a_report_write,2026-07-08T22:59:44-05:00,01_universe/test_fixtures.csv,/Users/messssi/Desktop/equity/01_universe/test_fixtures.csv,01_universe,test_fixtures.csv,.csv,structured_data,1144,2026-07-03T21:58:05-05:00,437aaeb3bad1d274dc36bb1e55e9420a996e02609dfc109e64e895a2a044ac5f,HASHED,TEXT_READ_UTF_8,,
baseline_before_phase0a_report_write,2026-07-08T22:59:44-05:00,01_universe/universe.csv,/Users/messssi/Desktop/equity/01_universe/universe.csv,01_universe,universe.csv,.csv,structured_data,1804,2026-07-03T21:21:31-05:00,1daefe16c3cce92536b6a21f701777e30ef73617af9306086bd8c89cc395fd59,HASHED,TEXT_READ_UTF_8,,
baseline_before_phase0a_report_write,2026-07-08T22:59:44-05:00,02_filings/filing_notes/ACMR_filing_note.md,/Users/messssi/Desktop/equity/02_filings/filing_notes/ACMR_filing_note.md,02_filings,ACMR_filing_note.md,.md,document,2699,2026-07-05T14:30:19-05:00,cb9918825510a822e552330ef881dd31efe07db23f511c18bd11dd63bfb842b7,HASHED,TEXT_READ_UTF_8,,
baseline_before_phase0a_report_write,2026-07-08T22:59:44-05:00,02_filings/filing_notes/ALAB_filing_note.md,/Users/messssi/Desktop/equity/02_filings/filing_notes/ALAB_filing_note.md,02_filings,ALAB_filing_note.md,.md,document,2005,2026-07-05T14:30:18-05:00,3fbec38cc28447eeae1d0dd5f949890affab6b007ca9528ced94bba7511fae04,HASHED,TEXT_READ_UTF_8,,
baseline_before_phase0a_report_write,2026-07-08T22:59:44-05:00,02_filings/filing_notes/AMD_filing_note.md,/Users/messssi/Desktop/equity/02_filings/filing_notes/AMD_filing_note.md,02_filings,AMD_filing_note.md,.md,document,1974,2026-07-03T21:26:21-05:00,e013a0bf0d93ce5410e13d180e08b5280d38dee17a5004b6e09809e27861de05,HASHED,TEXT_READ_UTF_8,,
baseline_before_phase0a_report_write,2026-07-08T22:59:44-05:00,02_filings/filing_notes/ARRY_filing_note.md,/Users/messssi/Desktop/equity/02_filings/filing_notes/ARRY_filing_note.md,02_filings,ARRY_filing_note.md,.md,document,2661,2026-07-05T14:30:11-05:00,39e1977d573f2235d1f71a7e5e2274847f159adca0fccda4680d7a1db299e3da,HASHED,TEXT_READ_UTF_8,,
baseline_before_phase0a_report_write,2026-07-08T22:59:44-05:00,02_filings/filing_notes/CRSP_filing_note.md,/Users/messssi/Desktop/equity/02_filings/filing_notes/CRSP_filing_note.md,02_filings,CRSP_filing_note.md,.md,document,2418,2026-07-05T14:30:17-05:00,bdc9ae3d3676e54a59521da1509e5eed6d85f69ea6e5a6679d9ca1cc5ee1b5d9,HASHED,TEXT_READ_UTF_8,,
baseline_before_phase0a_report_write,2026-07-08T22:59:44-05:00,02_filings/filing_notes/CRWV_filing_note.md,/Users/messssi/Desktop/equity/02_filings/filing_notes/CRWV_filing_note.md,02_filings,CRWV_filing_note.md,.md,document,2010,2026-07-05T14:30:07-05:00,b189976a79b78a9fada252b35a23203ed8fddf51d66a051e8a2a1241b1c7d4b9,HASHED,TEXT_READ_UTF_8,,
baseline_before_phase0a_report_write,2026-07-08T22:59:44-05:00,02_filings/filing_notes/ENPH_filing_note.md,/Users/messssi/Desktop/equity/02_filings/filing_notes/ENPH_filing_note.md,02_filings,ENPH_filing_note.md,.md,document,2159,2026-07-03T21:26:19-05:00,eb970aef67ff62790b558ce6e86db6956444f9dacfeb8b1466432f52a0fde85a,HASHED,TEXT_READ_UTF_8,,
baseline_before_phase0a_report_write,2026-07-08T22:59:44-05:00,02_filings/filing_notes/ENVX_filing_note.md,/Users/messssi/Desktop/equity/02_filings/filing_notes/ENVX_filing_note.md,02_filings,ENVX_filing_note.md,.md,document,2546,2026-07-05T14:30:13-05:00,ea9557ca0f8abf02c1eae312fc283a600d959b1e40c1a0b2181bc5fd5d0e48f6,HASHED,TEXT_READ_UTF_8,,
baseline_before_phase0a_report_write,2026-07-08T22:59:44-05:00,02_filings/filing_notes/FLNC_filing_note.md,/Users/messssi/Desktop/equity/02_filings/filing_notes/FLNC_filing_note.md,02_filings,FLNC_filing_note.md,.md,document,2320,2026-07-05T14:30:10-05:00,9acbd096589ebb33aef749214da2dc834e8c447a48e111a5764ea139084779ff,HASHED,TEXT_READ_UTF_8,,
baseline_before_phase0a_report_write,2026-07-08T22:59:44-05:00,02_filings/filing_notes/IOT_filing_note.md,/Users/messssi/Desktop/equity/02_filings/filing_notes/IOT_filing_note.md,02_filings,IOT_filing_note.md,.md,document,1313,2026-07-05T14:30:08-05:00,1fda2fe5c81a0851dc91eb227a823ea3bb6097e0b81428aea81371ba03f9fbc7,HASHED,TEXT_READ_UTF_8,,
baseline_before_phase0a_report_write,2026-07-08T22:59:44-05:00,02_filings/filing_notes/NVTS_filing_note.md,/Users/messssi/Desktop/equity/02_filings/filing_notes/NVTS_filing_note.md,02_filings,NVTS_filing_note.md,.md,document,2755,2026-07-05T14:30:21-05:00,61d2afac099ad7343b5345bc500d5cf5f5dab60a122eccc01a8741b6b80b2535,HASHED,TEXT_READ_UTF_8,,
baseline_before_phase0a_report_write,2026-07-08T22:59:44-05:00,02_filings/filing_notes/RBRK_filing_note.md,/Users/messssi/Desktop/equity/02_filings/filing_notes/RBRK_filing_note.md,02_filings,RBRK_filing_note.md,.md,document,1728,2026-07-05T14:30:06-05:00,461ba00db43027252b21b5035c573c2516e4344d367c77bd1a9dc9bd007e9ee0,HASHED,TEXT_READ_UTF_8,,
baseline_before_phase0a_report_write,2026-07-08T22:59:44-05:00,02_filings/filing_notes/RXRX_filing_note.md,/Users/messssi/Desktop/equity/02_filings/filing_notes/RXRX_filing_note.md,02_filings,RXRX_filing_note.md,.md,document,2451,2026-07-05T14:30:15-05:00,248de416fda3a1a45460954c5443766852f75a502107ce09830485d06c5f62e9,HASHED,TEXT_READ_UTF_8,,
baseline_before_phase0a_report_write,2026-07-08T22:59:44-05:00,02_filings/filing_notes/TEM_filing_note.md,/Users/messssi/Desktop/equity/02_filings/filing_notes/TEM_filing_note.md,02_filings,TEM_filing_note.md,.md,document,2538,2026-07-05T14:30:14-05:00,c8daec64324a987b2bb4ec725531c6dc95dd0f81a070be9f868a8a995ce6e035,HASHED,TEXT_READ_UTF_8,,
baseline_before_phase0a_report_write,2026-07-08T22:59:44-05:00,02_filings/filing_notes/TSLA_filing_note.md,/Users/messssi/Desktop/equity/02_filings/filing_notes/TSLA_filing_note.md,02_filings,TSLA_filing_note.md,.md,document,1970,2026-07-03T21:26:18-05:00,abe2a15e62c0cf4aa95cf3b648bf0687433e910dd34f08f5f08abb5ca746c415,HASHED,TEXT_READ_UTF_8,,
baseline_before_phase0a_report_write,2026-07-08T22:59:44-05:00,02_filings/sec_raw/ACMR_submissions.json,/Users/messssi/Desktop/equity/02_filings/sec_raw/ACMR_submissions.json,02_filings,ACMR_submissions.json,.json,json_data,184972,2026-07-05T14:30:19-05:00,274ceeefd7bcc51196a11fabef1d7ddb950ad6c2a2e265dfd646eecacd08f9cc,HASHED,TEXT_READ_UTF_8,,
baseline_before_phase0a_report_write,2026-07-08T22:59:44-05:00,02_filings/sec_raw/ALAB_submissions.json,/Users/messssi/Desktop/equity/02_filings/sec_raw/ALAB_submissions.json,02_filings,ALAB_submissions.json,.json,json_data,119241,2026-07-05T14:30:18-05:00,add4243746bcf3b55ba3e03efc074624f30804e90d54b3611528b089c13eafc4,HASHED,TEXT_READ_UTF_8,,
baseline_before_phase0a_report_write,2026-07-08T22:59:44-05:00,02_filings/sec_raw/AMD_submissions.json,/Users/messssi/Desktop/equity/02_filings/sec_raw/AMD_submissions.json,02_filings,AMD_submissions.json,.json,json_data,307323,2026-07-03T21:26:21-05:00,e6d2c092550d47c3f47f8b46e2fff05cca274d97517dfb7076deb6e4d7c98f74,HASHED,TEXT_READ_UTF_8,,
baseline_before_phase0a_report_write,2026-07-08T22:59:44-05:00,02_filings/sec_raw/ARRY_submissions.json,/Users/messssi/Desktop/equity/02_filings/sec_raw/ARRY_submissions.json,02_filings,ARRY_submissions.json,.json,json_data,141362,2026-07-05T14:30:11-05:00,5438ab575e4330b0ae009674c40cce5a45e16472034f7b5ed2fd1c08028d1ab2,HASHED,TEXT_READ_UTF_8,,
baseline_before_phase0a_report_write,2026-07-08T22:59:44-05:00,02_filings/sec_raw/CRSP_submissions.json,/Users/messssi/Desktop/equity/02_filings/sec_raw/CRSP_submissions.json,02_filings,CRSP_submissions.json,.json,json_data,259409,2026-07-05T14:30:17-05:00,885abe4acf176cb3350c59295c93effc617c7fc2c553394f75391f56ef00e607,HASHED,TEXT_READ_UTF_8,,
baseline_before_phase0a_report_write,2026-07-08T22:59:44-05:00,02_filings/sec_raw/CRWV_submissions.json,/Users/messssi/Desktop/equity/02_filings/sec_raw/CRWV_submissions.json,02_filings,CRWV_submissions.json,.json,json_data,285522,2026-07-05T14:30:07-05:00,051457b1a96419f9c045dca26e88820205e3cad616bf862450e64854fbc6f059,HASHED,TEXT_READ_UTF_8,,
baseline_before_phase0a_report_write,2026-07-08T22:59:44-05:00,02_filings/sec_raw/ENPH_submissions.json,/Users/messssi/Desktop/equity/02_filings/sec_raw/ENPH_submissions.json,02_filings,ENPH_submissions.json,.json,json_data,311620,2026-07-03T21:26:19-05:00,511c9a2f6cf106259510cbcdd219e0a8e3d0b524e31bddb306e810f437f0359d,HASHED,TEXT_READ_UTF_8,phase13ga;phase2017de;phase2017pr;phase2018de;phase2018pr;phase8,
baseline_before_phase0a_report_write,2026-07-08T22:59:44-05:00,02_filings/sec_raw/ENVX_submissions.json,/Users/messssi/Desktop/equity/02_filings/sec_raw/ENVX_submissions.json,02_filings,ENVX_submissions.json,.json,json_data,237967,2026-07-05T14:30:13-05:00,ba0783c857c973351172c890015a03589c666e4e964150fe548438a7fb2fefbc,HASHED,TEXT_READ_UTF_8,,
baseline_before_phase0a_report_write,2026-07-08T22:59:44-05:00,02_filings/sec_raw/FLNC_submissions.json,/Users/messssi/Desktop/equity/02_filings/sec_raw/FLNC_submissions.json,02_filings,FLNC_submissions.json,.json,json_data,106462,2026-07-05T14:30:10-05:00,048212a2982498e6312ed01d01bad1009543ef92c514647140ce4bcadd1f9cdd,HASHED,TEXT_READ_UTF_8,,
baseline_before_phase0a_report_write,2026-07-08T22:59:44-05:00,02_filings/sec_raw/IOT_submissions.json,/Users/messssi/Desktop/equity/02_filings/sec_raw/IOT_submissions.json,02_filings,IOT_submissions.json,.json,json_data,302182,2026-07-05T14:30:08-05:00,47bf1105ad91bb763f0b309a2614358a6c9597fe492e257c47bd2a58e7b1d380,HASHED,TEXT_READ_UTF_8,,
baseline_before_phase0a_report_write,2026-07-08T22:59:44-05:00,02_filings/sec_raw/NVTS_submissions.json,/Users/messssi/Desktop/equity/02_filings/sec_raw/NVTS_submissions.json,02_filings,NVTS_submissions.json,.json,json_data,168180,2026-07-05T14:30:21-05:00,ece157a59320d7895bc694d09b896723ce5fbfa69ed8e43fb001b5a8da218537,HASHED,TEXT_READ_UTF_8,,
baseline_before_phase0a_report_write,2026-07-08T22:59:44-05:00,02_filings/sec_raw/RBRK_submissions.json,/Users/messssi/Desktop/equity/02_filings/sec_raw/RBRK_submissions.json,02_filings,RBRK_submissions.json,.json,json_data,120357,2026-07-05T14:30:06-05:00,e184844bfc87aa76f9dc21052c3a10cce3b3fdabf75823b5348456820abe786a,HASHED,TEXT_READ_UTF_8,,
baseline_before_phase0a_report_write,2026-07-08T22:59:44-05:00,02_filings/sec_raw/RXRX_submissions.json,/Users/messssi/Desktop/equity/02_filings/sec_raw/RXRX_submissions.json,02_filings,RXRX_submissions.json,.json,json_data,284293,2026-07-05T14:30:15-05:00,7abb376672b57ef9ab54f012c5d17fadcdf350a85443a4030c6dd02e7a63243e,HASHED,TEXT_READ_UTF_8,,
baseline_before_phase0a_report_write,2026-07-08T22:59:44-05:00,02_filings/sec_raw/TEM_submissions.json,/Users/messssi/Desktop/equity/02_filings/sec_raw/TEM_submissions.json,02_filings,TEM_submissions.json,.json,json_data,130247,2026-07-05T14:30:14-05:00,aebcba69ae5bec60fdc5ccdfe171447b2deedc982a44233f4f1104ef5662cd2c,HASHED,TEXT_READ_UTF_8,,
baseline_before_phase0a_report_write,2026-07-08T22:59:44-05:00,02_filings/sec_raw/TSLA_submissions.json,/Users/messssi/Desktop/equity/02_filings/sec_raw/TSLA_submissions.json,02_filings,TSLA_submissions.json,.json,json_data,306608,2026-07-03T21:26:18-05:00,16e74b24928c6904776f1c0dd45f4b0d0ac48a28ba9a9510f760814b1202317d,HASHED,TEXT_READ_UTF_8,,
baseline_before_phase0a_report_write,2026-07-08T22:59:44-05:00,03_research/.DS_Store,/Users/messssi/Desktop/equity/03_research/.DS_Store,03_research,.DS_Store,,macos_metadata,8196,2026-07-06T13:46:54-05:00,02d9649edb93343fa8d9c194743194943e6bc7e68391926aa7624f39abe2608a,HASHED,SKIPPED_BINARY_NUL,,
baseline_before_phase0a_report_write,2026-07-08T22:59:44-05:00,03_research/agent_restructure_phase3c/current_structure_audit.md,/Users/messssi/Desktop/equity/03_research/agent_restructure_phase3c/current_structure_audit.md,03_research,current_structure_audit.md,.md,document,3166,2026-07-06T22:22:27-05:00,4e5940502e5fc493192c9539a149e1feeb41f0166c2f5c26891f9811daf3a580,HASHED,TEXT_READ_UTF_8,phase0;phase2;phase2n;phase2p;phase2q;phase2r;phase3;phase3a;phase3b;phase3c,real_positions;risk_rules;email_drafts;weekly_reviews;trade_logs
baseline_before_phase0a_report_write,2026-07-08T22:59:44-05:00,03_research/agent_restructure_phase3c/proposed_real_monitoring_architecture.md,/Users/messssi/Desktop/equity/03_research/agent_restructure_phase3c/proposed_real_monitoring_architecture.md,03_research,proposed_real_monitoring_architecture.md,.md,document,2028,2026-07-06T22:22:27-05:00,311b3dcb903cea48c7e1274c03e8a6ceb86bc1d77930af92295796fc9d050e5e,HASHED,TEXT_READ_UTF_8,phase3;phase3b;phase3c;phase4;phase4b;phase5,real_positions;risk_rules;email_drafts;sec_alerts;weekly_reviews
baseline_before_phase0a_report_write,2026-07-08T22:59:44-05:00,03_research/agent_restructure_phase3c/security_boundary.md,/Users/messssi/Desktop/equity/03_research/agent_restructure_phase3c/security_boundary.md,03_research,security_boundary.md,.md,document,1182,2026-07-06T22:22:27-05:00,817e1b32c9e284b4194399e20789fc2086a797fe41736deab53c67e9e661e309,HASHED,TEXT_READ_UTF_8,phase3c;phase4;phase5,risk_rules;email_drafts;sec_alerts
baseline_before_phase0a_report_write,2026-07-08T22:59:44-05:00,03_research/agent_restructure_phase3c/weekly_email_agent_spec.md,/Users/messssi/Desktop/equity/03_research/agent_restructure_phase3c/weekly_email_agent_spec.md,03_research,weekly_email_agent_spec.md,.md,document,1173,2026-07-06T22:22:27-05:00,2d535d547253ec4e0451613b104ac75be0fdaa13c5df8faf64b300580e6e76a2,HASHED,TEXT_READ_UTF_8,phase3c;phase4b;phase5,email_drafts;sec_alerts
baseline_before_phase0a_report_write,2026-07-08T22:59:44-05:00,03_research/company_memo_template.md,/Users/messssi/Desktop/equity/03_research/company_memo_template.md,03_research,company_memo_template.md,.md,document,2167,2026-07-03T21:18:51-05:00,ab2bd771bd6511c4d44f1b6144853b624d5695f98d8694b71cf981fa96758540,HASHED,TEXT_READ_UTF_8,,risk_rules
baseline_before_phase0a_report_write,2026-07-08T22:59:44-05:00,03_research/company_memos_phase2f/IOT_company_memo.md,/Users/messssi/Desktop/equity/03_research/company_memos_phase2f/IOT_company_memo.md,03_research,IOT_company_memo.md,.md,document,6361,2026-07-05T16:24:54-05:00,d2bf9dddd57f5a01b94f241696c02b9112cbfacbd3ad724fd31969fccf579f2b,HASHED,TEXT_READ_UTF_8,phase2e;phase2e1;phase2f,
baseline_before_phase0a_report_write,2026-07-08T22:59:44-05:00,03_research/company_memos_phase2f/RBRK_company_memo.md,/Users/messssi/Desktop/equity/03_research/company_memos_phase2f/RBRK_company_memo.md,03_research,RBRK_company_memo.md,.md,document,6581,2026-07-05T16:24:54-05:00,a119cb75ab2365658b4c9d8684adb8708652dc67067e6e9c861d01c201837928,HASHED,TEXT_READ_UTF_8,phase2e;phase2e1;phase2f,
baseline_before_phase0a_report_write,2026-07-08T22:59:44-05:00,03_research/email_automation_phase5a/email_send_gate_policy.md,/Users/messssi/Desktop/equity/03_research/email_automation_phase5a/email_send_gate_policy.md,03_research,email_send_gate_policy.md,.md,document,1172,2026-07-07T10:49:03-05:00,4d0958e4809511300cf5ebb54ad4e88ad7c8db0b5a6324668094d92c9d9bb84d,HASHED,TEXT_READ_UTF_8,phase5a,email_drafts;weekly_reviews
baseline_before_phase0a_report_write,2026-07-08T22:59:44-05:00,03_research/email_automation_phase5a/failure_handling_plan.md,/Users/messssi/Desktop/equity/03_research/email_automation_phase5a/failure_handling_plan.md,03_research,failure_handling_plan.md,.md,document,1292,2026-07-07T10:49:03-05:00,6f74d6f3d3d70911fb17b30692b6f71be6f95ec33e47cb345614193fae0805d5,HASHED,TEXT_READ_UTF_8,phase5a,email_drafts
baseline_before_phase0a_report_write,2026-07-08T22:59:44-05:00,03_research/email_automation_phase5a/gmail_dry_run_plan.md,/Users/messssi/Desktop/equity/03_research/email_automation_phase5a/gmail_dry_run_plan.md,03_research,gmail_dry_run_plan.md,.md,document,2475,2026-07-07T10:49:03-05:00,9c3b04ef0cbb2aaca7f4cabc174376375e251a23841beda59fb6fe878ce6a9cd,HASHED,TEXT_READ_UTF_8,phase5a;phase5b;phase5c;phase5d;phase5e;phase5f,email_drafts;sec_alerts;weekly_reviews
baseline_before_phase0a_report_write,2026-07-08T22:59:44-05:00,03_research/email_automation_phase5a/oauth_security_plan.md,/Users/messssi/Desktop/equity/03_research/email_automation_phase5a/oauth_security_plan.md,03_research,oauth_security_plan.md,.md,document,1240,2026-07-07T10:49:03-05:00,3125032e48e4d0ff1dd25dd5580ebfe421aca50d9089020a491765993b83d19f,HASHED,TEXT_READ_UTF_8,phase5a,email_drafts
baseline_before_phase0a_report_write,2026-07-08T22:59:44-05:00,03_research/email_draft_agent_phase4b/weekly_email_draft.html,/Users/messssi/Desktop/equity/03_research/email_draft_agent_phase4b/weekly_email_draft.html,03_research,weekly_email_draft.html,.html,document,1654,2026-07-07T10:35:15-05:00,99d57b794f7876c10391f46b33cc49f329c66f168deca5468c93aae7f2140497,HASHED,TEXT_READ_UTF_8,phase4b,risk_rules;email_drafts;sec_alerts;weekly_reviews
baseline_before_phase0a_report_write,2026-07-08T22:59:44-05:00,03_research/email_draft_agent_phase4b/weekly_email_draft.md,/Users/messssi/Desktop/equity/03_research/email_draft_agent_phase4b/weekly_email_draft.md,03_research,weekly_email_draft.md,.md,document,1199,2026-07-07T10:35:15-05:00,46b16752a349d3b48c8f53a72ad6df9f81b2057e95d8646a5844161675d6f5ae,HASHED,TEXT_READ_UTF_8,phase4b,risk_rules;email_drafts;sec_alerts;weekly_reviews
baseline_before_phase0a_report_write,2026-07-08T22:59:44-05:00,03_research/email_draft_agent_phase4b/weekly_email_subject.txt,/Users/messssi/Desktop/equity/03_research/email_draft_agent_phase4b/weekly_email_subject.txt,03_research,weekly_email_subject.txt,.txt,document,69,2026-07-07T10:35:15-05:00,bebc6a365b34583c8bb4e4a2a5583515ab15a37d1c901597193377e6e8e17de4,HASHED,TEXT_READ_UTF_8,phase4b,risk_rules;email_drafts
baseline_before_phase0a_report_write,2026-07-08T22:59:44-05:00,03_research/email_preflight_phase5b/preflight_rules.md,/Users/messssi/Desktop/equity/03_research/email_preflight_phase5b/preflight_rules.md,03_research,preflight_rules.md,.md,document,1812,2026-07-07T10:59:07-05:00,f94ffb31b83268b95c1806ecc56a2b50ca94eafd7ee304070f2130c4f8cc098e,HASHED,TEXT_READ_UTF_8,phase5b,email_drafts;weekly_reviews
baseline_before_phase0a_report_write,2026-07-08T22:59:44-05:00,03_research/email_preflight_phase5b/recipient_allowlist_policy.md,/Users/messssi/Desktop/equity/03_research/email_preflight_phase5b/recipient_allowlist_policy.md,03_research,recipient_allowlist_policy.md,.md,document,752,2026-07-07T10:59:07-05:00,486c6b09c73fc441201c9c520bc1c37b26912e0bad12d4491f5d15e09087a46c,HASHED,TEXT_READ_UTF_8,phase5b,email_drafts
baseline_before_phase0a_report_write,2026-07-08T22:59:44-05:00,03_research/filing_excerpts_phase2f/IOT_filing_excerpts.md,/Users/messssi/Desktop/equity/03_research/filing_excerpts_phase2f/IOT_filing_excerpts.md,03_research,IOT_filing_excerpts.md,.md,document,5891,2026-07-05T16:25:41-05:00,38a25966e02fb519b1a1f1c3c357717781666001a0c0b77f5f96fa5d885baea0,HASHED,TEXT_READ_UTF_8,phase2f,
baseline_before_phase0a_report_write,2026-07-08T22:59:44-05:00,03_research/filing_excerpts_phase2f/RBRK_filing_excerpts.md,/Users/messssi/Desktop/equity/03_research/filing_excerpts_phase2f/RBRK_filing_excerpts.md,03_research,RBRK_filing_excerpts.md,.md,document,10822,2026-07-05T16:25:39-05:00,153c106761dbd1941c234c181b43b83cb0d00fa60721f086bebfadf084f38294,HASHED,TEXT_READ_UTF_8,phase2f,
baseline_before_phase0a_report_write,2026-07-08T22:59:44-05:00,03_research/gpt_packets/ACMR_gpt_packet.md,/Users/messssi/Desktop/equity/03_research/gpt_packets/ACMR_gpt_packet.md,03_research,ACMR_gpt_packet.md,.md,document,6142,2026-07-05T14:34:03-05:00,738782cc636315523916cb304110ecc8720d24fa94e2aa102da18933878df711,HASHED,TEXT_READ_UTF_8,phase2b;phase2c,
baseline_before_phase0a_report_write,2026-07-08T22:59:44-05:00,03_research/gpt_packets/ALAB_gpt_packet.md,/Users/messssi/Desktop/equity/03_research/gpt_packets/ALAB_gpt_packet.md,03_research,ALAB_gpt_packet.md,.md,document,5454,2026-07-05T14:34:03-05:00,08f7ecd7954e5c704054fd1b700d6e131ec62bafd883c98a7f93c6a3f92ed00a,HASHED,TEXT_READ_UTF_8,phase2b;phase2c,
baseline_before_phase0a_report_write,2026-07-08T22:59:44-05:00,03_research/gpt_packets/AMD_gpt_packet.md,/Users/messssi/Desktop/equity/03_research/gpt_packets/AMD_gpt_packet.md,03_research,AMD_gpt_packet.md,.md,document,4823,2026-07-03T21:31:23-05:00,df49bfc2b15b6e4ae58d1ad05b47ecb70bbf4fa13b5a8c92a27882884b3e8d4e,HASHED,TEXT_READ_UTF_8,,
baseline_before_phase0a_report_write,2026-07-08T22:59:44-05:00,03_research/gpt_packets/ARRY_gpt_packet.md,/Users/messssi/Desktop/equity/03_research/gpt_packets/ARRY_gpt_packet.md,03_research,ARRY_gpt_packet.md,.md,document,6104,2026-07-05T14:34:03-05:00,b9c70f6bd8236af58f32eebf65ecc730c1e18888e905b81d3bd2c66d6eff1683,HASHED,TEXT_READ_UTF_8,phase2b;phase2c,
baseline_before_phase0a_report_write,2026-07-08T22:59:44-05:00,03_research/gpt_packets/CRSP_gpt_packet.md,/Users/messssi/Desktop/equity/03_research/gpt_packets/CRSP_gpt_packet.md,03_research,CRSP_gpt_packet.md,.md,document,5859,2026-07-05T14:34:03-05:00,1cff6f12c445df68cbea5cace4076a6e8e3f5618771f7933a70062c6d9758c67,HASHED,TEXT_READ_UTF_8,phase2b;phase2c,
baseline_before_phase0a_report_write,2026-07-08T22:59:44-05:00,03_research/gpt_packets/CRWV_gpt_packet.md,/Users/messssi/Desktop/equity/03_research/gpt_packets/CRWV_gpt_packet.md,03_research,CRWV_gpt_packet.md,.md,document,5473,2026-07-05T14:34:03-05:00,fd62e9cc62354f6cdfcfcae1fe31c8d74b276e890303c0828e22f105e6ce6255,HASHED,TEXT_READ_UTF_8,phase2b;phase2c,
baseline_before_phase0a_report_write,2026-07-08T22:59:44-05:00,03_research/gpt_packets/ENPH_gpt_packet.md,/Users/messssi/Desktop/equity/03_research/gpt_packets/ENPH_gpt_packet.md,03_research,ENPH_gpt_packet.md,.md,document,4981,2026-07-03T21:31:23-05:00,3a17bb7708d3931f8498062ac67568ea555f9d20a7ba6c48692cb7754417b444,HASHED,TEXT_READ_UTF_8,,
baseline_before_phase0a_report_write,2026-07-08T22:59:44-05:00,03_research/gpt_packets/ENVX_gpt_packet.md,/Users/messssi/Desktop/equity/03_research/gpt_packets/ENVX_gpt_packet.md,03_research,ENVX_gpt_packet.md,.md,document,5958,2026-07-05T14:34:03-05:00,d10992e79a49865427b31ea3f516a33617209544ecd0b1b5c0ad630b3e567e3a,HASHED,TEXT_READ_UTF_8,phase2b;phase2c,
baseline_before_phase0a_report_write,2026-07-08T22:59:44-05:00,03_research/gpt_packets/FLNC_gpt_packet.md,/Users/messssi/Desktop/equity/03_research/gpt_packets/FLNC_gpt_packet.md,03_research,FLNC_gpt_packet.md,.md,document,5747,2026-07-05T14:34:03-05:00,11f5cf9d65c032a5225826078a54e4197ab6a35548e9f023f150e35ff70f12cc,HASHED,TEXT_READ_UTF_8,phase2b;phase2c,
baseline_before_phase0a_report_write,2026-07-08T22:59:44-05:00,03_research/gpt_packets/IOT_gpt_packet.md,/Users/messssi/Desktop/equity/03_research/gpt_packets/IOT_gpt_packet.md,03_research,IOT_gpt_packet.md,.md,document,4761,2026-07-05T14:34:03-05:00,944c12db3f9b2507c46f0373b89d27df1658a2de7cd2ad4309ddbf00974108e1,HASHED,TEXT_READ_UTF_8,phase2b;phase2c,
baseline_before_phase0a_report_write,2026-07-08T22:59:44-05:00,03_research/gpt_packets/NVTS_gpt_packet.md,/Users/messssi/Desktop/equity/03_research/gpt_packets/NVTS_gpt_packet.md,03_research,NVTS_gpt_packet.md,.md,document,6211,2026-07-05T14:34:03-05:00,134ae7e9fe8db034fd42764cf2befd62f653169804c303366adbe8880b7a9ade,HASHED,TEXT_READ_UTF_8,phase2b;phase2c,
baseline_before_phase0a_report_write,2026-07-08T22:59:44-05:00,03_research/gpt_packets/RBRK_gpt_packet.md,/Users/messssi/Desktop/equity/03_research/gpt_packets/RBRK_gpt_packet.md,03_research,RBRK_gpt_packet.md,.md,document,5194,2026-07-05T14:34:03-05:00,7ace18b052bb5545f99e63f5031c3797ace0134b1fec72534ff26e8ae3772e3a,HASHED,TEXT_READ_UTF_8,phase2b;phase2c,
baseline_before_phase0a_report_write,2026-07-08T22:59:44-05:00,03_research/gpt_packets/RXRX_gpt_packet.md,/Users/messssi/Desktop/equity/03_research/gpt_packets/RXRX_gpt_packet.md,03_research,RXRX_gpt_packet.md,.md,document,5931,2026-07-05T14:34:03-05:00,a624026d976c9fb4b45ce53e286d8dcad1f277a70b0158751f56288604d31b35,HASHED,TEXT_READ_UTF_8,phase2b;phase2c,
baseline_before_phase0a_report_write,2026-07-08T22:59:44-05:00,03_research/gpt_packets/TEM_gpt_packet.md,/Users/messssi/Desktop/equity/03_research/gpt_packets/TEM_gpt_packet.md,03_research,TEM_gpt_packet.md,.md,document,5964,2026-07-05T14:34:03-05:00,ed59c77b19a6479646a4e1971b28523a4520a0b877b8e4512156dc81f4e44a06,HASHED,TEXT_READ_UTF_8,phase2b;phase2c,
baseline_before_phase0a_report_write,2026-07-08T22:59:44-05:00,03_research/gpt_packets/TSLA_gpt_packet.md,/Users/messssi/Desktop/equity/03_research/gpt_packets/TSLA_gpt_packet.md,03_research,TSLA_gpt_packet.md,.md,document,4745,2026-07-03T21:31:23-05:00,19ee5a7dbe5c7aa31366f64978b0d3d3abce6498c7c1e5b324911ebc1b798c84,HASHED,TEXT_READ_UTF_8,,
baseline_before_phase0a_report_write,2026-07-08T22:59:44-05:00,03_research/gpt_review_phase2g/IOT_gpt_review.md,/Users/messssi/Desktop/equity/03_research/gpt_review_phase2g/IOT_gpt_review.md,03_research,IOT_gpt_review.md,.md,document,4930,2026-07-05T16:40:35-05:00,1f1ac86e11f3f94c82cf5d0eac4fd8651e41a81cbdceb4498ca18d8614a7596a,HASHED,TEXT_READ_UTF_8,phase2e;phase2e1;phase2g,
baseline_before_phase0a_report_write,2026-07-08T22:59:44-05:00,03_research/gpt_review_phase2g/RBRK_gpt_review.md,/Users/messssi/Desktop/equity/03_research/gpt_review_phase2g/RBRK_gpt_review.md,03_research,RBRK_gpt_review.md,.md,document,4813,2026-07-05T16:40:35-05:00,ee74fc99a99fb2d326ce1cfcbf46827ff0a76072b8e40eeced90ba6da1647331,HASHED,TEXT_READ_UTF_8,phase2e;phase2e1;phase2g,
baseline_before_phase0a_report_write,2026-07-08T22:59:44-05:00,03_research/human_notes_synthesis_phase2i/IOT_synthesis.md,/Users/messssi/Desktop/equity/03_research/human_notes_synthesis_phase2i/IOT_synthesis.md,03_research,IOT_synthesis.md,.md,document,4681,2026-07-05T18:56:10-05:00,716b586be73e1b670b5c3d12f26550533d83d9124df8e625b86e08b83475f47f,HASHED,TEXT_READ_UTF_8,phase2g;phase2h;phase2i;phase2j,
baseline_before_phase0a_report_write,2026-07-08T22:59:44-05:00,03_research/human_notes_synthesis_phase2i/RBRK_synthesis.md,/Users/messssi/Desktop/equity/03_research/human_notes_synthesis_phase2i/RBRK_synthesis.md,03_research,RBRK_synthesis.md,.md,document,4784,2026-07-05T18:56:10-05:00,93a2d43f7d7538a309131d071b379c111017eba9c90e30d1cf532fd5dccca10d,HASHED,TEXT_READ_UTF_8,phase2g;phase2h;phase2i;phase2j,
baseline_before_phase0a_report_write,2026-07-08T22:59:44-05:00,03_research/manual_filing_review_phase2h/.DS_Store,/Users/messssi/Desktop/equity/03_research/manual_filing_review_phase2h/.DS_Store,03_research,.DS_Store,,macos_metadata,6148,2026-07-05T18:52:32-05:00,d65165279105ca6773180500688df4bdc69a2c7b771752f0a46ef120b7fd8ec3,HASHED,SKIPPED_BINARY_NUL,phase2h,
baseline_before_phase0a_report_write,2026-07-08T22:59:44-05:00,03_research/manual_filing_review_phase2h/IOT_manual_filing_review.md,/Users/messssi/Desktop/equity/03_research/manual_filing_review_phase2h/IOT_manual_filing_review.md,03_research,IOT_manual_filing_review.md,.md,document,12484,2026-07-05T18:40:53-05:00,17ec676e1baaf6e0221014e701f6a2d60394d7b453bca01e6f0b5c2ef24f8722,HASHED,TEXT_READ_UTF_8,phase2f;phase2g;phase2h,
baseline_before_phase0a_report_write,2026-07-08T22:59:44-05:00,03_research/manual_filing_review_phase2h/RBRK_manual_filing_review.md,/Users/messssi/Desktop/equity/03_research/manual_filing_review_phase2h/RBRK_manual_filing_review.md,03_research,RBRK_manual_filing_review.md,.md,document,13491,2026-07-05T18:40:28-05:00,40cd9242c24bc3bec090b7a918fd4ee6a73d501aa0a5f5da53976afedde0b421,HASHED,TEXT_READ_UTF_8,phase2f;phase2g;phase2h,
baseline_before_phase0a_report_write,2026-07-08T22:59:44-05:00,03_research/manual_filing_review_phase2h/phase2h_review_tracker.csv,/Users/messssi/Desktop/equity/03_research/manual_filing_review_phase2h/phase2h_review_tracker.csv,03_research,phase2h_review_tracker.csv,.csv,structured_data,822,2026-07-05T18:56:10-05:00,6222421cdf75baba49f7b97ced58a61e24a479710cfbc062933741d4ac4b2e36,HASHED,TEXT_READ_UTF_8,phase2h,
baseline_before_phase0a_report_write,2026-07-08T22:59:44-05:00,03_research/paper_execution_decision_phase2q/IOT_phase2q_decision_gate.md,/Users/messssi/Desktop/equity/03_research/paper_execution_decision_phase2q/IOT_phase2q_decision_gate.md,03_research,IOT_phase2q_decision_gate.md,.md,document,1634,2026-07-06T14:37:11-05:00,81d5054b939023cbc584cdeda592546923b6999fc5bcfea965f606e9f88a8255,HASHED,TEXT_READ_UTF_8,phase2q;phase2r,risk_rules
baseline_before_phase0a_report_write,2026-07-08T22:59:44-05:00,03_research/paper_execution_decision_phase2q/RBRK_phase2q_decision_gate.md,/Users/messssi/Desktop/equity/03_research/paper_execution_decision_phase2q/RBRK_phase2q_decision_gate.md,03_research,RBRK_phase2q_decision_gate.md,.md,document,1636,2026-07-06T14:37:11-05:00,2becc454c1c6509c1df5d963f2b968996f85649cf15e985a10581dbc35d3707b,HASHED,TEXT_READ_UTF_8,phase2q;phase2r,risk_rules
baseline_before_phase0a_report_write,2026-07-08T22:59:44-05:00,03_research/paper_execution_log_phase2p/IOT_paper_execution_log_setup.md,/Users/messssi/Desktop/equity/03_research/paper_execution_log_phase2p/IOT_paper_execution_log_setup.md,03_research,IOT_paper_execution_log_setup.md,.md,document,1532,2026-07-06T14:02:05-05:00,7058111c05c1eba461a4f71e5d0155eaae4f7718ee63ebce88b40a0de9db80f4,HASHED,TEXT_READ_UTF_8,phase2o;phase2p;phase2q,risk_rules;trade_logs
baseline_before_phase0a_report_write,2026-07-08T22:59:44-05:00,03_research/paper_execution_log_phase2p/RBRK_paper_execution_log_setup.md,/Users/messssi/Desktop/equity/03_research/paper_execution_log_phase2p/RBRK_paper_execution_log_setup.md,03_research,RBRK_paper_execution_log_setup.md,.md,document,1549,2026-07-06T14:02:05-05:00,d5b83be0dec2f7405a4e12c453b7c59d537971b46bd950f79cdd55029fc5f1c9,HASHED,TEXT_READ_UTF_8,phase2o;phase2p;phase2q,risk_rules;trade_logs
baseline_before_phase0a_report_write,2026-07-08T22:59:44-05:00,03_research/paper_execution_phase2r/IOT_paper_execution_record.md,/Users/messssi/Desktop/equity/03_research/paper_execution_phase2r/IOT_paper_execution_record.md,03_research,IOT_paper_execution_record.md,.md,document,1495,2026-07-06T14:42:01-05:00,825a6b0764033eff4f51579c2e55c8c20f39d31e6487323c91ef1c6bfa478f26,HASHED,TEXT_READ_UTF_8,phase2q;phase2r,risk_rules;weekly_reviews
baseline_before_phase0a_report_write,2026-07-08T22:59:44-05:00,03_research/paper_execution_phase2r/RBRK_paper_execution_record.md,/Users/messssi/Desktop/equity/03_research/paper_execution_phase2r/RBRK_paper_execution_record.md,03_research,RBRK_paper_execution_record.md,.md,document,1490,2026-07-06T14:42:01-05:00,d03249d8c90de155506411f2d84b295f3a43b1e21d8f4e3a2a8b4935be9c21f5,HASHED,TEXT_READ_UTF_8,phase2q;phase2r,risk_rules;weekly_reviews
baseline_before_phase0a_report_write,2026-07-08T22:59:44-05:00,03_research/paper_execution_readiness_phase2o/IOT_paper_execution_readiness.md,/Users/messssi/Desktop/equity/03_research/paper_execution_readiness_phase2o/IOT_paper_execution_readiness.md,03_research,IOT_paper_execution_readiness.md,.md,document,2835,2026-07-06T13:57:15-05:00,32cd511c3c439c64884e481e65f6b5f038013ba486bb31ceaf93a762daeb4b22,HASHED,TEXT_READ_UTF_8,phase2h;phase2n;phase2o;phase2p,risk_rules;trade_logs
baseline_before_phase0a_report_write,2026-07-08T22:59:44-05:00,03_research/paper_execution_readiness_phase2o/RBRK_paper_execution_readiness.md,/Users/messssi/Desktop/equity/03_research/paper_execution_readiness_phase2o/RBRK_paper_execution_readiness.md,03_research,RBRK_paper_execution_readiness.md,.md,document,2847,2026-07-06T13:57:15-05:00,b36cc7d26aea3fd655a12b67021e89169d8362f84c71c49179278e9bd3ea2310,HASHED,TEXT_READ_UTF_8,phase2h;phase2n;phase2o;phase2p,risk_rules;trade_logs
baseline_before_phase0a_report_write,2026-07-08T22:59:44-05:00,03_research/paper_plan_drafts_phase2n/IOT_paper_plan_draft.md,/Users/messssi/Desktop/equity/03_research/paper_plan_drafts_phase2n/IOT_paper_plan_draft.md,03_research,IOT_paper_plan_draft.md,.md,document,3417,2026-07-05T20:12:21-05:00,b89548a75c2b2500300c000b0b9164d242e9c95df0b9ea3ba62516c454c6e0fd,HASHED,TEXT_READ_UTF_8,phase2j;phase2k;phase2m;phase2n,risk_rules
baseline_before_phase0a_report_write,2026-07-08T22:59:44-05:00,03_research/paper_plan_drafts_phase2n/RBRK_paper_plan_draft.md,/Users/messssi/Desktop/equity/03_research/paper_plan_drafts_phase2n/RBRK_paper_plan_draft.md,03_research,RBRK_paper_plan_draft.md,.md,document,3522,2026-07-05T20:12:21-05:00,6c1d5875709daf1da643d0e301dd9a4bcfa5c4ab296efe6d4c1970baaf427abb,HASHED,TEXT_READ_UTF_8,phase2j;phase2k;phase2m;phase2n,risk_rules
baseline_before_phase0a_report_write,2026-07-08T22:59:44-05:00,03_research/peer_data_phase2k/IOT_peer_data.md,/Users/messssi/Desktop/equity/03_research/peer_data_phase2k/IOT_peer_data.md,03_research,IOT_peer_data.md,.md,document,4005,2026-07-05T19:43:39-05:00,6feec2c1f5a032ce0bf1b94f05ebbbb41d42c1e8041318b3061e85ea5368c793,HASHED,TEXT_READ_UTF_8,phase2k;phase2l,
baseline_before_phase0a_report_write,2026-07-08T22:59:44-05:00,03_research/peer_data_phase2k/RBRK_peer_data.md,/Users/messssi/Desktop/equity/03_research/peer_data_phase2k/RBRK_peer_data.md,03_research,RBRK_peer_data.md,.md,document,4185,2026-07-05T19:43:39-05:00,6d2a5992060955208b3b0bfa434bde34954b54dfa61344d9bdf149e616611ad6,HASHED,TEXT_READ_UTF_8,phase2k;phase2l,
baseline_before_phase0a_report_write,2026-07-08T22:59:44-05:00,03_research/real_position_audit_phase3a/IOT_real_position_audit.md,/Users/messssi/Desktop/equity/03_research/real_position_audit_phase3a/IOT_real_position_audit.md,03_research,IOT_real_position_audit.md,.md,document,1364,2026-07-06T20:07:24-05:00,96a1320361837ab4cb7049bf71738647c26d33f0cae386ce7999a4d6f57f26cd,HASHED,TEXT_READ_UTF_8,phase3a,real_positions;risk_rules
baseline_before_phase0a_report_write,2026-07-08T22:59:44-05:00,03_research/real_position_audit_phase3a/RBRK_real_position_audit.md,/Users/messssi/Desktop/equity/03_research/real_position_audit_phase3a/RBRK_real_position_audit.md,03_research,RBRK_real_position_audit.md,.md,document,1370,2026-07-06T20:07:24-05:00,9f7aa89d9d0a4d00cc9a4e3b91a26805c611120ed0ee10c9d624b816ac273e26,HASHED,TEXT_READ_UTF_8,phase3a,real_positions;risk_rules
baseline_before_phase0a_report_write,2026-07-08T22:59:44-05:00,03_research/real_position_monitoring_phase3b/IOT_real_position_note.md,/Users/messssi/Desktop/equity/03_research/real_position_monitoring_phase3b/IOT_real_position_note.md,03_research,IOT_real_position_note.md,.md,document,1556,2026-07-06T22:15:40-05:00,abb397fc30158f8d9298f479959b52ae443a5b73dce599d38992477935d97cca,HASHED,TEXT_READ_UTF_8,phase3b;phase3c,real_positions;risk_rules;weekly_reviews
baseline_before_phase0a_report_write,2026-07-08T22:59:44-05:00,03_research/real_position_monitoring_phase3b/RBRK_real_position_note.md,/Users/messssi/Desktop/equity/03_research/real_position_monitoring_phase3b/RBRK_real_position_note.md,03_research,RBRK_real_position_note.md,.md,document,1354,2026-07-06T22:15:40-05:00,70eb33bc684970b25db7c7bb13b2085b1b4587781c76c3112bc1535ed400bec4,HASHED,TEXT_READ_UTF_8,phase3b;phase3c,real_positions;risk_rules;weekly_reviews
baseline_before_phase0a_report_write,2026-07-08T22:59:44-05:00,03_research/red_team_phase2f/IOT_red_team.md,/Users/messssi/Desktop/equity/03_research/red_team_phase2f/IOT_red_team.md,03_research,IOT_red_team.md,.md,document,3172,2026-07-05T16:26:30-05:00,ff8282e0f9a1e859a9b7ab62f2ce179f92d369a08ad53dca597a206835989668,HASHED,TEXT_READ_UTF_8,phase2f,risk_rules
baseline_before_phase0a_report_write,2026-07-08T22:59:44-05:00,03_research/red_team_phase2f/RBRK_red_team.md,/Users/messssi/Desktop/equity/03_research/red_team_phase2f/RBRK_red_team.md,03_research,RBRK_red_team.md,.md,document,3350,2026-07-05T16:26:30-05:00,650533c24a362cbadcc611cc0456824c58ffa53f579254dad1d4d34928605b3c,HASHED,TEXT_READ_UTF_8,phase2f,
baseline_before_phase0a_report_write,2026-07-08T22:59:44-05:00,03_research/research_decision_phase2m/IOT_research_decision.md,/Users/messssi/Desktop/equity/03_research/research_decision_phase2m/IOT_research_decision.md,03_research,IOT_research_decision.md,.md,document,2639,2026-07-05T19:54:33-05:00,9435071761aa47e3619d6c54a1780da0627b9209cdbc048e72dcc5e035099eab,HASHED,TEXT_READ_UTF_8,phase2k;phase2l;phase2m;phase2n,
baseline_before_phase0a_report_write,2026-07-08T22:59:44-05:00,03_research/research_decision_phase2m/RBRK_research_decision.md,/Users/messssi/Desktop/equity/03_research/research_decision_phase2m/RBRK_research_decision.md,03_research,RBRK_research_decision.md,.md,document,2765,2026-07-05T19:54:33-05:00,5580946e602912bfa39bf85736555fa1b4e3f2c31d4fc4517517d356482b33d2,HASHED,TEXT_READ_UTF_8,phase2k;phase2l;phase2m;phase2n,
baseline_before_phase0a_report_write,2026-07-08T22:59:44-05:00,03_research/scenario_peer_work_phase2j/IOT_peer_framework.md,/Users/messssi/Desktop/equity/03_research/scenario_peer_work_phase2j/IOT_peer_framework.md,03_research,IOT_peer_framework.md,.md,document,2430,2026-07-05T19:27:21-05:00,620267e225cf31caca9b4cc31eb360942dbb2eef79554cbdf0eb7bdefd65f2b1,HASHED,TEXT_READ_UTF_8,phase2j,
baseline_before_phase0a_report_write,2026-07-08T22:59:44-05:00,03_research/scenario_peer_work_phase2j/IOT_scenario_workpaper.md,/Users/messssi/Desktop/equity/03_research/scenario_peer_work_phase2j/IOT_scenario_workpaper.md,03_research,IOT_scenario_workpaper.md,.md,document,3350,2026-07-05T19:27:21-05:00,70ea095e365390cc24c67cc9d2c7a5c997f26b4ae9e0843fe6ca05b27466e05d,HASHED,TEXT_READ_UTF_8,phase2i;phase2j,
baseline_before_phase0a_report_write,2026-07-08T22:59:44-05:00,03_research/scenario_peer_work_phase2j/RBRK_peer_framework.md,/Users/messssi/Desktop/equity/03_research/scenario_peer_work_phase2j/RBRK_peer_framework.md,03_research,RBRK_peer_framework.md,.md,document,2523,2026-07-05T19:27:21-05:00,7a395357d15fcf019672d16a767b15ad2ec863fcba7256a24176507c73877412,HASHED,TEXT_READ_UTF_8,phase2j,
baseline_before_phase0a_report_write,2026-07-08T22:59:44-05:00,03_research/scenario_peer_work_phase2j/RBRK_scenario_workpaper.md,/Users/messssi/Desktop/equity/03_research/scenario_peer_work_phase2j/RBRK_scenario_workpaper.md,03_research,RBRK_scenario_workpaper.md,.md,document,3449,2026-07-05T19:27:21-05:00,d1655506838420179af190d9fbb50a3a55c82939d9f815bd80e24c21a136ce64,HASHED,TEXT_READ_UTF_8,phase2i;phase2j,
baseline_before_phase0a_report_write,2026-07-08T22:59:44-05:00,03_research/sector_frameworks/ai_infrastructure_framework.md,/Users/messssi/Desktop/equity/03_research/sector_frameworks/ai_infrastructure_framework.md,03_research,ai_infrastructure_framework.md,.md,document,1750,2026-07-03T21:58:05-05:00,03b5689cc545620f85d05e15e17bb6b6ec33fc2934ec11a218fbc16f8e1e38a2,HASHED,TEXT_READ_UTF_8,,
baseline_before_phase0a_report_write,2026-07-08T22:59:44-05:00,03_research/sector_frameworks/biotech_framework.md,/Users/messssi/Desktop/equity/03_research/sector_frameworks/biotech_framework.md,03_research,biotech_framework.md,.md,document,1295,2026-07-03T21:58:05-05:00,20dcfac22a5a8a869615a0fbb3bd540c5ea65ec86b9aa862d4aaadfce16b985a,HASHED,TEXT_READ_UTF_8,phase1;phase2;phase3,
baseline_before_phase0a_report_write,2026-07-08T22:59:44-05:00,03_research/sector_frameworks/clean_tech_framework.md,/Users/messssi/Desktop/equity/03_research/sector_frameworks/clean_tech_framework.md,03_research,clean_tech_framework.md,.md,document,1586,2026-07-03T21:58:05-05:00,666188afc89e9e9f23db953eac0d99385b9fd6eeb068371c387912fd8c52b55a,HASHED,TEXT_READ_UTF_8,,
baseline_before_phase0a_report_write,2026-07-08T22:59:44-05:00,03_research/sector_frameworks/semiconductor_framework.md,/Users/messssi/Desktop/equity/03_research/sector_frameworks/semiconductor_framework.md,03_research,semiconductor_framework.md,.md,document,1433,2026-07-03T21:58:05-05:00,7c5e87459a0615f42bb8005708907a3cd696fb3b7c37051680efce61b42bde88,HASHED,TEXT_READ_UTF_8,,
baseline_before_phase0a_report_write,2026-07-08T22:59:44-05:00,03_research/triage_notes/ACMR_triage_note.md,/Users/messssi/Desktop/equity/03_research/triage_notes/ACMR_triage_note.md,03_research,ACMR_triage_note.md,.md,document,1232,2026-07-05T14:42:55-05:00,b9a2878f60265780c332d5e85c3cb05fd524dcbcf99c46de0f4690d116daea0a,HASHED,TEXT_READ_UTF_8,phase2e,
baseline_before_phase0a_report_write,2026-07-08T22:59:44-05:00,03_research/triage_notes/ALAB_triage_note.md,/Users/messssi/Desktop/equity/03_research/triage_notes/ALAB_triage_note.md,03_research,ALAB_triage_note.md,.md,document,1218,2026-07-05T14:42:55-05:00,217985336b78f303e177336d727d1692c71dcdc288fc286fcd8d3adbc3d372cc,HASHED,TEXT_READ_UTF_8,phase2e,
baseline_before_phase0a_report_write,2026-07-08T22:59:44-05:00,03_research/triage_notes/ARRY_triage_note.md,/Users/messssi/Desktop/equity/03_research/triage_notes/ARRY_triage_note.md,03_research,ARRY_triage_note.md,.md,document,1208,2026-07-05T14:42:55-05:00,ba9bf3351c8975e50b3f7aa833f161ed5b17eae6b85309f65a90f39ea85f15b6,HASHED,TEXT_READ_UTF_8,phase2e,
baseline_before_phase0a_report_write,2026-07-08T22:59:44-05:00,03_research/triage_notes/CRSP_triage_note.md,/Users/messssi/Desktop/equity/03_research/triage_notes/CRSP_triage_note.md,03_research,CRSP_triage_note.md,.md,document,1176,2026-07-05T14:42:55-05:00,49694eaacf606df0951c107509aa379ceffb1379741586acb18c39d4eccd5400,HASHED,TEXT_READ_UTF_8,phase2e,
baseline_before_phase0a_report_write,2026-07-08T22:59:44-05:00,03_research/triage_notes/CRWV_triage_note.md,/Users/messssi/Desktop/equity/03_research/triage_notes/CRWV_triage_note.md,03_research,CRWV_triage_note.md,.md,document,1222,2026-07-05T14:42:55-05:00,4305f3c2923c5b5d305da152dd73283beb14ee70c890351d59d681543bebee92,HASHED,TEXT_READ_UTF_8,phase2e,
baseline_before_phase0a_report_write,2026-07-08T22:59:44-05:00,03_research/triage_notes/ENVX_triage_note.md,/Users/messssi/Desktop/equity/03_research/triage_notes/ENVX_triage_note.md,03_research,ENVX_triage_note.md,.md,document,1198,2026-07-05T14:42:55-05:00,69d55a3a21c2e9dad8009d740a58474e96d7bc282aa8a5f87a6d149c545860cc,HASHED,TEXT_READ_UTF_8,phase2e,
baseline_before_phase0a_report_write,2026-07-08T22:59:44-05:00,03_research/triage_notes/FLNC_triage_note.md,/Users/messssi/Desktop/equity/03_research/triage_notes/FLNC_triage_note.md,03_research,FLNC_triage_note.md,.md,document,1206,2026-07-05T14:42:55-05:00,97afa0833099dea18281f58942b0bde1aa4727b8b9aa0a53beba6b3c1170328d,HASHED,TEXT_READ_UTF_8,phase2e,
baseline_before_phase0a_report_write,2026-07-08T22:59:44-05:00,03_research/triage_notes/IOT_triage_note.md,/Users/messssi/Desktop/equity/03_research/triage_notes/IOT_triage_note.md,03_research,IOT_triage_note.md,.md,document,1218,2026-07-05T14:42:55-05:00,fceb4c6872590cef35feaa9178f5df86365f895b46ceeb686ed26889e5b6b278,HASHED,TEXT_READ_UTF_8,phase2e,
baseline_before_phase0a_report_write,2026-07-08T22:59:44-05:00,03_research/triage_notes/NVTS_triage_note.md,/Users/messssi/Desktop/equity/03_research/triage_notes/NVTS_triage_note.md,03_research,NVTS_triage_note.md,.md,document,1221,2026-07-05T14:42:55-05:00,a935ac5a139d47f79e6f16417c0337be0fbe26ae0a1b262c9041c34088fe4e67,HASHED,TEXT_READ_UTF_8,phase2e,
baseline_before_phase0a_report_write,2026-07-08T22:59:44-05:00,03_research/triage_notes/RBRK_triage_note.md,/Users/messssi/Desktop/equity/03_research/triage_notes/RBRK_triage_note.md,03_research,RBRK_triage_note.md,.md,document,1235,2026-07-05T14:42:55-05:00,35f020af0c57aa2ab3eb8cad81881c57488d4e66835e5e9da7b3fd6e74c8807a,HASHED,TEXT_READ_UTF_8,phase2e,
baseline_before_phase0a_report_write,2026-07-08T22:59:44-05:00,03_research/triage_notes/RXRX_triage_note.md,/Users/messssi/Desktop/equity/03_research/triage_notes/RXRX_triage_note.md,03_research,RXRX_triage_note.md,.md,document,1186,2026-07-05T14:42:55-05:00,e12de6e0019a084c14bd66f984f5d3c6bcfd4564362cfcef99549bc4338e4c8f,HASHED,TEXT_READ_UTF_8,phase2e,
baseline_before_phase0a_report_write,2026-07-08T22:59:44-05:00,03_research/triage_notes/TEM_triage_note.md,/Users/messssi/Desktop/equity/03_research/triage_notes/TEM_triage_note.md,03_research,TEM_triage_note.md,.md,document,1161,2026-07-05T14:42:55-05:00,50cbc7fe97ced7ecb2b4efb26b16e04f5b8d378a206fd12ff46aad093a00f2ca,HASHED,TEXT_READ_UTF_8,phase2e,
baseline_before_phase0a_report_write,2026-07-08T22:59:44-05:00,03_research/triage_notes_phase2e1/ACMR_phase2e1_note.md,/Users/messssi/Desktop/equity/03_research/triage_notes_phase2e1/ACMR_phase2e1_note.md,03_research,ACMR_phase2e1_note.md,.md,document,1279,2026-07-05T16:16:42-05:00,3c4aa7263899e7d096fdf9a761894cea933638dd896f51818f2de30207bde9db,HASHED,TEXT_READ_UTF_8,phase2e;phase2e1,risk_rules
baseline_before_phase0a_report_write,2026-07-08T22:59:44-05:00,03_research/triage_notes_phase2e1/ALAB_phase2e1_note.md,/Users/messssi/Desktop/equity/03_research/triage_notes_phase2e1/ALAB_phase2e1_note.md,03_research,ALAB_phase2e1_note.md,.md,document,1302,2026-07-05T16:16:42-05:00,e69333f971e811a62c342d43ab8a6d0b2635167c73bff5d23fe217b205c61d45,HASHED,TEXT_READ_UTF_8,phase2e;phase2e1,risk_rules
baseline_before_phase0a_report_write,2026-07-08T22:59:44-05:00,03_research/triage_notes_phase2e1/ARRY_phase2e1_note.md,/Users/messssi/Desktop/equity/03_research/triage_notes_phase2e1/ARRY_phase2e1_note.md,03_research,ARRY_phase2e1_note.md,.md,document,1152,2026-07-05T16:16:42-05:00,1484854f3e8c425d0e308605218fc4163a9dae86466cfd85d208dab48f69c2bf,HASHED,TEXT_READ_UTF_8,phase2e;phase2e1,risk_rules
baseline_before_phase0a_report_write,2026-07-08T22:59:44-05:00,03_research/triage_notes_phase2e1/CRSP_phase2e1_note.md,/Users/messssi/Desktop/equity/03_research/triage_notes_phase2e1/CRSP_phase2e1_note.md,03_research,CRSP_phase2e1_note.md,.md,document,1259,2026-07-05T16:16:42-05:00,82cd2e3894ea0aa3bc8716cf994e6fe14e9e552711a7729adb14fa6004e908b8,HASHED,TEXT_READ_UTF_8,phase2e;phase2e1,risk_rules
baseline_before_phase0a_report_write,2026-07-08T22:59:44-05:00,03_research/triage_notes_phase2e1/CRWV_phase2e1_note.md,/Users/messssi/Desktop/equity/03_research/triage_notes_phase2e1/CRWV_phase2e1_note.md,03_research,CRWV_phase2e1_note.md,.md,document,1383,2026-07-05T16:16:42-05:00,eb2f1854f67f81dbf3f92c746701d9d807b28f350853efa22af10499d3a0279c,HASHED,TEXT_READ_UTF_8,phase2e;phase2e1,risk_rules
baseline_before_phase0a_report_write,2026-07-08T22:59:44-05:00,03_research/triage_notes_phase2e1/ENVX_phase2e1_note.md,/Users/messssi/Desktop/equity/03_research/triage_notes_phase2e1/ENVX_phase2e1_note.md,03_research,ENVX_phase2e1_note.md,.md,document,1139,2026-07-05T16:16:42-05:00,1dae98f5c8ec9f0c4e102f7a6863e807cd79c3f94e0031c36c4e51a65cddf8e0,HASHED,TEXT_READ_UTF_8,phase2e;phase2e1,
baseline_before_phase0a_report_write,2026-07-08T22:59:44-05:00,03_research/triage_notes_phase2e1/FLNC_phase2e1_note.md,/Users/messssi/Desktop/equity/03_research/triage_notes_phase2e1/FLNC_phase2e1_note.md,03_research,FLNC_phase2e1_note.md,.md,document,1274,2026-07-05T16:16:42-05:00,e72e7e33b07361a89fae59a9c539d5b3bb915f4484c73ad2c91b9962a292cbd3,HASHED,TEXT_READ_UTF_8,phase2e;phase2e1,risk_rules
baseline_before_phase0a_report_write,2026-07-08T22:59:44-05:00,03_research/triage_notes_phase2e1/IOT_phase2e1_note.md,/Users/messssi/Desktop/equity/03_research/triage_notes_phase2e1/IOT_phase2e1_note.md,03_research,IOT_phase2e1_note.md,.md,document,1245,2026-07-05T16:16:42-05:00,f63873032d32720ec90e08bbab53de77c1de9e25af5dd7ff4ea9300a3a186c0b,HASHED,TEXT_READ_UTF_8,phase2e;phase2e1,
baseline_before_phase0a_report_write,2026-07-08T22:59:44-05:00,03_research/triage_notes_phase2e1/NVTS_phase2e1_note.md,/Users/messssi/Desktop/equity/03_research/triage_notes_phase2e1/NVTS_phase2e1_note.md,03_research,NVTS_phase2e1_note.md,.md,document,1237,2026-07-05T16:16:42-05:00,9be6db770747da9c716c7385c86d51e4a47e434c85072a2fb032377b3842cced,HASHED,TEXT_READ_UTF_8,phase2e;phase2e1,risk_rules
baseline_before_phase0a_report_write,2026-07-08T22:59:44-05:00,03_research/triage_notes_phase2e1/RBRK_phase2e1_note.md,/Users/messssi/Desktop/equity/03_research/triage_notes_phase2e1/RBRK_phase2e1_note.md,03_research,RBRK_phase2e1_note.md,.md,document,1291,2026-07-05T16:16:42-05:00,ff9c8078f2c8152d0f575b98b588911007689eca688dca57c7f7ddcc703a0e39,HASHED,TEXT_READ_UTF_8,phase2e;phase2e1,
baseline_before_phase0a_report_write,2026-07-08T22:59:44-05:00,03_research/triage_notes_phase2e1/RXRX_phase2e1_note.md,/Users/messssi/Desktop/equity/03_research/triage_notes_phase2e1/RXRX_phase2e1_note.md,03_research,RXRX_phase2e1_note.md,.md,document,1260,2026-07-05T16:16:42-05:00,b87ccd6b6880f1929622164a665ab363b1435b2c2b1a82d01a57a50cc973bb7f,HASHED,TEXT_READ_UTF_8,phase2e;phase2e1,risk_rules
baseline_before_phase0a_report_write,2026-07-08T22:59:44-05:00,03_research/triage_notes_phase2e1/TEM_phase2e1_note.md,/Users/messssi/Desktop/equity/03_research/triage_notes_phase2e1/TEM_phase2e1_note.md,03_research,TEM_phase2e1_note.md,.md,document,1462,2026-07-05T16:16:42-05:00,dcff9e3fa7a15926e6bb379738c4dd98c8e7e88545e34265c95366d887ee43a6,HASHED,TEXT_READ_UTF_8,phase2e;phase2e1,risk_rules
baseline_before_phase0a_report_write,2026-07-08T22:59:44-05:00,03_research/valuation_earnings_phase2l/IOT_next_earnings_checklist.md,/Users/messssi/Desktop/equity/03_research/valuation_earnings_phase2l/IOT_next_earnings_checklist.md,03_research,IOT_next_earnings_checklist.md,.md,document,1830,2026-07-05T19:50:00-05:00,fcbf30307a6b40ce042b95e620419c2c3be26ed048eed9acdf73efc55c07ab36,HASHED,TEXT_READ_UTF_8,phase2h;phase2k;phase2l,risk_rules
baseline_before_phase0a_report_write,2026-07-08T22:59:44-05:00,03_research/valuation_earnings_phase2l/IOT_valuation_risk_workpaper.md,/Users/messssi/Desktop/equity/03_research/valuation_earnings_phase2l/IOT_valuation_risk_workpaper.md,03_research,IOT_valuation_risk_workpaper.md,.md,document,3116,2026-07-05T19:50:00-05:00,400076f0e58609f4be6e50fc664738a3941041147ccf73ba5bc3a7df36605a04,HASHED,TEXT_READ_UTF_8,phase2j;phase2k;phase2l,
baseline_before_phase0a_report_write,2026-07-08T22:59:44-05:00,03_research/valuation_earnings_phase2l/RBRK_next_earnings_checklist.md,/Users/messssi/Desktop/equity/03_research/valuation_earnings_phase2l/RBRK_next_earnings_checklist.md,03_research,RBRK_next_earnings_checklist.md,.md,document,1884,2026-07-05T19:50:00-05:00,dd894d5632ac5e409e73e938887aeb8bbd932c07a6393231ceb0816f91284e52,HASHED,TEXT_READ_UTF_8,phase2h;phase2k;phase2l,risk_rules
baseline_before_phase0a_report_write,2026-07-08T22:59:44-05:00,03_research/valuation_earnings_phase2l/RBRK_valuation_risk_workpaper.md,/Users/messssi/Desktop/equity/03_research/valuation_earnings_phase2l/RBRK_valuation_risk_workpaper.md,03_research,RBRK_valuation_risk_workpaper.md,.md,document,3170,2026-07-05T19:50:00-05:00,fc2f9beedb69785b57a04557dc25fba462a4fb5646cfc2d43d94c5144c2f3b3c,HASHED,TEXT_READ_UTF_8,phase2j;phase2k;phase2l,
baseline_before_phase0a_report_write,2026-07-08T22:59:44-05:00,03_research/weekly_review_agent_phase4a/IOT_weekly_review_note.md,/Users/messssi/Desktop/equity/03_research/weekly_review_agent_phase4a/IOT_weekly_review_note.md,03_research,IOT_weekly_review_note.md,.md,document,967,2026-07-06T22:33:23-05:00,f73ee29ab5a708022a1ee39641659ad4b7f500768753875ef0763fd8b5f39fd5,HASHED,TEXT_READ_UTF_8,phase4a,real_positions;risk_rules;sec_alerts;weekly_reviews
baseline_before_phase0a_report_write,2026-07-08T22:59:44-05:00,03_research/weekly_review_agent_phase4a/RBRK_weekly_review_note.md,/Users/messssi/Desktop/equity/03_research/weekly_review_agent_phase4a/RBRK_weekly_review_note.md,03_research,RBRK_weekly_review_note.md,.md,document,866,2026-07-06T22:33:23-05:00,e8f3be3db6d45720df027661b20eec597e8652a7c51aabf49d36ee2b7d208f08,HASHED,TEXT_READ_UTF_8,phase4a,real_positions;risk_rules;sec_alerts;weekly_reviews
baseline_before_phase0a_report_write,2026-07-08T22:59:44-05:00,04_data/.DS_Store,/Users/messssi/Desktop/equity/04_data/.DS_Store,04_data,.DS_Store,,macos_metadata,14340,2026-07-07T10:59:40-05:00,bfe158f731a8607c7802b0964201682576a717e6b523b171473f046b0bb83c49,HASHED,SKIPPED_BINARY_NUL,,
baseline_before_phase0a_report_write,2026-07-08T22:59:44-05:00,04_data/phase2b_candidate_screening_results.csv,/Users/messssi/Desktop/equity/04_data/phase2b_candidate_screening_results.csv,04_data,phase2b_candidate_screening_results.csv,.csv,structured_data,1282,2026-07-03T22:28:22-05:00,45e51f170a86523500082126b5aafcbeddad3ed4c38026793ecb8ffe747b505e,HASHED,TEXT_READ_UTF_8,phase2b,
baseline_before_phase0a_report_write,2026-07-08T22:59:44-05:00,04_data/phase2e1_8k_dilution_review.csv,/Users/messssi/Desktop/equity/04_data/phase2e1_8k_dilution_review.csv,04_data,phase2e1_8k_dilution_review.csv,.csv,structured_data,14028,2026-07-05T14:57:36-05:00,812bce40b7b6da3b80ebe603bb5709e341690959306d079f3ca385da2f3b24b1,HASHED,TEXT_READ_UTF_8,phase2e1,
baseline_before_phase0a_report_write,2026-07-08T22:59:44-05:00,04_data/phase2e1_manual_market_data_README.md,/Users/messssi/Desktop/equity/04_data/phase2e1_manual_market_data_README.md,04_data,phase2e1_manual_market_data_README.md,.md,document,702,2026-07-05T14:53:17-05:00,8431207b4785b1cb44f659397ea59d74049a4130e5cfc23e6958f5b6c860f198,HASHED,TEXT_READ_UTF_8,phase2c;phase2e;phase2e1,
baseline_before_phase0a_report_write,2026-07-08T22:59:44-05:00,04_data/phase2e1_manual_market_data_filled.csv,/Users/messssi/Desktop/equity/04_data/phase2e1_manual_market_data_filled.csv,04_data,phase2e1_manual_market_data_filled.csv,.csv,structured_data,6142,2026-07-05T16:11:21-05:00,365c169aea2df018a17386037927a03e864078b0e94421399ab6d303107f35ce,HASHED,TEXT_READ_UTF_8,phase2e1,
baseline_before_phase0a_report_write,2026-07-08T22:59:44-05:00,04_data/phase2e1_manual_market_data_template.csv,/Users/messssi/Desktop/equity/04_data/phase2e1_manual_market_data_template.csv,04_data,phase2e1_manual_market_data_template.csv,.csv,structured_data,1409,2026-07-05T14:53:17-05:00,8bec0243df3d2c5193cb2fa836532dda0795e93f2ccc310bbd37724bf9fa7096,HASHED,TEXT_READ_UTF_8,phase2e1,
baseline_before_phase0a_report_write,2026-07-08T22:59:44-05:00,04_data/phase2e1_manual_market_data_validated.csv,/Users/messssi/Desktop/equity/04_data/phase2e1_manual_market_data_validated.csv,04_data,phase2e1_manual_market_data_validated.csv,.csv,structured_data,6142,2026-07-05T16:16:36-05:00,365c169aea2df018a17386037927a03e864078b0e94421399ab6d303107f35ce,HASHED,TEXT_READ_UTF_8,phase2e1,
baseline_before_phase0a_report_write,2026-07-08T22:59:44-05:00,04_data/phase2e1_rescored_candidates.csv,/Users/messssi/Desktop/equity/04_data/phase2e1_rescored_candidates.csv,04_data,phase2e1_rescored_candidates.csv,.csv,structured_data,3377,2026-07-05T16:16:42-05:00,3b2e477c5ab4af96e7caa526f8a811efad7dde5348fb294e005c6d8224dbe5a5,HASHED,TEXT_READ_UTF_8,phase2e1,
baseline_before_phase0a_report_write,2026-07-08T22:59:44-05:00,04_data/phase2e_financial_enrichment.csv,/Users/messssi/Desktop/equity/04_data/phase2e_financial_enrichment.csv,04_data,phase2e_financial_enrichment.csv,.csv,structured_data,22010,2026-07-05T14:42:05-05:00,5cd6e8059c5492e1f5cd89bf6a0362253f2ac0767f6367b8768a495de661c4b4,HASHED,TEXT_READ_UTF_8,phase2e,
baseline_before_phase0a_report_write,2026-07-08T22:59:44-05:00,04_data/phase2e_first_triage_scores.csv,/Users/messssi/Desktop/equity/04_data/phase2e_first_triage_scores.csv,04_data,phase2e_first_triage_scores.csv,.csv,structured_data,1798,2026-07-05T14:42:55-05:00,79deb2d0452ec9876793f6d7da4efe2ebd5421693ed178ea40f24dfa1ded231b,HASHED,TEXT_READ_UTF_8,phase2e,
baseline_before_phase0a_report_write,2026-07-08T22:59:44-05:00,04_data/phase2f_memo_scores.csv,/Users/messssi/Desktop/equity/04_data/phase2f_memo_scores.csv,04_data,phase2f_memo_scores.csv,.csv,structured_data,612,2026-07-05T16:26:37-05:00,83538653c721753d2abfadf9daf8af2c17732d9a13c7f49790d8ad2a04f5313d,HASHED,TEXT_READ_UTF_8,phase2e;phase2f,
baseline_before_phase0a_report_write,2026-07-08T22:59:44-05:00,04_data/phase2g_review_labels.csv,/Users/messssi/Desktop/equity/04_data/phase2g_review_labels.csv,04_data,phase2g_review_labels.csv,.csv,structured_data,1420,2026-07-05T16:40:35-05:00,1eb9f7fd03fa12d89f47e2346c1b49ad406aed1a43cb2f2e83fbee9e916d6935,HASHED,TEXT_READ_UTF_8,phase2f;phase2g,
baseline_before_phase0a_report_write,2026-07-08T22:59:44-05:00,04_data/phase2i_evidence_gap_matrix.csv,/Users/messssi/Desktop/equity/04_data/phase2i_evidence_gap_matrix.csv,04_data,phase2i_evidence_gap_matrix.csv,.csv,structured_data,5854,2026-07-05T18:56:10-05:00,171c6d7a9e9a7531379b6f9d3ae890ddfec9a20481831debe5e1b360d226fa80,HASHED,TEXT_READ_UTF_8,phase2i;phase2j,
baseline_before_phase0a_report_write,2026-07-08T22:59:44-05:00,04_data/phase2i_synthesis_labels.csv,/Users/messssi/Desktop/equity/04_data/phase2i_synthesis_labels.csv,04_data,phase2i_synthesis_labels.csv,.csv,structured_data,1386,2026-07-05T18:56:10-05:00,512857ac5c6870c99e9d1cdb520aae5177982a3e667c42de6a50716986beb405,HASHED,TEXT_READ_UTF_8,phase2g;phase2h;phase2i;phase2j,
baseline_before_phase0a_report_write,2026-07-08T22:59:44-05:00,04_data/phase2j_scenario_peer_labels.csv,/Users/messssi/Desktop/equity/04_data/phase2j_scenario_peer_labels.csv,04_data,phase2j_scenario_peer_labels.csv,.csv,structured_data,807,2026-07-05T19:27:21-05:00,bce3a6fd7067644aee700c82b940299066ce42a3451f8ce4f3d41178ea39f1c9,HASHED,TEXT_READ_UTF_8,phase2i;phase2j,
baseline_before_phase0a_report_write,2026-07-08T22:59:44-05:00,04_data/phase2k_peer_data.csv,/Users/messssi/Desktop/equity/04_data/phase2k_peer_data.csv,04_data,phase2k_peer_data.csv,.csv,structured_data,11873,2026-07-05T19:43:39-05:00,6ab574c1d346daba6963563a92e262f84a7d43a8863f6d70678b788ebbedb8d6,HASHED,TEXT_READ_UTF_8,phase2k,
baseline_before_phase0a_report_write,2026-07-08T22:59:44-05:00,04_data/phase2k_peer_data_quality.csv,/Users/messssi/Desktop/equity/04_data/phase2k_peer_data_quality.csv,04_data,phase2k_peer_data_quality.csv,.csv,structured_data,556,2026-07-05T19:43:39-05:00,1c2d9c489eac9641638fc43606968a4e91ad2aa0f37b7a97cb76954c3c225b51,HASHED,TEXT_READ_UTF_8,phase2k;phase2l,
baseline_before_phase0a_report_write,2026-07-08T22:59:44-05:00,04_data/phase2l_valuation_earnings_labels.csv,/Users/messssi/Desktop/equity/04_data/phase2l_valuation_earnings_labels.csv,04_data,phase2l_valuation_earnings_labels.csv,.csv,structured_data,1358,2026-07-05T19:50:01-05:00,d8a92d190f13d7d360eabdf11e578cfdcbadffaf188a0898df39f7b57cd93135,HASHED,TEXT_READ_UTF_8,phase2l;phase2m,
baseline_before_phase0a_report_write,2026-07-08T22:59:44-05:00,04_data/phase2m_research_decision_labels.csv,/Users/messssi/Desktop/equity/04_data/phase2m_research_decision_labels.csv,04_data,phase2m_research_decision_labels.csv,.csv,structured_data,1192,2026-07-05T19:54:33-05:00,97a575cc6697a71c05e1f468920edda9ae544588870b1326ddcc71f6e3d7e049,HASHED,TEXT_READ_UTF_8,phase2l;phase2m;phase2n,
baseline_before_phase0a_report_write,2026-07-08T22:59:44-05:00,04_data/phase2n_paper_plan_draft_labels.csv,/Users/messssi/Desktop/equity/04_data/phase2n_paper_plan_draft_labels.csv,04_data,phase2n_paper_plan_draft_labels.csv,.csv,structured_data,844,2026-07-05T20:12:21-05:00,32fe2c85c4037e840443c92ff7ae63dea4766903b5224eefe81d50653c39d2d5,HASHED,TEXT_READ_UTF_8,phase2m;phase2n,risk_rules
baseline_before_phase0a_report_write,2026-07-08T22:59:44-05:00,04_data/phase2n_paper_plan_risk_template.csv,/Users/messssi/Desktop/equity/04_data/phase2n_paper_plan_risk_template.csv,04_data,phase2n_paper_plan_risk_template.csv,.csv,structured_data,761,2026-07-05T20:12:21-05:00,c4ae92d718d9100de3e056f081650bd0def3552c0f83d5c5b7740677c11a9ff5,HASHED,TEXT_READ_UTF_8,phase2n,risk_rules
baseline_before_phase0a_report_write,2026-07-08T22:59:44-05:00,04_data/phase2o_manual_chart_review_filled.csv,/Users/messssi/Desktop/equity/04_data/phase2o_manual_chart_review_filled.csv,04_data,phase2o_manual_chart_review_filled.csv,.csv,structured_data,4731,2026-07-06T13:46:03-05:00,4c3199b8f8b078b0d3499fedf2fb76ef093236ffc1ab5ef7f00c9c6728f6f195,HASHED,TEXT_READ_UTF_8,phase2h;phase2o,
baseline_before_phase0a_report_write,2026-07-08T22:59:44-05:00,04_data/phase2o_manual_chart_review_validated.csv,/Users/messssi/Desktop/equity/04_data/phase2o_manual_chart_review_validated.csv,04_data,phase2o_manual_chart_review_validated.csv,.csv,structured_data,276,2026-07-06T13:57:10-05:00,d66d637f8c5f9140acd91e83ece6165be1395fb291909669fba6ab3b79c47752,HASHED,TEXT_READ_UTF_8,phase2o,
baseline_before_phase0a_report_write,2026-07-08T22:59:44-05:00,04_data/phase2o_paper_execution_readiness.csv,/Users/messssi/Desktop/equity/04_data/phase2o_paper_execution_readiness.csv,04_data,phase2o_paper_execution_readiness.csv,.csv,structured_data,1126,2026-07-06T13:57:15-05:00,ae279ae7f4746c62502e3be3d321e86351d89ee7e83e680d4a8d623526dcbc8d,HASHED,TEXT_READ_UTF_8,phase2o;phase2p,risk_rules;trade_logs
baseline_before_phase0a_report_write,2026-07-08T22:59:44-05:00,04_data/phase2p_human_signoff_template.csv,/Users/messssi/Desktop/equity/04_data/phase2p_human_signoff_template.csv,04_data,phase2p_human_signoff_template.csv,.csv,structured_data,390,2026-07-06T14:02:05-05:00,dd663cf91a3cce30b3a318d3e71b74a92190e37dce002667b616b9b5637517d7,HASHED,TEXT_READ_UTF_8,phase2p;phase2q,risk_rules
baseline_before_phase0a_report_write,2026-07-08T22:59:44-05:00,04_data/phase2p_paper_execution_log.csv,/Users/messssi/Desktop/equity/04_data/phase2p_paper_execution_log.csv,04_data,phase2p_paper_execution_log.csv,.csv,structured_data,1558,2026-07-06T14:02:05-05:00,4cdb6b976b1bf44a8a8c15101fc1e6d5d3caed18fcc2067074c2e5f190e126bb,HASHED,TEXT_READ_UTF_8,phase2o1b;phase2p;phase2q,risk_rules;trade_logs
baseline_before_phase0a_report_write,2026-07-08T22:59:44-05:00,04_data/phase2p_risk_calculator_inputs.csv,/Users/messssi/Desktop/equity/04_data/phase2p_risk_calculator_inputs.csv,04_data,phase2p_risk_calculator_inputs.csv,.csv,structured_data,676,2026-07-06T14:02:05-05:00,b0ef29d40a16cdd45baf3e8a1cfbfc4dbf04ecb110508d810f9eaddccd9441e7,HASHED,TEXT_READ_UTF_8,phase2p;phase2q,risk_rules
baseline_before_phase0a_report_write,2026-07-08T22:59:44-05:00,04_data/phase2q_execution_decision.csv,/Users/messssi/Desktop/equity/04_data/phase2q_execution_decision.csv,04_data,phase2q_execution_decision.csv,.csv,structured_data,674,2026-07-06T14:37:11-05:00,a69d808b3222b9357f5114253d2587156983d0436f2e1dbc550a1bdcdbc98968,HASHED,TEXT_READ_UTF_8,phase2q;phase2r,
baseline_before_phase0a_report_write,2026-07-08T22:59:44-05:00,04_data/phase2q_manual_execution_inputs_filled.xlsx,/Users/messssi/Desktop/equity/04_data/phase2q_manual_execution_inputs_filled.xlsx,04_data,phase2q_manual_execution_inputs_filled.xlsx,.xlsx,structured_data,7899,2026-07-06T14:29:20-05:00,a0d7838d17af812630a9cd93472542cec88eddf037b241ec03961e3b5a0ca59d,HASHED,SKIPPED_BINARY,phase2q,
baseline_before_phase0a_report_write,2026-07-08T22:59:44-05:00,04_data/phase2q_manual_execution_inputs_filled_normalized.csv,/Users/messssi/Desktop/equity/04_data/phase2q_manual_execution_inputs_filled_normalized.csv,04_data,phase2q_manual_execution_inputs_filled_normalized.csv,.csv,structured_data,3037,2026-07-06T14:37:11-05:00,bd1f1fea150f97d51b6ce399db619153ef825a8f2c3540fad8235a8a0dabbdfc,HASHED,TEXT_READ_UTF_8,phase2h;phase2o;phase2q,
baseline_before_phase0a_report_write,2026-07-08T22:59:44-05:00,04_data/phase2q_manual_execution_inputs_validated.csv,/Users/messssi/Desktop/equity/04_data/phase2q_manual_execution_inputs_validated.csv,04_data,phase2q_manual_execution_inputs_validated.csv,.csv,structured_data,229,2026-07-06T14:37:11-05:00,3978410d86e0dc430eedf3a8f64c4188a6f6dd1fc3f84e244c6c32f922808ee3,HASHED,TEXT_READ_UTF_8,phase2q,
baseline_before_phase0a_report_write,2026-07-08T22:59:44-05:00,04_data/phase2q_risk_calculator_results.csv,/Users/messssi/Desktop/equity/04_data/phase2q_risk_calculator_results.csv,04_data,phase2q_risk_calculator_results.csv,.csv,structured_data,643,2026-07-06T14:37:11-05:00,0a5b566cbff832a5e4d0e5370a657225ab04434d1694feb3bf4db3444c1348db,HASHED,TEXT_READ_UTF_8,phase2q;phase2r,risk_rules
baseline_before_phase0a_report_write,2026-07-08T22:59:44-05:00,04_data/phase2r_monitoring_checklist.csv,/Users/messssi/Desktop/equity/04_data/phase2r_monitoring_checklist.csv,04_data,phase2r_monitoring_checklist.csv,.csv,structured_data,413,2026-07-06T14:42:01-05:00,e3bba8ed095f4790e3162d2549ed950fdece2012986c8ceef0bc54a2efd60bc6,HASHED,TEXT_READ_UTF_8,phase2r,
baseline_before_phase0a_report_write,2026-07-08T22:59:44-05:00,04_data/phase2r_open_paper_positions.csv,/Users/messssi/Desktop/equity/04_data/phase2r_open_paper_positions.csv,04_data,phase2r_open_paper_positions.csv,.csv,structured_data,600,2026-07-06T14:42:01-05:00,0853df745284afa420e093046b55d36a0b2a83fd45c832b929b31522e7d67ef8,HASHED,TEXT_READ_UTF_8,phase2r,
baseline_before_phase0a_report_write,2026-07-08T22:59:44-05:00,04_data/phase2r_paper_execution_log.csv,/Users/messssi/Desktop/equity/04_data/phase2r_paper_execution_log.csv,04_data,phase2r_paper_execution_log.csv,.csv,structured_data,1991,2026-07-06T14:42:01-05:00,f87b32078bad44b7bdbbb996d48a230d4f282619dd7c5495cce3f6c63028c1a5,HASHED,TEXT_READ_UTF_8,phase2q;phase2r,trade_logs
baseline_before_phase0a_report_write,2026-07-08T22:59:44-05:00,04_data/phase3a_real_position_audit.csv,/Users/messssi/Desktop/equity/04_data/phase3a_real_position_audit.csv,04_data,phase3a_real_position_audit.csv,.csv,structured_data,1106,2026-07-06T20:07:24-05:00,b1694237d14c97136bba325f63de74ab851edc79244a2f72ae956997f1b7ed68,HASHED,TEXT_READ_UTF_8,phase3a,real_positions
baseline_before_phase0a_report_write,2026-07-08T22:59:44-05:00,04_data/phase3a_structure_transition_checklist.csv,/Users/messssi/Desktop/equity/04_data/phase3a_structure_transition_checklist.csv,04_data,phase3a_structure_transition_checklist.csv,.csv,structured_data,2773,2026-07-06T20:07:24-05:00,86b610ecfc146cd45da68152868d2b169c309c1a04563a5cde3cd0efb3c9697f,HASHED,TEXT_READ_UTF_8,phase2;phase3;phase3a,real_positions;trade_logs
baseline_before_phase0a_report_write,2026-07-08T22:59:44-05:00,04_data/phase3b_real_position_input_template.csv,/Users/messssi/Desktop/equity/04_data/phase3b_real_position_input_template.csv,04_data,phase3b_real_position_input_template.csv,.csv,structured_data,429,2026-07-06T22:13:41-05:00,b5b3713fdf9ebc6eea737b528fe58efdcf9253e4d2b402c50236ae7a8fb8e3b2,HASHED,TEXT_READ_UTF_8,phase3b,real_positions
baseline_before_phase0a_report_write,2026-07-08T22:59:44-05:00,04_data/phase3b_real_position_inputs_filled.csv,/Users/messssi/Desktop/equity/04_data/phase3b_real_position_inputs_filled.csv,04_data,phase3b_real_position_inputs_filled.csv,.csv,structured_data,342,2026-07-06T22:08:11-05:00,9fc6e7862f1edc0a3748241158d02d40c709409565c80e10b397a11d5058fe06,HASHED,TEXT_READ_UTF_8,phase3b,real_positions
baseline_before_phase0a_report_write,2026-07-08T22:59:44-05:00,04_data/phase3b_real_position_inputs_filled_normalized.csv,/Users/messssi/Desktop/equity/04_data/phase3b_real_position_inputs_filled_normalized.csv,04_data,phase3b_real_position_inputs_filled_normalized.csv,.csv,structured_data,436,2026-07-06T22:15:40-05:00,e61f3f5c57e72923219ecd9c3d099461fbd4f21bf15788803309979469e49bac,HASHED,TEXT_READ_UTF_8,phase3b,real_positions
baseline_before_phase0a_report_write,2026-07-08T22:59:44-05:00,04_data/phase3b_real_position_log.csv,/Users/messssi/Desktop/equity/04_data/phase3b_real_position_log.csv,04_data,phase3b_real_position_log.csv,.csv,structured_data,668,2026-07-06T22:15:40-05:00,8a195e0136cd74f7bc21741a21855995475739c26bd40147b1b5dc663bcb3b96,HASHED,TEXT_READ_UTF_8,phase3b,real_positions
baseline_before_phase0a_report_write,2026-07-08T22:59:44-05:00,04_data/phase3b_real_position_risk_review.csv,/Users/messssi/Desktop/equity/04_data/phase3b_real_position_risk_review.csv,04_data,phase3b_real_position_risk_review.csv,.csv,structured_data,589,2026-07-06T22:15:40-05:00,27bad469d5e431f604e857ec9e0bd2f2528c238ee83741871d019fd1b3841ac3,HASHED,TEXT_READ_UTF_8,phase3b,real_positions;risk_rules
baseline_before_phase0a_report_write,2026-07-08T22:59:44-05:00,04_data/phase3b_real_risk_calculation.csv,/Users/messssi/Desktop/equity/04_data/phase3b_real_risk_calculation.csv,04_data,phase3b_real_risk_calculation.csv,.csv,structured_data,453,2026-07-06T22:15:40-05:00,be44277c3b6231b366170925b7d8263e52414da0dad13cca9f1d283e49714765,HASHED,TEXT_READ_UTF_8,phase3b,real_positions
baseline_before_phase0a_report_write,2026-07-08T22:59:44-05:00,04_data/phase3b_weekly_monitoring_checklist.csv,/Users/messssi/Desktop/equity/04_data/phase3b_weekly_monitoring_checklist.csv,04_data,phase3b_weekly_monitoring_checklist.csv,.csv,structured_data,576,2026-07-06T22:15:40-05:00,142fb169f15a23f35c063e7b7eab7a9aa5d16f419f4250a19b1be0a6f8eb9fc1,HASHED,TEXT_READ_UTF_8,phase3b,weekly_reviews;trade_logs
baseline_before_phase0a_report_write,2026-07-08T22:59:44-05:00,04_data/phase3c_restructure_action_items.csv,/Users/messssi/Desktop/equity/04_data/phase3c_restructure_action_items.csv,04_data,phase3c_restructure_action_items.csv,.csv,structured_data,1794,2026-07-06T22:22:27-05:00,deacdd870cf64e6987d16a1eb480c9d04622e15700fd5354772a84903efdc7f4,HASHED,TEXT_READ_UTF_8,phase3b;phase3c;phase4a;phase4b;phase5,real_positions;risk_rules;email_drafts;sec_alerts;weekly_reviews
baseline_before_phase0a_report_write,2026-07-08T22:59:44-05:00,04_data/phase4a_weekly_action_labels.csv,/Users/messssi/Desktop/equity/04_data/phase4a_weekly_action_labels.csv,04_data,phase4a_weekly_action_labels.csv,.csv,structured_data,852,2026-07-06T22:33:23-05:00,975befe9339313e02e6accc24697539b8c841e4ac9f41694d90280584845e82a,HASHED,TEXT_READ_UTF_8,phase4a,weekly_reviews
baseline_before_phase0a_report_write,2026-07-08T22:59:44-05:00,04_data/phase4a_weekly_real_position_alerts.csv,/Users/messssi/Desktop/equity/04_data/phase4a_weekly_real_position_alerts.csv,04_data,phase4a_weekly_real_position_alerts.csv,.csv,structured_data,737,2026-07-06T22:33:23-05:00,896ec2704bb19e664de59d9aa6c75520398aed3549fa92a0fe5850222e283575,HASHED,TEXT_READ_UTF_8,phase4a,real_positions;weekly_reviews
baseline_before_phase0a_report_write,2026-07-08T22:59:44-05:00,04_data/phase4a_weekly_review_run_log.csv,/Users/messssi/Desktop/equity/04_data/phase4a_weekly_review_run_log.csv,04_data,phase4a_weekly_review_run_log.csv,.csv,structured_data,260,2026-07-06T22:33:23-05:00,46898e0a5e39a2c3558f24e6ae030b2b3610c6aeba080ca55b6f473a8e8278e9,HASHED,TEXT_READ_UTF_8,phase4a,weekly_reviews
baseline_before_phase0a_report_write,2026-07-08T22:59:44-05:00,04_data/phase4b_email_draft_metadata.csv,/Users/messssi/Desktop/equity/04_data/phase4b_email_draft_metadata.csv,04_data,phase4b_email_draft_metadata.csv,.csv,structured_data,435,2026-07-07T10:35:15-05:00,7b1b247709f7fe0c170b5e9290a61e8a61f1bbb083fe7f45ddd2c20fbdafb77c,HASHED,TEXT_READ_UTF_8,phase4b,risk_rules;email_drafts
baseline_before_phase0a_report_write,2026-07-08T22:59:44-05:00,04_data/phase4b_email_draft_run_log.csv,/Users/messssi/Desktop/equity/04_data/phase4b_email_draft_run_log.csv,04_data,phase4b_email_draft_run_log.csv,.csv,structured_data,308,2026-07-07T10:35:15-05:00,6e4d22bcb742dd85b781e8e55f1280afb45bd3e347ef5fc45a9b1b3a245e164c,HASHED,TEXT_READ_UTF_8,phase4b,real_positions;email_drafts;weekly_reviews
baseline_before_phase0a_report_write,2026-07-08T22:59:44-05:00,04_data/phase5a_email_automation_action_items.csv,/Users/messssi/Desktop/equity/04_data/phase5a_email_automation_action_items.csv,04_data,phase5a_email_automation_action_items.csv,.csv,structured_data,1096,2026-07-07T10:49:03-05:00,4b014ae6a934daaab66178d50dcc4ce1871d154be8853d9eac3c0b29034959a8,HASHED,TEXT_READ_UTF_8,phase5a;phase5b;phase5d;phase5e;phase5f,email_drafts
baseline_before_phase0a_report_write,2026-07-08T22:59:44-05:00,04_data/phase5b_email_preflight_results.csv,/Users/messssi/Desktop/equity/04_data/phase5b_email_preflight_results.csv,04_data,phase5b_email_preflight_results.csv,.csv,structured_data,3183,2026-07-07T10:59:12-05:00,9051780b886efae3aa5ace465a53ae5a28c9be7b0c1b236a657cf99a8b907c88,HASHED,TEXT_READ_UTF_8,phase4b;phase5a;phase5b,email_drafts
baseline_before_phase0a_report_write,2026-07-08T22:59:44-05:00,04_data/phase5b_email_preflight_run_log.csv,/Users/messssi/Desktop/equity/04_data/phase5b_email_preflight_run_log.csv,04_data,phase5b_email_preflight_run_log.csv,.csv,structured_data,365,2026-07-07T10:59:12-05:00,a7f312131d17462d85667ba11a83cb87c7376f82ad6c3e0090c42ee7d432bcaf,HASHED,TEXT_READ_UTF_8,phase5b,email_drafts
baseline_before_phase0a_report_write,2026-07-08T22:59:44-05:00,04_data/phase5b_recipient_allowlist.csv,/Users/messssi/Desktop/equity/04_data/phase5b_recipient_allowlist.csv,04_data,phase5b_recipient_allowlist.csv,.csv,structured_data,243,2026-07-07T10:59:07-05:00,103158b713cf40857c0afd458a7ce89d96b46b89f3456708399aee302e29942f,HASHED,TEXT_READ_UTF_8,phase5b,email_drafts
baseline_before_phase0a_report_write,2026-07-08T22:59:44-05:00,04_data/screening_results.csv,/Users/messssi/Desktop/equity/04_data/screening_results.csv,04_data,screening_results.csv,.csv,structured_data,269,2026-07-03T21:21:40-05:00,9a4f18f36351979e049e9038fbb6f8979e8a51fe6268e53105ac9dc439aa7a87,HASHED,TEXT_READ_UTF_8,,
baseline_before_phase0a_report_write,2026-07-08T22:59:44-05:00,05_scripts/__pycache__/audit_phase3a_real_position_structure.cpython-313.pyc,/Users/messssi/Desktop/equity/05_scripts/__pycache__/audit_phase3a_real_position_structure.cpython-313.pyc,05_scripts,audit_phase3a_real_position_structure.cpython-313.pyc,.pyc,python_cache,19350,2026-07-06T20:07:24-05:00,5fb3bc8f9215e92e87a7b360ea98ddbb3f0d1330f43217b00da3708675b54c4f,HASHED,SKIPPED_BINARY,phase3a,real_positions
baseline_before_phase0a_report_write,2026-07-08T22:59:44-05:00,05_scripts/__pycache__/audit_phase3c_agent_restructure.cpython-313.pyc,/Users/messssi/Desktop/equity/05_scripts/__pycache__/audit_phase3c_agent_restructure.cpython-313.pyc,05_scripts,audit_phase3c_agent_restructure.cpython-313.pyc,.pyc,python_cache,20432,2026-07-06T22:22:27-05:00,4a119276dede5c3264044b266b827efbe55d9eb67f2f6cd171190097a3ee3c1d,HASHED,SKIPPED_BINARY,phase3c,
baseline_before_phase0a_report_write,2026-07-08T22:59:44-05:00,05_scripts/__pycache__/calculate_phase3b_real_risk.cpython-313.pyc,/Users/messssi/Desktop/equity/05_scripts/__pycache__/calculate_phase3b_real_risk.cpython-313.pyc,05_scripts,calculate_phase3b_real_risk.cpython-313.pyc,.pyc,python_cache,7156,2026-07-06T22:15:40-05:00,11d07971847b9c89ec888549a908e6cad436dbb2d98aca02669d4eb7188511f1,HASHED,SKIPPED_BINARY,phase3b,
baseline_before_phase0a_report_write,2026-07-08T22:59:44-05:00,05_scripts/__pycache__/check_phase4a_sec_filing_alerts.cpython-313.pyc,/Users/messssi/Desktop/equity/05_scripts/__pycache__/check_phase4a_sec_filing_alerts.cpython-313.pyc,05_scripts,check_phase4a_sec_filing_alerts.cpython-313.pyc,.pyc,python_cache,10634,2026-07-06T22:33:22-05:00,a8368a87f4d821ea4abb6c8316c675696045ea31e723fbb0032060700b6812d6,HASHED,SKIPPED_BINARY,phase4a,sec_alerts
baseline_before_phase0a_report_write,2026-07-08T22:59:44-05:00,05_scripts/__pycache__/collect_phase2k_peer_data.cpython-313.pyc,/Users/messssi/Desktop/equity/05_scripts/__pycache__/collect_phase2k_peer_data.cpython-313.pyc,05_scripts,collect_phase2k_peer_data.cpython-313.pyc,.pyc,python_cache,27730,2026-07-05T19:43:13-05:00,f81a7f4b5b3bc2555f91de2f590af8919bde4ae11d593c4c3b17432da472cf5c,HASHED,SKIPPED_BINARY,phase2k,
baseline_before_phase0a_report_write,2026-07-08T22:59:44-05:00,05_scripts/__pycache__/create_phase2h_manual_review_worksheets.cpython-312.pyc,/Users/messssi/Desktop/equity/05_scripts/__pycache__/create_phase2h_manual_review_worksheets.cpython-312.pyc,05_scripts,create_phase2h_manual_review_worksheets.cpython-312.pyc,.pyc,python_cache,16048,2026-07-05T17:39:07-05:00,00070a88ffb55858e297e1f8b0878f8be93365ff6ef93c50c85aa95c70c3fafa,HASHED,SKIPPED_BINARY,phase2h,
baseline_before_phase0a_report_write,2026-07-08T22:59:44-05:00,05_scripts/__pycache__/create_phase2j_scenario_peer_workpapers.cpython-313.pyc,/Users/messssi/Desktop/equity/05_scripts/__pycache__/create_phase2j_scenario_peer_workpapers.cpython-313.pyc,05_scripts,create_phase2j_scenario_peer_workpapers.cpython-313.pyc,.pyc,python_cache,25478,2026-07-05T19:27:16-05:00,7328cd3e47b99a4376a54fbe655908c106152e2015877c6e48c1314e0e931371,HASHED,SKIPPED_BINARY,phase2j,
baseline_before_phase0a_report_write,2026-07-08T22:59:44-05:00,05_scripts/__pycache__/create_phase2l_valuation_earnings_workpapers.cpython-313.pyc,/Users/messssi/Desktop/equity/05_scripts/__pycache__/create_phase2l_valuation_earnings_workpapers.cpython-313.pyc,05_scripts,create_phase2l_valuation_earnings_workpapers.cpython-313.pyc,.pyc,python_cache,26613,2026-07-05T19:49:57-05:00,1d09afab25e122e81b8da16f957023736c2da81cf745f9d3b6199eaf2fd34942,HASHED,SKIPPED_BINARY,phase2l,
baseline_before_phase0a_report_write,2026-07-08T22:59:44-05:00,05_scripts/__pycache__/create_phase2m_research_decision_review.cpython-313.pyc,/Users/messssi/Desktop/equity/05_scripts/__pycache__/create_phase2m_research_decision_review.cpython-313.pyc,05_scripts,create_phase2m_research_decision_review.cpython-313.pyc,.pyc,python_cache,17861,2026-07-05T19:54:30-05:00,0dceca54b398fdda446aad0b7100a3b4646ebc7823bc22a65a8aaba1c361a570,HASHED,SKIPPED_BINARY,phase2m,
baseline_before_phase0a_report_write,2026-07-08T22:59:44-05:00,05_scripts/__pycache__/create_phase2n_paper_plan_drafts.cpython-313.pyc,/Users/messssi/Desktop/equity/05_scripts/__pycache__/create_phase2n_paper_plan_drafts.cpython-313.pyc,05_scripts,create_phase2n_paper_plan_drafts.cpython-313.pyc,.pyc,python_cache,19931,2026-07-05T20:12:16-05:00,fdc45882ef379d158449c6f8e5834417a98909ebdf477d67788bdac18ad70544,HASHED,SKIPPED_BINARY,phase2n,
baseline_before_phase0a_report_write,2026-07-08T22:59:44-05:00,05_scripts/__pycache__/create_phase2o_paper_execution_readiness.cpython-313.pyc,/Users/messssi/Desktop/equity/05_scripts/__pycache__/create_phase2o_paper_execution_readiness.cpython-313.pyc,05_scripts,create_phase2o_paper_execution_readiness.cpython-313.pyc,.pyc,python_cache,24323,2026-07-06T13:57:05-05:00,dcc671111945e604da6e9435d7497dfe0d7a6e5ccc0d70187a30ab5939230eb1,HASHED,SKIPPED_BINARY,phase2o,
baseline_before_phase0a_report_write,2026-07-08T22:59:44-05:00,05_scripts/__pycache__/create_phase2p_paper_execution_log_setup.cpython-313.pyc,/Users/messssi/Desktop/equity/05_scripts/__pycache__/create_phase2p_paper_execution_log_setup.cpython-313.pyc,05_scripts,create_phase2p_paper_execution_log_setup.cpython-313.pyc,.pyc,python_cache,17740,2026-07-06T14:02:01-05:00,921a3db0e7366b63949d78ed25ca9aedbce9bdfb5c1f619eb476a69be501d307,HASHED,SKIPPED_BINARY,phase2p,trade_logs
baseline_before_phase0a_report_write,2026-07-08T22:59:44-05:00,05_scripts/__pycache__/create_phase2q_execution_decision_gate.cpython-313.pyc,/Users/messssi/Desktop/equity/05_scripts/__pycache__/create_phase2q_execution_decision_gate.cpython-313.pyc,05_scripts,create_phase2q_execution_decision_gate.cpython-313.pyc,.pyc,python_cache,18783,2026-07-06T14:37:11-05:00,0c458dcec1d474af4f035961dbe65b0c53d827f57b52788549f2a0f877e1ee5e,HASHED,SKIPPED_BINARY,phase2q,
baseline_before_phase0a_report_write,2026-07-08T22:59:44-05:00,05_scripts/__pycache__/create_phase2r_paper_execution_log.cpython-313.pyc,/Users/messssi/Desktop/equity/05_scripts/__pycache__/create_phase2r_paper_execution_log.cpython-313.pyc,05_scripts,create_phase2r_paper_execution_log.cpython-313.pyc,.pyc,python_cache,20848,2026-07-06T14:42:01-05:00,74b05165d5a204cb3d7bae0b0eb092d6e19311cfb87f8c0d5da759f4c390c99b,HASHED,SKIPPED_BINARY,phase2r,trade_logs
baseline_before_phase0a_report_write,2026-07-08T22:59:44-05:00,05_scripts/__pycache__/create_phase3b_real_position_log.cpython-313.pyc,/Users/messssi/Desktop/equity/05_scripts/__pycache__/create_phase3b_real_position_log.cpython-313.pyc,05_scripts,create_phase3b_real_position_log.cpython-313.pyc,.pyc,python_cache,25677,2026-07-06T22:15:40-05:00,24ca9cbc45a49932ff4621fef467e754c660eac8b63f4be2c3c792a6a587af85,HASHED,SKIPPED_BINARY,phase3b,real_positions
baseline_before_phase0a_report_write,2026-07-08T22:59:44-05:00,05_scripts/__pycache__/create_phase4a_weekly_action_labels.cpython-313.pyc,/Users/messssi/Desktop/equity/05_scripts/__pycache__/create_phase4a_weekly_action_labels.cpython-313.pyc,05_scripts,create_phase4a_weekly_action_labels.cpython-313.pyc,.pyc,python_cache,6292,2026-07-06T22:33:22-05:00,d141e78e8f81088b16d9a5a2fae7e29553431144e20ad91b77df2514a7d58497,HASHED,SKIPPED_BINARY,phase4a,weekly_reviews
baseline_before_phase0a_report_write,2026-07-08T22:59:44-05:00,05_scripts/__pycache__/create_phase4b_weekly_email_draft.cpython-313.pyc,/Users/messssi/Desktop/equity/05_scripts/__pycache__/create_phase4b_weekly_email_draft.cpython-313.pyc,05_scripts,create_phase4b_weekly_email_draft.cpython-313.pyc,.pyc,python_cache,22155,2026-07-07T10:35:15-05:00,02f805f472f4374da112cd931db2335acc565a43067daa8056d890eae10a0264,HASHED,SKIPPED_BINARY,phase4b,email_drafts
baseline_before_phase0a_report_write,2026-07-08T22:59:44-05:00,05_scripts/__pycache__/enrich_candidate_financials.cpython-312.pyc,/Users/messssi/Desktop/equity/05_scripts/__pycache__/enrich_candidate_financials.cpython-312.pyc,05_scripts,enrich_candidate_financials.cpython-312.pyc,.pyc,python_cache,24465,2026-07-05T14:43:12-05:00,903268e79cf2853ae87993d44689306fb96ef3735073325b6fe043cf83708201,HASHED,SKIPPED_BINARY,,
baseline_before_phase0a_report_write,2026-07-08T22:59:44-05:00,05_scripts/__pycache__/extract_phase2f_filing_excerpts.cpython-312.pyc,/Users/messssi/Desktop/equity/05_scripts/__pycache__/extract_phase2f_filing_excerpts.cpython-312.pyc,05_scripts,extract_phase2f_filing_excerpts.cpython-312.pyc,.pyc,python_cache,15831,2026-07-05T16:26:43-05:00,447cbdafb83e1c3e375afa5a1753a3e50a83d07d6aec3f46d8dbef08fa51633c,HASHED,SKIPPED_BINARY,phase2f,
baseline_before_phase0a_report_write,2026-07-08T22:59:44-05:00,05_scripts/__pycache__/make_gpt_packet.cpython-312.pyc,/Users/messssi/Desktop/equity/05_scripts/__pycache__/make_gpt_packet.cpython-312.pyc,05_scripts,make_gpt_packet.cpython-312.pyc,.pyc,python_cache,15859,2026-07-05T14:43:12-05:00,1e895d0798af3df8586a0d9f784fa776553606aa2988539ef0ee635fe89c9277,HASHED,SKIPPED_BINARY,,
baseline_before_phase0a_report_write,2026-07-08T22:59:44-05:00,05_scripts/__pycache__/make_gpt_packet.cpython-313.pyc,/Users/messssi/Desktop/equity/05_scripts/__pycache__/make_gpt_packet.cpython-313.pyc,05_scripts,make_gpt_packet.cpython-313.pyc,.pyc,python_cache,16211,2026-07-05T14:34:03-05:00,dbb06462f6345d0a41a4c7aee42a5151230be110770794a6b425073d534ae565,HASHED,SKIPPED_BINARY,,
baseline_before_phase0a_report_write,2026-07-08T22:59:44-05:00,05_scripts/__pycache__/make_weekly_report.cpython-312.pyc,/Users/messssi/Desktop/equity/05_scripts/__pycache__/make_weekly_report.cpython-312.pyc,05_scripts,make_weekly_report.cpython-312.pyc,.pyc,python_cache,11053,2026-07-05T14:43:12-05:00,37a9cb193e799a90828b83d73f7e4fbe7a51bf96c6f6b3f6d90da36ab4eafbc5,HASHED,SKIPPED_BINARY,,
baseline_before_phase0a_report_write,2026-07-08T22:59:44-05:00,05_scripts/__pycache__/make_weekly_report.cpython-313.pyc,/Users/messssi/Desktop/equity/05_scripts/__pycache__/make_weekly_report.cpython-313.pyc,05_scripts,make_weekly_report.cpython-313.pyc,.pyc,python_cache,11283,2026-07-05T14:34:03-05:00,1ca40e90d6ce085bd4495b91399f06112c582bb3c2dad656e9d849605070c194,HASHED,SKIPPED_BINARY,,
baseline_before_phase0a_report_write,2026-07-08T22:59:44-05:00,05_scripts/__pycache__/normalize_phase2q_filled_inputs.cpython-313.pyc,/Users/messssi/Desktop/equity/05_scripts/__pycache__/normalize_phase2q_filled_inputs.cpython-313.pyc,05_scripts,normalize_phase2q_filled_inputs.cpython-313.pyc,.pyc,python_cache,9614,2026-07-06T14:37:11-05:00,d758ad315cd27e76945df3d7fba371a215b566ae80973d33500972e10726ea90,HASHED,SKIPPED_BINARY,phase2q,
baseline_before_phase0a_report_write,2026-07-08T22:59:44-05:00,05_scripts/__pycache__/normalize_phase3b_real_position_inputs.cpython-313.pyc,/Users/messssi/Desktop/equity/05_scripts/__pycache__/normalize_phase3b_real_position_inputs.cpython-313.pyc,05_scripts,normalize_phase3b_real_position_inputs.cpython-313.pyc,.pyc,python_cache,7044,2026-07-06T22:15:40-05:00,53cdd19bca83d45b83ec39d29e66f645006b3381be26c21451a13018d08af16b,HASHED,SKIPPED_BINARY,phase3b,real_positions
baseline_before_phase0a_report_write,2026-07-08T22:59:44-05:00,05_scripts/__pycache__/phase5a_email_automation_preflight.cpython-313.pyc,/Users/messssi/Desktop/equity/05_scripts/__pycache__/phase5a_email_automation_preflight.cpython-313.pyc,05_scripts,phase5a_email_automation_preflight.cpython-313.pyc,.pyc,python_cache,1868,2026-07-07T10:49:10-05:00,5fb6c10356b3c232578811fbd32baeb14c3e77c92f88f5df182f195ae370571b,HASHED,SKIPPED_BINARY,phase5a,
baseline_before_phase0a_report_write,2026-07-08T22:59:44-05:00,05_scripts/__pycache__/phase5b_email_preflight_validator.cpython-313.pyc,/Users/messssi/Desktop/equity/05_scripts/__pycache__/phase5b_email_preflight_validator.cpython-313.pyc,05_scripts,phase5b_email_preflight_validator.cpython-313.pyc,.pyc,python_cache,25203,2026-07-07T10:59:12-05:00,41402161b0382bf6963787ddfd903759cdf0db089f0c5c6b1a5dc8cdd33aad55,HASHED,SKIPPED_BINARY,phase5b,
baseline_before_phase0a_report_write,2026-07-08T22:59:44-05:00,05_scripts/__pycache__/rescore_phase2e1_candidates.cpython-312.pyc,/Users/messssi/Desktop/equity/05_scripts/__pycache__/rescore_phase2e1_candidates.cpython-312.pyc,05_scripts,rescore_phase2e1_candidates.cpython-312.pyc,.pyc,python_cache,19113,2026-07-05T16:16:36-05:00,8abc37ed9a24816dba96763e78fc066ae1991516c8ce7e348ca600a02c872b0c,HASHED,SKIPPED_BINARY,phase2e1,
baseline_before_phase0a_report_write,2026-07-08T22:59:44-05:00,05_scripts/__pycache__/review_8k_and_dilution_filings.cpython-312.pyc,/Users/messssi/Desktop/equity/05_scripts/__pycache__/review_8k_and_dilution_filings.cpython-312.pyc,05_scripts,review_8k_and_dilution_filings.cpython-312.pyc,.pyc,python_cache,20507,2026-07-05T14:56:52-05:00,b1552f32ffa16b1ae31935a8df410afb6f067c1293ae62b1a4ee4076c08bc52f,HASHED,SKIPPED_BINARY,,
baseline_before_phase0a_report_write,2026-07-08T22:59:44-05:00,05_scripts/__pycache__/risk_calculator.cpython-312.pyc,/Users/messssi/Desktop/equity/05_scripts/__pycache__/risk_calculator.cpython-312.pyc,05_scripts,risk_calculator.cpython-312.pyc,.pyc,python_cache,6240,2026-07-05T14:43:12-05:00,c027b5a9f7baccae122d5e374e8cd7dc59bcfb1fb964bb2240335b6a6d936c36,HASHED,SKIPPED_BINARY,,risk_rules
baseline_before_phase0a_report_write,2026-07-08T22:59:44-05:00,05_scripts/__pycache__/risk_calculator.cpython-313.pyc,/Users/messssi/Desktop/equity/05_scripts/__pycache__/risk_calculator.cpython-313.pyc,05_scripts,risk_calculator.cpython-313.pyc,.pyc,python_cache,6267,2026-07-05T14:34:03-05:00,68031cf77e6ec94fe29504fe90450d95f0d6ceb29a4d24d6cc3cc544647f299b,HASHED,SKIPPED_BINARY,,risk_rules
baseline_before_phase0a_report_write,2026-07-08T22:59:44-05:00,05_scripts/__pycache__/run_phase2q_paper_risk_calculator.cpython-313.pyc,/Users/messssi/Desktop/equity/05_scripts/__pycache__/run_phase2q_paper_risk_calculator.cpython-313.pyc,05_scripts,run_phase2q_paper_risk_calculator.cpython-313.pyc,.pyc,python_cache,8138,2026-07-06T14:37:11-05:00,762d7bbd2b420b0f33b3e6f34c1a749f4030a5be12942bab1689199af1467251,HASHED,SKIPPED_BINARY,phase2q,risk_rules
baseline_before_phase0a_report_write,2026-07-08T22:59:44-05:00,05_scripts/__pycache__/run_phase4a_weekly_real_position_review.cpython-313.pyc,/Users/messssi/Desktop/equity/05_scripts/__pycache__/run_phase4a_weekly_real_position_review.cpython-313.pyc,05_scripts,run_phase4a_weekly_real_position_review.cpython-313.pyc,.pyc,python_cache,17651,2026-07-06T22:33:22-05:00,2a80fd53170b029b5db4bc87cbe9612f465e8a564ade3b0782dfabd893c513ec,HASHED,SKIPPED_BINARY,phase4a,real_positions;weekly_reviews
baseline_before_phase0a_report_write,2026-07-08T22:59:44-05:00,05_scripts/__pycache__/score_phase2e_candidates.cpython-312.pyc,/Users/messssi/Desktop/equity/05_scripts/__pycache__/score_phase2e_candidates.cpython-312.pyc,05_scripts,score_phase2e_candidates.cpython-312.pyc,.pyc,python_cache,18998,2026-07-05T14:43:12-05:00,6658ef1bd48bf99d4769c0be668fa7bd2600867ce110622347af894a2dde2d34,HASHED,SKIPPED_BINARY,phase2e,
baseline_before_phase0a_report_write,2026-07-08T22:59:44-05:00,05_scripts/__pycache__/score_phase2f_memos.cpython-312.pyc,/Users/messssi/Desktop/equity/05_scripts/__pycache__/score_phase2f_memos.cpython-312.pyc,05_scripts,score_phase2f_memos.cpython-312.pyc,.pyc,python_cache,11506,2026-07-05T16:26:43-05:00,ced72b7e5010d577577fe3b4b56ee132f3be759fc1bb21066467bc93f369af4f,HASHED,SKIPPED_BINARY,phase2f,
baseline_before_phase0a_report_write,2026-07-08T22:59:44-05:00,05_scripts/__pycache__/score_phase2k_peer_data_quality.cpython-313.pyc,/Users/messssi/Desktop/equity/05_scripts/__pycache__/score_phase2k_peer_data_quality.cpython-313.pyc,05_scripts,score_phase2k_peer_data_quality.cpython-313.pyc,.pyc,python_cache,14344,2026-07-05T19:43:13-05:00,f25ab2f990d9fdfab23adb88dc71a28f8fab850bfa6031327f3d9898e2db2aed,HASHED,SKIPPED_BINARY,phase2k,
baseline_before_phase0a_report_write,2026-07-08T22:59:44-05:00,05_scripts/__pycache__/screen_universe.cpython-312.pyc,/Users/messssi/Desktop/equity/05_scripts/__pycache__/screen_universe.cpython-312.pyc,05_scripts,screen_universe.cpython-312.pyc,.pyc,python_cache,6271,2026-07-05T14:43:12-05:00,909c4b28ba1d666e17fc011be9b2cdf0b21d491871c4ec9d9aea3b7e545d4db8,HASHED,SKIPPED_BINARY,,
baseline_before_phase0a_report_write,2026-07-08T22:59:44-05:00,05_scripts/__pycache__/screen_universe.cpython-313.pyc,/Users/messssi/Desktop/equity/05_scripts/__pycache__/screen_universe.cpython-313.pyc,05_scripts,screen_universe.cpython-313.pyc,.pyc,python_cache,6342,2026-07-05T14:34:03-05:00,2a2ad9ef7af1ece3ebbfe9bbda1a5f7a0bd0b8988bd633dac48dfbcc3ab8750a,HASHED,SKIPPED_BINARY,,
baseline_before_phase0a_report_write,2026-07-08T22:59:44-05:00,05_scripts/__pycache__/synthesize_phase2i_human_notes.cpython-313.pyc,/Users/messssi/Desktop/equity/05_scripts/__pycache__/synthesize_phase2i_human_notes.cpython-313.pyc,05_scripts,synthesize_phase2i_human_notes.cpython-313.pyc,.pyc,python_cache,31735,2026-07-05T18:56:01-05:00,2153812bed9e7bd88826bdac6a813d8ecfa2f641419df213fd9047c960694c49,HASHED,SKIPPED_BINARY,phase2i,
baseline_before_phase0a_report_write,2026-07-08T22:59:44-05:00,05_scripts/__pycache__/update_sec_filings.cpython-312.pyc,/Users/messssi/Desktop/equity/05_scripts/__pycache__/update_sec_filings.cpython-312.pyc,05_scripts,update_sec_filings.cpython-312.pyc,.pyc,python_cache,15941,2026-07-05T14:43:12-05:00,db73637d24f5dddbe5a00138ea271bbccea10a07098f78d2f0a13d37502d3c4e,HASHED,SKIPPED_BINARY,,
baseline_before_phase0a_report_write,2026-07-08T22:59:44-05:00,05_scripts/__pycache__/update_sec_filings.cpython-313.pyc,/Users/messssi/Desktop/equity/05_scripts/__pycache__/update_sec_filings.cpython-313.pyc,05_scripts,update_sec_filings.cpython-313.pyc,.pyc,python_cache,16208,2026-07-05T14:34:03-05:00,5ee1953c06e12a55aa727f180a83938c0eafda23233bcffc28a4869bfdfc1623,HASHED,SKIPPED_BINARY,,
baseline_before_phase0a_report_write,2026-07-08T22:59:44-05:00,05_scripts/__pycache__/validate_manual_market_data.cpython-312.pyc,/Users/messssi/Desktop/equity/05_scripts/__pycache__/validate_manual_market_data.cpython-312.pyc,05_scripts,validate_manual_market_data.cpython-312.pyc,.pyc,python_cache,8744,2026-07-05T16:16:36-05:00,b8be2eecc1c62f41a61c88bb445ac0b9d78d8a8d22ea8a29b4dff1735fef774a,HASHED,SKIPPED_BINARY,,
baseline_before_phase0a_report_write,2026-07-08T22:59:44-05:00,05_scripts/__pycache__/validate_phase2o_manual_chart_review.cpython-313.pyc,/Users/messssi/Desktop/equity/05_scripts/__pycache__/validate_phase2o_manual_chart_review.cpython-313.pyc,05_scripts,validate_phase2o_manual_chart_review.cpython-313.pyc,.pyc,python_cache,12333,2026-07-06T13:57:05-05:00,022b4d4609e32bd4a9393928f61dbb1fc8955fd22b1e72d783a31f8400ea5e14,HASHED,SKIPPED_BINARY,phase2o,
baseline_before_phase0a_report_write,2026-07-08T22:59:44-05:00,05_scripts/__pycache__/validate_phase2q_manual_execution_inputs.cpython-313.pyc,/Users/messssi/Desktop/equity/05_scripts/__pycache__/validate_phase2q_manual_execution_inputs.cpython-313.pyc,05_scripts,validate_phase2q_manual_execution_inputs.cpython-313.pyc,.pyc,python_cache,9381,2026-07-06T14:37:11-05:00,a640b288fdb58d8401632e6aab942e8f4237e499b5c582826d598c6159fb9cbe,HASHED,SKIPPED_BINARY,phase2q,
baseline_before_phase0a_report_write,2026-07-08T22:59:44-05:00,05_scripts/audit_phase3a_real_position_structure.py,/Users/messssi/Desktop/equity/05_scripts/audit_phase3a_real_position_structure.py,05_scripts,audit_phase3a_real_position_structure.py,.py,python_script,18319,2026-07-06T20:07:20-05:00,8de2cdb4d74c296945cf3fd7120d07f8e49720b3eda1bc5a27dd00e588f98002,HASHED,TEXT_READ_UTF_8,phase2;phase2p;phase2q;phase2r;phase2s;phase3;phase3a,real_positions;risk_rules;weekly_reviews;trade_logs
baseline_before_phase0a_report_write,2026-07-08T22:59:44-05:00,05_scripts/audit_phase3c_agent_restructure.py,/Users/messssi/Desktop/equity/05_scripts/audit_phase3c_agent_restructure.py,05_scripts,audit_phase3c_agent_restructure.py,.py,python_script,18849,2026-07-06T22:22:22-05:00,8184bbdc9cdec7766a5985c8d2efe11d71b66afc7f048a13ab436dbc39502dcc,HASHED,TEXT_READ_UTF_8,phase0;phase2;phase2n;phase2p;phase2q;phase2r;phase3;phase3a;phase3b;phase3c;phase4;phase4a;phase4b;phase5,real_positions;risk_rules;email_drafts;sec_alerts;weekly_reviews;trade_logs
baseline_before_phase0a_report_write,2026-07-08T22:59:44-05:00,05_scripts/calculate_phase3b_real_risk.py,/Users/messssi/Desktop/equity/05_scripts/calculate_phase3b_real_risk.py,05_scripts,calculate_phase3b_real_risk.py,.py,python_script,6717,2026-07-06T22:12:51-05:00,46994d2829ce8e82ea5569cc74201c2d57b97a597681692ad319bbd872924e3c,HASHED,TEXT_READ_UTF_8,phase3b,real_positions;risk_rules
baseline_before_phase0a_report_write,2026-07-08T22:59:44-05:00,05_scripts/check_phase4a_sec_filing_alerts.py,/Users/messssi/Desktop/equity/05_scripts/check_phase4a_sec_filing_alerts.py,05_scripts,check_phase4a_sec_filing_alerts.py,.py,python_script,7527,2026-07-06T22:33:15-05:00,dc9f760fa75a649c8b6a5c28ea37681d3e2169f40fb4de70da52f3f0c5b372e9,HASHED,TEXT_READ_UTF_8,phase4a,real_positions;sec_alerts;weekly_reviews
baseline_before_phase0a_report_write,2026-07-08T22:59:44-05:00,05_scripts/collect_phase2k_peer_data.py,/Users/messssi/Desktop/equity/05_scripts/collect_phase2k_peer_data.py,05_scripts,collect_phase2k_peer_data.py,.py,python_script,22274,2026-07-05T19:43:06-05:00,419e166a47b4a5c0afe4cc3c1aaa1990fcb9d7e14b9ede007816fe4f9f202a35,HASHED,TEXT_READ_UTF_8,phase2j;phase2k;phase2l,
baseline_before_phase0a_report_write,2026-07-08T22:59:44-05:00,05_scripts/create_phase2h_manual_review_worksheets.py,/Users/messssi/Desktop/equity/05_scripts/create_phase2h_manual_review_worksheets.py,05_scripts,create_phase2h_manual_review_worksheets.py,.py,python_script,14991,2026-07-05T17:39:03-05:00,961ce1d6bd8e2978238bcba31c11f5b5c6ff6782cbeb7d435f9fc508f4e2192b,HASHED,TEXT_READ_UTF_8,phase2f;phase2g;phase2h,
baseline_before_phase0a_report_write,2026-07-08T22:59:44-05:00,05_scripts/create_phase2j_scenario_peer_workpapers.py,/Users/messssi/Desktop/equity/05_scripts/create_phase2j_scenario_peer_workpapers.py,05_scripts,create_phase2j_scenario_peer_workpapers.py,.py,python_script,27266,2026-07-05T19:26:55-05:00,f46498b37b36c2544df667e7bedb3786503ee4b408b4ecb7edd4c375f419c4af,HASHED,TEXT_READ_UTF_8,phase2f;phase2h;phase2i;phase2j;phase2k,
baseline_before_phase0a_report_write,2026-07-08T22:59:44-05:00,05_scripts/create_phase2l_valuation_earnings_workpapers.py,/Users/messssi/Desktop/equity/05_scripts/create_phase2l_valuation_earnings_workpapers.py,05_scripts,create_phase2l_valuation_earnings_workpapers.py,.py,python_script,23287,2026-07-05T19:49:53-05:00,e089051664414f201187af5e29ae7963045e3c04bbcb2ae2bcd456546be0d2a6,HASHED,TEXT_READ_UTF_8,phase2e1;phase2h;phase2i;phase2j;phase2k;phase2l;phase2m,risk_rules
baseline_before_phase0a_report_write,2026-07-08T22:59:44-05:00,05_scripts/create_phase2m_research_decision_review.py,/Users/messssi/Desktop/equity/05_scripts/create_phase2m_research_decision_review.py,05_scripts,create_phase2m_research_decision_review.py,.py,python_script,15951,2026-07-05T19:54:25-05:00,e77bf81f317b97caf1bad25de3da8b65690082946c5eba41a5b95ee240021433,HASHED,TEXT_READ_UTF_8,phase2f;phase2i;phase2j;phase2k;phase2l;phase2m;phase2n,risk_rules
baseline_before_phase0a_report_write,2026-07-08T22:59:44-05:00,05_scripts/create_phase2n_paper_plan_drafts.py,/Users/messssi/Desktop/equity/05_scripts/create_phase2n_paper_plan_drafts.py,05_scripts,create_phase2n_paper_plan_drafts.py,.py,python_script,17976,2026-07-05T20:12:12-05:00,526053bd0d0b8f5f01b35ed5abba5a2183b0870a67a3452da486957c0f401d4a,HASHED,TEXT_READ_UTF_8,phase2i;phase2j;phase2k;phase2l;phase2m;phase2n;phase2o,risk_rules
baseline_before_phase0a_report_write,2026-07-08T22:59:44-05:00,05_scripts/create_phase2o_paper_execution_readiness.py,/Users/messssi/Desktop/equity/05_scripts/create_phase2o_paper_execution_readiness.py,05_scripts,create_phase2o_paper_execution_readiness.py,.py,python_script,21085,2026-07-06T13:56:59-05:00,505bc0ff7ec7565afaa03fb59801ae9ea319970629e08d718f4f57bd73a3a1f2,HASHED,TEXT_READ_UTF_8,phase2e1;phase2l;phase2n;phase2o;phase2p,risk_rules;trade_logs
baseline_before_phase0a_report_write,2026-07-08T22:59:44-05:00,05_scripts/create_phase2p_paper_execution_log_setup.py,/Users/messssi/Desktop/equity/05_scripts/create_phase2p_paper_execution_log_setup.py,05_scripts,create_phase2p_paper_execution_log_setup.py,.py,python_script,16407,2026-07-06T14:01:55-05:00,ca612414f0b2218260095437c7ecd9a36238348e07b161f3648bd248b6b0275d,HASHED,TEXT_READ_UTF_8,phase2n;phase2o;phase2o1b;phase2p;phase2q,risk_rules;trade_logs
baseline_before_phase0a_report_write,2026-07-08T22:59:44-05:00,05_scripts/create_phase2q_execution_decision_gate.py,/Users/messssi/Desktop/equity/05_scripts/create_phase2q_execution_decision_gate.py,05_scripts,create_phase2q_execution_decision_gate.py,.py,python_script,14052,2026-07-06T14:37:06-05:00,8104e7cdc94b51392acfc2b8da2d7a487c8ef2fd0136baa0113b2b17eb4a1791,HASHED,TEXT_READ_UTF_8,phase2n;phase2o;phase2p;phase2q;phase2r,risk_rules;trade_logs
baseline_before_phase0a_report_write,2026-07-08T22:59:44-05:00,05_scripts/create_phase2r_paper_execution_log.py,/Users/messssi/Desktop/equity/05_scripts/create_phase2r_paper_execution_log.py,05_scripts,create_phase2r_paper_execution_log.py,.py,python_script,18630,2026-07-06T14:41:57-05:00,a8f36c0c279e3a40d709c49a071f53bb542949d1494661779df58e10070515f6,HASHED,TEXT_READ_UTF_8,phase2e1;phase2n;phase2o;phase2p;phase2q;phase2r;phase2s,risk_rules;weekly_reviews;trade_logs
baseline_before_phase0a_report_write,2026-07-08T22:59:44-05:00,05_scripts/create_phase3b_real_position_log.py,/Users/messssi/Desktop/equity/05_scripts/create_phase3b_real_position_log.py,05_scripts,create_phase3b_real_position_log.py,.py,python_script,22772,2026-07-06T22:14:03-05:00,c4cc0b3f8f657dd728a9e76f6d8c8f0a81d27274865ebd351910d0953d96b438,HASHED,TEXT_READ_UTF_8,phase2q;phase2r;phase3a;phase3b;phase3c,real_positions;risk_rules;weekly_reviews;trade_logs
baseline_before_phase0a_report_write,2026-07-08T22:59:44-05:00,05_scripts/create_phase4a_weekly_action_labels.py,/Users/messssi/Desktop/equity/05_scripts/create_phase4a_weekly_action_labels.py,05_scripts,create_phase4a_weekly_action_labels.py,.py,python_script,4979,2026-07-06T22:31:38-05:00,52d6aa10ab400c34e2b3c11986290c15670e9d2f274d144633c8d62e1dae6b82,HASHED,TEXT_READ_UTF_8,phase3b;phase4a,real_positions;weekly_reviews
baseline_before_phase0a_report_write,2026-07-08T22:59:44-05:00,05_scripts/create_phase4b_weekly_email_draft.py,/Users/messssi/Desktop/equity/05_scripts/create_phase4b_weekly_email_draft.py,05_scripts,create_phase4b_weekly_email_draft.py,.py,python_script,15202,2026-07-07T10:19:07-05:00,0a8c89b68cf984239da79b9daac115a4e861e3938c7e5aeb9946015be4451da6,HASHED,TEXT_READ_UTF_8,phase3c;phase4a;phase4b;phase5a,real_positions;risk_rules;email_drafts;sec_alerts;weekly_reviews
baseline_before_phase0a_report_write,2026-07-08T22:59:44-05:00,05_scripts/enrich_candidate_financials.py,/Users/messssi/Desktop/equity/05_scripts/enrich_candidate_financials.py,05_scripts,enrich_candidate_financials.py,.py,python_script,18171,2026-07-05T14:40:50-05:00,4227255686596d36b593db577df23dfa83141c6553d8869a306dddfb8fbcc44c,HASHED,TEXT_READ_UTF_8,phase2c;phase2e,
baseline_before_phase0a_report_write,2026-07-08T22:59:44-05:00,05_scripts/extract_phase2f_filing_excerpts.py,/Users/messssi/Desktop/equity/05_scripts/extract_phase2f_filing_excerpts.py,05_scripts,extract_phase2f_filing_excerpts.py,.py,python_script,11320,2026-07-05T16:23:26-05:00,642d0bd214fe93ac037cada280f4b8be71dfef4f7a5d8f34afd9a54da1eac763,HASHED,TEXT_READ_UTF_8,phase2e1;phase2f,
baseline_before_phase0a_report_write,2026-07-08T22:59:44-05:00,05_scripts/make_gpt_packet.py,/Users/messssi/Desktop/equity/05_scripts/make_gpt_packet.py,05_scripts,make_gpt_packet.py,.py,python_script,12124,2026-07-05T14:33:58-05:00,553d6778fc47186bbd4dba7d4f97d44f920b13839adb775a085645ce86f3e074,HASHED,TEXT_READ_UTF_8,phase2b;phase2c,
baseline_before_phase0a_report_write,2026-07-08T22:59:44-05:00,05_scripts/make_weekly_report.py,/Users/messssi/Desktop/equity/05_scripts/make_weekly_report.py,05_scripts,make_weekly_report.py,.py,python_script,7962,2026-07-03T21:58:12-05:00,26c42fd8f78e45b846f6c14ab35eb04d11e0c5d254fcf5aeb47b04ea8ee2657a,HASHED,TEXT_READ_UTF_8,,real_positions;weekly_reviews;trade_logs
baseline_before_phase0a_report_write,2026-07-08T22:59:44-05:00,05_scripts/normalize_phase2q_filled_inputs.py,/Users/messssi/Desktop/equity/05_scripts/normalize_phase2q_filled_inputs.py,05_scripts,normalize_phase2q_filled_inputs.py,.py,python_script,6073,2026-07-06T14:36:40-05:00,bfeacbf354249df6e21c2c521e2088ac9f4488174d90f5e7e7d9d5b2a1928b67,HASHED,TEXT_READ_UTF_8,phase2q,
baseline_before_phase0a_report_write,2026-07-08T22:59:44-05:00,05_scripts/normalize_phase3b_real_position_inputs.py,/Users/messssi/Desktop/equity/05_scripts/normalize_phase3b_real_position_inputs.py,05_scripts,normalize_phase3b_real_position_inputs.py,.py,python_script,5129,2026-07-06T22:12:51-05:00,ea68047e71c1f06b9b542fabcbdbfe663b4c88e9b21f62e506eb213075d69eea,HASHED,TEXT_READ_UTF_8,phase3b,real_positions
baseline_before_phase0a_report_write,2026-07-08T22:59:44-05:00,05_scripts/phase5a_email_automation_preflight.py,/Users/messssi/Desktop/equity/05_scripts/phase5a_email_automation_preflight.py,05_scripts,phase5a_email_automation_preflight.py,.py,python_script,1301,2026-07-07T10:49:03-05:00,0e5a741d46f483ca5535262a5b642dac4b22a6d0b568aaf3d21ae47ad3f084a1,HASHED,TEXT_READ_UTF_8,phase4b;phase5a,email_drafts
baseline_before_phase0a_report_write,2026-07-08T22:59:44-05:00,05_scripts/phase5b_email_preflight_validator.py,/Users/messssi/Desktop/equity/05_scripts/phase5b_email_preflight_validator.py,05_scripts,phase5b_email_preflight_validator.py,.py,python_script,18834,2026-07-07T10:59:07-05:00,706540306583dd425509ea14236428dd307d873ae14eaabbc3b73093db08f92b,HASHED,TEXT_READ_UTF_8,phase4b;phase5a;phase5b;phase5c,email_drafts
baseline_before_phase0a_report_write,2026-07-08T22:59:44-05:00,05_scripts/rescore_phase2e1_candidates.py,/Users/messssi/Desktop/equity/05_scripts/rescore_phase2e1_candidates.py,05_scripts,rescore_phase2e1_candidates.py,.py,python_script,14585,2026-07-05T16:16:30-05:00,5a132f80638900561a7d176ce3144d6674b34611b562afc09823c3b76827f7e8,HASHED,TEXT_READ_UTF_8,phase2e;phase2e1,risk_rules
baseline_before_phase0a_report_write,2026-07-08T22:59:44-05:00,05_scripts/review_8k_and_dilution_filings.py,/Users/messssi/Desktop/equity/05_scripts/review_8k_and_dilution_filings.py,05_scripts,review_8k_and_dilution_filings.py,.py,python_script,15626,2026-07-05T14:56:47-05:00,55007a49706efca68043806329d76f94171ad5eff0000845d5b2e52f5c1ab44d,HASHED,TEXT_READ_UTF_8,phase2c;phase2e1,risk_rules
baseline_before_phase0a_report_write,2026-07-08T22:59:44-05:00,05_scripts/risk_calculator.py,/Users/messssi/Desktop/equity/05_scripts/risk_calculator.py,05_scripts,risk_calculator.py,.py,python_script,5179,2026-07-03T21:18:51-05:00,04d24ffd046a1efc1b52d872fc7a0e3a0156ff4e604a07881bfda9f9bdcb3a37,HASHED,TEXT_READ_UTF_8,,risk_rules
baseline_before_phase0a_report_write,2026-07-08T22:59:44-05:00,05_scripts/run_phase2q_paper_risk_calculator.py,/Users/messssi/Desktop/equity/05_scripts/run_phase2q_paper_risk_calculator.py,05_scripts,run_phase2q_paper_risk_calculator.py,.py,python_script,7769,2026-07-06T14:17:02-05:00,d4db6d3a2f4c8a40adc18ceee695ae019464f33e19ae12cec21dd67bfc504dd4,HASHED,TEXT_READ_UTF_8,phase2p;phase2q;phase2r,risk_rules
baseline_before_phase0a_report_write,2026-07-08T22:59:44-05:00,05_scripts/run_phase4a_weekly_real_position_review.py,/Users/messssi/Desktop/equity/05_scripts/run_phase4a_weekly_real_position_review.py,05_scripts,run_phase4a_weekly_real_position_review.py,.py,python_script,12171,2026-07-06T22:31:38-05:00,7a64a3fa6daa0041bcfa630dd3c5c1b4c4f5a2b60855a4302d3ab572985d749b,HASHED,TEXT_READ_UTF_8,phase3b;phase4a;phase4b;phase5,real_positions;risk_rules;email_drafts;sec_alerts;weekly_reviews
baseline_before_phase0a_report_write,2026-07-08T22:59:44-05:00,05_scripts/score_phase2e_candidates.py,/Users/messssi/Desktop/equity/05_scripts/score_phase2e_candidates.py,05_scripts,score_phase2e_candidates.py,.py,python_script,14169,2026-07-05T14:41:44-05:00,a912e23e6f6182afb5f267cda76e9cd1564bea9ee206c074b2d9868106d39511,HASHED,TEXT_READ_UTF_8,phase2c;phase2e,
baseline_before_phase0a_report_write,2026-07-08T22:59:44-05:00,05_scripts/score_phase2f_memos.py,/Users/messssi/Desktop/equity/05_scripts/score_phase2f_memos.py,05_scripts,score_phase2f_memos.py,.py,python_script,8043,2026-07-05T16:26:04-05:00,cb25fe437c46ff60eb6a42231a5a24b53d792a7ff4e334172b45712544b15564,HASHED,TEXT_READ_UTF_8,phase2e;phase2e1;phase2f,
baseline_before_phase0a_report_write,2026-07-08T22:59:44-05:00,05_scripts/score_phase2k_peer_data_quality.py,/Users/messssi/Desktop/equity/05_scripts/score_phase2k_peer_data_quality.py,05_scripts,score_phase2k_peer_data_quality.py,.py,python_script,10468,2026-07-05T19:35:08-05:00,7fafa575da2d5052584284512c8d16051634deedeebe7775382e4ce5885921c1,HASHED,TEXT_READ_UTF_8,phase2k;phase2l,risk_rules
baseline_before_phase0a_report_write,2026-07-08T22:59:44-05:00,05_scripts/screen_universe.py,/Users/messssi/Desktop/equity/05_scripts/screen_universe.py,05_scripts,screen_universe.py,.py,python_script,4150,2026-07-03T21:18:51-05:00,cfbc293a615b031619dd13927a533a7f0fd49cf84a1c8cb898ec5a88a7e9cbee,HASHED,TEXT_READ_UTF_8,phase1a,
baseline_before_phase0a_report_write,2026-07-08T22:59:44-05:00,05_scripts/synthesize_phase2i_human_notes.py,/Users/messssi/Desktop/equity/05_scripts/synthesize_phase2i_human_notes.py,05_scripts,synthesize_phase2i_human_notes.py,.py,python_script,35270,2026-07-05T18:55:53-05:00,e882fc2a5947f1ff6c3398e73325b932c17c8f6314584974e9350b08d84302a4,HASHED,TEXT_READ_UTF_8,phase2f;phase2g;phase2h;phase2i;phase2j,
baseline_before_phase0a_report_write,2026-07-08T22:59:44-05:00,05_scripts/update_sec_filings.py,/Users/messssi/Desktop/equity/05_scripts/update_sec_filings.py,05_scripts,update_sec_filings.py,.py,python_script,11348,2026-07-05T14:29:51-05:00,c4715424efb01f062a24bece3d4e06824e9cf1864cba87f9b76d00c1797779d5,HASHED,TEXT_READ_UTF_8,phase2c,
baseline_before_phase0a_report_write,2026-07-08T22:59:44-05:00,05_scripts/validate_manual_market_data.py,/Users/messssi/Desktop/equity/05_scripts/validate_manual_market_data.py,05_scripts,validate_manual_market_data.py,.py,python_script,6220,2026-07-05T14:53:45-05:00,b812cc1c5242f52cae1ff24b37a6e103bebd79d4a772f2283f5b6193ce85892b,HASHED,TEXT_READ_UTF_8,phase2c;phase2e;phase2e1,
baseline_before_phase0a_report_write,2026-07-08T22:59:44-05:00,05_scripts/validate_phase2o_manual_chart_review.py,/Users/messssi/Desktop/equity/05_scripts/validate_phase2o_manual_chart_review.py,05_scripts,validate_phase2o_manual_chart_review.py,.py,python_script,8831,2026-07-06T13:55:44-05:00,5b380fed232b89a0e97b3de31fd40eda3b2451bbb2c06c63d44ea5cd2c097c67,HASHED,TEXT_READ_UTF_8,phase2o,risk_rules
baseline_before_phase0a_report_write,2026-07-08T22:59:44-05:00,05_scripts/validate_phase2q_manual_execution_inputs.py,/Users/messssi/Desktop/equity/05_scripts/validate_phase2q_manual_execution_inputs.py,05_scripts,validate_phase2q_manual_execution_inputs.py,.py,python_script,7784,2026-07-06T14:15:12-05:00,885d5ea846ce9c2555a90ab476e30fc4eef90b670cd61a550eebd51c0c454437,HASHED,TEXT_READ_UTF_8,phase2q,
baseline_before_phase0a_report_write,2026-07-08T22:59:44-05:00,06_trading/paper_trades.csv,/Users/messssi/Desktop/equity/06_trading/paper_trades.csv,06_trading,paper_trades.csv,.csv,structured_data,279,2026-07-03T21:18:14-05:00,caa482405a690d84125a17c6c92cb28d2c231ebde46b696a2f971a4f6af68e3f,HASHED,TEXT_READ_UTF_8,,trade_logs
baseline_before_phase0a_report_write,2026-07-08T22:59:44-05:00,06_trading/real_trades.csv,/Users/messssi/Desktop/equity/06_trading/real_trades.csv,06_trading,real_trades.csv,.csv,structured_data,279,2026-07-03T21:18:14-05:00,caa482405a690d84125a17c6c92cb28d2c231ebde46b696a2f971a4f6af68e3f,HASHED,TEXT_READ_UTF_8,,real_positions;trade_logs
baseline_before_phase0a_report_write,2026-07-08T22:59:44-05:00,06_trading/trade_journal.csv,/Users/messssi/Desktop/equity/06_trading/trade_journal.csv,06_trading,trade_journal.csv,.csv,structured_data,279,2026-07-03T21:18:14-05:00,caa482405a690d84125a17c6c92cb28d2c231ebde46b696a2f971a4f6af68e3f,HASHED,TEXT_READ_UTF_8,,trade_logs
baseline_before_phase0a_report_write,2026-07-08T22:59:44-05:00,07_reviews/.DS_Store,/Users/messssi/Desktop/equity/07_reviews/.DS_Store,07_reviews,.DS_Store,,macos_metadata,6148,2026-07-07T11:00:23-05:00,d65165279105ca6773180500688df4bdc69a2c7b771752f0a46ef120b7fd8ec3,HASHED,SKIPPED_BINARY_NUL,,
baseline_before_phase0a_report_write,2026-07-08T22:59:44-05:00,07_reviews/latest_real_position_weekly_review.md,/Users/messssi/Desktop/equity/07_reviews/latest_real_position_weekly_review.md,07_reviews,latest_real_position_weekly_review.md,.md,document,1251,2026-07-06T22:33:23-05:00,61818388c18414a0dd38b101d17b9422c495896aa3ab1abfac10887d1fed4d97,HASHED,TEXT_READ_UTF_8,,real_positions;risk_rules;sec_alerts;weekly_reviews
baseline_before_phase0a_report_write,2026-07-08T22:59:44-05:00,07_reviews/latest_weekly_report.md,/Users/messssi/Desktop/equity/07_reviews/latest_weekly_report.md,07_reviews,latest_weekly_report.md,.md,document,6468,2026-07-07T10:59:30-05:00,0c35ad53cec9edfaf2aa6605048e24d9dc377de65517ee63d3c6aec6d2de79fa,HASHED,TEXT_READ_UTF_8,,weekly_reviews
baseline_before_phase0a_report_write,2026-07-08T22:59:44-05:00,07_reviews/monthly_review_template.md,/Users/messssi/Desktop/equity/07_reviews/monthly_review_template.md,07_reviews,monthly_review_template.md,.md,document,725,2026-06-28T16:47:20-05:00,d958b1bfb21c5699c7ee2b6b06e1d0aa17f97fcf03434000698d0e1dc3b6ea8b,HASHED,TEXT_READ_UTF_8,,risk_rules
baseline_before_phase0a_report_write,2026-07-08T22:59:44-05:00,07_reviews/phase0_audit_report.md,/Users/messssi/Desktop/equity/07_reviews/phase0_audit_report.md,07_reviews,phase0_audit_report.md,.md,document,3955,2026-07-03T21:12:54-05:00,2ac8410c4c189909c4316b49e9c60d7139d72667be65a03c16c7fe134e834307,HASHED,TEXT_READ_UTF_8,phase0;phase0a;phase0b;phase1,real_positions;risk_rules;weekly_reviews;trade_logs
baseline_before_phase0a_report_write,2026-07-08T22:59:44-05:00,07_reviews/phase0b_phase1a_report.md,/Users/messssi/Desktop/equity/07_reviews/phase0b_phase1a_report.md,07_reviews,phase0b_phase1a_report.md,.md,document,3937,2026-07-03T21:20:38-05:00,c55bc846bb92d7095af8879aaab9cd2f4facb8c8a70cb537b12a5d6cf0ae3708,HASHED,TEXT_READ_UTF_8,phase0a;phase0b;phase1a;phase1b,real_positions;risk_rules;weekly_reviews;trade_logs
baseline_before_phase0a_report_write,2026-07-08T22:59:44-05:00,07_reviews/phase1b_dry_run_report.md,/Users/messssi/Desktop/equity/07_reviews/phase1b_dry_run_report.md,07_reviews,phase1b_dry_run_report.md,.md,document,3790,2026-07-03T21:22:14-05:00,f0dd234391644c98a0a25c7e6355bb038e792459ab884893009b6cd091fec194,HASHED,TEXT_READ_UTF_8,phase1b;phase1c,risk_rules;weekly_reviews
baseline_before_phase0a_report_write,2026-07-08T22:59:44-05:00,07_reviews/phase1c_sec_fetch_report.md,/Users/messssi/Desktop/equity/07_reviews/phase1c_sec_fetch_report.md,07_reviews,phase1c_sec_fetch_report.md,.md,document,4109,2026-07-03T21:26:54-05:00,0021362380c4627f848168ac2b27dd289d3bd7ba9676a862eb530599b92b279b,HASHED,TEXT_READ_UTF_8,phase1c;phase1d,risk_rules;weekly_reviews
baseline_before_phase0a_report_write,2026-07-08T22:59:44-05:00,07_reviews/phase1d_gpt_packet_report.md,/Users/messssi/Desktop/equity/07_reviews/phase1d_gpt_packet_report.md,07_reviews,phase1d_gpt_packet_report.md,.md,document,3843,2026-07-03T21:31:58-05:00,9f81c09bbebd9bd420be6d9b7bab874e597df2b68eefd26eb4cd0b03a9ee21bf,HASHED,TEXT_READ_UTF_8,phase1c;phase1d,risk_rules;weekly_reviews
baseline_before_phase0a_report_write,2026-07-08T22:59:44-05:00,07_reviews/phase1e_skill_draft_report.md,/Users/messssi/Desktop/equity/07_reviews/phase1e_skill_draft_report.md,07_reviews,phase1e_skill_draft_report.md,.md,document,2922,2026-07-03T21:48:33-05:00,80cc286efddd56891b16e4b5a34fe6a1bce6c58c4f153c9326bbf24bd0695d65,HASHED,TEXT_READ_UTF_8,phase1e;phase2a,weekly_reviews
baseline_before_phase0a_report_write,2026-07-08T22:59:44-05:00,07_reviews/phase2a_real_universe_setup_report.md,/Users/messssi/Desktop/equity/07_reviews/phase2a_real_universe_setup_report.md,07_reviews,phase2a_real_universe_setup_report.md,.md,document,3939,2026-07-03T21:58:51-05:00,bf9222be699ac805ae91c483e7cc11dd3b39a33150aea45669a6cff0231e52d6,HASHED,TEXT_READ_UTF_8,phase1b;phase2a;phase2b,weekly_reviews
baseline_before_phase0a_report_write,2026-07-08T22:59:44-05:00,07_reviews/phase2b_candidate_sourcing_report.md,/Users/messssi/Desktop/equity/07_reviews/phase2b_candidate_sourcing_report.md,07_reviews,phase2b_candidate_sourcing_report.md,.md,document,4491,2026-07-03T22:28:59-05:00,c90879c413ad9b7499698d9d3cd96d4f70e8a76b4f3e70dcf80841c9798872c5,HASHED,TEXT_READ_UTF_8,phase2b;phase2c,weekly_reviews
baseline_before_phase0a_report_write,2026-07-08T22:59:44-05:00,07_reviews/phase2c_sec_fetch_report.md,/Users/messssi/Desktop/equity/07_reviews/phase2c_sec_fetch_report.md,07_reviews,phase2c_sec_fetch_report.md,.md,document,7283,2026-07-05T14:31:16-05:00,813a4f6dd1268d653a4de9cb64f3ff07a7c96f817934a16ce351d007389b9ab1,HASHED,TEXT_READ_UTF_8,phase1;phase2b;phase2c;phase2d,risk_rules;weekly_reviews
baseline_before_phase0a_report_write,2026-07-08T22:59:44-05:00,07_reviews/phase2d_gpt_packet_report.md,/Users/messssi/Desktop/equity/07_reviews/phase2d_gpt_packet_report.md,07_reviews,phase2d_gpt_packet_report.md,.md,document,3620,2026-07-05T14:34:39-05:00,f2ec1c73ab90a1984fbf31c53ce07b8828ff2d0f1e01c2ea989bd26c816ff446,HASHED,TEXT_READ_UTF_8,phase2b;phase2c;phase2d,risk_rules;weekly_reviews
baseline_before_phase0a_report_write,2026-07-08T22:59:44-05:00,07_reviews/phase2e1_market_8k_dilution_report.md,/Users/messssi/Desktop/equity/07_reviews/phase2e1_market_8k_dilution_report.md,07_reviews,phase2e1_market_8k_dilution_report.md,.md,document,7468,2026-07-05T14:58:29-05:00,ad82218e56a15dc06c21649d599aeffaf91bc0d9006a2474d16cac4e561afeb3,HASHED,TEXT_READ_UTF_8,phase2e;phase2e1;phase2f,
baseline_before_phase0a_report_write,2026-07-08T22:59:44-05:00,07_reviews/phase2e1_market_8k_dilution_report_after_filled_data.md,/Users/messssi/Desktop/equity/07_reviews/phase2e1_market_8k_dilution_report_after_filled_data.md,07_reviews,phase2e1_market_8k_dilution_report_after_filled_data.md,.md,document,5402,2026-07-05T16:17:28-05:00,c012c8603b8d007dc927ae86dce4a10a97b1b575d0eeeffe36a8cc0fb269b2ac,HASHED,TEXT_READ_UTF_8,phase2c;phase2e;phase2e1;phase2f,
baseline_before_phase0a_report_write,2026-07-08T22:59:44-05:00,07_reviews/phase2e_financial_enrichment_report.md,/Users/messssi/Desktop/equity/07_reviews/phase2e_financial_enrichment_report.md,07_reviews,phase2e_financial_enrichment_report.md,.md,document,5746,2026-07-05T14:43:47-05:00,1cab8913d32c896bb4261ce3c503156ab458ac85652a07cc4eef0068b5355dfb,HASHED,TEXT_READ_UTF_8,phase2c;phase2e;phase2f,risk_rules;weekly_reviews
baseline_before_phase0a_report_write,2026-07-08T22:59:44-05:00,07_reviews/phase2f_memo_review_report.md,/Users/messssi/Desktop/equity/07_reviews/phase2f_memo_review_report.md,07_reviews,phase2f_memo_review_report.md,.md,document,4532,2026-07-05T16:27:19-05:00,d7a41a876e30309eba18b5e33f90207c67f662ee57a48d568b739d0624aa2964,HASHED,TEXT_READ_UTF_8,phase2e;phase2e1;phase2f;phase2g,
baseline_before_phase0a_report_write,2026-07-08T22:59:44-05:00,07_reviews/phase2g_gpt_review_report.md,/Users/messssi/Desktop/equity/07_reviews/phase2g_gpt_review_report.md,07_reviews,phase2g_gpt_review_report.md,.md,document,4901,2026-07-05T16:41:04-05:00,9262ca882fa3692fad388070af4de742640afccdd3714769331290ad173f4d9a,HASHED,TEXT_READ_UTF_8,phase2e;phase2e1;phase2f;phase2g;phase2h,weekly_reviews
baseline_before_phase0a_report_write,2026-07-08T22:59:44-05:00,07_reviews/phase2h_manual_filing_review_report.md,/Users/messssi/Desktop/equity/07_reviews/phase2h_manual_filing_review_report.md,07_reviews,phase2h_manual_filing_review_report.md,.md,document,4794,2026-07-05T17:39:38-05:00,be68f8533300e795b36e91b9c806e2f2d3f4237666cf91807a5cfc36b1b6b6d5,HASHED,TEXT_READ_UTF_8,phase2g;phase2h;phase2i,
baseline_before_phase0a_report_write,2026-07-08T22:59:44-05:00,07_reviews/phase2i_human_notes_synthesis_report.md,/Users/messssi/Desktop/equity/07_reviews/phase2i_human_notes_synthesis_report.md,07_reviews,phase2i_human_notes_synthesis_report.md,.md,document,3897,2026-07-05T18:56:10-05:00,2ebf1353e8b7220ab2dd4489cfbc94d92a39adb67dcd45dc411e9ecc2f14018d,HASHED,TEXT_READ_UTF_8,phase2f;phase2g;phase2h;phase2i;phase2j,
baseline_before_phase0a_report_write,2026-07-08T22:59:44-05:00,07_reviews/phase2j_scenario_peer_report.md,/Users/messssi/Desktop/equity/07_reviews/phase2j_scenario_peer_report.md,07_reviews,phase2j_scenario_peer_report.md,.md,document,2664,2026-07-05T19:27:21-05:00,96462b6f0549038ce88a8b6819b6218765c9adfaf4a2b29cc1cc7e72688ce9a8,HASHED,TEXT_READ_UTF_8,phase2j;phase2k,
baseline_before_phase0a_report_write,2026-07-08T22:59:44-05:00,07_reviews/phase2k_peer_data_report.md,/Users/messssi/Desktop/equity/07_reviews/phase2k_peer_data_report.md,07_reviews,phase2k_peer_data_report.md,.md,document,3299,2026-07-05T19:43:39-05:00,8e521d7b3d8d97c23be2be178c2b116bf1bb51662075c0e08511eb2e429c1913,HASHED,TEXT_READ_UTF_8,phase2k;phase2l,risk_rules
baseline_before_phase0a_report_write,2026-07-08T22:59:44-05:00,07_reviews/phase2l_valuation_earnings_report.md,/Users/messssi/Desktop/equity/07_reviews/phase2l_valuation_earnings_report.md,07_reviews,phase2l_valuation_earnings_report.md,.md,document,2803,2026-07-05T19:50:01-05:00,4db786a77304e853e728203db53c9ee6c4564d06bc3a3c74b50c70494a4125e0,HASHED,TEXT_READ_UTF_8,phase2l;phase2m,
baseline_before_phase0a_report_write,2026-07-08T22:59:44-05:00,07_reviews/phase2m_research_decision_report.md,/Users/messssi/Desktop/equity/07_reviews/phase2m_research_decision_report.md,07_reviews,phase2m_research_decision_report.md,.md,document,2777,2026-07-05T19:54:33-05:00,ea50ecc5b228333e695965053265a312a4ae0419733f279cd4ea7fa910632dce,HASHED,TEXT_READ_UTF_8,phase2f;phase2i;phase2j;phase2k;phase2l;phase2m;phase2n,risk_rules
baseline_before_phase0a_report_write,2026-07-08T22:59:44-05:00,07_reviews/phase2n_paper_plan_draft_report.md,/Users/messssi/Desktop/equity/07_reviews/phase2n_paper_plan_draft_report.md,07_reviews,phase2n_paper_plan_draft_report.md,.md,document,2299,2026-07-05T20:12:21-05:00,18c6baf710230ed398f1a14dcdb166530f83b0939ec5d640b9c4e90ce7ceb0d9,HASHED,TEXT_READ_UTF_8,phase2n;phase2o,risk_rules
baseline_before_phase0a_report_write,2026-07-08T22:59:44-05:00,07_reviews/phase2o_paper_execution_readiness_report.md,/Users/messssi/Desktop/equity/07_reviews/phase2o_paper_execution_readiness_report.md,07_reviews,phase2o_paper_execution_readiness_report.md,.md,document,2773,2026-07-05T22:43:44-05:00,cf6ac1570d2ffc0c8c512026c23a859fc6394eb4e959b857f8c887e94f10dc89,HASHED,TEXT_READ_UTF_8,phase2o;phase2p,risk_rules;trade_logs
baseline_before_phase0a_report_write,2026-07-08T22:59:44-05:00,07_reviews/phase2o_paper_execution_readiness_report_after_filled_chart.md,/Users/messssi/Desktop/equity/07_reviews/phase2o_paper_execution_readiness_report_after_filled_chart.md,07_reviews,phase2o_paper_execution_readiness_report_after_filled_chart.md,.md,document,2282,2026-07-06T13:57:15-05:00,e526f729c59edd356ff0ba0b3f6e0ceea5690be0d1a3fe1c5a27b3f52d84341b,HASHED,TEXT_READ_UTF_8,phase2o;phase2p,risk_rules;trade_logs
baseline_before_phase0a_report_write,2026-07-08T22:59:44-05:00,07_reviews/phase2p_paper_execution_log_setup_report.md,/Users/messssi/Desktop/equity/07_reviews/phase2p_paper_execution_log_setup_report.md,07_reviews,phase2p_paper_execution_log_setup_report.md,.md,document,2239,2026-07-06T14:02:05-05:00,8baef4fb872cf1cdfe4471211d2e327be447677198570def7316e965e76cec7e,HASHED,TEXT_READ_UTF_8,phase2p;phase2q,risk_rules;trade_logs
baseline_before_phase0a_report_write,2026-07-08T22:59:44-05:00,07_reviews/phase2q_paper_execution_decision_report.md,/Users/messssi/Desktop/equity/07_reviews/phase2q_paper_execution_decision_report.md,07_reviews,phase2q_paper_execution_decision_report.md,.md,document,1930,2026-07-06T14:17:33-05:00,6fa91d3e87ac0a3e28addb9db6965cdb6e18ab02100e79c5766d297f8926f434,HASHED,TEXT_READ_UTF_8,phase2q;phase2r,risk_rules
baseline_before_phase0a_report_write,2026-07-08T22:59:44-05:00,07_reviews/phase2q_paper_execution_decision_report_after_filled_inputs.md,/Users/messssi/Desktop/equity/07_reviews/phase2q_paper_execution_decision_report_after_filled_inputs.md,07_reviews,phase2q_paper_execution_decision_report_after_filled_inputs.md,.md,document,2546,2026-07-06T14:37:11-05:00,54e36645cb8310e9a2ed9530fd129f97d2bb74ced8a9f997b7e0f8384c3edf78,HASHED,TEXT_READ_UTF_8,phase2q;phase2r,risk_rules
baseline_before_phase0a_report_write,2026-07-08T22:59:44-05:00,07_reviews/phase2r_paper_execution_report.md,/Users/messssi/Desktop/equity/07_reviews/phase2r_paper_execution_report.md,07_reviews,phase2r_paper_execution_report.md,.md,document,1838,2026-07-06T14:42:01-05:00,4202abe0ef93174c151f1c6907ba6ee95e02713911807111e403df002e5299a7,HASHED,TEXT_READ_UTF_8,phase2q;phase2r;phase2s,trade_logs
baseline_before_phase0a_report_write,2026-07-08T22:59:44-05:00,07_reviews/phase3a_real_position_structure_audit_report.md,/Users/messssi/Desktop/equity/07_reviews/phase3a_real_position_structure_audit_report.md,07_reviews,phase3a_real_position_structure_audit_report.md,.md,document,4909,2026-07-06T20:07:24-05:00,8165f17a7edd75fdcb211c88c940330ef81806babaad6162ae2b2c592b43f321,HASHED,TEXT_READ_UTF_8,phase2;phase2p;phase2q;phase2r;phase2s;phase3;phase3a,real_positions;risk_rules;weekly_reviews;trade_logs
baseline_before_phase0a_report_write,2026-07-08T22:59:44-05:00,07_reviews/phase3b_real_position_log_report.md,/Users/messssi/Desktop/equity/07_reviews/phase3b_real_position_log_report.md,07_reviews,phase3b_real_position_log_report.md,.md,document,2477,2026-07-06T21:54:51-05:00,a8d787274360d056835fd257a9dd9a428513c2667e53cf6708066c1e3e4f5940,HASHED,TEXT_READ_UTF_8,phase3b;phase3c,real_positions;weekly_reviews;trade_logs
baseline_before_phase0a_report_write,2026-07-08T22:59:44-05:00,07_reviews/phase3b_real_position_log_report_after_filled_inputs.md,/Users/messssi/Desktop/equity/07_reviews/phase3b_real_position_log_report_after_filled_inputs.md,07_reviews,phase3b_real_position_log_report_after_filled_inputs.md,.md,document,2993,2026-07-06T22:15:40-05:00,ac7b549a7a62974f700656a0e146d3e53f5623929f2e3dfc8617b3b4a34f5a7f,HASHED,TEXT_READ_UTF_8,phase3b;phase3c,real_positions;risk_rules;weekly_reviews;trade_logs
baseline_before_phase0a_report_write,2026-07-08T22:59:44-05:00,07_reviews/phase3c_agent_restructure_report.md,/Users/messssi/Desktop/equity/07_reviews/phase3c_agent_restructure_report.md,07_reviews,phase3c_agent_restructure_report.md,.md,document,2540,2026-07-06T22:22:27-05:00,e2f6a8eed9a16fef04f9df4aba2ea273acf4dddfff1f9a1d23ffa30d6ad761a9,HASHED,TEXT_READ_UTF_8,phase2;phase3;phase3a;phase3b;phase3c;phase4;phase4a;phase4b;phase5,real_positions;risk_rules;email_drafts;weekly_reviews
baseline_before_phase0a_report_write,2026-07-08T22:59:44-05:00,07_reviews/phase4a_weekly_review_agent_report.md,/Users/messssi/Desktop/equity/07_reviews/phase4a_weekly_review_agent_report.md,07_reviews,phase4a_weekly_review_agent_report.md,.md,document,1710,2026-07-06T22:33:23-05:00,3ce70e6a35b2892413eb38c726ade91c62f7a64226bb44380a5ddef0356eed3a,HASHED,TEXT_READ_UTF_8,phase4a;phase4b;phase5,real_positions;email_drafts;sec_alerts;weekly_reviews
baseline_before_phase0a_report_write,2026-07-08T22:59:44-05:00,07_reviews/phase4b_email_draft_agent_report.md,/Users/messssi/Desktop/equity/07_reviews/phase4b_email_draft_agent_report.md,07_reviews,phase4b_email_draft_agent_report.md,.md,document,1539,2026-07-07T10:35:15-05:00,9b9123066a7f1646a6b71cb03aa07f81af54c8a715ab436246443fffd5eeb8bb,HASHED,TEXT_READ_UTF_8,phase4b;phase5a,real_positions;risk_rules;email_drafts;weekly_reviews
baseline_before_phase0a_report_write,2026-07-08T22:59:44-05:00,07_reviews/phase5a_email_automation_plan_report.md,/Users/messssi/Desktop/equity/07_reviews/phase5a_email_automation_plan_report.md,07_reviews,phase5a_email_automation_plan_report.md,.md,document,1983,2026-07-07T10:49:03-05:00,d636e97a2bdaa26ad4250e053bc48ac902f5cad73ee9a76ec136afa71cc70c51,HASHED,TEXT_READ_UTF_8,phase5a;phase5b,email_drafts;weekly_reviews
baseline_before_phase0a_report_write,2026-07-08T22:59:44-05:00,07_reviews/phase5b_email_preflight_report.md,/Users/messssi/Desktop/equity/07_reviews/phase5b_email_preflight_report.md,07_reviews,phase5b_email_preflight_report.md,.md,document,1599,2026-07-07T10:59:12-05:00,980e9f145c75c406b9858e85fe48de1e0aa6913716408740c5b6adb2d4e0865d,HASHED,TEXT_READ_UTF_8,phase4b;phase5b;phase5c,email_drafts
baseline_before_phase0a_report_write,2026-07-08T22:59:44-05:00,07_reviews/weekly_review_template.md,/Users/messssi/Desktop/equity/07_reviews/weekly_review_template.md,07_reviews,weekly_review_template.md,.md,document,670,2026-06-28T16:47:20-05:00,8e71e1ff83e0a4e8eb499c9ab7c92caa8ee7f557a881f55a6e86b2565a20171f,HASHED,TEXT_READ_UTF_8,,risk_rules;weekly_reviews
baseline_before_phase0a_report_write,2026-07-08T22:59:44-05:00,AGENTS.md,/Users/messssi/Desktop/equity/AGENTS.md,AGENTS.md,AGENTS.md,.md,document,2267,2026-07-03T21:18:03-05:00,8eef7565c1bf464f38bb12e7e3fa2c4aa76e4bedcfb6c05dbf9ebd3b80d94fd9,HASHED,TEXT_READ_UTF_8,,trade_logs
baseline_before_phase0a_report_write,2026-07-08T22:59:44-05:00,README.md,/Users/messssi/Desktop/equity/README.md,README.md,README.md,.md,document,2013,2026-07-03T21:18:03-05:00,03c058ee73417b0b21e923a3b340504cefeb133a13a69cd95753745ec3def8a1,HASHED,TEXT_READ_UTF_8,phase0a;phase0b;phase1;phase1a,risk_rules;weekly_reviews
baseline_before_phase0a_report_write,2026-07-08T22:59:44-05:00,skills/early-public-equity-research/SKILL.md,/Users/messssi/Desktop/equity/skills/early-public-equity-research/SKILL.md,skills,SKILL.md,.md,document,3106,2026-07-03T21:48:09-05:00,36dcf0aacd84d5906326254e659eb7450c212b752ca95ea5b97ae82e9c77c2be,HASHED,TEXT_READ_UTF_8,,risk_rules;weekly_reviews;trade_logs
baseline_before_phase0a_report_write,2026-07-08T22:59:44-05:00,skills/early-public-equity-research/references/memo_rubric.md,/Users/messssi/Desktop/equity/skills/early-public-equity-research/references/memo_rubric.md,skills,memo_rubric.md,.md,document,2014,2026-07-03T21:48:09-05:00,0584658f92290e38efc15deb939e0bc650c2bc247f92a6a143773c8f247469d8,HASHED,TEXT_READ_UTF_8,,
baseline_before_phase0a_report_write,2026-07-08T22:59:44-05:00,skills/early-public-equity-research/references/phase_status.md,/Users/messssi/Desktop/equity/skills/early-public-equity-research/references/phase_status.md,skills,phase_status.md,.md,document,1575,2026-07-03T21:48:09-05:00,09a7bfbcfaade00fa91441e07825e0adb0660654a740aa69c6743288b3c172be,HASHED,TEXT_READ_UTF_8,phase0a;phase0b;phase1a;phase1b;phase1c;phase1d;phase2a,risk_rules;weekly_reviews
baseline_before_phase0a_report_write,2026-07-08T22:59:44-05:00,skills/early-public-equity-research/references/red_team_checklist.md,/Users/messssi/Desktop/equity/skills/early-public-equity-research/references/red_team_checklist.md,skills,red_team_checklist.md,.md,document,2231,2026-07-03T21:48:09-05:00,f56756d7147e82af0a7a95c388de69095c7105f03dbd9a583a7b7ed1cca3c7f9,HASHED,TEXT_READ_UTF_8,,
baseline_before_phase0a_report_write,2026-07-08T22:59:44-05:00,skills/early-public-equity-research/references/source_policy.md,/Users/messssi/Desktop/equity/skills/early-public-equity-research/references/source_policy.md,skills,source_policy.md,.md,document,1509,2026-07-03T21:48:09-05:00,b04fd03309c8d3212d3104ef74a71df336b69e8ca9fb04e2b12d95388f3078f0,HASHED,TEXT_READ_UTF_8,,
baseline_before_phase0a_report_write,2026-07-08T22:59:44-05:00,skills/early-public-equity-research/references/workflow.md,/Users/messssi/Desktop/equity/skills/early-public-equity-research/references/workflow.md,skills,workflow.md,.md,document,2358,2026-07-03T21:48:09-05:00,93bf142ae79c009b60f4c64fe84bb1f566359ee1262c45f83442d184bc8b011f,HASHED,TEXT_READ_UTF_8,,risk_rules;weekly_reviews
baseline_before_phase0a_report_write,2026-07-08T22:59:44-05:00,tests/__pycache__/smoke_tests.cpython-312.pyc,/Users/messssi/Desktop/equity/tests/__pycache__/smoke_tests.cpython-312.pyc,tests,smoke_tests.cpython-312.pyc,.pyc,python_cache,5604,2026-07-05T14:43:12-05:00,410eac409d13fd1bb81aaf7e102075619ea88a78672df9d6c113526ad7d79188,HASHED,SKIPPED_BINARY,,
baseline_before_phase0a_report_write,2026-07-08T22:59:44-05:00,tests/__pycache__/smoke_tests.cpython-313.pyc,/Users/messssi/Desktop/equity/tests/__pycache__/smoke_tests.cpython-313.pyc,tests,smoke_tests.cpython-313.pyc,.pyc,python_cache,5644,2026-07-05T14:34:03-05:00,cd126431909e3f75691084ae2361e9e6ef40924ac78eb1d1e257ceb2770131d3,HASHED,SKIPPED_BINARY,,
baseline_before_phase0a_report_write,2026-07-08T22:59:44-05:00,tests/smoke_tests.py,/Users/messssi/Desktop/equity/tests/smoke_tests.py,tests,smoke_tests.py,.py,python_script,5693,2026-07-03T21:19:54-05:00,6ef1188864ed00033d7f59c6fe7438d18b3b06e248fb7247bf1b995a4c1a119c,HASHED,TEXT_READ_UTF_8,,real_positions;risk_rules;weekly_reviews;trade_logs
