detected_at,cycle_date,ticker,cik,form,filing_date,accession_number,items,primary_document,source_url,metadata_sha256,is_new,baseline_record,materiality,material_event,review_required
2026-07-23T23:51:39-04:00,2026-07-23,ARM,1973239,20-F,2026-05-26,0001973239-26-000097,,arm-20260331.htm,https://www.sec.gov/Archives/edgar/data/1973239/000197323926000097/arm-20260331.htm,442f54c218a82eea747ad95d5f081b17059266d4b1403b4a8e99660d3ddb5e1f,no,yes,high,no,no
2026-07-23T23:51:39-04:00,2026-07-23,ARM,1973239,6-K,2026-05-06,0001973239-26-000062,,arm-20260506.htm,https://www.sec.gov/Archives/edgar/data/1973239/000197323926000062/arm-20260506.htm,dfec44ed829ef68ca839e766627a6abbc7e577281e8515673334d5cda80b110e,no,yes,medium,no,no
2026-07-23T23:51:39-04:00,2026-07-23,ARM,1973239,6-K,2026-04-21,0001973239-26-000059,,arm-20260421.htm,https://www.sec.gov/Archives/edgar/data/1973239/000197323926000059/arm-20260421.htm,872da7f27a938bdbfcfd8c146b467e0678859d88c0cc4681bf9a5814da0c4aa0,no,yes,medium,no,no
2026-07-23T23:51:39-04:00,2026-07-23,ARM,1973239,6-K,2026-03-24,0001973239-26-000052,,arm-20260324.htm,https://www.sec.gov/Archives/edgar/data/1973239/000197323926000052/arm-20260324.htm,39a0ca780b4ddc99f65a1cdc75595e7f45f20fac38bf4a7c2fe715262f92329c,no,yes,medium,no,no
2026-07-23T23:51:39-04:00,2026-07-23,ARM,1973239,6-K,2026-03-24,0001973239-26-000050,,arm-20260324.htm,https://www.sec.gov/Archives/edgar/data/1973239/000197323926000050/arm-20260324.htm,eccc5e593f72f9d85916f2356ab1a77b895ed6bcff84c0d2f3f54f8bd94ac38d,no,yes,medium,no,no
2026-07-23T23:51:39-04:00,2026-07-23,ARM,1973239,6-K,2026-02-04,0001973239-26-000006,,arm-20251231.htm,https://www.sec.gov/Archives/edgar/data/1973239/000197323926000006/arm-20251231.htm,8650608694fb2a0ea2b73f152562e9caf5f4820a229d4d19e2dfd47e7cbf806d,no,yes,medium,no,no
2026-07-23T23:51:39-04:00,2026-07-23,ARM,1973239,6-K,2026-02-04,0001973239-26-000005,,arm-20260204.htm,https://www.sec.gov/Archives/edgar/data/1973239/000197323926000005/arm-20260204.htm,94d917095000273ee926c47c070e4889391f517b2641d6a2bd5c140ec5601ab3,no,yes,medium,no,no
2026-07-23T23:51:39-04:00,2026-07-23,ARM,1973239,6-K,2025-11-05,0001973239-25-000043,,arm-20250930.htm,https://www.sec.gov/Archives/edgar/data/1973239/000197323925000043/arm-20250930.htm,741cd263539a663608b902483dece50794324b439473fa4f7d94339421967c90,no,yes,medium,no,no
2026-07-23T23:51:39-04:00,2026-07-23,ARM,1973239,6-K,2025-11-05,0001973239-25-000042,,arm-20251105.htm,https://www.sec.gov/Archives/edgar/data/1973239/000197323925000042/arm-20251105.htm,fe825bb1291714b0299d233c5770ff4d16101787235051927e748c9acf6d4a84,no,yes,medium,no,no
2026-07-23T23:51:39-04:00,2026-07-23,ARM,1973239,6-K,2025-09-18,0001973239-25-000035,,arm-20250918.htm,https://www.sec.gov/Archives/edgar/data/1973239/000197323925000035/arm-20250918.htm,5dd522cfe7f600ce713dea52ae6fa96d89e4b9d1d5d15a326e156f2283e42ff9,no,yes,medium,no,no
2026-07-23T23:51:39-04:00,2026-07-23,ARM,1973239,6-K,2025-09-10,0001973239-25-000033,,arm-20250908.htm,https://www.sec.gov/Archives/edgar/data/1973239/000197323925000033/arm-20250908.htm,bb7ec5024666d9b6c811655e16e20e60d6a8c5cc58deb6689d344b91ea9af5b8,no,yes,medium,no,no
2026-07-23T23:51:39-04:00,2026-07-23,ARM,1973239,6-K,2025-08-11,0001973239-25-000027,,arm-20250811.htm,https://www.sec.gov/Archives/edgar/data/1973239/000197323925000027/arm-20250811.htm,262ec96ae79134c6baa8c4902c71ba0bbdbcfb31a67337c5fc9ec825ef75a0f8,no,yes,medium,no,no
2026-07-23T23:51:39-04:00,2026-07-23,ARM,1973239,6-K,2025-07-30,0001973239-25-000024,,arm-20250630.htm,https://www.sec.gov/Archives/edgar/data/1973239/000197323925000024/arm-20250630.htm,6a51ffb7f9fd469ed4e1726ea4d422a4479be60e4bd802d3fcf01ff5f9d0824d,no,yes,medium,no,no
2026-07-23T23:51:39-04:00,2026-07-23,ARM,1973239,6-K,2025-07-30,0001973239-25-000023,,arm-20250730.htm,https://www.sec.gov/Archives/edgar/data/1973239/000197323925000023/arm-20250730.htm,069897c07d6c9f22a8ad587912e5a3e8240a0cce8bdc8e94f26ad090da63b210,no,yes,medium,no,no
2026-07-23T23:51:39-04:00,2026-07-23,ARM,1973239,20-F,2025-05-28,0001973239-25-000016,,arm-20250331.htm,https://www.sec.gov/Archives/edgar/data/1973239/000197323925000016/arm-20250331.htm,23e9a771e969cd94046f44e021a8dec8016552d3f3c74ce2264b0330821b30eb,no,yes,high,no,no
2026-07-23T23:51:39-04:00,2026-07-23,ARM,1973239,6-K,2025-05-07,0001973239-25-000010,,arm-20250507.htm,https://www.sec.gov/Archives/edgar/data/1973239/000197323925000010/arm-20250507.htm,3d53d069902b5f0c01d464474d1c072d72cd6e526ea093d84716d8f479b3bdb8,no,yes,medium,no,no
2026-07-23T23:51:39-04:00,2026-07-23,ARM,1973239,6-K,2025-02-05,0001973239-25-000007,,arm-20241231.htm,https://www.sec.gov/Archives/edgar/data/1973239/000197323925000007/arm-20241231.htm,74a7fa7b1b5bb57976ec326fe3eb2e7a4af2a1ecd5720062c28145d8fb69033d,no,yes,medium,no,no
2026-07-23T23:51:39-04:00,2026-07-23,ARM,1973239,6-K,2025-02-05,0001973239-25-000006,,arm-20250205.htm,https://www.sec.gov/Archives/edgar/data/1973239/000197323925000006/arm-20250205.htm,a21adfc96861429f73d1e0e1a21fd7763dd616b5075bd5191890fccb13f95027,no,yes,medium,no,no
2026-07-23T23:51:39-04:00,2026-07-23,ARM,1973239,6-K,2024-11-07,0001973239-24-000040,,arm-20240930.htm,https://www.sec.gov/Archives/edgar/data/1973239/000197323924000040/arm-20240930.htm,ee7457b242ce90d9b244d53e7ca570106e93b109727b1462bf9094fca4a4f244,no,yes,medium,no,no
2026-07-23T23:51:39-04:00,2026-07-23,ARM,1973239,6-K,2024-11-07,0001973239-24-000038,,arm-20241107.htm,https://www.sec.gov/Archives/edgar/data/1973239/000197323924000038/arm-20241107.htm,7ed210568f03e995445c0ec57b8d2f31c8c7dec200f3cb3d7289d2ab23182d75,no,yes,medium,no,no
2026-07-23T23:51:39-04:00,2026-07-23,ARM,1973239,6-K,2024-11-06,0001973239-24-000036,,arm-20241106.htm,https://www.sec.gov/Archives/edgar/data/1973239/000197323924000036/arm-20241106.htm,f67b986e68a7fe72eab4d9e83ac4963b87721a71b6d242cbdb048563315f5c94,no,yes,medium,no,no
2026-07-23T23:51:39-04:00,2026-07-23,ARM,1973239,6-K,2024-09-12,0001973239-24-000029,,arm-20240912.htm,https://www.sec.gov/Archives/edgar/data/1973239/000197323924000029/arm-20240912.htm,ffa8cda9c07ac1a51adfa2c8f7991f199455f7075d3d6392fca334b4eaec8c7d,no,yes,medium,no,no
2026-07-23T23:51:39-04:00,2026-07-23,ARM,1973239,6-K,2024-08-12,0001193125-24-199006,,d878603d6k.htm,https://www.sec.gov/Archives/edgar/data/1973239/000119312524199006/d878603d6k.htm,2356c9135f670d54bce194c2bb6dad01f81f09e2b2bafd1e59670347307397eb,no,yes,medium,no,no
2026-07-23T23:51:39-04:00,2026-07-23,ARM,1973239,6-K,2024-08-01,0001973239-24-000019,,arm-20240630.htm,https://www.sec.gov/Archives/edgar/data/1973239/000197323924000019/arm-20240630.htm,5e3fb3f2f9bf8d71c83f3021f22a2337ffae15f960496baa593fd19a99e9a83c,no,yes,medium,no,no
2026-07-23T23:51:39-04:00,2026-07-23,ARM,1973239,6-K,2024-07-31,0001973239-24-000017,,arm-20240731.htm,https://www.sec.gov/Archives/edgar/data/1973239/000197323924000017/arm-20240731.htm,216ba23a9faeef18d90452c8297da53dc4a97639777407a7636d5a3e8b7d9548,no,yes,medium,no,no
2026-07-23T23:51:39-04:00,2026-07-23,ARM,1973239,20-F,2024-05-29,0001973239-24-000012,,arm-20240331.htm,https://www.sec.gov/Archives/edgar/data/1973239/000197323924000012/arm-20240331.htm,293cd7490e7fbd9df5488b98a5aac2bf0072a9e6838236497d8893c4e73e29ec,no,yes,high,no,no
2026-07-23T23:51:39-04:00,2026-07-23,ARM,1973239,6-K,2024-05-08,0001973239-24-000007,,arm-20240508.htm,https://www.sec.gov/Archives/edgar/data/1973239/000197323924000007/arm-20240508.htm,7a231b84b7ea9ae0f9350d69a1bf93aea991e0ef8024a1f57ae68c3ff9b65079,no,yes,medium,no,no
2026-07-23T23:51:39-04:00,2026-07-23,ARM,1973239,6-K,2024-02-08,0001973239-24-000004,,arm-20231231.htm,https://www.sec.gov/Archives/edgar/data/1973239/000197323924000004/arm-20231231.htm,f270d471b540254bcc5947ef56b872393cc28c7b592c4ce245f0033180b21373,no,yes,medium,no,no
2026-07-23T23:51:39-04:00,2026-07-23,ARM,1973239,6-K,2024-02-07,0001973239-24-000002,,arm-20240207.htm,https://www.sec.gov/Archives/edgar/data/1973239/000197323924000002/arm-20240207.htm,bcdf6bf6d39b8f7b22c6f900266a5e52ef88a1cc2e530c8944425bda5d1a4d17,no,yes,medium,no,no
2026-07-23T23:51:39-04:00,2026-07-23,ARM,1973239,6-K,2023-11-13,0001973239-23-000014,,arm-20231113.htm,https://www.sec.gov/Archives/edgar/data/1973239/000197323923000014/arm-20231113.htm,48583b48211fcee49db73180cadf7e8a5e38ce23f5c06f0c0dcc4d1177868d98,no,yes,medium,no,no
2026-07-23T23:51:39-04:00,2026-07-23,ARM,1973239,6-K,2023-11-09,0001973239-23-000011,,arm-20230930.htm,https://www.sec.gov/Archives/edgar/data/1973239/000197323923000011/arm-20230930.htm,c70338a20e80e077efc6a7409a07aa5fc5372432a3db117dca99649ed2eb0e7b,no,yes,medium,no,no
2026-07-23T23:51:39-04:00,2026-07-23,ARM,1973239,6-K,2023-11-08,0001973239-23-000009,,arm-20231108.htm,https://www.sec.gov/Archives/edgar/data/1973239/000197323923000009/arm-20231108.htm,53276982669a79485e978fa9913e3a13f5eecc2aad971eaef4dac33d90c1f7b5,no,yes,medium,no,no
2026-07-23T23:51:39-04:00,2026-07-23,ARM,1973239,424B4,2023-09-14,0001193125-23-235320,,d550931d424b4.htm,https://www.sec.gov/Archives/edgar/data/1973239/000119312523235320/d550931d424b4.htm,f7a1440a5e2a1377b974a49758768dce1864b6542a237d0a39fbe3215a82fc78,no,yes,high,no,no
2026-07-23T23:51:39-04:00,2026-07-23,AVGO,1730168,8-K,2026-07-06,0001193125-26-295589,8.01,d84378d8k.htm,https://www.sec.gov/Archives/edgar/data/1730168/000119312526295589/d84378d8k.htm,98b215351174e608d923a7d4813057e8496b194c7cf9fa2acd735d96117cbaa7,no,yes,high,no,no
2026-07-23T23:51:39-04:00,2026-07-23,AVGO,1730168,8-K,2026-06-18,0001193125-26-275077,"8.01,9.01",d149683d8k.htm,https://www.sec.gov/Archives/edgar/data/1730168/000119312526275077/d149683d8k.htm,5411023477d4fa463dbd064f1ecd8390c6d20725c7ca8910dc3fbbccd9abbd05,no,yes,high,no,no
2026-07-23T23:51:39-04:00,2026-07-23,AVGO,1730168,424B3,2026-06-17,0001193125-26-274187,,d227938d424b3.htm,https://www.sec.gov/Archives/edgar/data/1730168/000119312526274187/d227938d424b3.htm,5d663e10cec7aacb5e79345b78684f32816625722dc03b947dac6b371213386c,no,yes,high,no,no
2026-07-23T23:51:39-04:00,2026-07-23,AVGO,1730168,424B3,2026-06-17,0001193125-26-274169,,d227941d424b3.htm,https://www.sec.gov/Archives/edgar/data/1730168/000119312526274169/d227941d424b3.htm,dbf4fe3baba42cf251c0678d987be6f27bfaebe85f2fd89f5807ed2dc89854af,no,yes,high,no,no
2026-07-23T23:51:39-04:00,2026-07-23,AVGO,1730168,8-K,2026-06-11,0001193125-26-266777,"8.01,9.01",d152717d8k.htm,https://www.sec.gov/Archives/edgar/data/1730168/000119312526266777/d152717d8k.htm,530ff7ea919ce8335e83276136ecb21bf38b94a783f313a606518c8ac9448b90,no,yes,high,no,no
2026-07-23T23:51:39-04:00,2026-07-23,AVGO,1730168,10-Q,2026-06-09,0001730168-26-000054,,avgo-20260503.htm,https://www.sec.gov/Archives/edgar/data/1730168/000173016826000054/avgo-20260503.htm,d21f6ef8d64f0e17d560e9c2eacfcfff6b903093a622d19fd5739245ede486ff,no,yes,high,no,no
2026-07-23T23:51:39-04:00,2026-07-23,AVGO,1730168,8-K,2026-06-03,0001730168-26-000051,"2.02,8.01,9.01",avgo-20260603.htm,https://www.sec.gov/Archives/edgar/data/1730168/000173016826000051/avgo-20260603.htm,5c718e22ce68d873dc8a0cda49038e16998b0238ae9fd3e35755e94e958f8ed6,no,yes,high,no,no
2026-07-23T23:51:39-04:00,2026-07-23,AVGO,1730168,8-K,2026-04-21,0001730168-26-000039,5.07,avgo-20260420.htm,https://www.sec.gov/Archives/edgar/data/1730168/000173016826000039/avgo-20260420.htm,0dc93f0f165f515778298462c4b4896ad3cab9aede88134f6491fdab8d7516b1,no,yes,medium,no,no
2026-07-23T23:51:39-04:00,2026-07-23,AVGO,1730168,8-K,2026-04-06,0001193125-26-144028,8.01,d87999d8k.htm,https://www.sec.gov/Archives/edgar/data/1730168/000119312526144028/d87999d8k.htm,99a74a12fd45199e35b09ac466617466aeac283b194ec5b177059b6785b79160,no,yes,high,no,no
2026-07-23T23:51:39-04:00,2026-07-23,AVGO,1730168,8-K,2026-04-02,0001193125-26-140574,5.02,d109450d8k.htm,https://www.sec.gov/Archives/edgar/data/1730168/000119312526140574/d109450d8k.htm,d0ddde1b2e323f85ab80c933b211ca90ad60799e9eae8de657240da00cdd0ffa,no,yes,high,no,no
2026-07-23T23:51:39-04:00,2026-07-23,AVGO,1730168,10-Q,2026-03-11,0001730168-26-000016,,avgo-20260201.htm,https://www.sec.gov/Archives/edgar/data/1730168/000173016826000016/avgo-20260201.htm,d12ab2e74a62341585c4c4fbbe263524e43c56f286fc3683d0d41c63d038ac9a,no,yes,high,no,no
2026-07-23T23:51:39-04:00,2026-07-23,AVGO,1730168,8-K,2026-03-04,0001730168-26-000011,"2.02,8.01,9.01",avgo-20260304.htm,https://www.sec.gov/Archives/edgar/data/1730168/000173016826000011/avgo-20260304.htm,1372a2eeacf8dbf988e996ab35df12606417ef445cc08e73b4c241d4b1294252,no,yes,high,no,no
2026-07-23T23:51:39-04:00,2026-07-23,AVGO,1730168,DEF 14A,2026-03-02,0001193125-26-085691,,d49254ddef14a.htm,https://www.sec.gov/Archives/edgar/data/1730168/000119312526085691/d49254ddef14a.htm,a99ab556df61db3da06fb2f6e1e408fb28a1f05a66d63b3a2d2ff9a371084c93,no,yes,medium,no,no
2026-07-23T23:51:39-04:00,2026-07-23,AVGO,1730168,8-K,2026-03-02,0001193125-26-085656,5.02,d305325d8k.htm,https://www.sec.gov/Archives/edgar/data/1730168/000119312526085656/d305325d8k.htm,cca4907d2dcf6a3dd05b9f181ed17fc90245262b25fd1cc0d2452246633e9bb7,no,yes,high,no,no
2026-07-23T23:51:39-04:00,2026-07-23,AVGO,1730168,8-K,2026-01-13,0001193125-26-011731,"8.01,9.01",d104560d8k.htm,https://www.sec.gov/Archives/edgar/data/1730168/000119312526011731/d104560d8k.htm,4d0008522ce3b8a17f564d5e0a605d8f85774ab351b9112a2fbbc37183ff6395,no,yes,high,no,no
2026-07-23T23:51:39-04:00,2026-07-23,AVGO,1730168,424B2,2026-01-08,0001193125-26-007683,,d917883d424b2.htm,https://www.sec.gov/Archives/edgar/data/1730168/000119312526007683/d917883d424b2.htm,d749bc3f385e98324a270c2e33bf92b1d8ade8aa033d689f41f394feba4c9e63,no,yes,high,no,no
2026-07-23T23:51:39-04:00,2026-07-23,AVGO,1730168,424B5,2026-01-06,0001193125-26-003525,,d917883d424b5.htm,https://www.sec.gov/Archives/edgar/data/1730168/000119312526003525/d917883d424b5.htm,08a5bf0eefa1c5b48effa9fb39bc171c18376eb29a0e9f123603c35ddd2ff911,no,yes,high,no,no
2026-07-23T23:51:39-04:00,2026-07-23,AVGO,1730168,10-K,2025-12-18,0001730168-25-000121,,avgo-20251102.htm,https://www.sec.gov/Archives/edgar/data/1730168/000173016825000121/avgo-20251102.htm,90acef3e74fb23ad863e2471a4fc77de6fa96392d714c58aa983f517a4e4e5bb,no,yes,high,no,no
2026-07-23T23:51:39-04:00,2026-07-23,AVGO,1730168,8-K,2025-12-11,0001730168-25-000116,"2.02,8.01,9.01",avgo-20251211.htm,https://www.sec.gov/Archives/edgar/data/1730168/000173016825000116/avgo-20251211.htm,af10dbf4f78f3585c38be50c22e64c18facec42584631e8bf3479d4f30c941b1,no,yes,high,no,no
2026-07-23T23:51:39-04:00,2026-07-23,AVGO,1730168,8-K,2025-09-29,0001193125-25-223202,"8.01,9.01",d60592d8k.htm,https://www.sec.gov/Archives/edgar/data/1730168/000119312525223202/d60592d8k.htm,76207f5b3475f4063717fc480fcd7fd1e859912bfae568334c922bb95b9e029b,no,yes,high,no,no
2026-07-23T23:51:39-04:00,2026-07-23,AVGO,1730168,424B2,2025-09-24,0001193125-25-215412,,d42170d424b2.htm,https://www.sec.gov/Archives/edgar/data/1730168/000119312525215412/d42170d424b2.htm,a943f49c7f3aab0b30ece98570713e5286b4eafd27ba10aa4e0cbc116feb696e,no,yes,high,no,no
2026-07-23T23:51:39-04:00,2026-07-23,AVGO,1730168,424B5,2025-09-22,0001193125-25-210136,,d42170d424b5.htm,https://www.sec.gov/Archives/edgar/data/1730168/000119312525210136/d42170d424b5.htm,3a4bd2858bb3d5388664fcc2f920abacbcd03c1ae95b3de7db28aceba50a0782,no,yes,high,no,no
2026-07-23T23:51:39-04:00,2026-07-23,AVGO,1730168,424B3,2025-09-18,0001193125-25-207457,,d89431d424b3.htm,https://www.sec.gov/Archives/edgar/data/1730168/000119312525207457/d89431d424b3.htm,a970747ce2f7d6e3c0dc8982e46f0c3bbd9031024e31a98309125503712416a7,no,yes,high,no,no
2026-07-23T23:51:39-04:00,2026-07-23,AVGO,1730168,424B3,2025-09-18,0001193125-25-207434,,d89314d424b3.htm,https://www.sec.gov/Archives/edgar/data/1730168/000119312525207434/d89314d424b3.htm,289a2a44918c70a5f293b83b1ad384d1e77bf9958e4525847906a3b1784bc395,no,yes,high,no,no
2026-07-23T23:51:39-04:00,2026-07-23,AVGO,1730168,8-K,2025-09-10,0001193125-25-200108,"8.01,9.01",d80277d8k.htm,https://www.sec.gov/Archives/edgar/data/1730168/000119312525200108/d80277d8k.htm,1048171b2dde26d31e99ff162c590011022bfba3fcd44eda127d12cf6d20ad2f,no,yes,high,no,no
2026-07-23T23:51:39-04:00,2026-07-23,AVGO,1730168,10-Q,2025-09-10,0001730168-25-000098,,avgo-20250803.htm,https://www.sec.gov/Archives/edgar/data/1730168/000173016825000098/avgo-20250803.htm,8e553339f495b65e946cd0bbf38f618193ad399e1ca4a94424d54ca27ffcae24,no,yes,high,no,no
2026-07-23T23:51:39-04:00,2026-07-23,AVGO,1730168,8-K,2025-09-09,0001193125-25-199281,"5.02,9.01",d58273d8k.htm,https://www.sec.gov/Archives/edgar/data/1730168/000119312525199281/d58273d8k.htm,4a9550dae91ba84bbb721d6fe5136437837fa4b45dfe12af415d39677e485844,no,yes,high,no,no
2026-07-23T23:51:39-04:00,2026-07-23,AVGO,1730168,8-K,2025-09-04,0001730168-25-000094,"2.02,8.01,9.01",avgo-20250904.htm,https://www.sec.gov/Archives/edgar/data/1730168/000173016825000094/avgo-20250904.htm,c4f531a77f588cdd456bba742c09977e2b8234de743849b436cbfc8aa98d1933,no,yes,high,no,no
2026-07-23T23:51:39-04:00,2026-07-23,AVGO,1730168,8-K,2025-07-11,0001193125-25-158202,"1.02,8.01,9.01",d89787d8k.htm,https://www.sec.gov/Archives/edgar/data/1730168/000119312525158202/d89787d8k.htm,b348bcf57f8ad342d064a985e34ef68794e6160633a293584e4b22d8585ceb06,no,yes,high,no,no
2026-07-23T23:51:39-04:00,2026-07-23,AVGO,1730168,424B2,2025-07-09,0001193125-25-157099,,d915436d424b2.htm,https://www.sec.gov/Archives/edgar/data/1730168/000119312525157099/d915436d424b2.htm,d82bb4434fe8b2749587a150fe3c7468bb08ea0b9d66bd24b9d3ed6858294588,no,yes,high,no,no
2026-07-23T23:51:39-04:00,2026-07-23,AVGO,1730168,424B5,2025-07-07,0001193125-25-155891,,d915436d424b5.htm,https://www.sec.gov/Archives/edgar/data/1730168/000119312525155891/d915436d424b5.htm,bc9672c0ba2964d8204a124fc8b4a652f16550abd038e2b197f806ae5cad764a,no,yes,high,no,no
2026-07-23T23:51:39-04:00,2026-07-23,AVGO,1730168,10-Q,2025-06-11,0001730168-25-000064,,avgo-20250504.htm,https://www.sec.gov/Archives/edgar/data/1730168/000173016825000064/avgo-20250504.htm,df98e191805bf52196682e1babea44bd122f6e2599d362a7f3a60350df368b76,no,yes,high,no,no
2026-07-23T23:51:39-04:00,2026-07-23,AVGO,1730168,8-K,2025-06-05,0001730168-25-000061,"2.02,8.01,9.01",avgo-20250605.htm,https://www.sec.gov/Archives/edgar/data/1730168/000173016825000061/avgo-20250605.htm,186ddd38e77291bb1073f4320831a0c8514fadaa7800da60e792b9ad066db28b,no,yes,high,no,no
2026-07-23T23:51:39-04:00,2026-07-23,AVGO,1730168,8-K,2025-04-22,0001730168-25-000037,5.07,avgo-20250421.htm,https://www.sec.gov/Archives/edgar/data/1730168/000173016825000037/avgo-20250421.htm,869dea70165e6a712f4bce132ea435db9e9f0912be814998952ef0e5f6c5dc5c,no,yes,medium,no,no
2026-07-23T23:51:39-04:00,2026-07-23,AVGO,1730168,10-Q,2025-03-12,0001730168-25-000021,,avgo-20250202.htm,https://www.sec.gov/Archives/edgar/data/1730168/000173016825000021/avgo-20250202.htm,4ffa338fb691e9bddbc89f7fe284f96a3632c48215f76f4754b6fbd09b1b674c,no,yes,high,no,no
2026-07-23T23:51:39-04:00,2026-07-23,AVGO,1730168,8-K,2025-03-06,0001730168-25-000009,"2.02,8.01,9.01",avgo-20250306.htm,https://www.sec.gov/Archives/edgar/data/1730168/000173016825000009/avgo-20250306.htm,9fb9003e868bbdb28cc40ccfec5b0ead07b7e2d404e978bc86aed29b0b2c88ab,no,yes,high,no,no
2026-07-23T23:51:39-04:00,2026-07-23,AVGO,1730168,DEF 14A,2025-03-03,0001193125-25-044112,,d861439ddef14a.htm,https://www.sec.gov/Archives/edgar/data/1730168/000119312525044112/d861439ddef14a.htm,927e7f4b3ddc073a4df85f975d502c228263aa587d60cf8f8167be3cdeb82859,no,yes,medium,no,no
2026-07-23T23:51:39-04:00,2026-07-23,AVGO,1730168,8-K,2025-01-13,0001193125-25-005318,"1.02,8.01",d925244d8k.htm,https://www.sec.gov/Archives/edgar/data/1730168/000119312525005318/d925244d8k.htm,8175f0eebce64fea1bdd09db85d4e8c3eef83b0a7ddea71a0335f1c336735e90,no,yes,high,no,no
2026-07-23T23:51:39-04:00,2026-07-23,AVGO,1730168,8-K,2025-01-10,0001193125-25-004476,"8.01,9.01",d880789d8k.htm,https://www.sec.gov/Archives/edgar/data/1730168/000119312525004476/d880789d8k.htm,f23856e72389973628aef0c0c2958815108548f69e11bc32f39abadab8687a61,no,yes,high,no,no
2026-07-23T23:51:39-04:00,2026-07-23,AVGO,1730168,424B2,2025-01-08,0001193125-25-003543,,d883806d424b2.htm,https://www.sec.gov/Archives/edgar/data/1730168/000119312525003543/d883806d424b2.htm,e93bc38851f613d24eaa50d5615d5eb08a9364d7edaf8eb7b4be85220e3f5d33,no,yes,high,no,no
2026-07-23T23:51:39-04:00,2026-07-23,AVGO,1730168,424B5,2025-01-06,0001193125-25-001877,,d883806d424b5.htm,https://www.sec.gov/Archives/edgar/data/1730168/000119312525001877/d883806d424b5.htm,185ff01fe28995120d38dd49a0dcafa9548c327e413f67d27e8c5eb596296357,no,yes,high,no,no
2026-07-23T23:51:39-04:00,2026-07-23,AVGO,1730168,10-K,2024-12-20,0001730168-24-000139,,avgo-20241103.htm,https://www.sec.gov/Archives/edgar/data/1730168/000173016824000139/avgo-20241103.htm,46adaf3fe317dccc2ace9a59fbb931c4dd6e337f4c3406877c9938493216c900,no,yes,high,no,no
2026-07-23T23:51:39-04:00,2026-07-23,AVGO,1730168,8-K,2024-12-12,0001730168-24-000125,"2.02,8.01,9.01",avgo-20241212.htm,https://www.sec.gov/Archives/edgar/data/1730168/000173016824000125/avgo-20241212.htm,d34f8e8297273a4f5a4ba3f08a1c6b2ed865c8e0c15632c09e240cb357b0d534,no,yes,high,no,no
2026-07-23T23:51:39-04:00,2026-07-23,AVGO,1730168,8-K,2024-10-02,0001193125-24-231159,"8.01,9.01",d860121d8k.htm,https://www.sec.gov/Archives/edgar/data/1730168/000119312524231159/d860121d8k.htm,ba4294b5c9e7b9fc194a22fc77778cc5ff45cb8117a796c98fe0a958482b162e,no,yes,high,no,no
2026-07-23T23:51:39-04:00,2026-07-23,AVGO,1730168,424B2,2024-09-30,0001193125-24-229025,,d860719d424b2.htm,https://www.sec.gov/Archives/edgar/data/1730168/000119312524229025/d860719d424b2.htm,9cf5b7794e11c7ceae45a882dbc62fadf3003756ebe4f6d84bde1afbf564f146,no,yes,high,no,no
2026-07-23T23:51:39-04:00,2026-07-23,AVGO,1730168,424B5,2024-09-26,0001193125-24-226546,,d860719d424b5.htm,https://www.sec.gov/Archives/edgar/data/1730168/000119312524226546/d860719d424b5.htm,c712d81e212684de6a94f260aab94793e6bcee2a6cfdd1c432c099c72b9f41cf,no,yes,high,no,no
2026-07-23T23:51:39-04:00,2026-07-23,AVGO,1730168,10-Q,2024-09-11,0001730168-24-000099,,avgo-20240804.htm,https://www.sec.gov/Archives/edgar/data/1730168/000173016824000099/avgo-20240804.htm,dd79898eaa49eb1895cf7df715dba30b24f9e93b0e0678203833d1ff4fcd5654,no,yes,high,no,no
2026-07-23T23:51:39-04:00,2026-07-23,AVGO,1730168,8-K,2024-09-05,0001730168-24-000095,"2.02,8.01,9.01",avgo-20240905.htm,https://www.sec.gov/Archives/edgar/data/1730168/000173016824000095/avgo-20240905.htm,2063dfd15288f12f32dd9daadaf62aeab63db5840a869fae513932eb6bfe8ce0,no,yes,high,no,no
2026-07-23T23:51:39-04:00,2026-07-23,AVGO,1730168,8-K,2024-07-12,0001140361-24-033072,"5.03,8.01,9.01",ny20032136x6_8k.htm,https://www.sec.gov/Archives/edgar/data/1730168/000114036124033072/ny20032136x6_8k.htm,53c4517fb217774ef9d9bc12b237688214e4e01ae932b56b3d04927067d8c53c,no,yes,high,no,no
2026-07-23T23:51:39-04:00,2026-07-23,AVGO,1730168,424B2,2024-07-10,0001140361-24-032854,,ny20032136x5_424b2.htm,https://www.sec.gov/Archives/edgar/data/1730168/000114036124032854/ny20032136x5_424b2.htm,1c07f74ecf3c34fa69fc423b3700df8ba5cf2487152873cff7dcd8c9c04d1476,no,yes,high,no,no
2026-07-23T23:51:39-04:00,2026-07-23,AVGO,1730168,424B5,2024-07-08,0001140361-24-032579,,ny20032136x3_424b5.htm,https://www.sec.gov/Archives/edgar/data/1730168/000114036124032579/ny20032136x3_424b5.htm,e6a1ce1c0ab89fe38c9cc71d522a336e38efebaa67ea405a727465d9255c4838,no,yes,high,no,no
2026-07-23T23:51:39-04:00,2026-07-23,AVGO,1730168,S-3ASR,2024-07-08,0001140361-24-032570,,ny20032136x2_s3asr.htm,https://www.sec.gov/Archives/edgar/data/1730168/000114036124032570/ny20032136x2_s3asr.htm,08e834dce81127e8848ad9b10d476b0bb5a8b93f15e33c5697254370c18904d3,no,yes,high,no,no
2026-07-23T23:51:39-04:00,2026-07-23,AVGO,1730168,8-K,2024-07-08,0001140361-24-032566,"8.01,9.01",ny20032136x1_8k.htm,https://www.sec.gov/Archives/edgar/data/1730168/000114036124032566/ny20032136x1_8k.htm,22538980a226731ede96443bdda4807027a15d49969f621345b91dd6a7840b90,no,yes,high,no,no
2026-07-23T23:51:39-04:00,2026-07-23,AVGO,1730168,10-Q,2024-06-13,0001730168-24-000080,,avgo-20240505.htm,https://www.sec.gov/Archives/edgar/data/1730168/000173016824000080/avgo-20240505.htm,c5c6a9b23cceb608aad1cfc0ca94c8d05a60b9017f9d8452fde1c8cb181f1493,no,yes,high,no,no
2026-07-23T23:51:39-04:00,2026-07-23,AVGO,1730168,8-K,2024-06-12,0001730168-24-000077,"2.02,8.01,9.01",avgo-20240612.htm,https://www.sec.gov/Archives/edgar/data/1730168/000173016824000077/avgo-20240612.htm,b01e2f625d9c64221603fdda78299d99f03dfca1d4421acbbb9ddadb199735e3,no,yes,high,no,no
2026-07-23T23:51:39-04:00,2026-07-23,AVGO,1730168,8-K,2024-04-24,0001730168-24-000055,5.07,avgo-20240422.htm,https://www.sec.gov/Archives/edgar/data/1730168/000173016824000055/avgo-20240422.htm,2153944ba7048ea49b25408db977f1290f1b381f39cd79bd7ac5d416ff4a8b44,no,yes,medium,no,no
2026-07-23T23:51:39-04:00,2026-07-23,AVGO,1730168,10-Q,2024-03-14,0001730168-24-000023,,avgo-20240204.htm,https://www.sec.gov/Archives/edgar/data/1730168/000173016824000023/avgo-20240204.htm,c6c5e34f92b823f7db08b6c299a3873ebae06630b5988b7aa9f4b5c2fb4b522f,no,yes,high,no,no
2026-07-23T23:51:39-04:00,2026-07-23,AVGO,1730168,8-K,2024-03-07,0001730168-24-000012,"2.02,8.01,9.01",avgo-20240307.htm,https://www.sec.gov/Archives/edgar/data/1730168/000173016824000012/avgo-20240307.htm,a72d7946a4ff5d7863e947af5bf606c72ee37edb884cdffa13e4b2d332f71c22,no,yes,high,no,no
2026-07-23T23:51:39-04:00,2026-07-23,AVGO,1730168,DEF 14A,2024-02-26,0001140361-24-009541,,ny20015852x1_def14a.htm,https://www.sec.gov/Archives/edgar/data/1730168/000114036124009541/ny20015852x1_def14a.htm,278d33aec8536bbbbc55f628cde53849a9805abcc28cb1db0fa1d52f0a8999ed,no,yes,medium,no,no
2026-07-23T23:51:39-04:00,2026-07-23,AVGO,1730168,8-K,2024-02-09,0001140361-24-006724,5.02,ef20021201_8k.htm,https://www.sec.gov/Archives/edgar/data/1730168/000114036124006724/ef20021201_8k.htm,21758a3279da920ef85c90c2b3ffbe9ade47a578fbdc16bd832ed4957632b3c1,no,yes,high,no,no
2026-07-23T23:51:39-04:00,2026-07-23,AVGO,1730168,10-K,2023-12-14,0001730168-23-000096,,avgo-20231029.htm,https://www.sec.gov/Archives/edgar/data/1730168/000173016823000096/avgo-20231029.htm,0671b00296ef86f2bde88a67a79b046c6002d68acb3336bb043da301998d428b,no,yes,high,no,no
2026-07-23T23:51:39-04:00,2026-07-23,AVGO,1730168,8-K,2023-12-07,0001730168-23-000093,"2.02,2.05,8.01,9.01",avgo-20231207.htm,https://www.sec.gov/Archives/edgar/data/1730168/000173016823000093/avgo-20231207.htm,c344deb8e05c88a14302bd3d65bba7e9bda27ec7dfba6a082b2c094532175963,no,yes,high,no,no
2026-07-23T23:51:39-04:00,2026-07-23,AVGO,1730168,8-K,2023-11-22,0001140361-23-054354,"2.01,2.03,8.01,9.01",ef20015100_form8k.htm,https://www.sec.gov/Archives/edgar/data/1730168/000114036123054354/ef20015100_form8k.htm,348d8578a0930628fce4354e0d140e5ce9c75402095a617c81d18958f1333032,no,yes,high,no,no
2026-07-23T23:51:39-04:00,2026-07-23,AVGO,1730168,8-K,2023-10-30,0001140361-23-050217,"8.01,9.01",ef20013645_8k.htm,https://www.sec.gov/Archives/edgar/data/1730168/000114036123050217/ef20013645_8k.htm,bdcc59c1438a3512d3ab7e3deb3b7132bd5cee9ccf7557f8a88f684158c0a472,no,yes,high,no,no
2026-07-23T23:51:39-04:00,2026-07-23,AVGO,1730168,8-K,2023-10-18,0001140361-23-048712,"8.01,9.01",ef20012700_8k.htm,https://www.sec.gov/Archives/edgar/data/1730168/000114036123048712/ef20012700_8k.htm,b1cd44a8df6c8e4f00da8ac9e77a8921877fa7bbee459093aebde47c2d32f7eb,no,yes,high,no,no
2026-07-23T23:51:39-04:00,2026-07-23,AVGO,1730168,10-Q,2023-09-06,0001730168-23-000077,,avgo-20230730.htm,https://www.sec.gov/Archives/edgar/data/1730168/000173016823000077/avgo-20230730.htm,2f7d4450d8da7e7854d11de79046b1511f21b4f464fd0fe2feeda9237b4a9809,no,yes,high,no,no
2026-07-23T23:51:39-04:00,2026-07-23,AVGO,1730168,8-K,2023-08-31,0001730168-23-000074,"2.02,8.01,9.01",avgo-20230831.htm,https://www.sec.gov/Archives/edgar/data/1730168/000173016823000074/avgo-20230831.htm,93158c45acbd7a4ac9c36d1e970cd30a8b8e51ccc58f230863505717ca274e0d,no,yes,high,no,no
2026-07-23T23:51:39-04:00,2026-07-23,AVGO,1730168,8-K,2023-08-16,0001140361-23-040084,"1.01,2.03,8.01,9.01",brhc20057578_8k.htm,https://www.sec.gov/Archives/edgar/data/1730168/000114036123040084/brhc20057578_8k.htm,522ee312fdc3d00c94a2efaa59f96c0bc48975183c493052dc18ea18ea1e3246,no,yes,high,no,no
2026-07-23T23:51:39-04:00,2026-07-23,AVGO,1730168,10-Q,2023-06-07,0001730168-23-000064,,avgo-20230430.htm,https://www.sec.gov/Archives/edgar/data/1730168/000173016823000064/avgo-20230430.htm,b8d2e2e11f6999acb2eec7863887aac49188f1b698b326bd1ea31680f18527e0,no,yes,high,no,no
2026-07-23T23:51:39-04:00,2026-07-23,AVGO,1730168,8-K,2023-06-01,0001730168-23-000062,"2.02,8.01,9.01",avgo-20230601.htm,https://www.sec.gov/Archives/edgar/data/1730168/000173016823000062/avgo-20230601.htm,eab05566c8662aab20071fdc1a39ee5d9219292bd90371e15b7292059909d82f,no,yes,high,no,no
2026-07-23T23:51:39-04:00,2026-07-23,AVGO,1730168,8-K,2023-05-23,0001730168-23-000054,7.01,avgo-20230523.htm,https://www.sec.gov/Archives/edgar/data/1730168/000173016823000054/avgo-20230523.htm,2e370d0b97a24d5b37f3e8a4236d62b35af9f94b03805474dabbe11c21608fb0,no,yes,high,no,no
2026-07-23T23:51:39-04:00,2026-07-23,AVGO,1730168,8-K,2023-04-06,0001730168-23-000052,"5.02,5.07",avgo-20230406.htm,https://www.sec.gov/Archives/edgar/data/1730168/000173016823000052/avgo-20230406.htm,45586236460c0bad7c9b93ab8dd3ffc48c681a8ae9e524c52ac98af3aee8f4a7,no,yes,high,no,no
2026-07-23T23:51:39-04:00,2026-07-23,AVGO,1730168,10-Q,2023-03-08,0001730168-23-000008,,avgo-20230129.htm,https://www.sec.gov/Archives/edgar/data/1730168/000173016823000008/avgo-20230129.htm,a533e7a7e91b7f0f950b0b4670fa46c0f1a56fd9becc7c28156f16cb2a9e642a,no,yes,high,no,no
2026-07-23T23:51:39-04:00,2026-07-23,AVGO,1730168,8-K,2023-03-02,0001730168-23-000004,"2.02,8.01,9.01",avgo-20230302.htm,https://www.sec.gov/Archives/edgar/data/1730168/000173016823000004/avgo-20230302.htm,db3a02022be79e08125d6ba8a26d4061c5ce11cb23a8461fb8288e444a8e047d,no,yes,high,no,no
2026-07-23T23:51:39-04:00,2026-07-23,AVGO,1730168,DEF 14A,2023-02-17,0001140361-23-007640,,ny20006245x500_def14a.htm,https://www.sec.gov/Archives/edgar/data/1730168/000114036123007640/ny20006245x500_def14a.htm,e2f7b5bdb987bfcbb20c9a3cfe43636b710bb4acda221e42eede62a122eb9447,no,yes,medium,no,no
2026-07-23T23:51:39-04:00,2026-07-23,AVGO,1730168,10-K,2022-12-16,0001730168-22-000118,,avgo-20221030.htm,https://www.sec.gov/Archives/edgar/data/1730168/000173016822000118/avgo-20221030.htm,886e82f753c9e4cc382792f48620ca047137dae0bb2db0332febe7bc0f411367,no,yes,high,no,no
2026-07-23T23:51:39-04:00,2026-07-23,AVGO,1730168,8-K,2022-12-08,0001730168-22-000110,"2.02,8.01,9.01",avgo-20221208.htm,https://www.sec.gov/Archives/edgar/data/1730168/000173016822000110/avgo-20221208.htm,3ff3e6cfc82cc18d53e91f8599e89f1d01cbfe4e97db82b81926d2563e25f589,no,yes,high,no,no
2026-07-23T23:51:39-04:00,2026-07-23,AVGO,1730168,8-K,2022-11-02,0001730168-22-000101,5.02,avgo-20221031.htm,https://www.sec.gov/Archives/edgar/data/1730168/000173016822000101/avgo-20221031.htm,99e850e72aa04155ec98cb38c8cae24a94b7cc37719c5f8e0fc342913be3109c,no,yes,high,no,no
2026-07-23T23:51:39-04:00,2026-07-23,AVGO,1730168,424B3,2022-10-03,0001140361-22-035805,,ny20004409x22_424b3.htm,https://www.sec.gov/Archives/edgar/data/1730168/000114036122035805/ny20004409x22_424b3.htm,1c0bbb96955cf601a894a920422f24e92099b8cd5fc95097064b3a93023f3dd5,no,yes,high,no,no
2026-07-23T23:51:39-04:00,2026-07-23,AVGO,1730168,10-Q,2022-09-08,0001730168-22-000094,,avgo-20220731.htm,https://www.sec.gov/Archives/edgar/data/1730168/000173016822000094/avgo-20220731.htm,4069ba1cab9d0822259970fbd77bff04d27af0b9cb56e3af6bd080bdab0cc56a,no,yes,high,no,no
2026-07-23T23:51:39-04:00,2026-07-23,AVGO,1730168,8-K,2022-09-01,0001730168-22-000091,"2.02,8.01,9.01",avgo-20220901.htm,https://www.sec.gov/Archives/edgar/data/1730168/000173016822000091/avgo-20220901.htm,452d68fd498b9a265530b385b0beb513243fc91c467d80fd03309ac292ec5b24,no,yes,high,no,no
2026-07-23T23:51:39-04:00,2026-07-23,AVGO,1730168,8-K,2022-07-11,0001140361-22-025654,5.02,ny20004409x8_8k.htm,https://www.sec.gov/Archives/edgar/data/1730168/000114036122025654/ny20004409x8_8k.htm,7bb240682683ee37933406e6a13cf8fd535552ca9992814dcebe68861b7d4348,no,yes,high,no,no
2026-07-23T23:51:39-04:00,2026-07-23,AVGO,1730168,10-Q,2022-06-09,0001730168-22-000081,,avgo-20220501.htm,https://www.sec.gov/Archives/edgar/data/1730168/000173016822000081/avgo-20220501.htm,d4a824f876f839ed6576a5f3431f9852956498f143ad45f31342b31ed82af391,no,yes,high,no,no
2026-07-23T23:51:39-04:00,2026-07-23,AVGO,1730168,8-K,2022-05-26,0001193125-22-161016,"1.01,8.01,9.01",d525235d8k.htm,https://www.sec.gov/Archives/edgar/data/1730168/000119312522161016/d525235d8k.htm,4639c70408c86377246cc6b9bfa82f88054be753780752010f9fe74fc719d82c,no,yes,high,no,no
2026-07-23T23:51:39-04:00,2026-07-23,AVGO,1730168,8-K,2022-05-26,0001193125-22-160371,"7.01,9.01",d323890d8k.htm,https://www.sec.gov/Archives/edgar/data/1730168/000119312522160371/d323890d8k.htm,cc4bfcc97717a7fa011d506ec10cec4a9c3c19ac696170bdf0e4630782bcbb4a,no,yes,high,no,no
2026-07-23T23:51:39-04:00,2026-07-23,AVGO,1730168,8-K,2022-05-26,0001193125-22-160304,"2.02,8.01,9.01",d262320d8k.htm,https://www.sec.gov/Archives/edgar/data/1730168/000119312522160304/d262320d8k.htm,74112463c12e345658031ba4e246dc8d7c0cffa94f6564d736f0ef0c143ed3db,no,yes,high,no,no
2026-07-23T23:51:39-04:00,2026-07-23,AVGO,1730168,8-K,2022-04-18,0001193125-22-108067,"1.01,2.03,9.01",d299108d8k.htm,https://www.sec.gov/Archives/edgar/data/1730168/000119312522108067/d299108d8k.htm,9b84b9dbad19074476e0400c24b5f2e75ffa0dbb41917d4f256db2d6238dd0df,no,yes,high,no,no
2026-07-23T23:51:39-04:00,2026-07-23,AVGO,1730168,8-K,2022-04-15,0001193125-22-105918,"1.01,8.01,9.01",d341029d8k.htm,https://www.sec.gov/Archives/edgar/data/1730168/000119312522105918/d341029d8k.htm,de2ea11525e7bd211f3dcd6b8b12fa46029f57135b59cb11a8d6427bd5e70495,no,yes,high,no,no
2026-07-23T23:51:39-04:00,2026-07-23,AVGO,1730168,8-K,2022-04-05,0001730168-22-000059,5.07,avgo-20220404.htm,https://www.sec.gov/Archives/edgar/data/1730168/000173016822000059/avgo-20220404.htm,b423c6d551fbab3cc833088761c19772fc0d14ff4359c48f5e5af904b27adeba,no,yes,medium,no,no
2026-07-23T23:51:39-04:00,2026-07-23,AVGO,1730168,8-K,2022-04-01,0001193125-22-092425,"8.01,9.01",d329956d8k.htm,https://www.sec.gov/Archives/edgar/data/1730168/000119312522092425/d329956d8k.htm,8bc00e5ca694ce6442aa3dda9f6cad6958201a1deec0a970964b03497961a2a9,no,yes,high,no,no
2026-07-23T23:51:39-04:00,2026-07-23,AVGO,1730168,8-K,2022-03-31,0001193125-22-090874,"8.01,9.01",d275947d8k.htm,https://www.sec.gov/Archives/edgar/data/1730168/000119312522090874/d275947d8k.htm,1b5d399f5930a8d7ab48a49a99fb26a7b429f6d5ba152826a2fddda523a9008b,no,yes,high,no,no
2026-07-23T23:51:39-04:00,2026-07-23,AVGO,1730168,10-Q,2022-03-10,0001730168-22-000029,,avgo-20220130.htm,https://www.sec.gov/Archives/edgar/data/1730168/000173016822000029/avgo-20220130.htm,d1c43305e00ae7fa2a1fa27ed66262f9b22c67e6db2f564d4152466186230879,no,yes,high,no,no
2026-07-23T23:51:39-04:00,2026-07-23,AVGO,1730168,8-K,2022-03-03,0001730168-22-000015,"2.02,8.01,9.01",avgo-20220303.htm,https://www.sec.gov/Archives/edgar/data/1730168/000173016822000015/avgo-20220303.htm,0e9629ade0eb0700d0d545e372efce7bd5a3155c2c6ac49a31562cc48f4f67cd,no,yes,high,no,no
2026-07-23T23:51:39-04:00,2026-07-23,AVGO,1730168,DEF 14A,2022-02-18,0001730168-22-000012,,a2022proxystatement.htm,https://www.sec.gov/Archives/edgar/data/1730168/000173016822000012/a2022proxystatement.htm,3e54ef43615517d2d6b5b872d7c880e2c3a25ef2f2a7ec4e9fc2e7fef236bd9e,no,yes,medium,no,no
2026-07-23T23:51:39-04:00,2026-07-23,AVGO,1730168,10-K,2021-12-17,0001730168-21-000153,,avgo-20211031.htm,https://www.sec.gov/Archives/edgar/data/1730168/000173016821000153/avgo-20211031.htm,e792e14de2e06f4e7d48ec62160428bfb21286c0be243e4ca1abc808cda3e73f,no,yes,high,no,no
2026-07-23T23:51:39-04:00,2026-07-23,AVGO,1730168,8-K,2021-12-09,0001730168-21-000148,"2.02,8.01,9.01",avgo-20211209.htm,https://www.sec.gov/Archives/edgar/data/1730168/000173016821000148/avgo-20211209.htm,ade6077e8aeff26cc6e327cb32695596ff747ea1b523b44ee8adadbd06597dbf,no,yes,high,no,no
2026-07-23T23:51:39-04:00,2026-07-23,AVGO,1730168,8-K,2021-09-30,0001193125-21-287948,"1.01,2.03,9.01",d238245d8k.htm,https://www.sec.gov/Archives/edgar/data/1730168/000119312521287948/d238245d8k.htm,2bc11bfb2c8c1fb1744017bdac8f2dbb78d12db151fda38b0cb484b9c7b5b036,no,yes,high,no,no
2026-07-23T23:51:39-04:00,2026-07-23,AVGO,1730168,8-K,2021-09-28,0001193125-21-284581,"8.01,9.01",d194184d8k.htm,https://www.sec.gov/Archives/edgar/data/1730168/000119312521284581/d194184d8k.htm,5e6404143bbce10bf3d968f8f9d5f7ed8700c9f7311c52b4988000b964fd28d2,no,yes,high,no,no
2026-07-23T23:51:39-04:00,2026-07-23,AVGO,1730168,8-K,2021-09-13,0001193125-21-271676,"8.01,9.01",d209968d8k.htm,https://www.sec.gov/Archives/edgar/data/1730168/000119312521271676/d209968d8k.htm,6b4ee3b6e838c11fb7ab6b85e7f59fbdbf9bf4df90a6fef5d84f31ecf8003bd4,no,yes,high,no,no
2026-07-23T23:51:39-04:00,2026-07-23,AVGO,1730168,10-Q,2021-09-09,0001730168-21-000123,,avgo-20210801.htm,https://www.sec.gov/Archives/edgar/data/1730168/000173016821000123/avgo-20210801.htm,78890f8d73fa21501cfd3f7e3fb42268ae50384ef2c7f5b500052cb941c0cbd9,no,yes,high,no,no
2026-07-23T23:51:39-04:00,2026-07-23,AVGO,1730168,8-K,2021-09-02,0001730168-21-000121,"2.02,8.01,9.01",avgo-20210902.htm,https://www.sec.gov/Archives/edgar/data/1730168/000173016821000121/avgo-20210902.htm,665b6d75c90d4d4ba439ed95215238c2ec14459cbbc3bbfa59bd58308d9b961f,no,yes,high,no,no
2026-07-23T23:51:39-04:00,2026-07-23,AVGO,1730168,S-3ASR,2021-06-11,0001193125-21-189036,,d156202ds3asr.htm,https://www.sec.gov/Archives/edgar/data/1730168/000119312521189036/d156202ds3asr.htm,bebc1ad4c45410e9f0e9c97d4201522bed8e71c0d6084737caa82dc0f06a5022,no,yes,high,no,no
2026-07-23T23:51:39-04:00,2026-07-23,AVGO,1730168,10-Q,2021-06-11,0001730168-21-000116,,avgo-20210502.htm,https://www.sec.gov/Archives/edgar/data/1730168/000173016821000116/avgo-20210502.htm,2a096aa4093d22cdd69e601bd8191002d6383f7a5309f8e311ff9b567c68650e,no,yes,high,no,no
2026-07-23T23:51:39-04:00,2026-07-23,AVGO,1730168,8-K,2021-06-03,0001730168-21-000110,"2.02,5.02,8.01,9.01",avgo-20210602.htm,https://www.sec.gov/Archives/edgar/data/1730168/000173016821000110/avgo-20210602.htm,14dafa57cfad6effef9e31f622a5bfe4e8ca770560a199d87694901046d48ecd,no,yes,high,no,no
2026-07-23T23:51:39-04:00,2026-07-23,AVGO,1730168,8-K,2021-04-05,0001730168-21-000071,"5.07,9.01",avgo-20210405.htm,https://www.sec.gov/Archives/edgar/data/1730168/000173016821000071/avgo-20210405.htm,b87f575462d866f79941ba8d34fdbbfcbecc76e7d5fb9f0e3430e7322d0396d5,no,yes,medium,no,no
2026-07-23T23:51:39-04:00,2026-07-23,AVGO,1730168,8-K,2021-03-31,0001193125-21-102518,"1.01,8.01,9.01",d146519d8k.htm,https://www.sec.gov/Archives/edgar/data/1730168/000119312521102518/d146519d8k.htm,83bd70688952978acf8d0f9a40b26aa7679a6ff48c935bf8c2bb03ebb40c5755,no,yes,high,no,no
2026-07-23T23:51:39-04:00,2026-07-23,AVGO,1730168,8-K,2021-03-30,0001193125-21-098755,"8.01,9.01",d113748d8k.htm,https://www.sec.gov/Archives/edgar/data/1730168/000119312521098755/d113748d8k.htm,da1e1956b9588e9932ea5597c69e3acb77e85fc76057ec3180e117b6a3a0a658,no,yes,high,no,no
2026-07-23T23:51:39-04:00,2026-07-23,AVGO,1730168,8-K,2021-03-16,0001193125-21-081796,"8.01,9.01",d110632d8k.htm,https://www.sec.gov/Archives/edgar/data/1730168/000119312521081796/d110632d8k.htm,12717b867fdfeb6ea33dda095d55acee26437854583139e19a19760c5bdd0307,no,yes,high,no,no
2026-07-23T23:51:39-04:00,2026-07-23,AVGO,1730168,10-Q,2021-03-12,0001730168-21-000045,,avgo-20210131.htm,https://www.sec.gov/Archives/edgar/data/1730168/000173016821000045/avgo-20210131.htm,4470848e444727c02118e90c3234251553b2236dc9642a33c15775e51efa7e52,no,yes,high,no,no
2026-07-23T23:51:39-04:00,2026-07-23,AVGO,1730168,8-K,2021-03-04,0001730168-21-000026,"2.02,8.01,9.01",avgo-20210304.htm,https://www.sec.gov/Archives/edgar/data/1730168/000173016821000026/avgo-20210304.htm,a76e9b73a6a5e89eb07e48e793ed8182362a9d5b17c2a1c2dfeb24c5e26fd6de,no,yes,high,no,no
2026-07-23T23:51:39-04:00,2026-07-23,AVGO,1730168,DEF 14A,2021-02-19,0001730168-21-000017,,a2021proxystatement.htm,https://www.sec.gov/Archives/edgar/data/1730168/000173016821000017/a2021proxystatement.htm,de10c79d8d376ed7657f7cbec8988fb05afe4f65cd6ea5472d9f34f8d316ec1b,no,yes,medium,no,no
2026-07-23T23:51:39-04:00,2026-07-23,AVGO,1730168,8-K,2021-02-02,0001193125-21-025889,"8.01,9.01",d28126d8k.htm,https://www.sec.gov/Archives/edgar/data/1730168/000119312521025889/d28126d8k.htm,813ea199344b3ff1cd1c6a12dc1691e250de0120fea780cd975ce9cdc0c3a0ca,no,yes,high,no,no
2026-07-23T23:51:39-04:00,2026-07-23,AVGO,1730168,8-K,2021-01-19,0001193125-21-011422,"1.01,1.02,2.03,8.01,9.01",d161188d8k.htm,https://www.sec.gov/Archives/edgar/data/1730168/000119312521011422/d161188d8k.htm,75a8132d30a32677c672de73336a0aa22e2d7cd30e2fc44235e109b516f9516e,no,yes,high,no,no
2026-07-23T23:51:39-04:00,2026-07-23,AVGO,1730168,8-K,2021-01-07,0001193125-21-003380,"8.01,9.01",d24661d8k.htm,https://www.sec.gov/Archives/edgar/data/1730168/000119312521003380/d24661d8k.htm,2ecdaa0fd1841c43afa05f9daf57b34bc24599cf343ccabb70c560fe26d4f9b7,no,yes,high,no,no
2026-07-23T23:51:39-04:00,2026-07-23,AVGO,1730168,8-K,2021-01-05,0001193125-21-001276,"8.01,9.01",d89101d8k.htm,https://www.sec.gov/Archives/edgar/data/1730168/000119312521001276/d89101d8k.htm,fc259a8685b7fcaa612f165e50691b760a97f61442c1d29b42a50c8e50e51bfc,no,yes,high,no,no
2026-07-23T23:51:39-04:00,2026-07-23,AVGO,1730168,8-K,2021-01-04,0001193125-21-000394,"8.01,9.01",d60992d8k.htm,https://www.sec.gov/Archives/edgar/data/1730168/000119312521000394/d60992d8k.htm,4cb8b857b8903aa85537d85836bd460d6a4e15799dfaaac0ef5f3ee58bdc3e2b,no,yes,high,no,no
2026-07-23T23:51:39-04:00,2026-07-23,AVGO,1730168,10-K,2020-12-18,0001730168-20-000226,,avgo-20201101.htm,https://www.sec.gov/Archives/edgar/data/1730168/000173016820000226/avgo-20201101.htm,aed23b3a1a1c91ed8a82477991c2e60aaf4bb26949d00ab53f08ed5517b34479,no,yes,high,no,no
2026-07-23T23:51:39-04:00,2026-07-23,AVGO,1730168,8-K,2020-12-10,0001193125-20-315010,"5.02,9.01",d71178d8k.htm,https://www.sec.gov/Archives/edgar/data/1730168/000119312520315010/d71178d8k.htm,9008bcd965cb159e09ab4cd84e9672afc72633b61c53c7083c995fc3815c6710,no,yes,high,no,no
2026-07-23T23:51:39-04:00,2026-07-23,AVGO,1730168,8-K,2020-12-10,0001730168-20-000201,"2.02,7.01,8.01,9.01",avgo-20201210.htm,https://www.sec.gov/Archives/edgar/data/1730168/000173016820000201/avgo-20201210.htm,97263625ae64e3e6699356e3b475c9fa35f51b21718f75768c20285bb29ad352,no,yes,high,no,no
2026-07-23T23:51:39-04:00,2026-07-23,AVGO,1730168,10-Q,2020-09-11,0001730168-20-000164,,avgo-20200802.htm,https://www.sec.gov/Archives/edgar/data/1730168/000173016820000164/avgo-20200802.htm,1c539aa6acc08ff492614dda7dcf18baa4835ef34e65f7d44ffde9b831be3ad0,no,yes,high,no,no
2026-07-23T23:51:39-04:00,2026-07-23,AVGO,1730168,8-K,2020-09-03,0001730168-20-000154,"2.02,7.01,8.01,9.01",avgo-20200903.htm,https://www.sec.gov/Archives/edgar/data/1730168/000173016820000154/avgo-20200903.htm,c2398d4624b5ab65d61a2f2359048558267b23cf51c0df84877d496ccffe1992,no,yes,high,no,no
2026-07-23T23:51:39-04:00,2026-07-23,AVGO,1730168,424B3,2020-07-06,0001193125-20-187415,,d921026d424b3.htm,https://www.sec.gov/Archives/edgar/data/1730168/000119312520187415/d921026d424b3.htm,9efb0f83b6fe72ec106ad72c8b7daaba2d0ce8a498e71621d136fddae9927bde,no,yes,high,no,no
2026-07-23T23:51:39-04:00,2026-07-23,AVGO,1730168,8-K,2020-06-26,0001730168-20-000126,"8.01,9.01",avgo-6262020x8xk1.htm,https://www.sec.gov/Archives/edgar/data/1730168/000173016820000126/avgo-6262020x8xk1.htm,f06209caf16680503c3cc5ad61192d00f4207c9c0c907fce30d5902cba2b7d64,no,yes,high,no,no
2026-07-23T23:51:39-04:00,2026-07-23,AVGO,1730168,10-Q,2020-06-12,0001730168-20-000109,,avgo-20200503.htm,https://www.sec.gov/Archives/edgar/data/1730168/000173016820000109/avgo-20200503.htm,23c0423ded011054f06da1b283be69dba82ce3f396f8644577ab894e18a291a3,no,yes,high,no,no
2026-07-23T23:51:39-04:00,2026-07-23,AVGO,1730168,8-K,2020-06-04,0001730168-20-000099,"2.02,8.01,9.01",avgo-20200604.htm,https://www.sec.gov/Archives/edgar/data/1730168/000173016820000099/avgo-20200604.htm,5279bcd8c5ce831b2498a4fc873ce9c5e69fb372f51f390dac0e44da067ebf5d,no,yes,high,no,no
2026-07-23T23:51:39-04:00,2026-07-23,AVGO,1730168,8-K,2020-06-03,0001193125-20-159573,"8.01,9.01",d905108d8k.htm,https://www.sec.gov/Archives/edgar/data/1730168/000119312520159573/d905108d8k.htm,08a6c8687d2dc06c36c5fa0e772cf2a12acbcdc8cd543342a619bb9bac1d566a,no,yes,high,no,no
2026-07-23T23:51:39-04:00,2026-07-23,AVGO,1730168,8-K,2020-05-21,0001193125-20-148648,"1.01,2.03,9.01",d933113d8k.htm,https://www.sec.gov/Archives/edgar/data/1730168/000119312520148648/d933113d8k.htm,232075bdc2461443ede93131ca84f6b6e1dd024db74859ea56a5990182c04274,no,yes,high,no,no
2026-07-23T23:51:39-04:00,2026-07-23,AVGO,1730168,8-K,2020-05-19,0001193125-20-146131,"8.01,9.01",d924258d8k.htm,https://www.sec.gov/Archives/edgar/data/1730168/000119312520146131/d924258d8k.htm,5566274297783dd93598213223679b143824bac3bc126ab8f929b48585498a0f,no,yes,high,no,no
2026-07-23T23:51:39-04:00,2026-07-23,AVGO,1730168,8-K,2020-05-08,0001193125-20-137528,"1.01,2.03,9.01",d921783d8k.htm,https://www.sec.gov/Archives/edgar/data/1730168/000119312520137528/d921783d8k.htm,4b47ef8d02ce0c111ba6871fb2bc1c54c78a2670b2744d75409f74612bf9c2d1,no,yes,high,no,no
2026-07-23T23:51:39-04:00,2026-07-23,AVGO,1730168,8-K,2020-05-06,0001193125-20-134440,"8.01,9.01",d925812d8k.htm,https://www.sec.gov/Archives/edgar/data/1730168/000119312520134440/d925812d8k.htm,2f3e8b996cb3845102118a26bd9e716e73db9f108441e58e2f97acdc87889149,no,yes,high,no,no
2026-07-23T23:51:39-04:00,2026-07-23,AVGO,1730168,8-K,2020-05-05,0001193125-20-133159,"8.01,9.01",d925377d8k.htm,https://www.sec.gov/Archives/edgar/data/1730168/000119312520133159/d925377d8k.htm,48b0b8cb6e136d2ef4ade5417f6c31b429ad95b665b180586a23e3d212861677,no,yes,high,no,no
2026-07-23T23:51:39-04:00,2026-07-23,AVGO,1730168,8-K,2020-04-22,0001193125-20-114389,"8.01,9.01",d887068d8k.htm,https://www.sec.gov/Archives/edgar/data/1730168/000119312520114389/d887068d8k.htm,6b48d486e1fdc3d207ee13f2358e8ff5cb97c4d1a84689a8c768e1e37b34aa06,no,yes,high,no,no
2026-07-23T23:51:39-04:00,2026-07-23,AVGO,1730168,8-K,2020-04-15,0001193125-20-107418,"8.01,9.01",d884488d8k.htm,https://www.sec.gov/Archives/edgar/data/1730168/000119312520107418/d884488d8k.htm,deb7cd5ecd79845493c513a000bec62f47de23a68bea3d25d0558bc46dd44eda,no,yes,high,no,no
2026-07-23T23:51:39-04:00,2026-07-23,AVGO,1730168,8-K,2020-04-09,0001193125-20-102580,"1.01,2.03,9.01",d823740d8k.htm,https://www.sec.gov/Archives/edgar/data/1730168/000119312520102580/d823740d8k.htm,94e9e62fddfe980e9776ceb0887a1865f1f301b606041d8d35932d803e80805a,no,yes,high,no,no
2026-07-23T23:51:39-04:00,2026-07-23,AVGO,1730168,8-K,2020-04-06,0001193125-20-099626,"8.01,9.01",d880388d8k.htm,https://www.sec.gov/Archives/edgar/data/1730168/000119312520099626/d880388d8k.htm,b9901a68c426afe45d3614b995ecfa3adba1f0709e5d92b015baf1c6024063c6,no,yes,high,no,no
2026-07-23T23:51:39-04:00,2026-07-23,AVGO,1730168,8-K,2020-04-06,0001193125-20-099090,"8.01,9.01",d914849d8k.htm,https://www.sec.gov/Archives/edgar/data/1730168/000119312520099090/d914849d8k.htm,155cac56778c8eaf53e9562d852af8bc389fd4bcafef8902dd89c9c8d498e79c,no,yes,high,no,no
2026-07-23T23:51:39-04:00,2026-07-23,AVGO,1730168,8-K,2020-03-31,0001193125-20-092827,5.07,d912081d8k.htm,https://www.sec.gov/Archives/edgar/data/1730168/000119312520092827/d912081d8k.htm,540b6d4cce29f4779c5b6e83d0dc106be00110ba369daff01c60f7dde7fdc66d,no,yes,medium,no,no
2026-07-23T23:51:39-04:00,2026-07-23,AVGO,1730168,10-Q,2020-03-13,0001730168-20-000045,,avgo-02022020x10q.htm,https://www.sec.gov/Archives/edgar/data/1730168/000173016820000045/avgo-02022020x10q.htm,e1dba589be329a408690f4282ba1b4d27462c1a0c73f5f9951dc9730e7176a33,no,yes,high,no,no
2026-07-23T23:51:39-04:00,2026-07-23,AVGO,1730168,8-K,2020-03-12,0001193125-20-071608,"2.02,8.01,9.01",d859221d8k.htm,https://www.sec.gov/Archives/edgar/data/1730168/000119312520071608/d859221d8k.htm,235557b9a422d7232651cd921383137f9d6bedffb3246e2e032921868b929ef4,no,yes,high,no,no
2026-07-23T23:51:39-04:00,2026-07-23,AVGO,1730168,DEF 14A,2020-02-18,0001730168-20-000020,,a2020proxystatement.htm,https://www.sec.gov/Archives/edgar/data/1730168/000173016820000020/a2020proxystatement.htm,a0fbe5c72e0d0440d55da61333e2248676bd17125c1ec86855e28d721b1c612c,no,yes,medium,no,no
2026-07-23T23:51:39-04:00,2026-07-23,AVGO,1730168,8-K,2020-01-31,0001193125-20-021302,5.02,d856719d8k.htm,https://www.sec.gov/Archives/edgar/data/1730168/000119312520021302/d856719d8k.htm,2253b63631bd13c7cc26a8447ce5411320bf358af7050cb1bad52b3e5752210a,no,yes,high,no,no
2026-07-23T23:51:39-04:00,2026-07-23,AVGO,1730168,8-K,2020-01-23,0001193125-20-013100,7.01,d873855d8k.htm,https://www.sec.gov/Archives/edgar/data/1730168/000119312520013100/d873855d8k.htm,8f67b9d788ba77302a404b90c709b10e3df9b399d121faeebb576a5ba4bf9531,no,yes,high,no,no
2026-07-23T23:51:39-04:00,2026-07-23,AVGO,1730168,8-K,2020-01-13,0001193125-20-005998,5.02,d736640d8k.htm,https://www.sec.gov/Archives/edgar/data/1730168/000119312520005998/d736640d8k.htm,72c3f918af333949e51b60789a744f965cf0d567fa8c6f03d18bb9ae0fff6f66,no,yes,high,no,no
2026-07-23T23:51:39-04:00,2026-07-23,AVGO,1730168,8-K,2020-01-09,0001193125-20-004721,8.01,d864206d8k.htm,https://www.sec.gov/Archives/edgar/data/1730168/000119312520004721/d864206d8k.htm,d3e12eefd6ea7d800cce58faae53919bb71ee0e23abbb7d9f6faaa2f6eb99248,no,yes,high,no,no
2026-07-23T23:51:39-04:00,2026-07-23,AVGO,1730168,10-K,2019-12-20,0001730168-19-000144,,avgo-11032019x10k.htm,https://www.sec.gov/Archives/edgar/data/1730168/000173016819000144/avgo-11032019x10k.htm,52021d67d367db24e7db86f46dbf7be96a2f8c62d71d5a000c5f69a84c04e8b2,no,yes,high,no,no
2026-07-23T23:51:39-04:00,2026-07-23,AVGO,1730168,8-K,2019-12-12,0001193125-19-312797,"2.02,5.02,8.01,9.01",d845915d8k.htm,https://www.sec.gov/Archives/edgar/data/1730168/000119312519312797/d845915d8k.htm,2c007dc7f242ffc2b0a54c641202dfd0010dfb4034b15c346766b1070535936d,no,yes,high,no,no
2026-07-23T23:51:39-04:00,2026-07-23,AVGO,1730168,8-K,2019-11-04,0001193125-19-282605,"1.01,2.01,2.03,7.01,9.01",d808250d8k.htm,https://www.sec.gov/Archives/edgar/data/1730168/000119312519282605/d808250d8k.htm,39bfb5c456b6141648c16335fa5b841749b0b5427907dafaa2959eb7eb1845ef,no,yes,high,no,no
2026-07-23T23:51:39-04:00,2026-07-23,AVGO,1730168,8-K,2019-09-30,0001193125-19-258822,"3.03,5.03,8.01,9.01",d779141d8k.htm,https://www.sec.gov/Archives/edgar/data/1730168/000119312519258822/d779141d8k.htm,968ac5709a458f761861e09317e6ee6199dc4aee2cca7acaa90c15e035941f6e,no,yes,high,no,no
2026-07-23T23:51:39-04:00,2026-07-23,AVGO,1730168,424B5,2019-09-26,0001193125-19-255938,,d798262d424b5.htm,https://www.sec.gov/Archives/edgar/data/1730168/000119312519255938/d798262d424b5.htm,a0aa48647530b3a9a4bfc8b9d181493ebcfb03ea83ba15c8ab9a029e8286c971,no,yes,high,no,no
2026-07-23T23:51:39-04:00,2026-07-23,AVGO,1730168,424B5,2019-09-24,0001193125-19-253593,,d798262d424b5.htm,https://www.sec.gov/Archives/edgar/data/1730168/000119312519253593/d798262d424b5.htm,b74a4366f0637b440e5506b5301496938453a30141255702efade221dc4af0e7,no,yes,high,no,no
2026-07-23T23:51:39-04:00,2026-07-23,AVGO,1730168,8-K,2019-09-13,0001193125-19-244923,"5.02,9.01",d804066d8k.htm,https://www.sec.gov/Archives/edgar/data/1730168/000119312519244923/d804066d8k.htm,0e778110a2c5faa7055cdfa775208cd176731165d784a326f90bbfccb7a47e72,no,yes,high,no,no
2026-07-23T23:51:39-04:00,2026-07-23,AVGO,1730168,10-Q,2019-09-13,0001730168-19-000118,,avgo-08042019x10q.htm,https://www.sec.gov/Archives/edgar/data/1730168/000173016819000118/avgo-08042019x10q.htm,9068ff6570e865dd607e5daaa0d1fa791b4aaad8c58a2069350379144ce44eea,no,yes,high,no,no
2026-07-23T23:51:39-04:00,2026-07-23,AVGO,1730168,8-K,2019-09-12,0001193125-19-243919,"2.02,8.01,9.01",d800073d8k.htm,https://www.sec.gov/Archives/edgar/data/1730168/000119312519243919/d800073d8k.htm,8543a1e2cc021566dec236d3928fec3960d2531d26622339b984412a713ab713,no,yes,high,no,no
2026-07-23T23:51:39-04:00,2026-07-23,AVGO,1730168,8-K,2019-08-09,0001193125-19-217369,"1.01,7.01,8.01,9.01",d790567d8k.htm,https://www.sec.gov/Archives/edgar/data/1730168/000119312519217369/d790567d8k.htm,946d11e67d1a89536f891c3ae9daec8084cd86bfada928a87052676bc12a32ec,no,yes,high,no,no
2026-07-23T23:51:39-04:00,2026-07-23,AVGO,1730168,8-K,2019-06-26,0001193125-19-181599,7.01,d770606d8k.htm,https://www.sec.gov/Archives/edgar/data/1730168/000119312519181599/d770606d8k.htm,15bbacf034cfebe5045fae97a21d5d6849d9ce1dc15a91585c8171336f7811ab,no,yes,high,no,no
2026-07-23T23:51:39-04:00,2026-07-23,AVGO,1730168,10-Q,2019-06-14,0001730168-19-000101,,avgo-05052019x10q.htm,https://www.sec.gov/Archives/edgar/data/1730168/000173016819000101/avgo-05052019x10q.htm,216db14dfe3cfadb8f058aaffd802cde20cc42ada477b4c1be69894f3eed1513,no,yes,high,no,no
2026-07-23T23:51:39-04:00,2026-07-23,AVGO,1730168,8-K,2019-06-13,0001193125-19-172516,"2.02,5.02,8.01,9.01",d763344d8k.htm,https://www.sec.gov/Archives/edgar/data/1730168/000119312519172516/d763344d8k.htm,937ed643fa90202855ad68e11e10a9151425ef964bb6cfbcbcbf4d705327604d,no,yes,high,no,no
2026-07-23T23:51:39-04:00,2026-07-23,AVGO,1730168,8-K,2019-06-10,0001193125-19-169285,7.01,d763219d8k.htm,https://www.sec.gov/Archives/edgar/data/1730168/000119312519169285/d763219d8k.htm,2a54c2c4be84ced08e5ad639ebab05d013d54fd6356c23e98ee1e8ca10f46f98,no,yes,high,no,no
2026-07-23T23:51:39-04:00,2026-07-23,AVGO,1730168,8-K,2019-05-07,0001193125-19-139727,"1.01,1.02,2.03,9.01",d745761d8k.htm,https://www.sec.gov/Archives/edgar/data/1730168/000119312519139727/d745761d8k.htm,5b698e6f0c8525bcdbcf81e692ee7549ba16496493bd190f5a213d7f342b455f,no,yes,high,no,no
2026-07-23T23:51:39-04:00,2026-07-23,AVGO,1730168,8-K,2019-04-05,0001193125-19-099260,"1.01,2.03,9.01",d719856d8k.htm,https://www.sec.gov/Archives/edgar/data/1730168/000119312519099260/d719856d8k.htm,b93559c83866be517ae5134b491f43e210311e853c0cfaa979360df0e3255721,no,yes,high,no,no
2026-07-23T23:51:39-04:00,2026-07-23,AVGO,1730168,8-K,2019-04-01,0001193125-19-094751,"5.07,8.01,9.01",d730791d8k.htm,https://www.sec.gov/Archives/edgar/data/1730168/000119312519094751/d730791d8k.htm,259bc02071af8dd5a1cf0b116936b77efd2447c0bb4349597aba9029cbfa8c3a,no,yes,high,no,no
2026-07-23T23:51:39-04:00,2026-07-23,AVGO,1730168,10-Q,2019-03-15,0001730168-19-000036,,avgo-02032019x10q.htm,https://www.sec.gov/Archives/edgar/data/1730168/000173016819000036/avgo-02032019x10q.htm,0ffb52c220b1a94c3e45d2047bffef0742d921d5dc9eb6101a4141b8f048aae3,no,yes,high,no,no
2026-07-23T23:51:39-04:00,2026-07-23,AVGO,1730168,8-K,2019-03-14,0001193125-19-074832,"2.02,5.05,8.01,9.01",d642515d8k.htm,https://www.sec.gov/Archives/edgar/data/1730168/000119312519074832/d642515d8k.htm,6835d90ed08bf849169b9f84e473609deb2989012db6303a9b8a9049975f477e,no,yes,high,no,no
2026-07-23T23:51:39-04:00,2026-07-23,AVGO,1730168,DEF 14A,2019-02-19,0001193125-19-043540,,d676557ddef14a.htm,https://www.sec.gov/Archives/edgar/data/1730168/000119312519043540/d676557ddef14a.htm,4e1c8cb2be89f510b0447d918288847cb56cb52505e1102cbc20d7a3bac4bcbb,no,yes,medium,no,no
2026-07-23T23:51:39-04:00,2026-07-23,AVGO,1730168,8-K,2019-01-25,0001193125-19-017097,"1.01,8.01,9.01",d684347d8k.htm,https://www.sec.gov/Archives/edgar/data/1730168/000119312519017097/d684347d8k.htm,c5e5d16e334f01004ae2161f8f83f451be9a5a3c41e86427c7df42c67cae69a3,no,yes,high,no,no
2026-07-23T23:51:39-04:00,2026-07-23,AVGO,1730168,8-K,2019-01-14,0001193125-19-008372,5.02,d691429d8k.htm,https://www.sec.gov/Archives/edgar/data/1730168/000119312519008372/d691429d8k.htm,4d18548c73509778943531d681e6e7fb1d9f11137ec26df06f7d65e547aaf6ac,no,yes,high,no,no
2026-07-23T23:51:39-04:00,2026-07-23,AVGO,1730168,8-K,2019-01-09,0001193125-19-004970,5.02,d673020d8k.htm,https://www.sec.gov/Archives/edgar/data/1730168/000119312519004970/d673020d8k.htm,1d56cb0c575a3ba9630d617c9eccc515f4a974e975c26fe0dae9450a33688956,no,yes,high,no,no
2026-07-23T23:51:39-04:00,2026-07-23,AVGO,1730168,10-K,2018-12-21,0001730168-18-000084,,avgo-11042018x10k.htm,https://www.sec.gov/Archives/edgar/data/1730168/000173016818000084/avgo-11042018x10k.htm,fce2a141b5aa6123ea8901b02c900b6b8ce90f4653f7b16884f6b15492cfbb37,no,yes,high,no,no
2026-07-23T23:51:39-04:00,2026-07-23,AVGO,1730168,8-K,2018-12-06,0001193125-18-343743,"2.02,5.02,8.01,9.01",d665420d8k.htm,https://www.sec.gov/Archives/edgar/data/1730168/000119312518343743/d665420d8k.htm,ae83d8652378170ccd7be04230fa71e6ae9dc07a0155c0e110cc47e1735026d7,no,yes,high,no,no
2026-07-23T23:51:39-04:00,2026-07-23,AVGO,1730168,8-K,2018-11-05,0001193125-18-317917,"1.01,2.01,2.03,7.01,8.01,9.01",d648705d8k.htm,https://www.sec.gov/Archives/edgar/data/1730168/000119312518317917/d648705d8k.htm,2f7cd82210571ebd469e375a8c46758952ddf375b1ab7686ebefd1e95d2c3245,no,yes,high,no,no
2026-07-23T23:51:39-04:00,2026-07-23,AVGO,1730168,8-K,2018-10-12,0001193125-18-298363,8.01,d644667d8k.htm,https://www.sec.gov/Archives/edgar/data/1730168/000119312518298363/d644667d8k.htm,6c68141502c88819982c912d7e843d93f973e6d09c7ae3e430161a5619e3eea7,no,yes,high,no,no
2026-07-23T23:51:39-04:00,2026-07-23,AVGO,1730168,10-Q,2018-09-13,0001730168-18-000039,,avgo-08052018x10q.htm,https://www.sec.gov/Archives/edgar/data/1730168/000173016818000039/avgo-08052018x10q.htm,1e324b7aa48466112342cd7a33ae59f1ea05b3ed2acfef09710a70bb523d9eb3,no,yes,high,no,no
2026-07-23T23:51:39-04:00,2026-07-23,AVGO,1730168,8-K,2018-09-07,0001193125-18-269288,"7.01,9.01",d619978d8k.htm,https://www.sec.gov/Archives/edgar/data/1730168/000119312518269288/d619978d8k.htm,2f54017f5cfedd20f1846bb9524cf97e4682e85e7cd4b5bcdc6bd1eba7bbfc0c,no,yes,high,no,no
2026-07-23T23:51:39-04:00,2026-07-23,AVGO,1730168,8-K,2018-09-06,0001730168-18-000036,"2.02,7.01,8.01,9.01",avgo-08052018x8k.htm,https://www.sec.gov/Archives/edgar/data/1730168/000173016818000036/avgo-08052018x8k.htm,9c02c49ea99a20365fed25308e2b8c88648d7e62be86fe6aeb59e405008c4ca2,no,yes,high,no,no
2026-07-23T23:51:39-04:00,2026-07-23,AVGO,1730168,8-K,2018-08-24,0001193125-18-257622,"8.01,9.01",d614644d8k.htm,https://www.sec.gov/Archives/edgar/data/1730168/000119312518257622/d614644d8k.htm,14e551165699951911dbddb41ed2b8e8a2120a7fd8c9b4511b2aa2cbcd6e19de,no,yes,high,no,no
2026-07-23T23:51:39-04:00,2026-07-23,AVGO,1730168,8-K,2018-07-12,0001193125-18-216419,"1.01,5.02,7.01,8.01,9.01",d431012d8k.htm,https://www.sec.gov/Archives/edgar/data/1730168/000119312518216419/d431012d8k.htm,ed393d8d9aad9991cacf4f1148280510e3dbe7088decc1334bd73fae6a3f568e,no,yes,high,no,no
2026-07-23T23:51:39-04:00,2026-07-23,AVGO,1730168,S-3ASR,2018-06-14,0001193125-18-193125,,d561083ds3asr.htm,https://www.sec.gov/Archives/edgar/data/1730168/000119312518193125/d561083ds3asr.htm,2643a8aee9463600f634ea3a77ffbeaae3abddf2dc8fd1caf59b425f57aed1e9,no,yes,high,no,no
2026-07-23T23:51:39-04:00,2026-07-23,AVGO,1730168,10-Q,2018-06-14,0001730168-18-000019,,avgo-05062018x10q.htm,https://www.sec.gov/Archives/edgar/data/1730168/000173016818000019/avgo-05062018x10q.htm,803c1c81276e5d1c07d861febbda9f6999da5c69f8ffcad882842161ed046829,no,yes,high,no,no
2026-07-23T23:51:39-04:00,2026-07-23,AVGO,1730168,8-K,2018-06-07,0001193125-18-186769,"2.02,8.01,9.01",d589424d8k.htm,https://www.sec.gov/Archives/edgar/data/1730168/000119312518186769/d589424d8k.htm,52479814b2346817bf9e3e6950490b534d937645ad4553bb6de877d504a965f7,no,yes,high,no,no
2026-07-23T23:51:39-04:00,2026-07-23,AVGO,1730168,8-K,2018-04-30,0001193125-18-143404,"7.01,9.01",d544654d8k.htm,https://www.sec.gov/Archives/edgar/data/1730168/000119312518143404/d544654d8k.htm,06bc5e6b3374197762ca580ee26109eb61cb7360b33c9844c11d29c3860871ff,no,yes,high,no,no
2026-07-23T23:51:39-04:00,2026-07-23,AVGO,1730168,8-K,2018-04-12,0001193125-18-115599,"8.01,9.01",d555239d8k.htm,https://www.sec.gov/Archives/edgar/data/1730168/000119312518115599/d555239d8k.htm,cf8238e68e1f5fd82a84a485ea9e7920c46a57b20e8b5104188865e37b330dc9,no,yes,high,no,no
2026-07-23T23:51:39-04:00,2026-07-23,AVGO,1730168,8-K,2018-04-09,0001193125-18-111706,"1.01,9.01",d562929d8k.htm,https://www.sec.gov/Archives/edgar/data/1730168/000119312518111706/d562929d8k.htm,7b3b60caaa2f02f83e0fa0062101f14b09375baf9bf98ffee796a673f833ab5f,no,yes,high,no,no
2026-07-23T23:51:39-04:00,2026-07-23,AVGO,1730168,8-K,2018-03-26,0001193125-18-095153,8.01,d558804d8k.htm,https://www.sec.gov/Archives/edgar/data/1730168/000119312518095153/d558804d8k.htm,9805a95ccf967aef39c807bde9626159eb18224f3906254769fed8aa9d55194f,no,yes,high,no,no
2026-07-23T23:51:39-04:00,2026-07-23,AVGO,1730168,8-K,2018-03-23,0001193125-18-094342,"5.03,9.01",d548679d8k.htm,https://www.sec.gov/Archives/edgar/data/1730168/000119312518094342/d548679d8k.htm,5e0db1aa6ceb5e9988114ddce138f1bc2d9c2eec3c9e3aae6bc728297e4dc396,no,yes,medium,no,no
2026-07-23T23:51:39-04:00,2026-07-23,AVGO,1730168,424B3,2018-03-09,0001193125-18-077148,,d510045d424b3.htm,https://www.sec.gov/Archives/edgar/data/1730168/000119312518077148/d510045d424b3.htm,d1b7216be22c6573d940346d6eff9e54b76834453a1e0f347c9e47faaef9dcc7,no,yes,high,no,no
2026-07-23T23:51:39-04:00,2026-07-23,IOT,1642896,8-K,2026-07-23,0001628280-26-049446,5.07,iot-20260722.htm,https://www.sec.gov/Archives/edgar/data/1642896/000162828026049446/iot-20260722.htm,517965b31e4924f18729ab632cb3ee0eabcddc8a24adcbc9be5c33572e92a79f,no,yes,medium,no,no
2026-07-23T23:51:39-04:00,2026-07-23,IOT,1642896,10-Q,2026-06-09,0001628280-26-041893,,iot-20260502.htm,https://www.sec.gov/Archives/edgar/data/1642896/000162828026041893/iot-20260502.htm,3461221170b93450347b28bddd3fef686e9f783ada9252448d7a877918210396,no,yes,high,no,no
2026-07-23T23:51:39-04:00,2026-07-23,IOT,1642896,8-K,2026-06-04,0001628280-26-040788,"2.02,9.01",iot-20260604.htm,https://www.sec.gov/Archives/edgar/data/1642896/000162828026040788/iot-20260604.htm,d698862a6967b8a29a6d5bbff913dd3c4f355650a9534356444b6a5ba62423be,no,yes,high,no,no
2026-07-23T23:51:39-04:00,2026-07-23,IOT,1642896,DEF 14A,2026-06-01,0001628280-26-039492,,iot-20260601.htm,https://www.sec.gov/Archives/edgar/data/1642896/000162828026039492/iot-20260601.htm,7b29f6ad20c6c882a4f0550f77f578ce47cb7500786187d7498d941e06f26696,no,yes,medium,no,no
2026-07-23T23:51:39-04:00,2026-07-23,IOT,1642896,8-K,2026-06-01,0001628280-26-039465,"3.03,5.03,9.01",iot-20260601.htm,https://www.sec.gov/Archives/edgar/data/1642896/000162828026039465/iot-20260601.htm,b74ee351e809fc71b39191e63c9ea760dc71db009f9f344e2cbb71417b8c74bc,no,yes,medium,no,no
2026-07-23T23:51:39-04:00,2026-07-23,IOT,1642896,8-K,2026-05-01,0001193125-26-201457,5.07,d69859d8k.htm,https://www.sec.gov/Archives/edgar/data/1642896/000119312526201457/d69859d8k.htm,5672fc02e22d150fe533291b50e8eed4c305ed5c1684603f1fa32727778ecb91,no,yes,medium,no,no
2026-07-23T23:51:39-04:00,2026-07-23,IOT,1642896,10-K,2026-03-16,0001628280-26-018167,,iot-20260131.htm,https://www.sec.gov/Archives/edgar/data/1642896/000162828026018167/iot-20260131.htm,2ec1c15916b3fdd9f0fca1f3fce1ee500c6c55e188a308163bf504c0d2e3e15d,no,yes,high,no,no
2026-07-23T23:51:39-04:00,2026-07-23,IOT,1642896,8-K,2026-03-05,0001628280-26-015170,"2.02,9.01",iot-20260305.htm,https://www.sec.gov/Archives/edgar/data/1642896/000162828026015170/iot-20260305.htm,0289402e0619ae1c9057ad35d566854a6d9cd4f58213ccfbbf80462c93f64f20,no,yes,high,no,no
2026-07-23T23:51:39-04:00,2026-07-23,IOT,1642896,8-K,2026-01-06,0001628280-26-000886,8.01,iot-20260106.htm,https://www.sec.gov/Archives/edgar/data/1642896/000162828026000886/iot-20260106.htm,789744384c08dfe7d0ec4bab25e0f3bf69ee3d2f7a3dec408131ed50e29d8d63,no,yes,high,no,no
2026-07-23T23:51:39-04:00,2026-07-23,IOT,1642896,10-Q,2025-12-09,0001628280-25-056069,,iot-20251101.htm,https://www.sec.gov/Archives/edgar/data/1642896/000162828025056069/iot-20251101.htm,f0f3a6443d04f93c18f3d3acee215a512e026eb2b46c6ab278cb836a76d91def,no,yes,high,no,no
2026-07-23T23:51:39-04:00,2026-07-23,IOT,1642896,8-K,2025-12-04,0001628280-25-055355,"2.02,9.01",iot-20251204.htm,https://www.sec.gov/Archives/edgar/data/1642896/000162828025055355/iot-20251204.htm,03de58e541471b68d2a4e0200561e2575076b0cb69ad4d50363f4ebf31e3a2b9,no,yes,high,no,no
2026-07-23T23:51:39-04:00,2026-07-23,IOT,1642896,10-Q,2025-09-09,0001642896-25-000074,,iot-20250802.htm,https://www.sec.gov/Archives/edgar/data/1642896/000164289625000074/iot-20250802.htm,97110cddfcb80cca953c97fabc62c764afaf9d10b69ab7b4cd2fa3be801b478c,no,yes,high,no,no
2026-07-23T23:51:39-04:00,2026-07-23,IOT,1642896,8-K,2025-09-04,0001642896-25-000070,"2.02,9.01",iot-20250904.htm,https://www.sec.gov/Archives/edgar/data/1642896/000164289625000070/iot-20250904.htm,5f293511b84a692fd72feb24d2f70350d2f0c7a7956d74e731b26746cf0a002d,no,yes,high,no,no
2026-07-23T23:51:39-04:00,2026-07-23,IOT,1642896,8-K,2025-08-21,0001642896-25-000066,"5.02,9.01",iot-20250816.htm,https://www.sec.gov/Archives/edgar/data/1642896/000164289625000066/iot-20250816.htm,22e88cb59b7c32c5094679cd295d9dffe169e3d228a5cdb30b1537f835cf26b1,no,yes,high,no,no
2026-07-23T23:51:39-04:00,2026-07-23,IOT,1642896,8-K,2025-07-31,0001628280-25-037009,5.07,iot-20250729.htm,https://www.sec.gov/Archives/edgar/data/1642896/000162828025037009/iot-20250729.htm,aa4b776d19fe160df3b7dbc0b7e73bb6596fc7140c0ac8bcf141d2c0f0b5eb60,no,yes,medium,no,no
2026-07-23T23:51:39-04:00,2026-07-23,IOT,1642896,10-Q,2025-06-10,0001642896-25-000058,,iot-20250503.htm,https://www.sec.gov/Archives/edgar/data/1642896/000164289625000058/iot-20250503.htm,afbb2fb4cd78e7483b803eb5008b7aebf602d3105303771847f5fcd572814214,no,yes,high,no,no
2026-07-23T23:51:39-04:00,2026-07-23,IOT,1642896,8-K,2025-06-05,0001642896-25-000053,"2.02,9.01",iot-20250605.htm,https://www.sec.gov/Archives/edgar/data/1642896/000164289625000053/iot-20250605.htm,3ccabab48c268527718b5c38f59d574b1e5dafba4ab3d17b98ca75b52458381a,no,yes,high,no,no
2026-07-23T23:51:39-04:00,2026-07-23,IOT,1642896,DEF 14A,2025-06-02,0001642896-25-000046,,iot-20250602.htm,https://www.sec.gov/Archives/edgar/data/1642896/000164289625000046/iot-20250602.htm,b62165305e915d10dc1b566c7a6c544c5b151404af4e545300066bd75e1ae2dd,no,yes,medium,no,no
2026-07-23T23:51:39-04:00,2026-07-23,IOT,1642896,8-K,2025-03-28,0001642896-25-000029,5.02,iot-20250325.htm,https://www.sec.gov/Archives/edgar/data/1642896/000164289625000029/iot-20250325.htm,f28a30fb8139a34528c84f693661fe118b8b0c395feb415b1d8af33196cd1b52,no,yes,high,no,no
2026-07-23T23:51:39-04:00,2026-07-23,IOT,1642896,10-K,2025-03-25,0001642896-25-000022,,iot-20250201.htm,https://www.sec.gov/Archives/edgar/data/1642896/000164289625000022/iot-20250201.htm,2073bba2ff51da3d3764f7d3e9f2adff28c71eefed0dac9c11834ccd5a4b1c05,no,yes,high,no,no
2026-07-23T23:51:39-04:00,2026-07-23,IOT,1642896,8-K,2025-03-06,0001642896-25-000007,"2.02,5.02,9.01",iot-20250303.htm,https://www.sec.gov/Archives/edgar/data/1642896/000164289625000007/iot-20250303.htm,3736d428aa572ede29489798db51da8c56a0a8df7fc129d68977ab7c4b75709d,no,yes,high,no,no
2026-07-23T23:51:39-04:00,2026-07-23,IOT,1642896,8-K,2025-01-03,0001642896-25-000004,8.01,iot-20250103.htm,https://www.sec.gov/Archives/edgar/data/1642896/000164289625000004/iot-20250103.htm,6fc696b01e1c610dc891fa12a8daa56fa06cd0a3234833e5fb6578add1bbf3c1,no,yes,high,no,no
2026-07-23T23:51:39-04:00,2026-07-23,IOT,1642896,10-Q,2024-12-10,0001642896-24-000076,,iot-20241102.htm,https://www.sec.gov/Archives/edgar/data/1642896/000164289624000076/iot-20241102.htm,ed8b9b62e2f8b02731af100a902ad3489a701fe5767e14aa58e77ea2727b90f4,no,yes,high,no,no
2026-07-23T23:51:39-04:00,2026-07-23,IOT,1642896,8-K,2024-12-05,0001642896-24-000073,"2.02,9.01",iot-20241205.htm,https://www.sec.gov/Archives/edgar/data/1642896/000164289624000073/iot-20241205.htm,013a314bd62bc5443481f6a642265de0f5b5750bb000a3788f25abfdf6fdc810,no,yes,high,no,no
2026-07-23T23:51:39-04:00,2026-07-23,IOT,1642896,10-Q,2024-09-10,0001642896-24-000064,,iot-20240803.htm,https://www.sec.gov/Archives/edgar/data/1642896/000164289624000064/iot-20240803.htm,c617dbbb57e04f236b32ab254c641e96b40a4017fcfc2153a9f905b35b5dd3e8,no,yes,high,no,no
2026-07-23T23:51:39-04:00,2026-07-23,IOT,1642896,8-K,2024-09-05,0001642896-24-000059,"2.02,9.01",iot-20240905.htm,https://www.sec.gov/Archives/edgar/data/1642896/000164289624000059/iot-20240905.htm,5f8728582e4550b3983280852e2da8675c546f802d05626fae5156f8ccab7df6,no,yes,high,no,no
2026-07-23T23:51:39-04:00,2026-07-23,IOT,1642896,8-K,2024-08-07,0001642896-24-000053,"5.02,9.01",iot-20240801.htm,https://www.sec.gov/Archives/edgar/data/1642896/000164289624000053/iot-20240801.htm,1a537c2433979ceb562136a978ea1bb360ab25915146ad7d0a4c8d548884dc0f,no,yes,high,no,no
2026-07-23T23:51:39-04:00,2026-07-23,IOT,1642896,8-K,2024-07-11,0001642896-24-000050,5.07,iot-20240710.htm,https://www.sec.gov/Archives/edgar/data/1642896/000164289624000050/iot-20240710.htm,fcc5ddfa78423f8802850680d833d1ace965ee53e49093e5c66e4c74561f3fdc,no,yes,medium,no,no
2026-07-23T23:51:39-04:00,2026-07-23,IOT,1642896,10-Q,2024-06-11,0001642896-24-000047,,iot-20240504.htm,https://www.sec.gov/Archives/edgar/data/1642896/000164289624000047/iot-20240504.htm,2a8af8c4dd0223e7a1828b04c89c3eb26cb245ed4b3476704034f41366475e3c,no,yes,high,no,no
2026-07-23T23:51:39-04:00,2026-07-23,IOT,1642896,8-K,2024-06-06,0001642896-24-000041,"2.02,9.01",iot-20240606.htm,https://www.sec.gov/Archives/edgar/data/1642896/000164289624000041/iot-20240606.htm,63232d6901806d5c95417f9deb55536319c95695fe74a955b71a65d20abd3623,no,yes,high,no,no
2026-07-23T23:51:39-04:00,2026-07-23,IOT,1642896,DEF 14A,2024-05-29,0001642896-24-000034,,iot-20240529.htm,https://www.sec.gov/Archives/edgar/data/1642896/000164289624000034/iot-20240529.htm,c0ad97d04a5a857a1a2ff6e41a1898438568e8942c22ffc15b8bac03ea845513,no,yes,medium,no,no
2026-07-23T23:51:39-04:00,2026-07-23,IOT,1642896,10-K,2024-03-26,0001642896-24-000016,,iot-20240203.htm,https://www.sec.gov/Archives/edgar/data/1642896/000164289624000016/iot-20240203.htm,8f26fb9f3cad8648ca00dff352789cb4eda9e106cf051504cbe020fdb20659ff,no,yes,high,no,no
2026-07-23T23:51:39-04:00,2026-07-23,IOT,1642896,8-K,2024-03-07,0001642896-24-000008,"2.02,9.01",iot-20240307.htm,https://www.sec.gov/Archives/edgar/data/1642896/000164289624000008/iot-20240307.htm,6ff4b005afb3e16e7606f2db17a73454abd0522438e9d60fdbb265b80c2fc563,no,yes,high,no,no
2026-07-23T23:51:39-04:00,2026-07-23,IOT,1642896,8-K,2024-01-02,0001642896-24-000002,8.01,iot-20240102.htm,https://www.sec.gov/Archives/edgar/data/1642896/000164289624000002/iot-20240102.htm,42b8763a7a9b39abfe2486bf5bb6f08d67e75bad0e07a465baf1d8f49459efd4,no,yes,high,no,no
2026-07-23T23:51:39-04:00,2026-07-23,IOT,1642896,10-Q,2023-12-05,0001642896-23-000087,,iot-20231028.htm,https://www.sec.gov/Archives/edgar/data/1642896/000164289623000087/iot-20231028.htm,e1019a3486876bbac538d04d96159e2140118a110ff72edd0e9e89a7410d8947,no,yes,high,no,no
2026-07-23T23:51:39-04:00,2026-07-23,IOT,1642896,8-K,2023-11-30,0001642896-23-000082,"2.02,9.01",iot-20231130.htm,https://www.sec.gov/Archives/edgar/data/1642896/000164289623000082/iot-20231130.htm,0b48499cb0de7eb7d0a11b5148ca7ccd268d1748e689478e68d2a1e77bf40e32,no,yes,high,no,no
2026-07-23T23:51:39-04:00,2026-07-23,IOT,1642896,10-Q,2023-09-05,0001642896-23-000075,,iot-20230729.htm,https://www.sec.gov/Archives/edgar/data/1642896/000164289623000075/iot-20230729.htm,ceb3a0710e222f37a4747f0de9de78c4fc648e98dfe02dcfde016ce5e768b741,no,yes,high,no,no
2026-07-23T23:51:39-04:00,2026-07-23,IOT,1642896,8-K,2023-08-31,0001642896-23-000071,"2.02,9.01",iot-20230831.htm,https://www.sec.gov/Archives/edgar/data/1642896/000164289623000071/iot-20230831.htm,99574baf776e31bd021e3f368b82877f503e1d20dba1b77ebe2da482356e036c,no,yes,high,no,no
2026-07-23T23:51:39-04:00,2026-07-23,IOT,1642896,8-K,2023-08-08,0001642896-23-000067,"5.02,9.01",iot-20230804.htm,https://www.sec.gov/Archives/edgar/data/1642896/000164289623000067/iot-20230804.htm,bd4fc1095a620a36e3cf59711dfa5d393229f912f5a737ceb65958271e7e8645,no,yes,high,no,no
2026-07-23T23:51:39-04:00,2026-07-23,IOT,1642896,8-K,2023-06-30,0001642896-23-000063,"5.02,5.07",iot-20230629.htm,https://www.sec.gov/Archives/edgar/data/1642896/000164289623000063/iot-20230629.htm,55fcac1e06789195d24a6712f7ed4630574f620d9feffadbd2e85c99ea70277a,no,yes,high,no,no
2026-07-23T23:51:39-04:00,2026-07-23,IOT,1642896,10-Q,2023-06-06,0001642896-23-000060,,iot-20230429.htm,https://www.sec.gov/Archives/edgar/data/1642896/000164289623000060/iot-20230429.htm,3c692510f03f6e07602ef2e18827de6400463350f1a66e8af83e5c15581dc7e0,no,yes,high,no,no
2026-07-23T23:51:39-04:00,2026-07-23,IOT,1642896,8-K,2023-06-01,0001642896-23-000053,"2.02,5.02,9.01",iot-20230530.htm,https://www.sec.gov/Archives/edgar/data/1642896/000164289623000053/iot-20230530.htm,0de1157e0e0a7fa63f3fbe0298f5ba9a16a7282b156ca720970d59f9613b51cc,no,yes,high,no,no
2026-07-23T23:51:39-04:00,2026-07-23,IOT,1642896,DEF 14A,2023-05-18,0001642896-23-000044,,iot-20230517.htm,https://www.sec.gov/Archives/edgar/data/1642896/000164289623000044/iot-20230517.htm,3f19c09690bb218d479e6bc35c3a5ff97d4d57c553648e1f34c049cf3a341f15,no,yes,medium,no,no
2026-07-23T23:51:39-04:00,2026-07-23,IOT,1642896,10-K,2023-03-21,0001642896-23-000016,,iot-20230128.htm,https://www.sec.gov/Archives/edgar/data/1642896/000164289623000016/iot-20230128.htm,5d08f3e290177325e97c3623c700be84fc8a7241bd464e064787dca14d68eeac,no,yes,high,no,no
2026-07-23T23:51:39-04:00,2026-07-23,IOT,1642896,8-K,2023-03-02,0001642896-23-000010,"2.02,9.01",iot-20230302.htm,https://www.sec.gov/Archives/edgar/data/1642896/000164289623000010/iot-20230302.htm,699034a9be6c06bb976fa170c037042b421c01b518ca2939b8603d71914ff148,no,yes,high,no,no
2026-07-23T23:51:39-04:00,2026-07-23,IOT,1642896,8-K,2023-01-03,0001642896-23-000004,8.01,iot-20230103.htm,https://www.sec.gov/Archives/edgar/data/1642896/000164289623000004/iot-20230103.htm,f6fec672498a7a5ae5d180aa86f4f11bc0d14966dd7bc0cf4b5fdc8e4b18a615,no,yes,high,no,no
2026-07-23T23:51:39-04:00,2026-07-23,MU,723125,10-Q,2026-06-25,0000723125-26-000015,,mu-20260528.htm,https://www.sec.gov/Archives/edgar/data/723125/000072312526000015/mu-20260528.htm,6e616137e26f99ec4439ddc11a4790934bafbd9d56b591f9d1c2e0035ddd2034,no,yes,high,no,no
2026-07-23T23:51:39-04:00,2026-07-23,MU,723125,8-K,2026-06-24,0000723125-26-000013,"2.02,9.01",mu-20260624.htm,https://www.sec.gov/Archives/edgar/data/723125/000072312526000013/mu-20260624.htm,5ea28994a2070fdf99db46ebb493ac98ffc29364d8c17da5ab8092cba252de61,no,yes,high,no,no
2026-07-23T23:51:39-04:00,2026-07-23,MU,723125,8-K,2026-06-09,0001104659-26-071845,"5.02,9.01",tm2617112d1_8k.htm,https://www.sec.gov/Archives/edgar/data/723125/000110465926071845/tm2617112d1_8k.htm,4c5e673c676f36ea24b5253ca314b416de223c5a5dfda9f2812142f13d133123,no,yes,high,no,no
2026-07-23T23:51:39-04:00,2026-07-23,MU,723125,8-K,2026-04-01,0001104659-26-038249,"8.01,9.01",tm2610810d1_8k.htm,https://www.sec.gov/Archives/edgar/data/723125/000110465926038249/tm2610810d1_8k.htm,499a6c5d7609bd8e6fd7f7b0fee417d38e1f45aad27e7358c92740af0c7344dc,no,yes,high,no,no
2026-07-23T23:51:39-04:00,2026-07-23,MU,723125,8-K,2026-03-25,0001104659-26-034174,"8.01,9.01",tm269755d1_8k.htm,https://www.sec.gov/Archives/edgar/data/723125/000110465926034174/tm269755d1_8k.htm,93e31d3ca9992e178b9abdd2323249aa01e8afa6a009143ab9442f8b8351f4e6,no,yes,high,no,no
2026-07-23T23:51:39-04:00,2026-07-23,MU,723125,10-Q,2026-03-19,0000723125-26-000006,,mu-20260226.htm,https://www.sec.gov/Archives/edgar/data/723125/000072312526000006/mu-20260226.htm,d46948f2297f252ac17b58abb0163c1be8d6985365d4189d48e3cdfc45907dff,no,yes,high,no,no
2026-07-23T23:51:39-04:00,2026-07-23,MU,723125,8-K,2026-03-18,0000723125-26-000004,"2.02,9.01",mu-20260318.htm,https://www.sec.gov/Archives/edgar/data/723125/000072312526000004/mu-20260318.htm,c0971bac69e9497785a068a81e69d1bd728e164a1f1f5a8559cefa686d50d049,no,yes,high,no,no
2026-07-23T23:51:39-04:00,2026-07-23,MU,723125,8-K,2026-01-21,0001104659-26-005366,"5.03,5.07,9.01",tm263707d1_8k.htm,https://www.sec.gov/Archives/edgar/data/723125/000110465926005366/tm263707d1_8k.htm,90e9a90de8e644e22509803d33159afbdbbf7c9063f56c6906169f450be2e85f,no,yes,medium,no,no
2026-07-23T23:51:39-04:00,2026-07-23,MU,723125,10-Q,2025-12-18,0000723125-25-000046,,mu-20251127.htm,https://www.sec.gov/Archives/edgar/data/723125/000072312525000046/mu-20251127.htm,dec1629d0f1a023c665e87a3c984d73fe72bab04b13bde813b5ec7cc8fe666bd,no,yes,high,no,no
2026-07-23T23:51:39-04:00,2026-07-23,MU,723125,8-K,2025-12-17,0000723125-25-000044,"2.02,9.01",mu-20251217.htm,https://www.sec.gov/Archives/edgar/data/723125/000072312525000044/mu-20251217.htm,71319085c5006781ccba029c7886ae7856f37dff901e5137437bd29119484bff,no,yes,high,no,no
2026-07-23T23:51:39-04:00,2026-07-23,MU,723125,DEF 14A,2025-11-25,0000723125-25-000038,,mu-20251125.htm,https://www.sec.gov/Archives/edgar/data/723125/000072312525000038/mu-20251125.htm,c0b3f3ab45d1a9684c3ad86bc7cd938d525622f460cc7d63b12124defd90c183,no,yes,medium,no,no
2026-07-23T23:51:39-04:00,2026-07-23,MU,723125,8-K,2025-10-21,0001104659-25-101237,"5.02,9.01",tm2529116d1_8k.htm,https://www.sec.gov/Archives/edgar/data/723125/000110465925101237/tm2529116d1_8k.htm,f092d32ed132374e20cd7874ff16697975dd65ddfb785db564bb3cd54334c12e,no,yes,high,no,no
2026-07-23T23:51:39-04:00,2026-07-23,MU,723125,10-K,2025-10-03,0000723125-25-000028,,mu-20250828.htm,https://www.sec.gov/Archives/edgar/data/723125/000072312525000028/mu-20250828.htm,a7608b5fecf90352ff2186f58dc2d28ad00fdc11cabe074105e58a516590ca5a,no,yes,high,no,no
2026-07-23T23:51:39-04:00,2026-07-23,MU,723125,8-K,2025-09-23,0000723125-25-000024,"2.02,9.01",mu-20250923.htm,https://www.sec.gov/Archives/edgar/data/723125/000072312525000024/mu-20250923.htm,8c7497d0effe1a5162b0203fc9e8b55346d5dfef5168c72b09bf30fa21227686,no,yes,high,no,no
2026-07-23T23:51:39-04:00,2026-07-23,MU,723125,8-K,2025-08-11,0001104659-25-075940,"7.01,9.01",tm2522933d1_8k.htm,https://www.sec.gov/Archives/edgar/data/723125/000110465925075940/tm2522933d1_8k.htm,78d8bc2d9cc08bad0f435066569849cd9fac3fd82a1fb1a7f0bbdfe0bc2a967f,no,yes,high,no,no
2026-07-23T23:51:39-04:00,2026-07-23,MU,723125,8-K,2025-07-18,0001104659-25-069019,"5.03,9.01",tm2521153d1_8k.htm,https://www.sec.gov/Archives/edgar/data/723125/000110465925069019/tm2521153d1_8k.htm,664f0b903482123eebef9921b04a2b1e4a669529dbf3016e2305ffa797ee428b,no,yes,medium,no,no
2026-07-23T23:51:39-04:00,2026-07-23,MU,723125,10-Q,2025-06-26,0000723125-25-000021,,mu-20250529.htm,https://www.sec.gov/Archives/edgar/data/723125/000072312525000021/mu-20250529.htm,4b4ea429b0b2fea45010bb1a91d2b016cfdacb3bf4d83ab3657b0212da8b5fab,no,yes,high,no,no
2026-07-23T23:51:39-04:00,2026-07-23,MU,723125,8-K,2025-06-25,0000723125-25-000019,"2.02,9.01",mu-20250625.htm,https://www.sec.gov/Archives/edgar/data/723125/000072312525000019/mu-20250625.htm,f7221e48804d5a4aef037b3fc7bf21e35f647ed0c922389c7057795556a46608,no,yes,high,no,no
2026-07-23T23:51:39-04:00,2026-07-23,MU,723125,8-K,2025-06-12,0001104659-25-058741,"8.01,9.01",tm2517778d1_8k.htm,https://www.sec.gov/Archives/edgar/data/723125/000110465925058741/tm2517778d1_8k.htm,dbd441b19d692d341cfc4f6f3d31294d3de924444e643964262112bb82110054,no,yes,high,no,no
2026-07-23T23:51:39-04:00,2026-07-23,MU,723125,8-K,2025-04-29,0001104659-25-041201,"1.01,2.03,8.01,9.01",tm2513434d1_8k.htm,https://www.sec.gov/Archives/edgar/data/723125/000110465925041201/tm2513434d1_8k.htm,a772f03749394535e1ccc4b0e14f2bbee02e9fc0138633f616602904e7adfc84,no,yes,high,no,no
2026-07-23T23:51:39-04:00,2026-07-23,MU,723125,424B5,2025-04-25,0001104659-25-039497,,tm2511594-4_424b5.htm,https://www.sec.gov/Archives/edgar/data/723125/000110465925039497/tm2511594-4_424b5.htm,4818478b2927337042741545af8e5eaddd90c564c04a3a8818c794f7f664148e,no,yes,high,no,no
2026-07-23T23:51:39-04:00,2026-07-23,MU,723125,424B2,2025-04-24,0001104659-25-038375,,tm2511594-2_424b2.htm,https://www.sec.gov/Archives/edgar/data/723125/000110465925038375/tm2511594-2_424b2.htm,aa32e4b7cf487f44aa8c8c9e959cd2eac9b25e4663179f5514bdaf4f49bb06d7,no,yes,high,no,no
2026-07-23T23:51:39-04:00,2026-07-23,MU,723125,10-Q,2025-03-21,0000723125-25-000009,,mu-20250227.htm,https://www.sec.gov/Archives/edgar/data/723125/000072312525000009/mu-20250227.htm,eb7f86c31e21a635796231af51878c8bb2287e141a0942b9be9170cefd0f456f,no,yes,high,no,no
2026-07-23T23:51:39-04:00,2026-07-23,MU,723125,8-K,2025-03-20,0000723125-25-000006,"2.02,9.01",mu-20250320.htm,https://www.sec.gov/Archives/edgar/data/723125/000072312525000006/mu-20250320.htm,f5931ae3d29e84c7e5c3352cea25be52fe7164b6ea39fdf7ecfd1083c1e7c979,no,yes,high,no,no
2026-07-23T23:51:39-04:00,2026-07-23,MU,723125,8-K,2025-03-12,0001104659-25-022973,"1.01,1.02,2.03",tm258936d1_8k.htm,https://www.sec.gov/Archives/edgar/data/723125/000110465925022973/tm258936d1_8k.htm,af6d2ba8ba75efe911191927be16c1959ec983ba5ca65f6601bf358c3a99f434,no,yes,high,no,no
2026-07-23T23:51:39-04:00,2026-07-23,MU,723125,8-K,2025-03-05,0001104659-25-020878,"5.02,9.01",tm258327d1_8k.htm,https://www.sec.gov/Archives/edgar/data/723125/000110465925020878/tm258327d1_8k.htm,1eeec8f2f07b6d4818ba8e80f39d10e58b9f1f0b89d6391e89879ddee164f94f,no,yes,high,no,no
2026-07-23T23:51:39-04:00,2026-07-23,MU,723125,8-K,2025-01-21,0001104659-25-004879,"1.01,1.02,2.03,5.02,5.07,9.01",tm253757d1_8k.htm,https://www.sec.gov/Archives/edgar/data/723125/000110465925004879/tm253757d1_8k.htm,572de752bdbac569364f1e1b27e66a705e33fde4e58dfbde44935b78ea410e08,no,yes,high,no,no
2026-07-23T23:51:39-04:00,2026-07-23,MU,723125,8-K,2025-01-16,0001104659-25-004100,"1.01,2.03,8.01,9.01",tm2425615d5_8k.htm,https://www.sec.gov/Archives/edgar/data/723125/000110465925004100/tm2425615d5_8k.htm,f70255f929ec23be345b416cdec035b8cf26a8c0dcecda4627674236b4414ba5,no,yes,high,no,no
2026-07-23T23:51:39-04:00,2026-07-23,MU,723125,424B5,2025-01-14,0001104659-25-003448,,tm2425615-3_424b5.htm,https://www.sec.gov/Archives/edgar/data/723125/000110465925003448/tm2425615-3_424b5.htm,ed0de288905261f15e1feeb98ce265d797e13beb5f847744e46a64e5d009ed60,no,yes,high,no,no
2026-07-23T23:51:39-04:00,2026-07-23,MU,723125,424B2,2025-01-13,0001104659-25-002886,,tm2425615-1_424b2.htm,https://www.sec.gov/Archives/edgar/data/723125/000110465925002886/tm2425615-1_424b2.htm,08c1223f67bb0ebde96c4c1e4dec93c911734ec16dcce06499ffdb0db899fab5,no,yes,high,no,no
2026-07-23T23:51:39-04:00,2026-07-23,MU,723125,10-Q,2024-12-19,0000723125-24-000047,,mu-20241128.htm,https://www.sec.gov/Archives/edgar/data/723125/000072312524000047/mu-20241128.htm,852eec96ad440e59d607da7740df3234273533bb2445fcca41ce451d7c632c46,no,yes,high,no,no
2026-07-23T23:51:39-04:00,2026-07-23,MU,723125,8-K,2024-12-18,0000723125-24-000046,"2.02,9.01",mu-20241218.htm,https://www.sec.gov/Archives/edgar/data/723125/000072312524000046/mu-20241218.htm,5e81083885e0291162387d3f70478cf17ae1e2b140d2c13bada97f3b671ed5f2,no,yes,high,no,no
2026-07-23T23:51:39-04:00,2026-07-23,MU,723125,8-K,2024-12-10,0001104659-24-127174,"1.01,7.01",tm2430615d1_8k.htm,https://www.sec.gov/Archives/edgar/data/723125/000110465924127174/tm2430615d1_8k.htm,17758ffabefd41577ae17949371abbcc07ed41be91941884b932b9e71e069419,no,yes,high,no,no
2026-07-23T23:51:39-04:00,2026-07-23,MU,723125,DEF 14A,2024-11-26,0000723125-24-000039,,mu-20241126.htm,https://www.sec.gov/Archives/edgar/data/723125/000072312524000039/mu-20241126.htm,ea64995c45c98d30b7fea0b416ce9c96809718ecb16c018a1833ce6fe43de4bf,no,yes,medium,no,no
2026-07-23T23:51:39-04:00,2026-07-23,MU,723125,8-K,2024-10-30,0001104659-24-112626,"5.02,5.03,9.01",tm2425615d2_8k.htm,https://www.sec.gov/Archives/edgar/data/723125/000110465924112626/tm2425615d2_8k.htm,878e8f6e7c171b60d090f3c15618f969f06af58e1943bdb24cd0abb7eee551e7,no,yes,high,no,no
2026-07-23T23:51:39-04:00,2026-07-23,MU,723125,10-K,2024-10-04,0000723125-24-000027,,mu-20240829.htm,https://www.sec.gov/Archives/edgar/data/723125/000072312524000027/mu-20240829.htm,107b9ea1ed61b53b13543b1a13ada5378733e5ce10f028a5a108dd017220d89d,no,yes,high,no,no
2026-07-23T23:51:39-04:00,2026-07-23,MU,723125,8-K,2024-09-25,0000723125-24-000023,"2.02,9.01",mu-20240925.htm,https://www.sec.gov/Archives/edgar/data/723125/000072312524000023/mu-20240925.htm,2c71c0ab6aa3adf3d8af4d8c0a6d0ba85ad216d0c2a17e86838611e75767bf67,no,yes,high,no,no
2026-07-23T23:51:39-04:00,2026-07-23,MU,723125,8-K,2024-08-07,0001104659-24-086571,7.01,tm2420905d1_8k.htm,https://www.sec.gov/Archives/edgar/data/723125/000110465924086571/tm2420905d1_8k.htm,a5cc09cbbbdaa1f3b181ceaae1bc8c0c2fe17f62b92246221dc048db0753f42d,no,yes,high,no,no
2026-07-23T23:51:39-04:00,2026-07-23,MU,723125,8-K,2024-07-19,0001104659-24-081160,"5.03,9.01",tm2419510d1_8k.htm,https://www.sec.gov/Archives/edgar/data/723125/000110465924081160/tm2419510d1_8k.htm,7231c7f21ab7609bcf1ba31ae05f80afe74af293547cb0e028d2113efe0c0071,no,yes,medium,no,no
2026-07-23T23:51:39-04:00,2026-07-23,MU,723125,10-Q,2024-06-27,0000723125-24-000019,,mu-20240530.htm,https://www.sec.gov/Archives/edgar/data/723125/000072312524000019/mu-20240530.htm,d59dff31863997272642077f3794eafab0f43b911e8ede53ef0c2e3184441d9b,no,yes,high,no,no
2026-07-23T23:51:39-04:00,2026-07-23,MU,723125,8-K,2024-06-26,0000723125-24-000016,"2.02,9.01",mu-20240626.htm,https://www.sec.gov/Archives/edgar/data/723125/000072312524000016/mu-20240626.htm,65d51b1a61c712f74681528ce609dbff1847195bdadab2c887f80fce29da76ba,no,yes,high,no,no
2026-07-23T23:51:39-04:00,2026-07-23,MU,723125,8-K,2024-04-19,0001104659-24-049030,7.01,tm2412269d1_8k.htm,https://www.sec.gov/Archives/edgar/data/723125/000110465924049030/tm2412269d1_8k.htm,c262102978e03001115a9367b10342bdeae6e1f0a8529a5b4d4f3c764e5888dd,no,yes,high,no,no
2026-07-23T23:51:39-04:00,2026-07-23,MU,723125,8-K,2024-04-11,0001104659-24-045952,7.01,tm2411566d1_8k.htm,https://www.sec.gov/Archives/edgar/data/723125/000110465924045952/tm2411566d1_8k.htm,1d5cfd1105fd9dc16c8a5031061b97f60cd86070985ada9aa3e2f2801acb1ab4,no,yes,high,no,no
2026-07-23T23:51:39-04:00,2026-07-23,MU,723125,10-Q,2024-03-21,0000723125-24-000007,,mu-20240229.htm,https://www.sec.gov/Archives/edgar/data/723125/000072312524000007/mu-20240229.htm,d0db622e89788ae0ec7087d3ee249ec604d33f140334a6bd1066d23567cc357c,no,yes,high,no,no
2026-07-23T23:51:39-04:00,2026-07-23,MU,723125,8-K,2024-03-20,0000723125-24-000004,"2.02,9.01",mu-20240320.htm,https://www.sec.gov/Archives/edgar/data/723125/000072312524000004/mu-20240320.htm,fe269a62d2f485e8430ca2755ff34789236614084ad9caf66281ab51309a90c1,no,yes,high,no,no
2026-07-23T23:51:39-04:00,2026-07-23,MU,723125,8-K,2024-03-11,0001104659-24-033011,"5.02,5.03,9.01",tm248305d1_8k.htm,https://www.sec.gov/Archives/edgar/data/723125/000110465924033011/tm248305d1_8k.htm,2ec626d555e570ed9ba0b4c3ab9e06883e05f9ef0e4172529c948dbafc5c90da,no,yes,high,no,no
2026-07-23T23:51:39-04:00,2026-07-23,MU,723125,8-K,2024-01-19,0001104659-24-005219,5.07,tm243636d1_8k.htm,https://www.sec.gov/Archives/edgar/data/723125/000110465924005219/tm243636d1_8k.htm,58469b57e191965ad4922372a55e8bf6813c5e1a3ff1219005709ad3fd74bcbf,no,yes,medium,no,no
2026-07-23T23:51:39-04:00,2026-07-23,MU,723125,8-K,2024-01-12,0001104659-24-003666,"1.01,2.03,8.01,9.01",tm243238d1_8k.htm,https://www.sec.gov/Archives/edgar/data/723125/000110465924003666/tm243238d1_8k.htm,34ebe93cab7a423cace305aa6a3973fec628d748a78f8792349f49b28106a764,no,yes,high,no,no
2026-07-23T23:51:39-04:00,2026-07-23,MU,723125,424B5,2024-01-11,0001104659-24-003379,,tm242304-2_424b5.htm,https://www.sec.gov/Archives/edgar/data/723125/000110465924003379/tm242304-2_424b5.htm,c6c5bb02a1f8ada9b6133ae64303a4aaf592328aeb061f0e628b445939f1d006,no,yes,high,no,no
2026-07-23T23:51:39-04:00,2026-07-23,MU,723125,424B2,2024-01-10,0001104659-24-002824,,tm242304-1_424b2.htm,https://www.sec.gov/Archives/edgar/data/723125/000110465924002824/tm242304-1_424b2.htm,3db0753be5b27e156cbab438b32a5dcd27150d333fbf768a9683196dbed92db8,no,yes,high,no,no
2026-07-23T23:51:39-04:00,2026-07-23,MU,723125,10-Q,2023-12-21,0000723125-23-000077,,mu-20231130.htm,https://www.sec.gov/Archives/edgar/data/723125/000072312523000077/mu-20231130.htm,72d46e676f333b8b2af66e59df7c38ec0583166e7ffdac53c7c8c7573089a9d5,no,yes,high,no,no
2026-07-23T23:51:39-04:00,2026-07-23,MU,723125,8-K,2023-12-20,0000723125-23-000071,"2.02,9.01",mu-20231220.htm,https://www.sec.gov/Archives/edgar/data/723125/000072312523000071/mu-20231220.htm,351d6e847650edab779e0ce541cdaf35122321b4a2e766b2503716160799bc7c,no,yes,high,no,no
2026-07-23T23:51:39-04:00,2026-07-23,MU,723125,DEF 14A,2023-11-29,0000723125-23-000065,,mu-20231129.htm,https://www.sec.gov/Archives/edgar/data/723125/000072312523000065/mu-20231129.htm,186d54fc8f65a63720d9fd94f473b4f3407e500fec15a1bede5263d462cf1206,no,yes,medium,no,no
2026-07-23T23:51:39-04:00,2026-07-23,MU,723125,8-K,2023-11-28,0001104659-23-121460,"7.01,9.01",tm2331627d1_8k.htm,https://www.sec.gov/Archives/edgar/data/723125/000110465923121460/tm2331627d1_8k.htm,efb8caa66ea5048ceaa8550e02d38b4937c39127048353ad8c8d1b9a22bbab92,no,yes,high,no,no
2026-07-23T23:51:39-04:00,2026-07-23,MU,723125,S-3ASR,2023-11-02,0001104659-23-113814,,tm2329265-1_s3asr.htm,https://www.sec.gov/Archives/edgar/data/723125/000110465923113814/tm2329265-1_s3asr.htm,38159e572cdfc29c0f62cbc39c6c6fd942fbb685442e9d9293584a7ba740ee7c,no,yes,high,no,no
2026-07-23T23:51:39-04:00,2026-07-23,MU,723125,10-K,2023-10-06,0000723125-23-000054,,mu-20230831.htm,https://www.sec.gov/Archives/edgar/data/723125/000072312523000054/mu-20230831.htm,11a43f537f9e67a6f480a5169396601d98f91037cec2246b36d1d8177bd8e9b6,no,yes,high,no,no
2026-07-23T23:51:39-04:00,2026-07-23,MU,723125,8-K,2023-09-27,0000723125-23-000051,"2.02,9.01",mu-20230927.htm,https://www.sec.gov/Archives/edgar/data/723125/000072312523000051/mu-20230927.htm,335fc4586738749ee77a1cd87a0e1b31b0af55f8d09d0b540f45beea98d1e413,no,yes,high,no,no
2026-07-23T23:51:39-04:00,2026-07-23,MU,723125,8-K,2023-08-21,0000723125-23-000048,7.01,mu-20230821.htm,https://www.sec.gov/Archives/edgar/data/723125/000072312523000048/mu-20230821.htm,c93d438978bbf7cfcb0b695f461ef8b016dec0232d1e43679cc912c47d5e17be,no,yes,high,no,no
2026-07-23T23:51:39-04:00,2026-07-23,MU,723125,10-Q,2023-06-29,0000723125-23-000041,,mu-20230601.htm,https://www.sec.gov/Archives/edgar/data/723125/000072312523000041/mu-20230601.htm,99d1ba6bbb4b1dbe640e25677cebb4295e8b401dc0f4e1fde23bbb68e35e8ed7,no,yes,high,no,no
2026-07-23T23:51:39-04:00,2026-07-23,MU,723125,8-K,2023-06-28,0000723125-23-000038,"2.02,9.01",mu-20230628.htm,https://www.sec.gov/Archives/edgar/data/723125/000072312523000038/mu-20230628.htm,48af50dad81e5a6dceeb377cfc5d828023134e6f5533e34edcef1eb3d8ceb7c0,no,yes,high,no,no
2026-07-23T23:51:39-04:00,2026-07-23,MU,723125,8-K,2023-06-16,0000723125-23-000034,7.01,mu-20230616.htm,https://www.sec.gov/Archives/edgar/data/723125/000072312523000034/mu-20230616.htm,1bc2c4240345c5509575047935f2a2d803cd1f6e2c48a5fe448f1705eb53cb09,no,yes,high,no,no
2026-07-23T23:51:39-04:00,2026-07-23,MU,723125,8-K,2023-05-22,0000723125-23-000028,7.01,mu-20230522.htm,https://www.sec.gov/Archives/edgar/data/723125/000072312523000028/mu-20230522.htm,a872d6e22af0604cbca0caab7d858718b9a61f09048683b7ba5c2ef909aa8a37,no,yes,high,no,no
2026-07-23T23:51:39-04:00,2026-07-23,MU,723125,8-K,2023-04-11,0000723125-23-000026,"1.01,8.01,9.01",mu-20230411.htm,https://www.sec.gov/Archives/edgar/data/723125/000072312523000026/mu-20230411.htm,75a5c802a5e8a5215c052dab8db77ea3a7c383e4628bda6406787bd7152b755d,no,yes,high,no,no
2026-07-23T23:51:39-04:00,2026-07-23,MU,723125,424B5,2023-04-07,0001104659-23-042888,,tm2311342-3_424b5.htm,https://www.sec.gov/Archives/edgar/data/723125/000110465923042888/tm2311342-3_424b5.htm,f5a1f468a19238b5aa076b4db256c080007664e33fde15bc15fc70f56b49c717,no,yes,high,no,no
2026-07-23T23:51:39-04:00,2026-07-23,MU,723125,424B2,2023-04-05,0001104659-23-041941,,tm2311342-1_424b2.htm,https://www.sec.gov/Archives/edgar/data/723125/000110465923041941/tm2311342-1_424b2.htm,c02072221059edcef08239a74a40237ec24d94c18afda37c5382812466f5bf65,no,yes,high,no,no
2026-07-23T23:51:39-04:00,2026-07-23,MU,723125,10-Q,2023-03-29,0000723125-23-000022,,mu-20230302.htm,https://www.sec.gov/Archives/edgar/data/723125/000072312523000022/mu-20230302.htm,6bafada8ff7afc64fd5441e3ea69d6b944299c482d886f0abadf2a1494844b74,no,yes,high,no,no
2026-07-23T23:51:39-04:00,2026-07-23,MU,723125,8-K,2023-03-28,0000723125-23-000018,"2.02,9.01",mu-20230328.htm,https://www.sec.gov/Archives/edgar/data/723125/000072312523000018/mu-20230328.htm,dee92686c4da7610ca54ee00cc5af7e22afc62f1e16afb1756dab39b5f82f1bf,no,yes,high,no,no
2026-07-23T23:51:39-04:00,2026-07-23,MU,723125,8-K,2023-02-09,0000723125-23-000014,"1.01,8.01,9.01",mu-20230209.htm,https://www.sec.gov/Archives/edgar/data/723125/000072312523000014/mu-20230209.htm,15acdfaf4307874cddef7b49eb1ff76c99da80a54a84de2ba02d30478df03ff0,no,yes,high,no,no
2026-07-23T23:51:39-04:00,2026-07-23,MU,723125,8-K,2023-02-09,0000723125-23-000011,5.02,mu-20230205.htm,https://www.sec.gov/Archives/edgar/data/723125/000072312523000011/mu-20230205.htm,7cdaf4755f0d28bf261c48b666bb68988ca874a68ec55bcad9b38ce02232de32,no,yes,high,no,no
2026-07-23T23:51:39-04:00,2026-07-23,MU,723125,424B5,2023-02-08,0001104659-23-012093,,tm2231337-2_424b5.htm,https://www.sec.gov/Archives/edgar/data/723125/000110465923012093/tm2231337-2_424b5.htm,64d0a9ce2282a78f761f5603b39578f0b26b1d9d803589f561e26924f206d0aa,no,yes,high,no,no
2026-07-23T23:51:39-04:00,2026-07-23,MU,723125,424B5,2023-02-06,0001104659-23-010928,,tm2231337-1_424b5.htm,https://www.sec.gov/Archives/edgar/data/723125/000110465923010928/tm2231337-1_424b5.htm,f717770dc339c73a85e9132842a013697e950f94108bed6c46024f3ebcea3068,no,yes,high,no,no
2026-07-23T23:51:39-04:00,2026-07-23,MU,723125,8-K,2023-01-13,0000723125-23-000007,5.07,mu-20230112.htm,https://www.sec.gov/Archives/edgar/data/723125/000072312523000007/mu-20230112.htm,75b84f7d6536228e470d4d82d5f6ab8c2bb3e8b53f18d295ef2a54d04463bf58,no,yes,medium,no,no
2026-07-23T23:51:39-04:00,2026-07-23,MU,723125,8-K,2023-01-05,0000723125-23-000004,"1.01,2.03",mu-20230105.htm,https://www.sec.gov/Archives/edgar/data/723125/000072312523000004/mu-20230105.htm,f9dda8da7177d1c2d39e07afe5054d207957940a0d757a929499bd136ac46053,no,yes,high,no,no
2026-07-23T23:51:39-04:00,2026-07-23,MU,723125,10-Q,2022-12-22,0000723125-22-000072,,mu-20221201.htm,https://www.sec.gov/Archives/edgar/data/723125/000072312522000072/mu-20221201.htm,cd109c129200c3e7dc88a010eecca31c9815dd24cd4f29f365b288a43d9f6951,no,yes,high,no,no
2026-07-23T23:51:39-04:00,2026-07-23,MU,723125,8-K,2022-12-21,0000723125-22-000070,"2.02,2.05,9.01",mu-20221221.htm,https://www.sec.gov/Archives/edgar/data/723125/000072312522000070/mu-20221221.htm,2341577c1c1a044c6a2eb1eae29803d1bfe61ca5f3abf173dd833d5d3f6b385d,no,yes,high,no,no
2026-07-23T23:51:39-04:00,2026-07-23,MU,723125,DEF 14A,2022-12-02,0000723125-22-000063,,a2022definitiveproxy.htm,https://www.sec.gov/Archives/edgar/data/723125/000072312522000063/a2022definitiveproxy.htm,53e6b87a2ec0928315a3d76678567e9f19aecff13b9ed178a8276356fa407db4,no,yes,medium,no,no
2026-07-23T23:51:39-04:00,2026-07-23,MU,723125,8-K,2022-11-16,0000723125-22-000056,"7.01,9.01",mu-20221116.htm,https://www.sec.gov/Archives/edgar/data/723125/000072312522000056/mu-20221116.htm,8d4d76694d5fd9c31e5a30269c89742d93e124b002f2711be8c1320016dcc24b,no,yes,high,no,no
2026-07-23T23:51:39-04:00,2026-07-23,MU,723125,8-K,2022-11-03,0000723125-22-000053,"1.01,2.03",mu-20221103.htm,https://www.sec.gov/Archives/edgar/data/723125/000072312522000053/mu-20221103.htm,8c6c831458d5c3826559912bc3e7a4eb3e3c7bd335489eee9816118b65e23246,no,yes,high,no,no
2026-07-23T23:51:39-04:00,2026-07-23,MU,723125,8-K,2022-10-31,0000723125-22-000051,"1.01,8.01,9.01",mu-20221031.htm,https://www.sec.gov/Archives/edgar/data/723125/000072312522000051/mu-20221031.htm,f1c2842b43874576026213366148998f8f83d60ffcf295b40532ef9975b32fec,no,yes,high,no,no
2026-07-23T23:51:39-04:00,2026-07-23,MU,723125,424B5,2022-10-27,0001104659-22-112064,,tm2227782-4_424b5.htm,https://www.sec.gov/Archives/edgar/data/723125/000110465922112064/tm2227782-4_424b5.htm,28f1a21837f617bc61d686685c2fa13a1ced74357d70b1568387ca534be77207,no,yes,high,no,no
2026-07-23T23:51:39-04:00,2026-07-23,MU,723125,424B5,2022-10-26,0001104659-22-111389,,tm2227782-3_424b5.htm,https://www.sec.gov/Archives/edgar/data/723125/000110465922111389/tm2227782-3_424b5.htm,76fcad311fc1b024f74509528e6a52c4dcd356975b9a8b7e99bd8a0ec428e586,no,yes,high,no,no
2026-07-23T23:51:39-04:00,2026-07-23,MU,723125,10-K,2022-10-07,0000723125-22-000048,,mu-20220901.htm,https://www.sec.gov/Archives/edgar/data/723125/000072312522000048/mu-20220901.htm,7d2282b5daceadec922ca083c671f1af537abbefed169cffe85434e28e10d7cc,no,yes,high,no,no
2026-07-23T23:51:39-04:00,2026-07-23,MU,723125,8-K,2022-09-29,0000723125-22-000044,"2.02,9.01",mu-20220929.htm,https://www.sec.gov/Archives/edgar/data/723125/000072312522000044/mu-20220929.htm,b77f9a7d97d44b6f23d7f0db79f4ad16bfce7e730d57c670218829be5532cef3,no,yes,high,no,no
2026-07-23T23:51:39-04:00,2026-07-23,MU,723125,8-K,2022-08-09,0000723125-22-000039,7.01,mu-20220809.htm,https://www.sec.gov/Archives/edgar/data/723125/000072312522000039/mu-20220809.htm,232f687829c5693602926f912d9b0df214450168c8443e2f233aba29d429b538,no,yes,high,no,no
2026-07-23T23:51:39-04:00,2026-07-23,MU,723125,10-Q,2022-07-01,0000723125-22-000036,,mu-20220602.htm,https://www.sec.gov/Archives/edgar/data/723125/000072312522000036/mu-20220602.htm,457d3c37c356de2f16e90102bf2663ec355500338adbacc6603bab716b9bce9f,no,yes,high,no,no
2026-07-23T23:51:39-04:00,2026-07-23,MU,723125,8-K,2022-06-30,0000723125-22-000034,"2.02,9.01",mu-20220630.htm,https://www.sec.gov/Archives/edgar/data/723125/000072312522000034/mu-20220630.htm,47fcb6719742d404341eedc93a5ab2c5b076149a1a01aa21e68b3e81db2951e1,no,yes,high,no,no
2026-07-23T23:51:39-04:00,2026-07-23,MU,723125,8-K,2022-05-12,0000723125-22-000025,8.01,mu-20220512.htm,https://www.sec.gov/Archives/edgar/data/723125/000072312522000025/mu-20220512.htm,677dedcd930c18afb9692d40b0dc6c0192070e85224079c95c690d31b0ddba7c,no,yes,high,no,no
2026-07-23T23:51:39-04:00,2026-07-23,MU,723125,8-K,2022-04-08,0000723125-22-000020,5.02,mu-20220408.htm,https://www.sec.gov/Archives/edgar/data/723125/000072312522000020/mu-20220408.htm,f67a7694ad4a734608db51eabf4c9e6afa486e37468a27d99ef7a681ac73da52,no,yes,high,no,no
2026-07-23T23:51:39-04:00,2026-07-23,MU,723125,10-Q,2022-03-30,0000723125-22-000016,,mu-20220303.htm,https://www.sec.gov/Archives/edgar/data/723125/000072312522000016/mu-20220303.htm,d4f95d94e5915db3267a49206e095d99904d3e3a250e78db75fa192113b95a82,no,yes,high,no,no
2026-07-23T23:51:39-04:00,2026-07-23,MU,723125,8-K,2022-03-29,0000723125-22-000012,"2.02,9.01",mu-20220329.htm,https://www.sec.gov/Archives/edgar/data/723125/000072312522000012/mu-20220329.htm,ba0df6a45a258baa44f9c1f2899520740ffc86f74e986882dcc35684cd154ad7,no,yes,high,no,no
2026-07-23T23:51:39-04:00,2026-07-23,MU,723125,8-K,2022-01-18,0000723125-22-000008,5.07,mu-20220113.htm,https://www.sec.gov/Archives/edgar/data/723125/000072312522000008/mu-20220113.htm,9c7abd44509b97f4b1b547f326d60ccbe4a03949e023d15d656ce7f89ff03ba5,no,yes,medium,no,no
2026-07-23T23:51:39-04:00,2026-07-23,MU,723125,8-K,2022-01-10,0001104659-22-002742,"5.02,7.01,9.01",tm222248d1_8k.htm,https://www.sec.gov/Archives/edgar/data/723125/000110465922002742/tm222248d1_8k.htm,da331c0a97e07c4f489527a6362199ec6b2d94a73f1d59e8a0302846f602e823,no,yes,high,no,no
2026-07-23T23:51:39-04:00,2026-07-23,MU,723125,10-Q,2022-01-06,0000723125-22-000004,,mu-20211202.htm,https://www.sec.gov/Archives/edgar/data/723125/000072312522000004/mu-20211202.htm,45145658c9299bdf8bf2897d0691a6b1b6f0d9f92906db9dc50d6ae234f4f043,no,yes,high,no,no
2026-07-23T23:51:39-04:00,2026-07-23,MU,723125,8-K,2021-12-20,0000723125-21-000086,"2.02,9.01",mu-20211220.htm,https://www.sec.gov/Archives/edgar/data/723125/000072312521000086/mu-20211220.htm,d94b5473066428bd88253847ac6612f883cbead1423f001edb06787391f83f63,no,yes,high,no,no
2026-07-23T23:51:39-04:00,2026-07-23,MU,723125,DEF 14A,2021-12-02,0000723125-21-000082,,a2021definitiveproxy.htm,https://www.sec.gov/Archives/edgar/data/723125/000072312521000082/a2021definitiveproxy.htm,1e12cca9de222de044e846d6e3a1b8e6684d09e328abbedb89bc19a709872338,no,yes,medium,no,no
2026-07-23T23:51:39-04:00,2026-07-23,MU,723125,8-K,2021-11-01,0001104659-21-132377,"1.01,8.01,9.01",tm2129643d4_8k.htm,https://www.sec.gov/Archives/edgar/data/723125/000110465921132377/tm2129643d4_8k.htm,7946d15d19644f7aa9577d4fc91a7cc1d44c4073413f3d765f45a5a91baa9159,no,yes,high,no,no
2026-07-23T23:51:39-04:00,2026-07-23,MU,723125,8-K,2021-10-19,0000723125-21-000067,"1.01,9.01",mu-20211018.htm,https://www.sec.gov/Archives/edgar/data/723125/000072312521000067/mu-20211018.htm,91c46a41edc43febd47f2f14a33593465a165d61ea8cbee277f9fd755299be78,no,yes,high,no,no
2026-07-23T23:51:39-04:00,2026-07-23,MU,723125,424B5,2021-10-19,0001104659-21-127583,,tm2129643-2_424b5.htm,https://www.sec.gov/Archives/edgar/data/723125/000110465921127583/tm2129643-2_424b5.htm,132cd828af60ec0440d30f2a92018364fb10a8518c9a99f1622281e7e0ae2562,no,yes,high,no,no
2026-07-23T23:51:39-04:00,2026-07-23,MU,723125,424B2,2021-10-18,0001104659-21-126996,,tm2129643-1_424b2.htm,https://www.sec.gov/Archives/edgar/data/723125/000110465921126996/tm2129643-1_424b2.htm,0c038beef32a93c694a9d72fe00e1f1304a20d8cdbce5ba88503b6edf6a9587a,no,yes,high,no,no
2026-07-23T23:51:39-04:00,2026-07-23,MU,723125,10-K,2021-10-08,0000723125-21-000065,,mu-20210902.htm,https://www.sec.gov/Archives/edgar/data/723125/000072312521000065/mu-20210902.htm,d245a0acebafd47ea6830e4a9dd38663bb6d495eef9b679da636a1cb82988d33,no,yes,high,no,no
2026-07-23T23:51:39-04:00,2026-07-23,MU,723125,8-K,2021-09-28,0000723125-21-000060,2.02,mu-20210928.htm,https://www.sec.gov/Archives/edgar/data/723125/000072312521000060/mu-20210928.htm,0ec40acdb3917cba7eb07c10f7ab9dcf38555abda3bd9f469ecf1118b4e7ff88,no,yes,high,no,no
2026-07-23T23:51:39-04:00,2026-07-23,MU,723125,8-K,2021-08-02,0000723125-21-000056,8.01,mu-20210802.htm,https://www.sec.gov/Archives/edgar/data/723125/000072312521000056/mu-20210802.htm,bdd90c8eda9c054cb159dfdea24c5091acf350798225ce9468d6db97d3d139a0,no,yes,high,no,no
2026-07-23T23:51:39-04:00,2026-07-23,MU,723125,10-Q,2021-07-01,0000723125-21-000052,,mu-20210603.htm,https://www.sec.gov/Archives/edgar/data/723125/000072312521000052/mu-20210603.htm,5e65920d9d5a222bd799a9d4d3f41291bbbb5270c367c462b0c0e1f9e0c2d65f,no,yes,high,no,no
2026-07-23T23:51:39-04:00,2026-07-23,MU,723125,8-K,2021-06-30,0000723125-21-000049,"2.02,9.01",mu-20210630.htm,https://www.sec.gov/Archives/edgar/data/723125/000072312521000049/mu-20210630.htm,f27084160869386ccd4d50526c2a91b30e32a5b92336c1029f7c70e9fd7dc607,no,yes,high,no,no
2026-07-23T23:51:39-04:00,2026-07-23,MU,723125,8-K,2021-05-17,0000723125-21-000040,"1.01,1.02,2.03",mu-20210514.htm,https://www.sec.gov/Archives/edgar/data/723125/000072312521000040/mu-20210514.htm,5bb22c624b735ed70ce568c63d45df4d9d482c4723d3a4c33aa41a7dbaaf5fd7,no,yes,high,no,no
2026-07-23T23:51:39-04:00,2026-07-23,MU,723125,10-Q,2021-04-01,0000723125-21-000032,,mu-20210304.htm,https://www.sec.gov/Archives/edgar/data/723125/000072312521000032/mu-20210304.htm,a73b0a5b6507a97c54ed5b461115f87f1028c9d17c9285baf209636a2e095409,no,yes,high,no,no
2026-07-23T23:51:39-04:00,2026-07-23,MU,723125,8-K,2021-03-31,0000723125-21-000028,"2.02,9.01",mu-20210331.htm,https://www.sec.gov/Archives/edgar/data/723125/000072312521000028/mu-20210331.htm,c31086f89a6bc1f672a216ceeb6527c20e7f69d1fe7f43d671760619629aa846,no,yes,high,no,no
2026-07-23T23:51:39-04:00,2026-07-23,MU,723125,8-K,2021-03-16,0000723125-21-000024,"7.01,9.01",mu-20210316.htm,https://www.sec.gov/Archives/edgar/data/723125/000072312521000024/mu-20210316.htm,a6fdbd93166bcb7994d069ffffa1770d44dd6c18cc8a9ee16b2235f12147f1f3,no,yes,high,no,no
2026-07-23T23:51:39-04:00,2026-07-23,MU,723125,8-K,2021-03-03,0000723125-21-000021,"7.01,9.01",mu-20210303.htm,https://www.sec.gov/Archives/edgar/data/723125/000072312521000021/mu-20210303.htm,2676266afd6b2d88f0c7ac898db3426060d3e8b10f08c990f3fb314bc21b3f5b,no,yes,high,no,no
2026-07-23T23:51:39-04:00,2026-07-23,MU,723125,8-K,2021-02-16,0000723125-21-000018,"5.02,5.03,9.01",mu-20210215.htm,https://www.sec.gov/Archives/edgar/data/723125/000072312521000018/mu-20210215.htm,e641e0313c53954b681dbf4cd9028cf3efcfd85b67c155e593bd4f2278cba2ff,no,yes,high,no,no
2026-07-23T23:51:39-04:00,2026-07-23,MU,723125,8-K,2021-01-15,0000723125-21-000015,"5.02,5.03,5.07,9.01",mu-20210113.htm,https://www.sec.gov/Archives/edgar/data/723125/000072312521000015/mu-20210113.htm,dc99efb38750c7f52d80a2d90ced9b8e016202127d737e021fb44bc1afd7f0a1,no,yes,high,no,no
2026-07-23T23:51:39-04:00,2026-07-23,MU,723125,10-Q,2021-01-08,0000723125-21-000012,,mu-20201203.htm,https://www.sec.gov/Archives/edgar/data/723125/000072312521000012/mu-20201203.htm,8d71f379c314baa8b0678418dcc0cb6933eeb85dc06064d1dfdf8dddda2f8f26,no,yes,high,no,no
2026-07-23T23:51:39-04:00,2026-07-23,MU,723125,8-K,2021-01-07,0000723125-21-000009,"2.02,9.01",mu-20210107.htm,https://www.sec.gov/Archives/edgar/data/723125/000072312521000009/mu-20210107.htm,c826894d8df71b6c4922ee94fef829d002ca77c93131907ab274d878f80cc664,no,yes,high,no,no
2026-07-23T23:51:39-04:00,2026-07-23,MU,723125,8-K,2020-12-01,0000723125-20-000097,5.02,mu-20201201.htm,https://www.sec.gov/Archives/edgar/data/723125/000072312520000097/mu-20201201.htm,475d3c06b61855b797ebfee8ea323b6f137fc4499016efa9880d539d6367117c,no,yes,high,no,no
2026-07-23T23:51:39-04:00,2026-07-23,MU,723125,8-K,2020-12-01,0000723125-20-000094,"7.01,9.01",mu-20201201.htm,https://www.sec.gov/Archives/edgar/data/723125/000072312520000094/mu-20201201.htm,dd817e81e8fd8427637dfa55c16c621355a9d9e92bcceb7e95b21f80351eda84,no,yes,high,no,no
2026-07-23T23:51:39-04:00,2026-07-23,MU,723125,DEF 14A,2020-12-01,0000723125-20-000091,,a2020definitiveproxy.htm,https://www.sec.gov/Archives/edgar/data/723125/000072312520000091/a2020definitiveproxy.htm,794381772dba55fdbc425b427907159924db0842f6c066e1644e0df00a9a30f6,no,yes,medium,no,no
2026-07-23T23:51:39-04:00,2026-07-23,MU,723125,S-3ASR,2020-11-04,0001104659-20-121185,,tm2031724-1_s3asr.htm,https://www.sec.gov/Archives/edgar/data/723125/000110465920121185/tm2031724-1_s3asr.htm,a0666ad52e6f25585e9253c5a56202cfdd6984107959155fb6df851a4b50906a,no,yes,high,no,no
2026-07-23T23:51:39-04:00,2026-07-23,MU,723125,10-K,2020-10-19,0000723125-20-000082,,mu-20200903.htm,https://www.sec.gov/Archives/edgar/data/723125/000072312520000082/mu-20200903.htm,5d6bfca78496231bfd3301a4ed35302e2b16055d8d017d2a4fbf63e78993fc46,no,yes,high,no,no
2026-07-23T23:51:39-04:00,2026-07-23,MU,723125,8-K,2020-09-29,0000723125-20-000079,"2.02,9.01",mu-20200929.htm,https://www.sec.gov/Archives/edgar/data/723125/000072312520000079/mu-20200929.htm,411ef9769fc087133d3b0dd90d2a2419a6623e535f5ac433fa501335a76a1a2d,no,yes,high,no,no
2026-07-23T23:51:39-04:00,2026-07-23,MU,723125,8-K,2020-09-21,0000723125-20-000074,5.02,mu-20200921.htm,https://www.sec.gov/Archives/edgar/data/723125/000072312520000074/mu-20200921.htm,0426ca7d1f2d4ff2d806ee161eec95bc59c66b17614084ff95ec54c37dc8a87f,no,yes,high,no,no
2026-07-23T23:51:39-04:00,2026-07-23,MU,723125,8-K,2020-08-04,0001104659-20-090285,"5.02,5.03,9.01",tm2026510-1_8k.htm,https://www.sec.gov/Archives/edgar/data/723125/000110465920090285/tm2026510-1_8k.htm,c9da95fbb284d70d867ae3e8a09aec6ca9a27c0ed5add968567fabba30f08d2d,no,yes,high,no,no
2026-07-23T23:51:39-04:00,2026-07-23,MU,723125,10-Q,2020-06-29,0000723125-20-000067,,mu-20200528.htm,https://www.sec.gov/Archives/edgar/data/723125/000072312520000067/mu-20200528.htm,aa56ef9ca5a9a77631c79f0d2fde536dca31039d87e8115d5e84e3d0b6e37d39,no,yes,high,no,no
2026-07-23T23:51:39-04:00,2026-07-23,MU,723125,8-K,2020-06-29,0000723125-20-000063,"2.02,9.01",mu-20200629.htm,https://www.sec.gov/Archives/edgar/data/723125/000072312520000063/mu-20200629.htm,c4e2c2e3b02407d89ed286a9b214f21cfdec62c521a6e7afd0e2ff35344491f8,no,yes,high,no,no
2026-07-23T23:51:39-04:00,2026-07-23,MU,723125,8-K,2020-05-27,0000723125-20-000053,7.01,mu-20200527.htm,https://www.sec.gov/Archives/edgar/data/723125/000072312520000053/mu-20200527.htm,749e841de15f156d057b783293c91fae57312964460f7f171aa1db3d143d0e7e,no,yes,high,no,no
2026-07-23T23:51:39-04:00,2026-07-23,MU,723125,8-K,2020-05-22,0000723125-20-000050,"7.01,9.01",mu-20200522.htm,https://www.sec.gov/Archives/edgar/data/723125/000072312520000050/mu-20200522.htm,d8c631d7bf111c004aef5817c0363d1900bcb3fc984eee97dd82f3e091672379,no,yes,high,no,no
2026-07-23T23:51:39-04:00,2026-07-23,MU,723125,8-K,2020-05-14,0000723125-20-000047,8.01,mu-20200513.htm,https://www.sec.gov/Archives/edgar/data/723125/000072312520000047/mu-20200513.htm,99a44cd62d478b3ad062e792176458a11ce6de2f7c6fc3cc4ea2033193d34299,no,yes,high,no,no
2026-07-23T23:51:39-04:00,2026-07-23,MU,723125,8-K,2020-05-12,0000723125-20-000041,"7.01,9.01",mu-20200512.htm,https://www.sec.gov/Archives/edgar/data/723125/000072312520000041/mu-20200512.htm,a7a25bff699a9ecc2a24041925d3465ad3933eea2b46ad1cf01ffea649fd5d43,no,yes,high,no,no
2026-07-23T23:51:39-04:00,2026-07-23,MU,723125,8-K,2020-04-24,0001104659-20-050965,"1.01,8.01,9.01",tm2016033-4_8k.htm,https://www.sec.gov/Archives/edgar/data/723125/000110465920050965/tm2016033-4_8k.htm,c8c4e488489ab78cca3e9e5b04c7ed9e4f382ace4dc6ce76908f883832a72288,no,yes,high,no,no
2026-07-23T23:51:39-04:00,2026-07-23,MU,723125,424B5,2020-04-23,0001047469-20-002512,,a2241450z424b5.htm,https://www.sec.gov/Archives/edgar/data/723125/000104746920002512/a2241450z424b5.htm,3c07f4d8b2ee8152b8b1ccde8289600e45de22a8a65cf81e6d69accc2200024f,no,yes,high,no,no
2026-07-23T23:51:39-04:00,2026-07-23,MU,723125,424B2,2020-04-21,0001047469-20-002461,,a2241391z424b2.htm,https://www.sec.gov/Archives/edgar/data/723125/000104746920002461/a2241391z424b2.htm,35e37c00a5d748fe99dca380fe9dfd31a3d6c14970ceee3f81c1564bbb8b534f,no,yes,high,no,no
2026-07-23T23:51:39-04:00,2026-07-23,MU,723125,10-Q,2020-03-26,0000723125-20-000034,,mu-20200227.htm,https://www.sec.gov/Archives/edgar/data/723125/000072312520000034/mu-20200227.htm,5a5d25805c5ef2a7dbe7ceec17029863377a6633f82d3d1f5e764b1596ea3716,no,yes,high,no,no
2026-07-23T23:51:39-04:00,2026-07-23,MU,723125,8-K,2020-03-25,0000723125-20-000030,"2.02,9.01",mu-20200325.htm,https://www.sec.gov/Archives/edgar/data/723125/000072312520000030/mu-20200325.htm,f55769de0906e4a4d50a926a08ad39a97134cf78b088a87013a22e06d77510e2,no,yes,high,no,no
2026-07-23T23:51:39-04:00,2026-07-23,MU,723125,8-K,2020-03-13,0000723125-20-000022,2.03,mu-20200312.htm,https://www.sec.gov/Archives/edgar/data/723125/000072312520000022/mu-20200312.htm,499fb4bdb5d4b3f2c06f51a4d73b3eea13ff9b308c9bb3e976b132553219c3bb,no,yes,medium,no,no
2026-07-23T23:51:39-04:00,2026-07-23,MU,723125,8-K,2020-03-12,0000723125-20-000020,1.02,mu-20200309.htm,https://www.sec.gov/Archives/edgar/data/723125/000072312520000020/mu-20200309.htm,a3403084805e2c20a7f0b20dc70bacd1476d1db271643f4e5e75568c656c74d8,no,yes,high,no,no
2026-07-23T23:51:39-04:00,2026-07-23,MU,723125,8-K,2020-01-23,0000723125-20-000007,"5.03,5.07,9.01",mu-20200115.htm,https://www.sec.gov/Archives/edgar/data/723125/000072312520000007/mu-20200115.htm,e67fa091749b45be0e84e27b6532d2082947cf11fd6787b4ca202bd01f14b94b,no,yes,medium,no,no
2026-07-23T23:51:39-04:00,2026-07-23,MU,723125,10-Q,2019-12-20,0000723125-19-000174,,mu-20191128.htm,https://www.sec.gov/Archives/edgar/data/723125/000072312519000174/mu-20191128.htm,4cc518faa7c9d3daac5ed2b7ade90ee1f0dcc252e99a01c53f16cd76b9e7d7be,no,yes,high,no,no
2026-07-23T23:51:39-04:00,2026-07-23,MU,723125,8-K,2019-12-18,0000723125-19-000172,"2.02,9.01",a2020q18-kearningsrele.htm,https://www.sec.gov/Archives/edgar/data/723125/000072312519000172/a2020q18-kearningsrele.htm,4d3d4f0411c2ee434a8c43abe6f0a1851a14649cbcbe36be6231a109e06d78e8,no,yes,high,no,no
2026-07-23T23:51:39-04:00,2026-07-23,MU,723125,8-K,2019-12-11,0000723125-19-000165,5.02,a20198-kbyrneresignati.htm,https://www.sec.gov/Archives/edgar/data/723125/000072312519000165/a20198-kbyrneresignati.htm,5132d04ae6efee65f28e28cb0f6d5385d20631271d4292ea80077923d17eff43,no,yes,high,no,no
2026-07-23T23:51:39-04:00,2026-07-23,MU,723125,DEF 14A,2019-12-09,0001047469-19-006745,,a2240268zdef14a.htm,https://www.sec.gov/Archives/edgar/data/723125/000104746919006745/a2240268zdef14a.htm,6e318d7fc256bf39d635f9c38001031a3415383630d2c8bab1981040fc6e9433,no,yes,medium,no,no
2026-07-23T23:51:39-04:00,2026-07-23,MU,723125,8-K,2019-11-01,0000723125-19-000146,"1.02,2.03",a20198-kimftclosing.htm,https://www.sec.gov/Archives/edgar/data/723125/000072312519000146/a20198-kimftclosing.htm,21df42e4b21f7be63175112491b18ae0ec8452805115c0cca4a5bd76b6360791,no,yes,high,no,no
2026-07-23T23:51:39-04:00,2026-07-23,MU,723125,10-K,2019-10-17,0000723125-19-000094,,a2019q4.htm,https://www.sec.gov/Archives/edgar/data/723125/000072312519000094/a2019q4.htm,db8ef3698bafc6878b26b5912611d181ec5b30e0ec683a8b9efc481a672ef616,no,yes,high,no,no
2026-07-23T23:51:39-04:00,2026-07-23,MU,723125,8-K,2019-10-17,0000723125-19-000091,"5.02,9.01",a20208-kmarosvaricao.htm,https://www.sec.gov/Archives/edgar/data/723125/000072312519000091/a20208-kmarosvaricao.htm,a7a2773c7b3c481d4e43aacdb20b3e8335b770fec621ed36ed1b0641029375b7,no,yes,high,no,no
2026-07-23T23:51:39-04:00,2026-07-23,MU,723125,8-K,2019-09-26,0000723125-19-000068,"2.02,9.01",a2019q48-kearningsrelease.htm,https://www.sec.gov/Archives/edgar/data/723125/000072312519000068/a2019q48-kearningsrelease.htm,7b7b54a383a081dd7dce00d2c6e997adc8ad7a592c16190dc310d3941972f608,no,yes,high,no,no
2026-07-23T23:51:39-04:00,2026-07-23,MU,723125,8-K,2019-07-19,0001104659-19-041113,"3.03,9.01",a19-13014_18k.htm,https://www.sec.gov/Archives/edgar/data/723125/000110465919041113/a19-13014_18k.htm,f2a017f3f4227d2ece09fd0a007897e1d5a6a955fc1faeb31e188f65c46d64d0,no,yes,medium,no,no
2026-07-23T23:51:39-04:00,2026-07-23,MU,723125,8-K,2019-07-12,0001104659-19-040167,"1.01,8.01,9.01",a19-12548_48k.htm,https://www.sec.gov/Archives/edgar/data/723125/000110465919040167/a19-12548_48k.htm,af6feaacff62311e417006876eec625a3e85f8466cf7724a640afeed0c35f7d4,no,yes,high,no,no
2026-07-23T23:51:39-04:00,2026-07-23,MU,723125,424B5,2019-07-12,0001047469-19-004125,,a2239246z424b5.htm,https://www.sec.gov/Archives/edgar/data/723125/000104746919004125/a2239246z424b5.htm,7a8c5070f5f66935a21d6ba527b0fe86919c9182f8cf77dd92b27a96a8e5ce93,no,yes,high,no,no
2026-07-23T23:51:39-04:00,2026-07-23,MU,723125,424B2,2019-07-10,0001047469-19-004086,,a2239218z424b2.htm,https://www.sec.gov/Archives/edgar/data/723125/000104746919004086/a2239218z424b2.htm,b34907082901a6a9d2d7d2112736f9951c4fdb3040d3dc7df9d4cfe838765b77,no,yes,high,no,no
2026-07-23T23:51:39-04:00,2026-07-23,MU,723125,8-K,2019-07-09,0001104659-19-039711,"1.01,2.03",a19-12603_18k.htm,https://www.sec.gov/Archives/edgar/data/723125/000110465919039711/a19-12603_18k.htm,3d610660703490219a6f907d27712482bc6f76d32e4acf7c86897936ee3d019d,no,yes,high,no,no
2026-07-23T23:51:39-04:00,2026-07-23,MU,723125,8-K,2019-07-01,0000723125-19-000037,"5.02,5.03,9.01",a20198-kwrightbodappointme.htm,https://www.sec.gov/Archives/edgar/data/723125/000072312519000037/a20198-kwrightbodappointme.htm,bd08da5aa1a0edfd7643ebc2fe99523b6282b226a1dd891ca0f04a464e785087,no,yes,high,no,no
2026-07-23T23:51:39-04:00,2026-07-23,MU,723125,10-Q,2019-06-26,0000723125-19-000035,,a2019q3.htm,https://www.sec.gov/Archives/edgar/data/723125/000072312519000035/a2019q3.htm,d60d413af1631cf464f0a0bc19525882672a68be8cc963ecc81b8059b7f89b8a,no,yes,high,no,no
2026-07-23T23:51:39-04:00,2026-07-23,MU,723125,8-K,2019-06-25,0000723125-19-000032,"2.02,9.01",a2019q38-kearningsrelease.htm,https://www.sec.gov/Archives/edgar/data/723125/000072312519000032/a2019q38-kearningsrelease.htm,b0674cc673664c0b23bc56e7e266a9d14a0b67f09298d5e2d61f24e9bb222cf0,no,yes,high,no,no
2026-07-23T23:51:39-04:00,2026-07-23,MU,723125,8-K,2019-05-07,0000723125-19-000023,8.01,a20198-kimftclosingdate.htm,https://www.sec.gov/Archives/edgar/data/723125/000072312519000023/a20198-kimftclosingdate.htm,4da61edf2f3fff3a0d58421f484d7563ecff61859bd6462c0397360ddb625132,no,yes,high,no,no
2026-07-23T23:51:39-04:00,2026-07-23,MU,723125,8-K,2019-04-12,0000723125-19-000020,8.01,a20198-k10b5x1tradingplana.htm,https://www.sec.gov/Archives/edgar/data/723125/000072312519000020/a20198-k10b5x1tradingplana.htm,b8688652fdc87ae8c0ddeccdad11fbf8679cd7f61403d41bca5177ccec9fa35e,no,yes,high,no,no
2026-07-23T23:51:39-04:00,2026-07-23,MU,723125,10-Q,2019-03-21,0000723125-19-000014,,a2019q2.htm,https://www.sec.gov/Archives/edgar/data/723125/000072312519000014/a2019q2.htm,3b4ab1e0d7f30b60a1d1eba8ae0e9c5d938bf1633b4d54cefe14386d97493822,no,yes,high,no,no
2026-07-23T23:51:39-04:00,2026-07-23,MU,723125,8-K,2019-03-20,0000723125-19-000012,"2.02,9.01",a2019q2-kearningsrelease.htm,https://www.sec.gov/Archives/edgar/data/723125/000072312519000012/a2019q2-kearningsrelease.htm,48e0d14e169d85c44780c7430ede3b366e0547f7360016351335f612df477399,no,yes,high,no,no
2026-07-23T23:51:39-04:00,2026-07-23,MU,723125,8-K,2019-02-06,0001104659-19-006069,"1.01,8.01,9.01",a18-36862_48k.htm,https://www.sec.gov/Archives/edgar/data/723125/000110465919006069/a18-36862_48k.htm,0313650daae718c31d9afec32724db27ca3913824093daf2fe9a7ca87bd5ef08,no,yes,high,no,no
2026-07-23T23:51:39-04:00,2026-07-23,MU,723125,424B5,2019-02-06,0001047469-19-000366,,a2237658z424b5.htm,https://www.sec.gov/Archives/edgar/data/723125/000104746919000366/a2237658z424b5.htm,ae1a593d9737f6cc275679636ef3aa8b72c928d3fae546be32406f7071508b2c,no,yes,high,no,no
2026-07-23T23:51:39-04:00,2026-07-23,MU,723125,424B2,2019-02-04,0001047469-19-000339,,a2236995z424b2.htm,https://www.sec.gov/Archives/edgar/data/723125/000104746919000339/a2236995z424b2.htm,b71f37a874cbccb54fc57c90688bf3ecb2d53bcec09797e4894ac59693366ca9,no,yes,high,no,no
2026-07-23T23:51:39-04:00,2026-07-23,MU,723125,8-K,2019-02-01,0000723125-19-000007,8.01,a20198-k10b5x1tradingpland.htm,https://www.sec.gov/Archives/edgar/data/723125/000072312519000007/a20198-k10b5x1tradingpland.htm,08f6ab83c72cd94d9c3ab2db694cb44584d121fc94340d4bd43c88ae204cec3a,no,yes,high,no,no
2026-07-23T23:51:39-04:00,2026-07-23,MU,723125,8-K,2019-01-22,0000723125-19-000005,"5.03,5.07,9.01",a8-k2018votingresultsandam.htm,https://www.sec.gov/Archives/edgar/data/723125/000072312519000005/a8-k2018votingresultsandam.htm,0853b96019d7f03081d22aba5063d1b59fee90f0f9f8d985754df96bf59758d9,no,yes,medium,no,no
2026-07-23T23:51:39-04:00,2026-07-23,MU,723125,8-K,2019-01-14,0000723125-19-000003,"8.01,9.01",a20188-k01142019.htm,https://www.sec.gov/Archives/edgar/data/723125/000072312519000003/a20188-k01142019.htm,0dcc9775a6e97f1b180ef051057ea1c6f3d6336a610c25815b82ab1b2a0b1241,no,yes,high,no,no
2026-07-23T23:51:39-04:00,2026-07-23,MU,723125,10-Q,2018-12-19,0000723125-18-000156,,a2019q1.htm,https://www.sec.gov/Archives/edgar/data/723125/000072312518000156/a2019q1.htm,28fcd23e3b2f29ea5c0f362ff418afa078af5b8c673600c1987d74ba4e47fda0,no,yes,high,no,no
2026-07-23T23:51:39-04:00,2026-07-23,MU,723125,8-K,2018-12-18,0000723125-18-000152,"2.02,9.01",a2019q18-kearningsrelease.htm,https://www.sec.gov/Archives/edgar/data/723125/000072312518000152/a2019q18-kearningsrelease.htm,eafa7ca3621371ef7efbfafd95c98928f81bd3476b3f3cf29bd24ba0f4a7cfd4,no,yes,high,no,no
2026-07-23T23:51:39-04:00,2026-07-23,MU,723125,8-K,2018-12-06,0000723125-18-000145,5.02,a20188-k1262018.htm,https://www.sec.gov/Archives/edgar/data/723125/000072312518000145/a20188-k1262018.htm,545e37b3120fea8fd59b605d749183719b06de3511c3577dff91acb7a59afd96,no,yes,high,no,no
2026-07-23T23:51:39-04:00,2026-07-23,MU,723125,DEF 14A,2018-12-06,0000723125-18-000142,,a2018definitiveproxy.htm,https://www.sec.gov/Archives/edgar/data/723125/000072312518000142/a2018definitiveproxy.htm,0bdae67459f6f2816a8ff1106ed9c834621ccfc5444b01584905bfc2fc7db90d,no,yes,medium,no,no
2026-07-23T23:51:39-04:00,2026-07-23,MU,723125,8-K,2018-11-28,0000723125-18-000137,8.01,a20188-k11282018.htm,https://www.sec.gov/Archives/edgar/data/723125/000072312518000137/a20188-k11282018.htm,6260ea8551e6c435bf4347a406816c83b057524ec51e77a486a5829a82732ca5,no,yes,high,no,no
2026-07-23T23:51:39-04:00,2026-07-23,MU,723125,8-K,2018-11-14,0000723125-18-000135,5.02,a20188-k1192018.htm,https://www.sec.gov/Archives/edgar/data/723125/000072312518000135/a20188-k1192018.htm,9c7cfdf45552b108a90ac53774834b39b82f60a5f0506797cfb6cd641639e394,no,yes,high,no,no
2026-07-23T23:51:39-04:00,2026-07-23,MU,723125,8-K,2018-10-18,0000723125-18-000115,"8.01,9.01",a20188-k10182018.htm,https://www.sec.gov/Archives/edgar/data/723125/000072312518000115/a20188-k10182018.htm,f31e57b79b1edb366a3888eecac2edbb9a18a9c4a81b8c220e9cf98f3f94fe3a,no,yes,high,no,no
2026-07-23T23:51:39-04:00,2026-07-23,MU,723125,8-K,2018-10-17,0000723125-18-000100,"5.02,5.03,9.01",a20188-k10172018.htm,https://www.sec.gov/Archives/edgar/data/723125/000072312518000100/a20188-k10172018.htm,97c49ae2333076132641fd79f51961d62c9516b81cb368d77518ecd9e20a7555,no,yes,high,no,no
2026-07-23T23:51:39-04:00,2026-07-23,MU,723125,10-K,2018-10-15,0000723125-18-000092,,a2018q4.htm,https://www.sec.gov/Archives/edgar/data/723125/000072312518000092/a2018q4.htm,5add2a65caecfaa0e2384c65a5f5c81c17e24eed91b17a0ac335f0a0b3bc356e,no,yes,high,no,no
2026-07-23T23:51:39-04:00,2026-07-23,MU,723125,8-K,2018-09-20,0000723125-18-000087,"5.02,9.01",a20188-k9202018.htm,https://www.sec.gov/Archives/edgar/data/723125/000072312518000087/a20188-k9202018.htm,a2d23b464b37663e49666ca69379eb672a266dc2f659bcad93f59c38edf95470,no,yes,high,no,no
2026-07-23T23:51:39-04:00,2026-07-23,MU,723125,8-K,2018-09-20,0000723125-18-000085,"2.02,9.01",a2018q48-kearningsrelease.htm,https://www.sec.gov/Archives/edgar/data/723125/000072312518000085/a2018q48-kearningsrelease.htm,d43785093b7b133a15caa130a273a3bebfd52dd208091f0b241282af64862b57,no,yes,high,no,no
2026-07-23T23:51:39-04:00,2026-07-23,MU,723125,8-K,2018-07-17,0000723125-18-000076,"8.01,9.01",a20188-k07172018.htm,https://www.sec.gov/Archives/edgar/data/723125/000072312518000076/a20188-k07172018.htm,49f5b40223aa20e3ca24d209bf3ff8159233cea4be6b2c1c0b5e4df8848bff3f,no,yes,high,no,no
2026-07-23T23:51:39-04:00,2026-07-23,MU,723125,8-K,2018-07-05,0000723125-18-000074,"8.01,9.01",a20188-k07052018pr.htm,https://www.sec.gov/Archives/edgar/data/723125/000072312518000074/a20188-k07052018pr.htm,8665d1898e70d858af37d6d0bdb5b47ceeb6b63c9f79dbc5cfbcf7e649f27f4d,no,yes,high,no,no
2026-07-23T23:51:39-04:00,2026-07-23,MU,723125,8-K,2018-07-03,0000723125-18-000072,"1.01,2.03",a20188-k07032018.htm,https://www.sec.gov/Archives/edgar/data/723125/000072312518000072/a20188-k07032018.htm,8bf7ce6d395c11f0618e2b359dc8fceb14759ac0e81bd390a4e885cc74a289ce,no,yes,high,no,no
2026-07-23T23:51:39-04:00,2026-07-23,MU,723125,10-Q,2018-06-22,0000723125-18-000065,,a2018q3.htm,https://www.sec.gov/Archives/edgar/data/723125/000072312518000065/a2018q3.htm,5bbd5af83680caa3ebc2c8e1aa662e9d2d1aad217b61bdb4d2ab7a0c35c188c0,no,yes,high,no,no
2026-07-23T23:51:39-04:00,2026-07-23,MU,723125,8-K,2018-06-20,0000723125-18-000061,"2.02,9.01",a2018q38-kearningsrelease.htm,https://www.sec.gov/Archives/edgar/data/723125/000072312518000061/a2018q38-kearningsrelease.htm,73dfd1b11212f1f3ef464954534c5378d82f22a2096359466abe5e3231a23ee3,no,yes,high,no,no
2026-07-23T23:51:39-04:00,2026-07-23,MU,723125,8-K,2018-05-21,0000723125-18-000052,"8.01,9.01",a20188-kanalystconfpr.htm,https://www.sec.gov/Archives/edgar/data/723125/000072312518000052/a20188-kanalystconfpr.htm,f774dcb51962e6e28764e0951c628c27b1064af6dae749adfd59008026219b34,no,yes,high,no,no
2026-07-23T23:51:39-04:00,2026-07-23,MU,723125,8-K,2018-05-15,0000723125-18-000049,8.01,a20188-k05152018.htm,https://www.sec.gov/Archives/edgar/data/723125/000072312518000049/a20188-k05152018.htm,e2674dc2bbf6dbbf35cd62911b50e75e48954d958878621e9018b6a6ee745de3,no,yes,high,no,no
2026-07-23T23:51:39-04:00,2026-07-23,MU,723125,8-K,2018-04-23,0000723125-18-000043,8.01,a20188-k04202018.htm,https://www.sec.gov/Archives/edgar/data/723125/000072312518000043/a20188-k04202018.htm,2bc36e71a4456da2c7f725e26714448296c17a66788b479296a56d2df5f84251,no,yes,high,no,no
2026-07-23T23:51:39-04:00,2026-07-23,MU,723125,10-Q,2018-03-23,0000723125-18-000036,,a2018q2.htm,https://www.sec.gov/Archives/edgar/data/723125/000072312518000036/a2018q2.htm,e60022f9a8f2c4f0c0a49f436e34198d0f39883e4eedc0d9cb8428834e1837d8,no,yes,high,no,no
2026-07-23T23:51:39-04:00,2026-07-23,MU,723125,8-K,2018-03-22,0000723125-18-000031,"2.02,7.01,9.01",a2018q28-kearningsrelease.htm,https://www.sec.gov/Archives/edgar/data/723125/000072312518000031/a2018q28-kearningsrelease.htm,819d0543a2f103a00e09e175b8d49f6a763c3018e8f858b98cbfc816ff1d58b7,no,yes,high,no,no
2026-07-23T23:51:39-04:00,2026-07-23,MU,723125,8-K,2018-02-07,0000723125-18-000017,8.01,a20188-k02072018.htm,https://www.sec.gov/Archives/edgar/data/723125/000072312518000017/a20188-k02072018.htm,1511f4afb4d27b3e944f7d9f30e8b63684a76818fc79695cb7afc681a44f4652,no,yes,high,no,no
2026-07-23T23:51:39-04:00,2026-07-23,MU,723125,8-K,2018-02-05,0000723125-18-000015,"5.02,8.01,9.01",a8k02052018.htm,https://www.sec.gov/Archives/edgar/data/723125/000072312518000015/a8k02052018.htm,ad685a8d3097f9c13716f8f0cef53f8835e413fe62ee7591f2338218fa131673,no,yes,high,no,no
2026-07-23T23:51:39-04:00,2026-07-23,MU,723125,8-K,2018-01-19,0000723125-18-000010,5.07,a8-k2017votingresults.htm,https://www.sec.gov/Archives/edgar/data/723125/000072312518000010/a8-k2017votingresults.htm,d8438b4ca6d2166b2f72ffaa04f7adb10d8aa40bb7c2015a9c10547b0650304b,no,yes,medium,no,no
2026-07-23T23:51:39-04:00,2026-07-23,MU,723125,8-K,2018-01-08,0000723125-18-000007,"8.01,9.01",a20188-k01082018.htm,https://www.sec.gov/Archives/edgar/data/723125/000072312518000007/a20188-k01082018.htm,525f9097c6edc8cbdd3bf98a1268a1dd9c181d8c0427d30f491eaccb656c31ed,no,yes,high,no,no
2026-07-23T23:51:39-04:00,2026-07-23,MU,723125,8-K,2018-01-03,0000723125-18-000003,8.01,a20188-k1b5x1tradingplanar.htm,https://www.sec.gov/Archives/edgar/data/723125/000072312518000003/a20188-k1b5x1tradingplanar.htm,c90a3e9141dc694364bfdb598774cc92e4e25b367991b666c170fe7d205ba4e0,no,yes,high,no,no
2026-07-23T23:51:39-04:00,2026-07-23,MU,723125,10-Q,2017-12-20,0000723125-17-000166,,a2018q1.htm,https://www.sec.gov/Archives/edgar/data/723125/000072312517000166/a2018q1.htm,1ee30a578bfe5b8d883554de05ab945a1a11013436688171b009165301a6152a,no,yes,high,no,no
2026-07-23T23:51:39-04:00,2026-07-23,MU,723125,8-K,2017-12-19,0000723125-17-000162,"2.02,7.01,9.01",a2018q18-kearningsrelease.htm,https://www.sec.gov/Archives/edgar/data/723125/000072312517000162/a2018q18-kearningsrelease.htm,1bbb4ddf0de7acfed59d30461a988f7560aade7bb242251c02bd6dab4764cb06,no,yes,high,no,no
2026-07-23T23:51:39-04:00,2026-07-23,MU,723125,DEF 14A,2017-12-07,0000723125-17-000155,,a2017definitiveproxy.htm,https://www.sec.gov/Archives/edgar/data/723125/000072312517000155/a2017definitiveproxy.htm,e6ffb1ba62d594b3e50de72f14a3b931c38be15977f1819ddb2b042537429a4f,no,yes,medium,no,no
2026-07-23T23:51:39-04:00,2026-07-23,MU,723125,8-K,2017-11-13,0000723125-17-000148,"5.02,9.01",a20178-k10262017.htm,https://www.sec.gov/Archives/edgar/data/723125/000072312517000148/a20178-k10262017.htm,aa2c1f890ef522da2b1286db49ec7f4af85283a280888c48c4cbb1509f382013,no,yes,high,no,no
2026-07-23T23:51:39-04:00,2026-07-23,MU,723125,10-K,2017-10-26,0000723125-17-000131,,a2017q4.htm,https://www.sec.gov/Archives/edgar/data/723125/000072312517000131/a2017q4.htm,1c1aa4b50b9f850e0dd448c50689b1602bd0395eb11bac0b751da1b0f43e9aeb,no,yes,high,no,no
2026-07-23T23:51:39-04:00,2026-07-23,MU,723125,8-K,2017-10-19,0001104659-17-062911,"8.01,9.01",a17-24208_18k.htm,https://www.sec.gov/Archives/edgar/data/723125/000110465917062911/a17-24208_18k.htm,a0521df9c239bbef4611cfe519eb496e38e3dc19941be450b6855d633636de6f,no,yes,high,no,no
2026-07-23T23:51:39-04:00,2026-07-23,MU,723125,8-K,2017-10-18,0001104659-17-062673,8.01,a17-18241_88k.htm,https://www.sec.gov/Archives/edgar/data/723125/000110465917062673/a17-18241_88k.htm,41e9dbbe33fff7516326776f8012f0dc228cc4b23002403a66716db93fc9ae65,no,yes,high,no,no
2026-07-23T23:51:39-04:00,2026-07-23,MU,723125,8-K,2017-10-16,0001104659-17-062365,"1.01,8.01,9.01",a17-18241_78k.htm,https://www.sec.gov/Archives/edgar/data/723125/000110465917062365/a17-18241_78k.htm,4e4ba84502a202606922a23c80c565fd4c97da7b7db7dcf8f25ef4fd15b6868d,no,yes,high,no,no
2026-07-23T23:51:39-04:00,2026-07-23,MU,723125,424B5,2017-10-12,0001047469-17-006336,,a2233521z424b5.htm,https://www.sec.gov/Archives/edgar/data/723125/000104746917006336/a2233521z424b5.htm,eeb60c634da3ea2a17a4525ec9ca3237a92693e01a86d06829e0d910725d6961,no,yes,high,no,no
2026-07-23T23:51:39-04:00,2026-07-23,MU,723125,424B5,2017-10-10,0001047469-17-006294,,a2232803z424b5.htm,https://www.sec.gov/Archives/edgar/data/723125/000104746917006294/a2232803z424b5.htm,4da825931c28680349a1746c58f89180b8398b551a15ad1f93afaf8276298be3,no,yes,high,no,no
2026-07-23T23:51:39-04:00,2026-07-23,MU,723125,S-3ASR,2017-10-10,0001047469-17-006290,,a2232802zs-3asr.htm,https://www.sec.gov/Archives/edgar/data/723125/000104746917006290/a2232802zs-3asr.htm,9a681c05f440e8d2c5a2b23aa7caee29f6f9b9500c6acca2f8d3dc6ff8c74f5f,no,yes,high,no,no
2026-07-23T23:51:39-04:00,2026-07-23,MU,723125,8-K,2017-10-10,0001104659-17-061554,"8.01,9.01",a17-18241_38k.htm,https://www.sec.gov/Archives/edgar/data/723125/000110465917061554/a17-18241_38k.htm,6a7ef842efe94f90a4b335169434cc68a3b67199ee676aaa360e3ae5bc386add,no,yes,high,no,no
2026-07-23T23:51:39-04:00,2026-07-23,MU,723125,8-K,2017-09-26,0000723125-17-000106,"2.02,7.01,9.01",a2017q48-kearningsrelease.htm,https://www.sec.gov/Archives/edgar/data/723125/000072312517000106/a2017q48-kearningsrelease.htm,96d921a834d4dfc228e593ef0a4eb1ac4e62d2dd9bf25be3106c160259ed1943,no,yes,high,no,no
2026-07-23T23:51:39-04:00,2026-07-23,MU,723125,8-K,2017-07-27,0000723125-17-000092,5.02,a20178-kdurcanamendedandre.htm,https://www.sec.gov/Archives/edgar/data/723125/000072312517000092/a20178-kdurcanamendedandre.htm,2bac43d290b0ca7bb468385fcc207f34cf31c48fd476cca87b611741f5808f92,no,yes,high,no,no
2026-07-23T23:51:39-04:00,2026-07-23,MU,723125,10-Q,2017-06-30,0000723125-17-000085,,a2017q3.htm,https://www.sec.gov/Archives/edgar/data/723125/000072312517000085/a2017q3.htm,6d0f4307d7d606789907d1371e8ef33db34dd2ffd9939389d5547d9acb3639b1,no,yes,high,no,no
2026-07-23T23:51:39-04:00,2026-07-23,MU,723125,8-K,2017-06-29,0000723125-17-000080,"2.02,9.01",a2017q38-kearningsrelease.htm,https://www.sec.gov/Archives/edgar/data/723125/000072312517000080/a2017q38-kearningsrelease.htm,e25b8818660bee09c4f56a3d2014a1285bc77c74cdde24d5d8a5aed1f8f82f6b,no,yes,high,no,no
2026-07-23T23:51:39-04:00,2026-07-23,MU,723125,8-K,2017-06-28,0000723125-17-000076,"5.02,8.01,9.01",a20178-kofficerchange.htm,https://www.sec.gov/Archives/edgar/data/723125/000072312517000076/a20178-kofficerchange.htm,0f48c83a60a97ac0622d7be5b92ecf2f93a7da93b018209dd000cd4e7dc233ef,no,yes,high,no,no
2026-07-23T23:51:39-04:00,2026-07-23,PANW,1327567,10-Q,2026-06-03,0001327567-26-000015,,panw-20260430.htm,https://www.sec.gov/Archives/edgar/data/1327567/000132756726000015/panw-20260430.htm,7b35388435e2bad3e792febf0c5d5996688cd8cc2f1f9974ffd48de40a54a81f,no,yes,high,no,no
2026-07-23T23:51:39-04:00,2026-07-23,PANW,1327567,8-K,2026-06-02,0001327567-26-000012,"2.02,9.01",panw-20260602.htm,https://www.sec.gov/Archives/edgar/data/1327567/000132756726000012/panw-20260602.htm,6e6f8a0f75036be18460afd786af30a898e00bd3b3c7b1fcafa4f98b17ee63b4,no,yes,high,no,no
2026-07-23T23:51:39-04:00,2026-07-23,PANW,1327567,8-K,2026-04-13,0001193125-26-151637,"1.01,2.03,9.01",d49517d8k.htm,https://www.sec.gov/Archives/edgar/data/1327567/000119312526151637/d49517d8k.htm,dbd07a67be83891a2f195e76cd6abed68951e4720ecb87f8addaad1c4a1d25ca,no,yes,high,no,no
2026-07-23T23:51:39-04:00,2026-07-23,PANW,1327567,8-K,2026-03-23,0001193125-26-119729,8.01,d84927d8k.htm,https://www.sec.gov/Archives/edgar/data/1327567/000119312526119729/d84927d8k.htm,ea4598a8fe41047c82cde1850ae4197813b615a2089f43ad2dd8c07938c880ee,no,yes,high,no,no
2026-07-23T23:51:39-04:00,2026-07-23,PANW,1327567,8-K,2026-03-11,0001327567-26-000009,"8.01,9.01",panw-20260310.htm,https://www.sec.gov/Archives/edgar/data/1327567/000132756726000009/panw-20260310.htm,3d8c879e8fb0513564acbe86fb9cad438734e19bbb09a0505cab1ef6a0a33a5e,no,yes,high,no,no
2026-07-23T23:51:39-04:00,2026-07-23,PANW,1327567,10-Q,2026-02-18,0001327567-26-000005,,panw-20260131.htm,https://www.sec.gov/Archives/edgar/data/1327567/000132756726000005/panw-20260131.htm,db4bcf45c9df9a63fbfe8aea17ed252a823aa0d54b89659a7ad97cfadcc0f177,no,yes,high,no,no
2026-07-23T23:51:39-04:00,2026-07-23,PANW,1327567,8-K,2026-02-17,0001327567-26-000003,"2.02,9.01",panw-20260217.htm,https://www.sec.gov/Archives/edgar/data/1327567/000132756726000003/panw-20260217.htm,bc327931a9b0d51b81fa7e1199b007c2a31a22024533acfe615c11033d93dfcf,no,yes,high,no,no
2026-07-23T23:51:39-04:00,2026-07-23,PANW,1327567,8-K,2026-02-11,0001193125-26-045600,"1.01,2.03,8.01,9.01",d40626d8k.htm,https://www.sec.gov/Archives/edgar/data/1327567/000119312526045600/d40626d8k.htm,8183e4bac198d7e16973bcbf5101558153f2e333f1d0c35844d7ff1e04d0f543,no,yes,high,no,no
2026-07-23T23:51:39-04:00,2026-07-23,PANW,1327567,8-K,2026-01-29,0001193125-26-029489,"7.01,9.01",d884183d8k.htm,https://www.sec.gov/Archives/edgar/data/1327567/000119312526029489/d884183d8k.htm,db6da26120659208cfa9e9516f57c72290b29f182e7939e7a60a6852df793c55,no,yes,high,no,no
2026-07-23T23:51:39-04:00,2026-07-23,PANW,1327567,8-K,2025-12-11,0001193125-25-315915,"5.02,5.07,9.01",d15273d8k.htm,https://www.sec.gov/Archives/edgar/data/1327567/000119312525315915/d15273d8k.htm,e0b1fca4dea1540d5b7188422ace711fcdd03a8c10d92639a4920de8140c467a,no,yes,high,no,no
2026-07-23T23:51:39-04:00,2026-07-23,PANW,1327567,8-K,2025-11-21,0001193125-25-291350,8.01,d882056d8k.htm,https://www.sec.gov/Archives/edgar/data/1327567/000119312525291350/d882056d8k.htm,6ac6ef8adb0488bffb6c07acd1b33bf710390dc01759058eb668ac5fe5ae269c,no,yes,high,no,no
2026-07-23T23:51:39-04:00,2026-07-23,PANW,1327567,10-Q,2025-11-20,0001327567-25-000035,,panw-20251031.htm,https://www.sec.gov/Archives/edgar/data/1327567/000132756725000035/panw-20251031.htm,8ca05b3763f2d65bfd09ad377e660efef1967d8856bca63c63faf091c6da6fa1,no,yes,high,no,no
2026-07-23T23:51:39-04:00,2026-07-23,PANW,1327567,8-K,2025-11-19,0001193125-25-288132,"5.02,9.01",d851220d8k.htm,https://www.sec.gov/Archives/edgar/data/1327567/000119312525288132/d851220d8k.htm,cd7999042d532b0c3c1c9af5c41eba50becef999f84399659bc91bb7547688e6,no,yes,high,no,no
2026-07-23T23:51:39-04:00,2026-07-23,PANW,1327567,8-K,2025-11-19,0001327567-25-000032,"2.02,7.01,8.01,9.01",panw-20251119.htm,https://www.sec.gov/Archives/edgar/data/1327567/000132756725000032/panw-20251119.htm,652e2519bb2fabfbc6d56d5f8fdf7e71b555efa5a8f38af4d5b83476be7e3531,no,yes,high,no,no
2026-07-23T23:51:39-04:00,2026-07-23,PANW,1327567,DEF 14A,2025-11-07,0001308179-25-000624,,panw-20251107.htm,https://www.sec.gov/Archives/edgar/data/1327567/000130817925000624/panw-20251107.htm,711b16a402eb7091ec9b8e8b67a43ae644bbef0be10ef5207ba7624b63574654,no,yes,medium,no,no
2026-07-23T23:51:39-04:00,2026-07-23,PANW,1327567,424B3,2025-09-30,0001193125-25-224204,,d99065d424b3.htm,https://www.sec.gov/Archives/edgar/data/1327567/000119312525224204/d99065d424b3.htm,491417302eea07690e71394c249015f75cf3f7bae9559c0c93bbdc29f7e0ac35,no,yes,high,no,no
2026-07-23T23:51:39-04:00,2026-07-23,PANW,1327567,8-K,2025-09-25,0001193125-25-217462,8.01,d40588d8k.htm,https://www.sec.gov/Archives/edgar/data/1327567/000119312525217462/d40588d8k.htm,70d356a7def169899eb356ff74426fcff13bcab700d56a531194118915553198,no,yes,high,no,no
2026-07-23T23:51:39-04:00,2026-07-23,PANW,1327567,10-K,2025-08-29,0001327567-25-000027,,panw-20250731.htm,https://www.sec.gov/Archives/edgar/data/1327567/000132756725000027/panw-20250731.htm,9b24d2d582845775756af696fadb4f14cf238cf086836296e11a3c0209f7ebbf,no,yes,high,no,no
2026-07-23T23:51:39-04:00,2026-07-23,PANW,1327567,8-K,2025-08-18,0001327567-25-000024,"2.02,5.02,5.03,9.01",panw-20250813.htm,https://www.sec.gov/Archives/edgar/data/1327567/000132756725000024/panw-20250813.htm,5e637f60233df4ac8a345afac3b8cc19ae3ea24d144274e3d5c18b02c66385ca,no,yes,high,no,no
2026-07-23T23:51:39-04:00,2026-07-23,PANW,1327567,8-K,2025-07-31,0001193125-25-169870,"1.01,9.01",d804159d8k.htm,https://www.sec.gov/Archives/edgar/data/1327567/000119312525169870/d804159d8k.htm,e76affed8417005e36199cf45398d70edd6b0c76b45c699fa3b91028f698e87e,no,yes,high,no,no
2026-07-23T23:51:39-04:00,2026-07-23,PANW,1327567,8-K,2025-07-30,0001193125-25-168821,"7.01,8.01,9.01",d67702d8k.htm,https://www.sec.gov/Archives/edgar/data/1327567/000119312525168821/d67702d8k.htm,d6a6b6bff2f3045e305ef71d660e60a0d93b9f1d93249d27a1a127d5aadf88a4,no,yes,high,no,no
2026-07-23T23:51:39-04:00,2026-07-23,PANW,1327567,10-Q,2025-05-21,0001327567-25-000017,,panw-20250430.htm,https://www.sec.gov/Archives/edgar/data/1327567/000132756725000017/panw-20250430.htm,8016b256ebd4b76d457b6d0119bc81156e53a5844faf2caf23937c85e8329a4e,no,yes,high,no,no
2026-07-23T23:51:39-04:00,2026-07-23,PANW,1327567,8-K,2025-05-20,0001327567-25-000015,"2.02,9.01",panw-20250520.htm,https://www.sec.gov/Archives/edgar/data/1327567/000132756725000015/panw-20250520.htm,255a3d9ef2400c7a8ac4d618c1adf52bce8e666d100954962e6fe58b76ed9a09,no,yes,high,no,no
2026-07-23T23:51:39-04:00,2026-07-23,PANW,1327567,10-Q,2025-02-14,0001327567-25-000010,,panw-20250131.htm,https://www.sec.gov/Archives/edgar/data/1327567/000132756725000010/panw-20250131.htm,2576fc4242929a4c6136e3a4b963c03835e5f4d81815080015e590ce971c50b2,no,yes,high,no,no
2026-07-23T23:51:39-04:00,2026-07-23,PANW,1327567,8-K,2025-02-13,0001327567-25-000006,"2.02,9.01",panw-20250213.htm,https://www.sec.gov/Archives/edgar/data/1327567/000132756725000006/panw-20250213.htm,e00a76c3e81e72cf33620e029d3388e7cadc09a1311f916f18e467a2bf20d586,no,yes,high,no,no
2026-07-23T23:51:39-04:00,2026-07-23,PANW,1327567,8-K,2025-02-13,0001327567-25-000004,"5.02,9.01",panw-20250212.htm,https://www.sec.gov/Archives/edgar/data/1327567/000132756725000004/panw-20250212.htm,83b176aac5e8bd9f7ae98c05ca1a55f8fbdc6b0cbe0c21a00fb4c7771bb92147,no,yes,high,no,no
2026-07-23T23:51:39-04:00,2026-07-23,PANW,1327567,8-K,2024-12-17,0001193125-24-280058,"5.02,9.01",d903511d8k.htm,https://www.sec.gov/Archives/edgar/data/1327567/000119312524280058/d903511d8k.htm,d3dd705cf354f50670289537947d0a46ae29e57019431352b0e47e365068da3a,no,yes,high,no,no
2026-07-23T23:51:39-04:00,2026-07-23,PANW,1327567,8-K,2024-12-12,0001193125-24-277082,"5.02,5.03,5.07,9.01",d817166d8k.htm,https://www.sec.gov/Archives/edgar/data/1327567/000119312524277082/d817166d8k.htm,8fe2a2a801a6cf16fc6cb339485f96254b856583c9500bca478ba571e4fe9666,no,yes,high,no,no
2026-07-23T23:51:39-04:00,2026-07-23,PANW,1327567,10-Q,2024-11-21,0001327567-24-000040,,panw-20241031.htm,https://www.sec.gov/Archives/edgar/data/1327567/000132756724000040/panw-20241031.htm,762b404f0843efa933aef5d2df050c31fa6991405c57bf6b78eaf77628f1d2f6,no,yes,high,no,no
2026-07-23T23:51:39-04:00,2026-07-23,PANW,1327567,8-K,2024-11-20,0001327567-24-000036,"2.02,8.01,9.01",panw-20241120.htm,https://www.sec.gov/Archives/edgar/data/1327567/000132756724000036/panw-20241120.htm,a6b5c98fe26782ed914818297c66dbb60655c8d3c0788e0856874cf9b6041a59,no,yes,high,no,no
2026-07-23T23:51:39-04:00,2026-07-23,PANW,1327567,8-K,2024-11-15,0001193125-24-259308,8.01,d816913d8k.htm,https://www.sec.gov/Archives/edgar/data/1327567/000119312524259308/d816913d8k.htm,44c11873a6f72f2588e9c09c1aadbca3d8c30bf7ed93eb54003269f74856e8cc,no,yes,high,no,no
2026-07-23T23:51:39-04:00,2026-07-23,PANW,1327567,DEF 14A,2024-10-29,0001308179-24-000770,,panw4345341-def14a.htm,https://www.sec.gov/Archives/edgar/data/1327567/000130817924000770/panw4345341-def14a.htm,1893b881a6f86ccfaf74e19555b953708a21b9d5e65672494619304ee69f9d73,no,yes,medium,no,no
2026-07-23T23:51:39-04:00,2026-07-23,PANW,1327567,S-3ASR,2024-09-06,0001193125-24-215258,,d865286ds3asr.htm,https://www.sec.gov/Archives/edgar/data/1327567/000119312524215258/d865286ds3asr.htm,7e393c8bf61e18e3b550a6dd18247d50c7b6ba8b268ab96ee452b075afa553a8,no,yes,high,no,no
2026-07-23T23:51:39-04:00,2026-07-23,PANW,1327567,10-K,2024-09-06,0001327567-24-000029,,panw-20240731.htm,https://www.sec.gov/Archives/edgar/data/1327567/000132756724000029/panw-20240731.htm,429a2636302e591724420cd506dc00be756e662b82a6f6d9d34436668d177cd7,no,yes,high,no,no
2026-07-23T23:51:39-04:00,2026-07-23,PANW,1327567,8-K,2024-09-04,0001327567-24-000026,"8.01,9.01",panw-20240831.htm,https://www.sec.gov/Archives/edgar/data/1327567/000132756724000026/panw-20240831.htm,36161a7681ed9af67db2114d44a84410321d34c0737ed39f3a7249d2877d06c7,no,yes,high,no,no
2026-07-23T23:51:39-04:00,2026-07-23,PANW,1327567,8-K,2024-08-19,0001327567-24-000023,"2.02,8.01,9.01",panw-20240819.htm,https://www.sec.gov/Archives/edgar/data/1327567/000132756724000023/panw-20240819.htm,0c3bb504b42db60e1a03bfee6aab656e6184fc70f07966cc09fd413642179b32,no,yes,high,no,no
2026-07-23T23:51:39-04:00,2026-07-23,PANW,1327567,10-Q,2024-05-21,0001327567-24-000017,,panw-20240430.htm,https://www.sec.gov/Archives/edgar/data/1327567/000132756724000017/panw-20240430.htm,db66582bb8acfb14ca2aaa0f18379b28b0a680dd4ef67e5ff12e6627861cca43,no,yes,high,no,no
2026-07-23T23:51:39-04:00,2026-07-23,PANW,1327567,8-K,2024-05-20,0001327567-24-000015,"2.02,9.01",panw-20240520.htm,https://www.sec.gov/Archives/edgar/data/1327567/000132756724000015/panw-20240520.htm,cccf8893dcf238967393b4e0e5b0668371955807e68f075acf7d2f66c0310627,no,yes,high,no,no
2026-07-23T23:51:39-04:00,2026-07-23,PANW,1327567,8-K,2024-05-16,0001327567-24-000010,"8.01,9.01",panw-20240515.htm,https://www.sec.gov/Archives/edgar/data/1327567/000132756724000010/panw-20240515.htm,2f59465764afeeb4b59280c51c7c67ffa91788d25a3305da7715561b4ba72658,no,yes,high,no,no
2026-07-23T23:51:39-04:00,2026-07-23,PANW,1327567,10-Q,2024-02-21,0001327567-24-000005,,panw-20240131.htm,https://www.sec.gov/Archives/edgar/data/1327567/000132756724000005/panw-20240131.htm,42f91a484eba73064fc2c4e6f2f4b922bae1d39097f7c7057246cc7e2e83b777,no,yes,high,no,no
2026-07-23T23:51:39-04:00,2026-07-23,PANW,1327567,8-K,2024-02-20,0001327567-24-000003,"2.02,9.01",panw-20240220.htm,https://www.sec.gov/Archives/edgar/data/1327567/000132756724000003/panw-20240220.htm,ee265a8d6d53f54c6c907b4047e3eacce88137db26ade5e6ee4fb636fbb246f5,no,yes,high,no,no
2026-07-23T23:51:39-04:00,2026-07-23,PANW,1327567,8-K,2023-12-14,0001193125-23-295527,"5.02,5.07,9.01",d596427d8k.htm,https://www.sec.gov/Archives/edgar/data/1327567/000119312523295527/d596427d8k.htm,ef351e02c9d495eba33c904725d0c38aa44bf59ec31d32211f9b859d9b9e2b3b,no,yes,high,no,no
2026-07-23T23:51:39-04:00,2026-07-23,PANW,1327567,8-K,2023-11-29,0001193125-23-285277,"8.01,9.01",d199345d8k.htm,https://www.sec.gov/Archives/edgar/data/1327567/000119312523285277/d199345d8k.htm,736c3537208140faf5f42c2856653bdd19522294c2a38499495ad52dccf6aee9,no,yes,high,no,no
2026-07-23T23:51:39-04:00,2026-07-23,PANW,1327567,8-K,2023-11-17,0001327567-23-000035,"8.01,9.01",panw-20231116.htm,https://www.sec.gov/Archives/edgar/data/1327567/000132756723000035/panw-20231116.htm,8c5cd1b2871b6938bf451bd9c92bf581db0e4210f6a8f7a26f27ae62c66f256f,no,yes,high,no,no
2026-07-23T23:51:39-04:00,2026-07-23,PANW,1327567,10-Q,2023-11-17,0001327567-23-000032,,panw-20231031.htm,https://www.sec.gov/Archives/edgar/data/1327567/000132756723000032/panw-20231031.htm,d87fa5a5940e2c4481b0d9c4a608c4caa6ad2f938f61e3f32112a9c25318139d,no,yes,high,no,no
2026-07-23T23:51:39-04:00,2026-07-23,PANW,1327567,8-K,2023-11-15,0001327567-23-000030,"2.02,9.01",panw-20231115.htm,https://www.sec.gov/Archives/edgar/data/1327567/000132756723000030/panw-20231115.htm,2594eba9f0c674fb790804e79c91ea900b0df488a13abb1f2c36b310ff435e97,no,yes,high,no,no
2026-07-23T23:51:39-04:00,2026-07-23,PANW,1327567,8-K,2023-11-15,0001193125-23-277318,8.01,d513622d8k.htm,https://www.sec.gov/Archives/edgar/data/1327567/000119312523277318/d513622d8k.htm,278cc342b3ec10059f7584f4bfa0dd2e1e760626f13e63a9bc5ddcfe93be2469,no,yes,high,no,no
2026-07-23T23:51:39-04:00,2026-07-23,PANW,1327567,DEF 14A,2023-10-27,0001308179-23-001049,,panw4225281-def14a.htm,https://www.sec.gov/Archives/edgar/data/1327567/000130817923001049/panw4225281-def14a.htm,9acb20453add9ee360d1bb3d11c05a932ffd204b42655e13bd13511ffa552c92,no,yes,medium,no,no
2026-07-23T23:51:39-04:00,2026-07-23,PANW,1327567,10-K,2023-09-01,0001327567-23-000024,,panw-20230731.htm,https://www.sec.gov/Archives/edgar/data/1327567/000132756723000024/panw-20230731.htm,271d843ff43114fba1aef9cbb8933689adcfa89145fb14a584f1482fb91b839a,no,yes,high,no,no
2026-07-23T23:51:39-04:00,2026-07-23,PANW,1327567,8-K,2023-08-18,0001327567-23-000020,"2.02,9.01",panw-20230818.htm,https://www.sec.gov/Archives/edgar/data/1327567/000132756723000020/panw-20230818.htm,36c29beb0d486640e50ebfbe2a1a9c44794933c37149ff7127d85309fdd337b3,no,yes,high,no,no
2026-07-23T23:51:39-04:00,2026-07-23,PANW,1327567,8-K,2023-06-08,0001193125-23-163506,"7.01,9.01",d515129d8k.htm,https://www.sec.gov/Archives/edgar/data/1327567/000119312523163506/d515129d8k.htm,e2613562c165086729dccce3a1927e12ecfc1d6b281aa665f68ccb6ca1cb7896,no,yes,high,no,no
2026-07-23T23:51:39-04:00,2026-07-23,PANW,1327567,8-K,2023-06-05,0001193125-23-160228,7.01,d615128d8k.htm,https://www.sec.gov/Archives/edgar/data/1327567/000119312523160228/d615128d8k.htm,2ba345b64edd89eb7be975885166b19e848a7fe8f0496ba983b9f5daf834869e,no,yes,high,no,no
2026-07-23T23:51:39-04:00,2026-07-23,PANW,1327567,10-Q,2023-05-24,0001327567-23-000014,,panw-20230430.htm,https://www.sec.gov/Archives/edgar/data/1327567/000132756723000014/panw-20230430.htm,881184a008d9333bbdb12e56afb016eeaabd21b3d8c382686dc04bea1c295dbb,no,yes,high,no,no
2026-07-23T23:51:39-04:00,2026-07-23,PANW,1327567,8-K,2023-05-23,0001327567-23-000012,"2.02,9.01",panw-20230523.htm,https://www.sec.gov/Archives/edgar/data/1327567/000132756723000012/panw-20230523.htm,838b48edf39685966ea87d8c29a7ffa4ad043dfa37315f14072d7d4bb10223ac,no,yes,high,no,no
2026-07-23T23:51:39-04:00,2026-07-23,PANW,1327567,8-K,2023-04-19,0001327567-23-000009,"1.01,2.03,9.01",panw-20230413.htm,https://www.sec.gov/Archives/edgar/data/1327567/000132756723000009/panw-20230413.htm,9fbd5ec40876cec0adef7ff4080034734c35a17df91fafc52c89d8d1f3150cc7,no,yes,high,no,no
2026-07-23T23:51:39-04:00,2026-07-23,PANW,1327567,10-Q,2023-02-22,0001327567-23-000006,,panw-20230131.htm,https://www.sec.gov/Archives/edgar/data/1327567/000132756723000006/panw-20230131.htm,15f3c5bc5c2f3072f8d9c5ca370637b0bef33c14ae4f50e1eaa05d1b5f32c49a,no,yes,high,no,no
2026-07-23T23:51:39-04:00,2026-07-23,PANW,1327567,8-K,2023-02-21,0001327567-23-000005,"2.02,9.01",panw-20230221.htm,https://www.sec.gov/Archives/edgar/data/1327567/000132756723000005/panw-20230221.htm,7cb99695179d8a8a39bd734964df04206296551f72e87c27d4662b16cf4bd1a4,no,yes,high,no,no
2026-07-23T23:51:39-04:00,2026-07-23,PANW,1327567,8-K,2022-12-16,0001193125-22-307346,"5.02,5.07",d402841d8k.htm,https://www.sec.gov/Archives/edgar/data/1327567/000119312522307346/d402841d8k.htm,0be22637ac85a2ff912470f2f39b41f493eb3ca0d42add9a7cb1b2b93d79afbe,no,yes,high,no,no
2026-07-23T23:51:39-04:00,2026-07-23,PANW,1327567,10-Q,2022-11-18,0001327567-22-000038,,panw-20221031.htm,https://www.sec.gov/Archives/edgar/data/1327567/000132756722000038/panw-20221031.htm,933e17047384f70f19db577e1185df333ac1709fd6e77569a8937b018048433b,no,yes,high,no,no
2026-07-23T23:51:39-04:00,2026-07-23,PANW,1327567,8-K,2022-11-17,0001327567-22-000035,"2.02,9.01",panw-20221117.htm,https://www.sec.gov/Archives/edgar/data/1327567/000132756722000035/panw-20221117.htm,a226dcfe7cbc3c73abb67ebc1048291d6157af6e6302a58f18e13818d2e20b98,no,yes,high,no,no
2026-07-23T23:51:39-04:00,2026-07-23,PANW,1327567,8-K,2022-11-15,0001193125-22-285017,8.01,d420060d8k.htm,https://www.sec.gov/Archives/edgar/data/1327567/000119312522285017/d420060d8k.htm,5f24fcaeba9db80b5d3c4b4af540bc79be4735a51355620cca02f76ad2192569,no,yes,high,no,no
2026-07-23T23:51:39-04:00,2026-07-23,PANW,1327567,DEF 14A,2022-11-03,0001206774-22-002637,,panw4099631-def14a.htm,https://www.sec.gov/Archives/edgar/data/1327567/000120677422002637/panw4099631-def14a.htm,96322b5222adae4157f4e485a55af7b7257e744dd4a848d1fba45014a7ff5c81,no,yes,medium,no,no
2026-07-23T23:51:39-04:00,2026-07-23,PANW,1327567,10-K,2022-09-06,0001327567-22-000028,,panw-20220731.htm,https://www.sec.gov/Archives/edgar/data/1327567/000132756722000028/panw-20220731.htm,e812a97da3a393c3ea83002e891afa644f85bd138297f76d7898eb3247bb9293,no,yes,high,no,no
2026-07-23T23:51:39-04:00,2026-07-23,PANW,1327567,8-K,2022-08-22,0001327567-22-000020,"2.02,8.01,9.01",panw-20220822.htm,https://www.sec.gov/Archives/edgar/data/1327567/000132756722000020/panw-20220822.htm,7a09a602e63d8ca2fde23a5fb8bfaa2847b06eba60e9e36149f8aae3f65c7f2c,no,yes,high,no,no
2026-07-23T23:51:39-04:00,2026-07-23,PANW,1327567,8-K,2022-05-23,0001193125-22-157474,"5.02,5.03,9.01",d274773d8k.htm,https://www.sec.gov/Archives/edgar/data/1327567/000119312522157474/d274773d8k.htm,d674600aac07e00227a43b2012573e3d0140665b36a8888ec89ef3ef478a3394,no,yes,high,no,no
2026-07-23T23:51:39-04:00,2026-07-23,PANW,1327567,10-Q,2022-05-20,0001327567-22-000016,,panw-20220430.htm,https://www.sec.gov/Archives/edgar/data/1327567/000132756722000016/panw-20220430.htm,5d751fd3fc63c4c097bc75f97c4949c03022cd39a79c48ed42fdb72e0bc71c8f,no,yes,high,no,no
2026-07-23T23:51:39-04:00,2026-07-23,PANW,1327567,8-K,2022-05-19,0001327567-22-000014,"2.02,9.01",panw-20220519.htm,https://www.sec.gov/Archives/edgar/data/1327567/000132756722000014/panw-20220519.htm,5b78e6702a07a725e996d714206cf1ab05377753e2a9717dc1dfba7b1ba6bc71,no,yes,high,no,no
2026-07-23T23:51:39-04:00,2026-07-23,PANW,1327567,8-K,2022-02-23,0001193125-22-049906,5.02,d299236d8k.htm,https://www.sec.gov/Archives/edgar/data/1327567/000119312522049906/d299236d8k.htm,7776578bbcaed3657937537d2a5bae83fa2195089a52201c9de52782b68e0883,no,yes,high,no,no
2026-07-23T23:51:39-04:00,2026-07-23,PANW,1327567,10-Q,2022-02-23,0001327567-22-000008,,panw-20220131.htm,https://www.sec.gov/Archives/edgar/data/1327567/000132756722000008/panw-20220131.htm,3be5692c1cdab3e281efec277bd5749419ca65e8905298fad62394c51ccbded1,no,yes,high,no,no
2026-07-23T23:51:39-04:00,2026-07-23,PANW,1327567,8-K,2022-02-22,0001327567-22-000006,"2.02,9.01",panw-20220222.htm,https://www.sec.gov/Archives/edgar/data/1327567/000132756722000006/panw-20220222.htm,19d2c65bbe089dbe7896fbd4bcb455aef084a96be117b5f0612551d6662421a5,no,yes,high,no,no
2026-07-23T23:51:39-04:00,2026-07-23,PANW,1327567,8-K,2021-12-15,0001193125-21-358074,"5.02,5.07",d36605d8k.htm,https://www.sec.gov/Archives/edgar/data/1327567/000119312521358074/d36605d8k.htm,bb15c93a476c492740b30a4537ef0bf28d7b732461dea02beb26fa8cd6a9ca97,no,yes,high,no,no
2026-07-23T23:51:39-04:00,2026-07-23,PANW,1327567,10-Q,2021-11-19,0001327567-21-000040,,panw-20211031.htm,https://www.sec.gov/Archives/edgar/data/1327567/000132756721000040/panw-20211031.htm,58bbd36da26a2a497b30f60fbee986b50973ca7c5dd0af18831e8622e9750a3d,no,yes,high,no,no
2026-07-23T23:51:39-04:00,2026-07-23,PANW,1327567,8-K,2021-11-18,0001327567-21-000037,"2.02,9.01",panw-20211118.htm,https://www.sec.gov/Archives/edgar/data/1327567/000132756721000037/panw-20211118.htm,3acb895ea73191192460131019837eda8d506df9f1a81725e76568bd466f896b,no,yes,high,no,no
2026-07-23T23:51:39-04:00,2026-07-23,PANW,1327567,DEF 14A,2021-10-29,0001206774-21-002675,,panw3943601-def14a.htm,https://www.sec.gov/Archives/edgar/data/1327567/000120677421002675/panw3943601-def14a.htm,867c9b111c98c617e1f95fa31ff7ed5ca72df05add50631fa064a3ef99ede002,no,yes,medium,no,no
2026-07-23T23:51:39-04:00,2026-07-23,PANW,1327567,8-K,2021-10-12,0001193125-21-296438,"3.01,7.01,9.01",d215865d8k.htm,https://www.sec.gov/Archives/edgar/data/1327567/000119312521296438/d215865d8k.htm,3cec3269f9cea25f069d127ce399710874ccc052191d01265441f83191b1f238,no,yes,high,no,no
2026-07-23T23:51:39-04:00,2026-07-23,PANW,1327567,8-K,2021-09-13,0001193125-21-270979,"7.01,9.01",d204478d8k.htm,https://www.sec.gov/Archives/edgar/data/1327567/000119312521270979/d204478d8k.htm,95c064346e61a52d8be1d75ad1845a173bb72f04cf4d44b505fbf95288e309d0,no,yes,high,no,no
2026-07-23T23:51:39-04:00,2026-07-23,PANW,1327567,8-K,2021-09-08,0001193125-21-267862,"5.02,9.01",d200133d8k.htm,https://www.sec.gov/Archives/edgar/data/1327567/000119312521267862/d200133d8k.htm,0bda9cae719d5d93df883d5c2e88487b5abd68c994e19df48d1ac75dd0b66bf4,no,yes,high,no,no
2026-07-23T23:51:39-04:00,2026-07-23,PANW,1327567,S-3ASR,2021-09-03,0001193125-21-265637,,d198300ds3asr.htm,https://www.sec.gov/Archives/edgar/data/1327567/000119312521265637/d198300ds3asr.htm,b90b9891453d8fe313ad0de651c7f2eabb57fa8e5196673bb04779540ea9ff02,no,yes,high,no,no
2026-07-23T23:51:39-04:00,2026-07-23,PANW,1327567,10-K,2021-09-03,0001327567-21-000029,,panw-20210731.htm,https://www.sec.gov/Archives/edgar/data/1327567/000132756721000029/panw-20210731.htm,5266cb15c970734389f17b1eceea52a3ee1e5755fd350889c8338bf53dbe7298,no,yes,high,no,no
2026-07-23T23:51:39-04:00,2026-07-23,PANW,1327567,8-K,2021-08-23,0001327567-21-000020,"2.02,9.01",panw-20210823.htm,https://www.sec.gov/Archives/edgar/data/1327567/000132756721000020/panw-20210823.htm,54b59154f5232626e6492fbafe12d72924a6a3d1abd3f03cf570190907f4bf07,no,yes,high,no,no
2026-07-23T23:51:39-04:00,2026-07-23,PANW,1327567,8-K,2021-08-12,0001193125-21-244832,"5.02,9.01",d204334d8k.htm,https://www.sec.gov/Archives/edgar/data/1327567/000119312521244832/d204334d8k.htm,85fc7db9aebd2baee801b117bd4f8007e428cb44ba1ac3470f00d97c4e583791,no,yes,high,no,no
2026-07-23T23:51:39-04:00,2026-07-23,PANW,1327567,10-Q,2021-05-21,0001327567-21-000014,,panw-20210430.htm,https://www.sec.gov/Archives/edgar/data/1327567/000132756721000014/panw-20210430.htm,9491bc3b1672945b7f6598f51ecba0f62d4b5a541189b4883b6954339d0c0bb8,no,yes,high,no,no
2026-07-23T23:51:39-04:00,2026-07-23,PANW,1327567,8-K,2021-05-20,0001327567-21-000012,"2.02,9.01",panw-20210520.htm,https://www.sec.gov/Archives/edgar/data/1327567/000132756721000012/panw-20210520.htm,5f97b05caaf4d4c7e3b7fd84f58079189a54f8b94fe9e43a3e770454e8e681a0,no,yes,high,no,no
2026-07-23T23:51:39-04:00,2026-07-23,PANW,1327567,8-K,2021-05-14,0001193125-21-162161,"5.02,9.01",d491855d8k.htm,https://www.sec.gov/Archives/edgar/data/1327567/000119312521162161/d491855d8k.htm,47b5920a146342139130d19fac71d3bdc2955228b09997311e0d8988a8eff7ec,no,yes,high,no,no
2026-07-23T23:51:39-04:00,2026-07-23,PANW,1327567,8-K,2021-03-19,0001193125-21-087516,"5.02,9.01",d160663d8k.htm,https://www.sec.gov/Archives/edgar/data/1327567/000119312521087516/d160663d8k.htm,3bb98ca061218b307bfad8ac6a4fe5736c200381dd3816a25fea2810bb1cb81d,no,yes,high,no,no
2026-07-23T23:51:39-04:00,2026-07-23,PANW,1327567,10-Q,2021-02-23,0001327567-21-000004,,panw-20210131.htm,https://www.sec.gov/Archives/edgar/data/1327567/000132756721000004/panw-20210131.htm,ff42fa1dce86ff7da6bdb260dc277c05fdce96a6568628fa061cffc66e40752a,no,yes,high,no,no
2026-07-23T23:51:39-04:00,2026-07-23,PANW,1327567,8-K,2021-02-22,0001628280-21-002659,"2.02,9.01",panw-20210222.htm,https://www.sec.gov/Archives/edgar/data/1327567/000162828021002659/panw-20210222.htm,75b28c31e610a8ed9b2b106d009c120a7fdc2af5bc80d5000d5bcc26a4810eb0,no,yes,high,no,no
2026-07-23T23:51:39-04:00,2026-07-23,PANW,1327567,8-K,2021-02-22,0001193125-21-049293,"5.02,9.01",d131875d8k.htm,https://www.sec.gov/Archives/edgar/data/1327567/000119312521049293/d131875d8k.htm,c3238a125a1a281f0eb8522eba52f29fb6749237257f87b87d5042809f8b655e,no,yes,high,no,no
2026-07-23T23:51:39-04:00,2026-07-23,PANW,1327567,8-K,2020-12-18,0001193125-20-321568,"8.01,9.01",d78799d8k.htm,https://www.sec.gov/Archives/edgar/data/1327567/000119312520321568/d78799d8k.htm,f5dd3e8ed9579a644a89902ce1576f38f1939e3f4fa4d15f55a7740421fccac8,no,yes,high,no,no
2026-07-23T23:51:39-04:00,2026-07-23,PANW,1327567,8-K,2020-12-10,0001193125-20-314920,5.07,d10122d8k.htm,https://www.sec.gov/Archives/edgar/data/1327567/000119312520314920/d10122d8k.htm,9c829f5ee6aa1ebb032c1d76619166be85940b82cbe4cf472d3d82c1ecc619bd,no,yes,medium,no,no
2026-07-23T23:51:39-04:00,2026-07-23,PANW,1327567,8-K,2020-12-08,0001193125-20-312056,"5.02,8.01,9.01",d39043d8k.htm,https://www.sec.gov/Archives/edgar/data/1327567/000119312520312056/d39043d8k.htm,2d69db7b2dbd1ca16a102712f37179ec0b3cda7d3b24294c55213fea8b453fb7,no,yes,high,no,no
2026-07-23T23:51:39-04:00,2026-07-23,PANW,1327567,10-Q,2020-11-19,0001327567-20-000041,,panw-20201031.htm,https://www.sec.gov/Archives/edgar/data/1327567/000132756720000041/panw-20201031.htm,3f758209f174410612ba1c8cf62acafd71a909fea6816db5bd291d4103d82b4f,no,yes,high,no,no
2026-07-23T23:51:39-04:00,2026-07-23,PANW,1327567,8-K,2020-11-16,0001327567-20-000037,"2.02,9.01",panw-20201116.htm,https://www.sec.gov/Archives/edgar/data/1327567/000132756720000037/panw-20201116.htm,8ef1bca15b2d68c36a460769ca791715a19ce012d0c2fda2b7d1c0ca73760585,no,yes,high,no,no
2026-07-23T23:51:39-04:00,2026-07-23,PANW,1327567,8-K,2020-11-12,0001193125-20-291707,3.02,d17155d8k.htm,https://www.sec.gov/Archives/edgar/data/1327567/000119312520291707/d17155d8k.htm,a4736fda20b3a7daa65eae35ed3839d285eb22168d30e7bbfbb2f3b1983f960e,no,yes,high,no,no
2026-07-23T23:51:39-04:00,2026-07-23,PANW,1327567,DEF 14A,2020-10-20,0001193125-20-272883,,d51596ddef14a.htm,https://www.sec.gov/Archives/edgar/data/1327567/000119312520272883/d51596ddef14a.htm,0b15f56ab6ffcd563b18c1a9c073fa8fcf57f01a30a7c1443dee649a887ca764,no,yes,medium,no,no
2026-07-23T23:51:39-04:00,2026-07-23,PANW,1327567,8-K,2020-10-19,0001193125-20-272060,5.02,d231195d8k.htm,https://www.sec.gov/Archives/edgar/data/1327567/000119312520272060/d231195d8k.htm,07d906c02fb3218be7571110986943ff31c40d02a95048282c03f0bd420e32bd,no,yes,high,no,no
2026-07-23T23:51:39-04:00,2026-07-23,PANW,1327567,10-K,2020-09-04,0001327567-20-000032,,panw-20200731.htm,https://www.sec.gov/Archives/edgar/data/1327567/000132756720000032/panw-20200731.htm,617c2c85b4071eff746ac463849f800ae30b342fa2f1284ac77af146b67afc1a,no,yes,high,no,no
2026-07-23T23:51:39-04:00,2026-07-23,PANW,1327567,8-K,2020-08-24,0001327567-20-000025,"2.02,9.01",panw-20200824.htm,https://www.sec.gov/Archives/edgar/data/1327567/000132756720000025/panw-20200824.htm,42f91620779bd1daa0b81f6529b69e216b0ae6235ebcf99808f1598686c3a100,no,yes,high,no,no
2026-07-23T23:51:39-04:00,2026-07-23,PANW,1327567,8-K,2020-06-23,0001193125-20-176553,"5.02,9.01",d921076d8k.htm,https://www.sec.gov/Archives/edgar/data/1327567/000119312520176553/d921076d8k.htm,1807512a4aa009811fae942daa3148999e3db7172141273d899b1b93f279db5b,no,yes,high,no,no
2026-07-23T23:51:39-04:00,2026-07-23,PANW,1327567,8-K,2020-06-22,0001193125-20-175603,"5.02,9.01",d948829d8k.htm,https://www.sec.gov/Archives/edgar/data/1327567/000119312520175603/d948829d8k.htm,de0c76bd9acea3242b8255cad1968c65c418b5657a2c05af1d4bacf223397efb,no,yes,high,no,no
2026-07-23T23:51:39-04:00,2026-07-23,PANW,1327567,8-K,2020-06-08,0001193125-20-163579,"1.01,2.03,3.02,8.01,9.01",d936599d8k.htm,https://www.sec.gov/Archives/edgar/data/1327567/000119312520163579/d936599d8k.htm,bf37f64b1307810a24f335a6fa798492e6d30fb796a79dffce5149dae24eda8d,no,yes,high,no,no
2026-07-23T23:51:39-04:00,2026-07-23,PANW,1327567,10-Q,2020-05-22,0001327567-20-000017,,panw-20200430.htm,https://www.sec.gov/Archives/edgar/data/1327567/000132756720000017/panw-20200430.htm,ff1dc8458fee8c019a9c02fd531472e450e54eca3924875ce8516f59608afc87,no,yes,high,no,no
2026-07-23T23:51:39-04:00,2026-07-23,PANW,1327567,8-K,2020-05-21,0001327567-20-000015,"2.02,9.01",panw-20200521.htm,https://www.sec.gov/Archives/edgar/data/1327567/000132756720000015/panw-20200521.htm,44da29064fe43306d3779efc76050ff84e668418abc8b69c6d28841d0fe89c40,no,yes,high,no,no
2026-07-23T23:51:39-04:00,2026-07-23,PANW,1327567,8-K,2020-02-27,0001193125-20-050335,"1.01,2.03",d893266d8k.htm,https://www.sec.gov/Archives/edgar/data/1327567/000119312520050335/d893266d8k.htm,4e5840539fafd5ccca9a92c7776761c702b8b0e397d50f2fc76d3c62c838d403,no,yes,high,no,no
2026-07-23T23:51:39-04:00,2026-07-23,PANW,1327567,10-Q,2020-02-25,0001327567-20-000007,,panw-1312020x10qq220.htm,https://www.sec.gov/Archives/edgar/data/1327567/000132756720000007/panw-1312020x10qq220.htm,6ada365572ff239d068e96fa072fd6ee9b89c842d2f88199ddf5d37b5d3c6c85,no,yes,high,no,no
2026-07-23T23:51:39-04:00,2026-07-23,PANW,1327567,8-K,2020-02-24,0001327567-20-000002,"2.02,9.01",panw-8xkxq220earningsr.htm,https://www.sec.gov/Archives/edgar/data/1327567/000132756720000002/panw-8xkxq220earningsr.htm,70793d01873a1135e21e54577bc1063756ccd61b3cd15e8ab96947fa2c6040c1,no,yes,high,no,no
2026-07-23T23:51:39-04:00,2026-07-23,PANW,1327567,8-K,2019-12-19,0001193125-19-319166,"1.02,9.01",d849210d8k.htm,https://www.sec.gov/Archives/edgar/data/1327567/000119312519319166/d849210d8k.htm,b62c612cbd6f9eeb21038283c19b62145c0609a49aa6106c71e66ce0bfbdf486,no,yes,high,no,no
2026-07-23T23:51:39-04:00,2026-07-23,PANW,1327567,8-K,2019-12-10,0001193125-19-310251,5.07,d844518d8k.htm,https://www.sec.gov/Archives/edgar/data/1327567/000119312519310251/d844518d8k.htm,dd9ba500ffe8e5e36fd29923f01aaa9ac11b87734834717032ac8f4327502808,no,yes,medium,no,no
2026-07-23T23:51:39-04:00,2026-07-23,PANW,1327567,10-Q,2019-11-26,0001327567-19-000038,,panw-10312019x10qq120.htm,https://www.sec.gov/Archives/edgar/data/1327567/000132756719000038/panw-10312019x10qq120.htm,5ef0fd9bf86a06e0ac21d4ce3a601f577d554738ec610631443c2b6c5c72629a,no,yes,high,no,no
2026-07-23T23:51:39-04:00,2026-07-23,PANW,1327567,8-K,2019-11-25,0001327567-19-000036,"2.02,9.01",panw-8xkxq120earningsr.htm,https://www.sec.gov/Archives/edgar/data/1327567/000132756719000036/panw-8xkxq120earningsr.htm,89b630e83451caf8d60ebea0780fe663f91957a903e405be75d6ae87175e4e6d,no,yes,high,no,no
2026-07-23T23:51:39-04:00,2026-07-23,PANW,1327567,DEF 14A,2019-10-22,0001193125-19-271674,,d796547ddef14a.htm,https://www.sec.gov/Archives/edgar/data/1327567/000119312519271674/d796547ddef14a.htm,524a8080788bd4335d401301ce80ac3988577749374ac95d0386fe57c33f9f24,no,yes,medium,no,no
2026-07-23T23:51:39-04:00,2026-07-23,PANW,1327567,8-K,2019-10-22,0001193125-19-271660,5.02,d816626d8k.htm,https://www.sec.gov/Archives/edgar/data/1327567/000119312519271660/d816626d8k.htm,cdb0266bc4b404e3d713361e5b928b73bf8687f6469133239812d4da03e1ef2c,no,yes,high,no,no
2026-07-23T23:51:39-04:00,2026-07-23,PANW,1327567,10-K,2019-09-09,0001327567-19-000032,,panw-7312019x10k.htm,https://www.sec.gov/Archives/edgar/data/1327567/000132756719000032/panw-7312019x10k.htm,791359252bf7faa9d4ab54baaef6b6cd0264d9ac6af45e219ffaee446168730c,no,yes,high,no,no
2026-07-23T23:51:39-04:00,2026-07-23,PANW,1327567,8-K,2019-09-04,0001327567-19-000023,"2.02,7.01,9.01",panw-8xkxq419earningsrelea.htm,https://www.sec.gov/Archives/edgar/data/1327567/000132756719000023/panw-8xkxq419earningsrelea.htm,135858b831f11cfa22702e2bca5c4afa25b9440f7dbce2c17f1e1d286c7e8f7d,no,yes,high,no,no
2026-07-23T23:51:39-04:00,2026-07-23,PANW,1327567,8-K,2019-07-11,0001193125-19-192415,"5.02,9.01",d773173d8k.htm,https://www.sec.gov/Archives/edgar/data/1327567/000119312519192415/d773173d8k.htm,d39a47588643b188823dcd371085fc32cbdbff1e1eb258ab7d188c4fc6940e18,no,yes,high,no,no
2026-07-23T23:51:39-04:00,2026-07-23,RBRK,1943896,8-K,2026-06-05,0001943896-26-000049,5.07,rbrk-20260603.htm,https://www.sec.gov/Archives/edgar/data/1943896/000194389626000049/rbrk-20260603.htm,b10dd2674c74d8d520c3b9e3e80951694c4cd8c7ad27522e08d21c002b910cbf,no,yes,medium,no,no
2026-07-23T23:51:39-04:00,2026-07-23,RBRK,1943896,10-Q,2026-06-05,0001943896-26-000047,,rbrk-20260430.htm,https://www.sec.gov/Archives/edgar/data/1943896/000194389626000047/rbrk-20260430.htm,db5666c60e7ce5bb272f41e1604803ef77018ea19f4e11e6ed337a0daa023cb9,no,yes,high,no,no
2026-07-23T23:51:39-04:00,2026-07-23,RBRK,1943896,8-K,2026-06-04,0001943896-26-000041,"2.02,9.01",rbrk-20260604.htm,https://www.sec.gov/Archives/edgar/data/1943896/000194389626000041/rbrk-20260604.htm,f555b830c026ba1a1848ae0cb8636a60d7cfaf79753111b7a55968e585c62461,no,yes,high,no,no
2026-07-23T23:51:39-04:00,2026-07-23,RBRK,1943896,DEF 14A,2026-04-15,0001943896-26-000034,,rbrk-20260415.htm,https://www.sec.gov/Archives/edgar/data/1943896/000194389626000034/rbrk-20260415.htm,b7c9b83b4d4c5e7e32b0d0aa41c6c1f2123e60b5e90557fd15b484303e980284,no,yes,medium,no,no
2026-07-23T23:51:39-04:00,2026-07-23,RBRK,1943896,10-K,2026-03-19,0001943896-26-000013,,rbrk-20260131.htm,https://www.sec.gov/Archives/edgar/data/1943896/000194389626000013/rbrk-20260131.htm,5e5170a389a3220bbd916fe02a97a0f85623e3c661c53e2e7c851c50edd9af84,no,yes,high,no,no
2026-07-23T23:51:39-04:00,2026-07-23,RBRK,1943896,8-K,2026-03-12,0001943896-26-000004,"2.02,9.01",rbrk-20260312.htm,https://www.sec.gov/Archives/edgar/data/1943896/000194389626000004/rbrk-20260312.htm,6510a06b817fea5b5b378071e88e40d0664cbbe03adbc64014534c1f233caa1f,no,yes,high,no,no
2026-07-23T23:51:39-04:00,2026-07-23,RBRK,1943896,8-K,2026-02-04,0001193125-26-037791,"2.02,5.02,9.01",d52441d8k.htm,https://www.sec.gov/Archives/edgar/data/1943896/000119312526037791/d52441d8k.htm,3562784050803d7521957cfbf082c7a86c728a47b95f79961dadf2d441d98068,no,yes,high,no,no
2026-07-23T23:51:39-04:00,2026-07-23,RBRK,1943896,10-Q,2025-12-08,0001943896-25-000054,,rbrk-20251031.htm,https://www.sec.gov/Archives/edgar/data/1943896/000194389625000054/rbrk-20251031.htm,7b560ead2a52c9cfa484623ef85e1315c0b0c1d9deb21fbdadb90855c63769c5,no,yes,high,no,no
2026-07-23T23:51:39-04:00,2026-07-23,RBRK,1943896,8-K,2025-12-04,0001943896-25-000050,"2.02,9.01",rbrk-20251204.htm,https://www.sec.gov/Archives/edgar/data/1943896/000194389625000050/rbrk-20251204.htm,8f0f9524875a658812c8889becc517e545ad24b2618d6cbd8af35ebe6b398dff,no,yes,high,no,no
2026-07-23T23:51:39-04:00,2026-07-23,RBRK,1943896,10-Q,2025-09-10,0001943896-25-000042,,rbrk-20250731.htm,https://www.sec.gov/Archives/edgar/data/1943896/000194389625000042/rbrk-20250731.htm,9fe02174e07c2bf2f4800457c806aa4fb7dd1d35934fe3df14d294507dc8d916,no,yes,high,no,no
2026-07-23T23:51:39-04:00,2026-07-23,RBRK,1943896,8-K,2025-09-09,0001943896-25-000039,"2.02,9.01",rbrk-20250909.htm,https://www.sec.gov/Archives/edgar/data/1943896/000194389625000039/rbrk-20250909.htm,c66d429529812b7cfe9e531715f172e663338cb38b7ee94e4b341a20144ca97f,no,yes,high,no,no
2026-07-23T23:51:39-04:00,2026-07-23,RBRK,1943896,8-K,2025-06-27,0001943896-25-000033,"3.02,5.07",rbrk-20250624.htm,https://www.sec.gov/Archives/edgar/data/1943896/000194389625000033/rbrk-20250624.htm,3d5c233049f33327efc96d16a38cd2015454c61832c0f25537194adc54cfa91e,no,yes,high,no,no
2026-07-23T23:51:39-04:00,2026-07-23,RBRK,1943896,8-K,2025-06-13,0001193125-25-140729,"1.01,2.03,3.02,8.01,9.01",d920850d8k.htm,https://www.sec.gov/Archives/edgar/data/1943896/000119312525140729/d920850d8k.htm,5cf41ec93924ce4a564f1f46a79fa2b11d4ffe664f4e3fcfe56eacb98c3d289e,no,yes,high,no,no
2026-07-23T23:51:39-04:00,2026-07-23,RBRK,1943896,10-Q,2025-06-09,0001943896-25-000030,,rbrk-20250430.htm,https://www.sec.gov/Archives/edgar/data/1943896/000194389625000030/rbrk-20250430.htm,afe856db046056759cdcdda1227fa4a27788ab5016a577e861ac44578b67a42f,no,yes,high,no,no
2026-07-23T23:51:39-04:00,2026-07-23,RBRK,1943896,8-K,2025-06-05,0001943896-25-000027,"2.02,9.01",rbrk-20250605.htm,https://www.sec.gov/Archives/edgar/data/1943896/000194389625000027/rbrk-20250605.htm,5cf6848d545467e5592b7103ad9a900a840a0bdd85be3dd96279aef47212900e,no,yes,high,no,no
2026-07-23T23:51:39-04:00,2026-07-23,RBRK,1943896,DEF 14A,2025-05-13,0001943896-25-000020,,rbrk-20250512.htm,https://www.sec.gov/Archives/edgar/data/1943896/000194389625000020/rbrk-20250512.htm,093535ce65646182277548363e7d32d679b3fa80bea179177b3c37428e09b1f3,no,yes,medium,no,no
2026-07-23T23:51:39-04:00,2026-07-23,RBRK,1943896,10-K,2025-03-20,0001943896-25-000012,,rbrk-20250131.htm,https://www.sec.gov/Archives/edgar/data/1943896/000194389625000012/rbrk-20250131.htm,7cef8c544910b2bb5d835038d8c58a4e57a3b290163d7ee7eab6f4fbe4ca2967,no,yes,high,no,no
2026-07-23T23:51:39-04:00,2026-07-23,RBRK,1943896,8-K,2025-03-13,0001943896-25-000006,"2.02,9.01",rbrk-20250313.htm,https://www.sec.gov/Archives/edgar/data/1943896/000194389625000006/rbrk-20250313.htm,373e84272731768ef322d37e0c1474cd14c3b09c44d0db93970dafbf546b4bb2,no,yes,high,no,no
2026-07-23T23:51:39-04:00,2026-07-23,RBRK,1943896,10-Q,2024-12-12,0001943896-24-000030,,rbrk-20241031.htm,https://www.sec.gov/Archives/edgar/data/1943896/000194389624000030/rbrk-20241031.htm,e1bc75009de8cad6c153f9377cf8962b986c8c5755d6e9c3236075baa3b57bf0,no,yes,high,no,no
2026-07-23T23:51:39-04:00,2026-07-23,RBRK,1943896,8-K,2024-12-05,0001943896-24-000025,"2.02,9.01",rbrk-20241205.htm,https://www.sec.gov/Archives/edgar/data/1943896/000194389624000025/rbrk-20241205.htm,166206f23d2333c123527fee22af3033d1da433f9c9c91f98cec46ac7c976980,no,yes,high,no,no
2026-07-23T23:51:39-04:00,2026-07-23,RBRK,1943896,10-Q,2024-09-12,0001943896-24-000018,,rbrk-20240731.htm,https://www.sec.gov/Archives/edgar/data/1943896/000194389624000018/rbrk-20240731.htm,160244706ada1d46d4dc91f020df0c0b0ee079b13ae9b2fcdcbc9cc32e0b6abc,no,yes,high,no,no
2026-07-23T23:51:39-04:00,2026-07-23,RBRK,1943896,8-K,2024-09-09,0001943896-24-000014,"2.02,9.01",rbrk-20240909.htm,https://www.sec.gov/Archives/edgar/data/1943896/000194389624000014/rbrk-20240909.htm,9b5f4c3175eeb26e421d9678c19bc47685dc7ad1814cf049663c8b99d894ac5a,no,yes,high,no,no
2026-07-23T23:51:39-04:00,2026-07-23,RBRK,1943896,10-Q,2024-06-13,0001943896-24-000009,,rbrk-20240430.htm,https://www.sec.gov/Archives/edgar/data/1943896/000194389624000009/rbrk-20240430.htm,31f4d7c56614832794fbb6116d9af13f56bf1e1bf2f834e771fb5131ca384747,no,yes,high,no,no
2026-07-23T23:51:39-04:00,2026-07-23,RBRK,1943896,8-K,2024-06-11,0001943896-24-000005,"2.02,9.01",rbrk-20240611.htm,https://www.sec.gov/Archives/edgar/data/1943896/000194389624000005/rbrk-20240611.htm,e8f8e1c31b02e5826a66b9f73fa4342482fc5155f039ebb508e7cdec82a61feb,no,yes,high,no,no
2026-07-23T23:51:39-04:00,2026-07-23,RBRK,1943896,8-K,2024-04-29,0001193125-24-122207,"5.03,9.01",d820715d8k.htm,https://www.sec.gov/Archives/edgar/data/1943896/000119312524122207/d820715d8k.htm,d704cdd4a21dbca5ba0963d2649075f7312ce7b2f6ae7dc4a098ae46cc336c6d,no,yes,medium,no,no
2026-07-23T23:51:39-04:00,2026-07-23,RBRK,1943896,424B4,2024-04-26,0001193125-24-118478,,d359771d424b4.htm,https://www.sec.gov/Archives/edgar/data/1943896/000119312524118478/d359771d424b4.htm,b45ff5ac20344da3098d5f41be4daf12ec3c61b1afd5e1376f02ff6538486c3b,no,yes,high,no,no
2026-07-29T17:19:27-04:00,2026-07-29,ARM,1973239,6-K,2026-07-29,0001973239-26-000114,,arm-20260630.htm,https://www.sec.gov/Archives/edgar/data/1973239/000197323926000114/arm-20260630.htm,6b614f860e2186dbd1c969bca69df7ac954d71a1a5efb0608999571be7038add,yes,no,medium,yes,yes
2026-07-29T17:19:27-04:00,2026-07-29,ARM,1973239,6-K,2026-07-29,0001973239-26-000113,,arm-20260729.htm,https://www.sec.gov/Archives/edgar/data/1973239/000197323926000113/arm-20260729.htm,c203425675d72d9b1aae33221dea34590d464117a0872d4959b75cf2cb462540,yes,no,medium,yes,yes
2026-08-11T03:40:47-04:00,2026-08-11,ARM,1973239,6-K,2026-08-10,0001973239-26-000117,,arm-20260810.htm,https://www.sec.gov/Archives/edgar/data/1973239/000197323926000117/arm-20260810.htm,12a834a2668232dde11ff42cc0925de1fd2ff6215aa68da2b56b20612cbe2345,yes,no,medium,yes,yes
2026-08-21T18:57:17-04:00,2026-08-21,PANW,1327567,8-K,2026-08-21,0001193125-26-361122,"5.02,5.03,9.01",d180372d8k.htm,https://www.sec.gov/Archives/edgar/data/1327567/000119312526361122/d180372d8k.htm,b4e9447f3d0eefdfdbd439ca0b35a8ee1d9d673b171f01adc35160fe03284fb8,yes,no,high,yes,yes
2026-08-31T12:09:11-04:00,2026-08-31,MU,723125,8-K,2026-08-26,0001104659-26-101067,"5.02,9.01",tm2624017d1_8k.htm,https://www.sec.gov/Archives/edgar/data/723125/000110465926101067/tm2624017d1_8k.htm,e0d695d9364f88939ba66670715c7cae5337d897df766bb043c3dae0966a465f,yes,no,high,yes,yes
2026-08-31T12:09:11-04:00,2026-08-31,RBRK,1943896,8-K,2026-08-27,0001943896-26-000055,"2.02,5.02,9.01",rbrk-20260826.htm,https://www.sec.gov/Archives/edgar/data/1943896/000194389626000055/rbrk-20260826.htm,13dff7b6c1a0889edb40b08bdd995a83b8c5d296a95e315b235028995c6480f9,yes,no,high,yes,yes
2026-08-31T12:13:17-04:00,2026-08-31,AMZN,1018724,424B3,2026-08-18,0001104659-26-098339,,tm2617924-6_424b3.htm,https://www.sec.gov/Archives/edgar/data/1018724/000110465926098339/tm2617924-6_424b3.htm,5dc82cd88f621acc026730a85bdf2b1bd7e70ad0f17206413ab0dc2d7be05294,yes,no,high,yes,yes
2026-08-31T12:13:17-04:00,2026-08-31,AMZN,1018724,10-Q,2026-07-31,0001018724-26-000026,,amzn-20260630.htm,https://www.sec.gov/Archives/edgar/data/1018724/000101872426000026/amzn-20260630.htm,1571ceb4f776289c0561bd762c53b8013cbd6a7beda4cdd039aeb6139ecc8a06,yes,no,high,yes,yes
2026-08-31T12:13:17-04:00,2026-08-31,AMZN,1018724,8-K,2026-07-30,0001018724-26-000024,"2.02,9.01",amzn-20260730.htm,https://www.sec.gov/Archives/edgar/data/1018724/000101872426000024/amzn-20260730.htm,4a696a26de0642cf8a030aed75d3bbcce0fffbeb1f62c1acf341b60044507497,yes,no,high,yes,yes
2026-08-31T12:13:17-04:00,2026-08-31,AMZN,1018724,8-K,2026-07-09,0001104659-26-082293,"8.01,9.01",tm2619352d4_8k.htm,https://www.sec.gov/Archives/edgar/data/1018724/000110465926082293/tm2619352d4_8k.htm,85f23f4f72461f6379f1071e11c213e0853d06dc5c2fac5c1c3d22d2d5402b23,yes,no,high,yes,yes
2026-08-31T12:13:17-04:00,2026-08-31,AMZN,1018724,424B5,2026-07-08,0001104659-26-081786,,tm2619352-2_424b5.htm,https://www.sec.gov/Archives/edgar/data/1018724/000110465926081786/tm2619352-2_424b5.htm,5573f16752bea67437584f799dd116542b7a8786bb5d38b9890c577d36146d16,yes,no,high,yes,yes
2026-08-31T12:13:17-04:00,2026-08-31,AMZN,1018724,424B5,2026-07-07,0001104659-26-080950,,tm2619352-1_424b5.htm,https://www.sec.gov/Archives/edgar/data/1018724/000110465926080950/tm2619352-1_424b5.htm,761bdb8e39af26d5b0d8110fb56269071fe73fecb58ce5ae0ca523ecf4fd61f5,yes,no,high,yes,yes
2026-08-31T12:13:17-04:00,2026-08-31,AMZN,1018724,8-K,2026-06-12,0001104659-26-073562,"8.01,9.01",tm2613616d5_8k.htm,https://www.sec.gov/Archives/edgar/data/1018724/000110465926073562/tm2613616d5_8k.htm,2f0c6164f835d2c7f6b9eeb6d4b8a666818a9d8d70e13a2175a22dfa0144266e,yes,no,high,yes,yes
2026-08-31T12:13:17-04:00,2026-08-31,AMZN,1018724,424B5,2026-06-10,0001104659-26-072332,,tm2613616-2_424b5.htm,https://www.sec.gov/Archives/edgar/data/1018724/000110465926072332/tm2613616-2_424b5.htm,3030688d86b5b122be6f5379b6ce55c2568ab6148513fa9ae13fd14f10843ded,yes,no,high,yes,yes
2026-08-31T12:13:17-04:00,2026-08-31,AMZN,1018724,8-K,2026-06-10,0001104659-26-072140,"1.01,2.03,9.01",tm2613616d4_8k.htm,https://www.sec.gov/Archives/edgar/data/1018724/000110465926072140/tm2613616d4_8k.htm,ae0c96b4ef57dbd4130b5c48457856644138a0b3027697586fc85cefc3972677,yes,no,high,yes,yes
2026-08-31T12:13:17-04:00,2026-08-31,AMZN,1018724,424B5,2026-06-08,0001104659-26-071190,,tm2613616-1_424b5.htm,https://www.sec.gov/Archives/edgar/data/1018724/000110465926071190/tm2613616-1_424b5.htm,ab7fa7aeea8f38faaae320ee35a2794526221b7303cb84ec3ac7e646bab28d7c,yes,no,high,yes,yes
2026-08-31T12:13:17-04:00,2026-08-31,AMZN,1018724,8-K,2026-05-22,0001104659-26-065717,5.07,tm2614288d1_8k.htm,https://www.sec.gov/Archives/edgar/data/1018724/000110465926065717/tm2614288d1_8k.htm,f3af668404012d0099af35e5327a10aacbbf23641a0f196aff54e32c2b8c9f4a,yes,no,medium,no,no
2026-08-31T12:13:17-04:00,2026-08-31,AMZN,1018724,10-Q,2026-04-30,0001018724-26-000014,,amzn-20260331.htm,https://www.sec.gov/Archives/edgar/data/1018724/000101872426000014/amzn-20260331.htm,316e238917de50e422a248a01d2b1450dc91cb9b5248b73a34cc42c62d312f73,yes,no,high,yes,yes
2026-08-31T12:13:17-04:00,2026-08-31,AMZN,1018724,8-K,2026-04-29,0001018724-26-000012,"2.02,9.01",amzn-20260429.htm,https://www.sec.gov/Archives/edgar/data/1018724/000101872426000012/amzn-20260429.htm,1cacd47b0417dbbe3fd56571c0430e8328cef50fc59bc4a13bf6b5e8b61a31c4,yes,no,high,yes,yes
2026-08-31T12:13:17-04:00,2026-08-31,AMZN,1018724,8-K,2026-04-14,0001104659-26-042880,"7.01,9.01",tm2611746d1_8k.htm,https://www.sec.gov/Archives/edgar/data/1018724/000110465926042880/tm2611746d1_8k.htm,74fda85b3a659fa09a0fa7e3b33a01790fff209275d01d9cb2a0dac6816709ce,yes,no,high,yes,yes
2026-08-31T12:13:17-04:00,2026-08-31,AMZN,1018724,8-K,2026-04-09,0001104659-26-041034,"7.01,9.01",tm263815d2_8k.htm,https://www.sec.gov/Archives/edgar/data/1018724/000110465926041034/tm263815d2_8k.htm,5fb5dee6c043014822c214f6d1f0371c9e2f836e5120a7423bd171066690993d,yes,no,high,yes,yes
2026-08-31T12:13:17-04:00,2026-08-31,AMZN,1018724,DEF 14A,2026-04-09,0001104659-26-041026,,tm261382-1_def14a.htm,https://www.sec.gov/Archives/edgar/data/1018724/000110465926041026/tm261382-1_def14a.htm,1d5c8ad5d05aa9de1a7c2ab7bee38e958fe77bab96076cabf22e02d685ee65ba,yes,no,medium,yes,yes
2026-08-31T12:13:17-04:00,2026-08-31,AMZN,1018724,8-K,2026-03-16,0001104659-26-028556,"8.01,9.01",tm266670d9_8k.htm,https://www.sec.gov/Archives/edgar/data/1018724/000110465926028556/tm266670d9_8k.htm,355b10b386b42aae3b4b5b6c14722bf74481bedb696c10b6296472f2cb361017,yes,no,high,yes,yes
2026-08-31T12:13:17-04:00,2026-08-31,AMZN,1018724,8-K,2026-03-13,0001104659-26-027729,"8.01,9.01",tm266670d8_8k.htm,https://www.sec.gov/Archives/edgar/data/1018724/000110465926027729/tm266670d8_8k.htm,3d379194f40a1ceca6b2d780dfdb0ddb3f415b37757b12c31083f4446d035054,yes,no,high,yes,yes
2026-08-31T12:13:17-04:00,2026-08-31,AMZN,1018724,424B5,2026-03-13,0001104659-26-027669,,tm266670-6_424b5.htm,https://www.sec.gov/Archives/edgar/data/1018724/000110465926027669/tm266670-6_424b5.htm,347f18de38eaab1998f533716140fad706b7c3e9c7603faf764386caaba0faee,yes,no,high,yes,yes
2026-08-31T12:13:17-04:00,2026-08-31,AMZN,1018724,424B5,2026-03-12,0001104659-26-027125,,tm266670-4_424b5.htm,https://www.sec.gov/Archives/edgar/data/1018724/000110465926027125/tm266670-4_424b5.htm,b86aa826fec6719f452b15063c8fcf9164fb2003b07743e47f32e33ca82cb8b3,yes,no,high,yes,yes
2026-08-31T12:13:17-04:00,2026-08-31,AMZN,1018724,424B5,2026-03-11,0001104659-26-026082,,tm266670-2_424b5.htm,https://www.sec.gov/Archives/edgar/data/1018724/000110465926026082/tm266670-2_424b5.htm,2db0a55d9daaf36aada34f9a2179c3e8be03d44cefb58bcc9cbd27f14086b844,yes,no,high,yes,yes
2026-08-31T12:13:17-04:00,2026-08-31,AMZN,1018724,424B5,2026-03-10,0001104659-26-025560,,tm266670-3_424b5.htm,https://www.sec.gov/Archives/edgar/data/1018724/000110465926025560/tm266670-3_424b5.htm,96c1d8e0dd73fe50a9fcbafcfb5b66c72436c62a306a2d6448b1544216cfb2ce,yes,no,high,yes,yes
2026-08-31T12:13:17-04:00,2026-08-31,AMZN,1018724,8-K,2026-02-27,0001104659-26-021050,"1.01,7.01,8.01,9.01",tm267374d1_8k.htm,https://www.sec.gov/Archives/edgar/data/1018724/000110465926021050/tm267374d1_8k.htm,88058a72493752940f0cb8b0df90073ce8da8b202dd65bec68d7b39524a2233f,yes,no,high,yes,yes
2026-08-31T12:13:17-04:00,2026-08-31,AMZN,1018724,S-3ASR,2026-02-06,0001104659-26-011240,,tm262510-1_s3asr.htm,https://www.sec.gov/Archives/edgar/data/1018724/000110465926011240/tm262510-1_s3asr.htm,2a414d964daf9e4d7e8080629e0d028c6e95f5df41983cd3811d9e755723bbd4,yes,no,high,yes,yes
2026-08-31T12:13:17-04:00,2026-08-31,AMZN,1018724,10-K,2026-02-06,0001018724-26-000004,,amzn-20251231.htm,https://www.sec.gov/Archives/edgar/data/1018724/000101872426000004/amzn-20251231.htm,3981e5c743305aa91b86d8d14f45f4aa7681f972f07bc1084c31cfab15c718fd,yes,no,high,yes,yes
2026-08-31T12:13:17-04:00,2026-08-31,AMZN,1018724,8-K,2026-02-05,0001018724-26-000002,"2.02,9.01",amzn-20260205.htm,https://www.sec.gov/Archives/edgar/data/1018724/000101872426000002/amzn-20260205.htm,5cc5b074e73c79847be62d05ee170a49a57b41b9e3212ba1a2061c71411e0559,yes,no,high,yes,yes
2026-08-31T12:13:17-04:00,2026-08-31,AMZN,1018724,8-K,2025-11-20,0001104659-25-114647,"8.01,9.01",tm2530638d3_8k.htm,https://www.sec.gov/Archives/edgar/data/1018724/000110465925114647/tm2530638d3_8k.htm,ce81d0d252f77986a21a77ed308f66f1c330196c2b2230c776d095c645e5805e,yes,no,high,yes,yes
2026-08-31T12:13:17-04:00,2026-08-31,AMZN,1018724,424B5,2025-11-19,0001104659-25-114098,,tm2530638-4_424b5.htm,https://www.sec.gov/Archives/edgar/data/1018724/000110465925114098/tm2530638-4_424b5.htm,6d48fa1b177ee6b11e89f61c3af0e37dc09f4234cf005c1fe931f2fbb53fa5ae,yes,no,high,yes,yes
2026-08-31T12:13:17-04:00,2026-08-31,AMZN,1018724,424B5,2025-11-17,0001104659-25-112970,,tm2530638-1_424b5.htm,https://www.sec.gov/Archives/edgar/data/1018724/000110465925112970/tm2530638-1_424b5.htm,559d39ca404f33e5a709db25e034eaab04293ea9210c5f771dd7cbd8178b7563,yes,no,high,yes,yes
2026-08-31T12:13:17-04:00,2026-08-31,AMZN,1018724,10-Q,2025-10-31,0001018724-25-000123,,amzn-20250930.htm,https://www.sec.gov/Archives/edgar/data/1018724/000101872425000123/amzn-20250930.htm,de697cc3eb6d47bec4af8e2187e5e6d699e39810b3e5cf7f8e85d78b5ccb5406,yes,no,high,yes,yes
2026-08-31T12:13:17-04:00,2026-08-31,AMZN,1018724,8-K,2025-10-30,0001018724-25-000121,"2.02,9.01",amzn-20251030.htm,https://www.sec.gov/Archives/edgar/data/1018724/000101872425000121/amzn-20251030.htm,e8e006b3c2bdd2ae364d33f1c5c78bc3f782c7f2c3dab67c489774ebf70859de,yes,no,high,yes,yes
2026-08-31T12:13:17-04:00,2026-08-31,AMZN,1018724,10-Q,2025-08-01,0001018724-25-000086,,amzn-20250630.htm,https://www.sec.gov/Archives/edgar/data/1018724/000101872425000086/amzn-20250630.htm,5c0eea8cace8243a640fe7abfbe42879e4f2806ec8ff15efd0b6b1becf6e0746,yes,no,high,yes,yes
2026-08-31T12:13:17-04:00,2026-08-31,AMZN,1018724,8-K,2025-07-31,0001018724-25-000084,"2.02,9.01",amzn-20250731.htm,https://www.sec.gov/Archives/edgar/data/1018724/000101872425000084/amzn-20250731.htm,6aeb075427a369c2e3faec1c875829126a91c0e5a87dedab8eabe4cfbd3fc106,yes,no,high,yes,yes
2026-08-31T12:13:17-04:00,2026-08-31,AMZN,1018724,8-K,2025-05-22,0001104659-25-052014,5.07,tm2515134d1_8k.htm,https://www.sec.gov/Archives/edgar/data/1018724/000110465925052014/tm2515134d1_8k.htm,c6e4288f120e99d3cba2bf13efdcfe5ec0e034cffe10909171fb9331948ab376,yes,no,medium,no,no
2026-08-31T12:13:17-04:00,2026-08-31,AMZN,1018724,10-Q,2025-05-02,0001018724-25-000036,,amzn-20250331.htm,https://www.sec.gov/Archives/edgar/data/1018724/000101872425000036/amzn-20250331.htm,e1238d36a0eca21ecb7832589d3a543318e722243682e3ebf269c52dc7cf9208,yes,no,high,yes,yes
2026-08-31T12:13:17-04:00,2026-08-31,AMZN,1018724,8-K,2025-05-01,0001018724-25-000034,"2.02,9.01",amzn-20250501.htm,https://www.sec.gov/Archives/edgar/data/1018724/000101872425000034/amzn-20250501.htm,dc7d86a6dc557c13465a3ef70219a47bf795d3e66d319f9a9796b06b537c5090,yes,no,high,yes,yes
2026-08-31T12:13:17-04:00,2026-08-31,AMZN,1018724,8-K,2025-04-10,0001104659-25-033450,"7.01,9.01",tm254123d2_8k.htm,https://www.sec.gov/Archives/edgar/data/1018724/000110465925033450/tm254123d2_8k.htm,9f9281be397ec130b8b0337d0f67446079488ccbb2161b046a6c469cc1c9899c,yes,no,high,yes,yes
2026-08-31T12:13:17-04:00,2026-08-31,AMZN,1018724,DEF 14A,2025-04-10,0001104659-25-033442,,tm252295-1_def14a.htm,https://www.sec.gov/Archives/edgar/data/1018724/000110465925033442/tm252295-1_def14a.htm,3d6f1e0db8544ed6030b2c2c77ab1c335b5d69f020212a3d663907a468413d44,yes,no,medium,yes,yes
2026-08-31T12:13:17-04:00,2026-08-31,AMZN,1018724,10-K,2025-02-07,0001018724-25-000004,,amzn-20241231.htm,https://www.sec.gov/Archives/edgar/data/1018724/000101872425000004/amzn-20241231.htm,f08a377a8b980da7051dfcffdc9209fc9f455e7ba63e9409bd5627428d8a297c,yes,no,high,yes,yes
2026-08-31T12:13:17-04:00,2026-08-31,AMZN,1018724,8-K,2025-02-06,0001018724-25-000002,"2.02,9.01",amzn-20250206.htm,https://www.sec.gov/Archives/edgar/data/1018724/000101872425000002/amzn-20250206.htm,1360fa2e2f34f078c74fbb08e2c342667b2935f873379afae9928fe1020039e4,yes,no,high,yes,yes
2026-08-31T12:13:17-04:00,2026-08-31,AMZN,1018724,10-Q,2024-11-01,0001018724-24-000161,,amzn-20240930.htm,https://www.sec.gov/Archives/edgar/data/1018724/000101872424000161/amzn-20240930.htm,1906bf4ac3cea5f49c8cd2be96bbde20cac4eff2e9f937b24135788c4dc3641f,yes,no,high,yes,yes
2026-08-31T12:13:17-04:00,2026-08-31,AMZN,1018724,8-K,2024-10-31,0001018724-24-000158,"2.02,9.01",amzn-20241031.htm,https://www.sec.gov/Archives/edgar/data/1018724/000101872424000158/amzn-20241031.htm,d25515400bcfb4eb1b1f0bb4d13d47da91364d40c29732c1c98c7f15d01e0333,yes,no,high,yes,yes
2026-08-31T12:13:17-04:00,2026-08-31,AMZN,1018724,10-Q,2024-08-02,0001018724-24-000130,,amzn-20240630.htm,https://www.sec.gov/Archives/edgar/data/1018724/000101872424000130/amzn-20240630.htm,0dc1cf0c27b793a154c9e1142c636e7ba5fb5d403963736cb89f0cb7b1338324,yes,no,high,yes,yes
2026-08-31T12:13:17-04:00,2026-08-31,AMZN,1018724,8-K,2024-08-01,0001018724-24-000128,"2.02,9.01",amzn-20240801.htm,https://www.sec.gov/Archives/edgar/data/1018724/000101872424000128/amzn-20240801.htm,772ec05048b0acbda7a39ffa883e28a179ed555c6f5a249f362849e6a275ddc3,yes,no,high,yes,yes
2026-08-31T12:13:17-04:00,2026-08-31,AMZN,1018724,8-K,2024-05-24,0001104659-24-065117,5.07,tm2414140d1_8k.htm,https://www.sec.gov/Archives/edgar/data/1018724/000110465924065117/tm2414140d1_8k.htm,2d5b98ca39a6682bcc121a640010a83c6c3ff9f9e649147fd59315a4897257a8,yes,no,medium,no,no
2026-08-31T12:13:17-04:00,2026-08-31,AMZN,1018724,8-K,2024-05-14,0001104659-24-061143,5.02,tm2414460d1_8k.htm,https://www.sec.gov/Archives/edgar/data/1018724/000110465924061143/tm2414460d1_8k.htm,c006e9ea34264746e9bc91fd35dd80edbc59656b668fa14616429e078fbccc83,yes,no,high,yes,yes
2026-08-31T12:13:17-04:00,2026-08-31,AMZN,1018724,8-K,2024-05-03,0001104659-24-057026,"5.03,9.01",tm2413032d1_8k.htm,https://www.sec.gov/Archives/edgar/data/1018724/000110465924057026/tm2413032d1_8k.htm,12137a12b7fc00210e07faf9ca83d1ee4da85266b6ddbcb20dc2066f111b76f0,yes,no,medium,no,no
2026-08-31T12:13:17-04:00,2026-08-31,AMZN,1018724,10-Q,2024-05-01,0001018724-24-000083,,amzn-20240331.htm,https://www.sec.gov/Archives/edgar/data/1018724/000101872424000083/amzn-20240331.htm,7e1295ad24938bfa9f560be6dd50b73f805db7d1e6241dce30d81608412966db,yes,no,high,yes,yes
2026-08-31T12:13:17-04:00,2026-08-31,AMZN,1018724,8-K,2024-04-30,0001018724-24-000081,"2.02,9.01",amzn-20240430.htm,https://www.sec.gov/Archives/edgar/data/1018724/000101872424000081/amzn-20240430.htm,005844b9eba8eae724a11d4e812897759f2db9da667eaadfae1654391ebb9e31,yes,no,high,yes,yes
2026-08-31T12:13:17-04:00,2026-08-31,AMZN,1018724,8-K,2024-04-11,0001104659-24-045915,"7.01,9.01",tm246113d2_8k.htm,https://www.sec.gov/Archives/edgar/data/1018724/000110465924045915/tm246113d2_8k.htm,d2e5cd7605f02ff5aea73c9fe6a124922bd0d6104c4461573c61ce15e83be6a0,yes,no,high,yes,yes
2026-08-31T12:13:17-04:00,2026-08-31,AMZN,1018724,DEF 14A,2024-04-11,0001104659-24-045910,,tm2329302d4_def14a.htm,https://www.sec.gov/Archives/edgar/data/1018724/000110465924045910/tm2329302d4_def14a.htm,c69d4cbcc3d7a41dfce6628b48d5c6b0e9506ae796c60b62eae4352e3001fbe0,yes,no,medium,yes,yes
2026-08-31T12:13:17-04:00,2026-08-31,AMZN,1018724,10-K,2024-02-02,0001018724-24-000008,,amzn-20231231.htm,https://www.sec.gov/Archives/edgar/data/1018724/000101872424000008/amzn-20231231.htm,e6bfa22222bb3082b995dfcdb0fa59d2de0e609c50b63cc7bbd4db3a60195b74,yes,no,high,yes,yes
2026-08-31T12:13:17-04:00,2026-08-31,AMZN,1018724,8-K,2024-02-01,0001018724-24-000006,"2.02,9.01",amzn-20240201.htm,https://www.sec.gov/Archives/edgar/data/1018724/000101872424000006/amzn-20240201.htm,c385d3fcb9929026f1c47dcea6a1a02747a6adaa5cd660d1330b64b9d2c4560b,yes,no,high,yes,yes
2026-08-31T12:13:17-04:00,2026-08-31,AMZN,1018724,8-K,2023-11-01,0001104659-23-113444,"1.01,1.02,2.03,9.01",tm2329405d1_8k.htm,https://www.sec.gov/Archives/edgar/data/1018724/000110465923113444/tm2329405d1_8k.htm,a493117122956514dcf637bff47e76592be7893866c7d576940d75198356219c,yes,no,high,yes,yes
2026-08-31T12:13:17-04:00,2026-08-31,AMZN,1018724,10-Q,2023-10-27,0001018724-23-000018,,amzn-20230930.htm,https://www.sec.gov/Archives/edgar/data/1018724/000101872423000018/amzn-20230930.htm,2e2b6f8185cf0a9fa386bb61d5987a1fb4bfcd908a71644d3a47eed930572b81,yes,no,high,yes,yes
2026-08-31T12:13:17-04:00,2026-08-31,AMZN,1018724,8-K,2023-10-26,0001018724-23-000016,"2.02,9.01",amzn-20231026.htm,https://www.sec.gov/Archives/edgar/data/1018724/000101872423000016/amzn-20231026.htm,71e197dcc85891a9b71a31fb1a0c2b761ffb97e2df6972bf96a839107e90a1fc,yes,no,high,yes,yes
2026-08-31T12:13:17-04:00,2026-08-31,AMZN,1018724,8-K,2023-09-13,0001018724-23-000014,5.02,amzn-20230913.htm,https://www.sec.gov/Archives/edgar/data/1018724/000101872423000014/amzn-20230913.htm,b3f5d8fde00b66fb0ae14b4af37901587f4391676411554314854c63b635d816,yes,no,high,yes,yes
2026-08-31T12:13:17-04:00,2026-08-31,AMZN,1018724,10-Q,2023-08-04,0001018724-23-000012,,amzn-20230630.htm,https://www.sec.gov/Archives/edgar/data/1018724/000101872423000012/amzn-20230630.htm,821757d11e2681e99cfb9140c6d9567fd4265078aac3a3226eed1378e84bfcd7,yes,no,high,yes,yes
2026-08-31T12:13:17-04:00,2026-08-31,AMZN,1018724,8-K,2023-08-03,0001018724-23-000010,"2.02,9.01",amzn-20230803.htm,https://www.sec.gov/Archives/edgar/data/1018724/000101872423000010/amzn-20230803.htm,d4bb1232e2056a069b740e004b182c8f28bb047192bfbdef1dee6e0aadc02778,yes,no,high,yes,yes
2026-08-31T12:13:17-04:00,2026-08-31,AMZN,1018724,8-K,2023-05-26,0001104659-23-065457,5.07,tm2315877d1_8k.htm,https://www.sec.gov/Archives/edgar/data/1018724/000110465923065457/tm2315877d1_8k.htm,78f669fd9a07d8e9b30f02374606614671c5a8491f8aff9771e5d9ead31f34c3,yes,no,medium,no,no
2026-08-31T12:13:17-04:00,2026-08-31,AMZN,1018724,10-Q,2023-04-28,0001018724-23-000008,,amzn-20230331.htm,https://www.sec.gov/Archives/edgar/data/1018724/000101872423000008/amzn-20230331.htm,92b4a303eb94999d18b3aa895267a77694be5b3103bf9e31680305775ff1c714,yes,no,high,yes,yes
2026-08-31T12:13:17-04:00,2026-08-31,AMZN,1018724,8-K,2023-04-27,0001018724-23-000006,"2.02,9.01",amzn-20230427.htm,https://www.sec.gov/Archives/edgar/data/1018724/000101872423000006/amzn-20230427.htm,e8562ae7b1dc3e9ff2cb53be3ae28d2a473ad9607f083a6adff05801fec626d4,yes,no,high,yes,yes
2026-08-31T12:13:17-04:00,2026-08-31,AMZN,1018724,8-K,2023-04-13,0001104659-23-044715,"7.01,9.01",tm233697d2_8k.htm,https://www.sec.gov/Archives/edgar/data/1018724/000110465923044715/tm233697d2_8k.htm,a5c1e86eefb85895f067c70fd83c26cc2e714a703c8e310da6c6db2e3d6ab453,yes,no,high,yes,yes
2026-08-31T12:13:17-04:00,2026-08-31,AMZN,1018724,DEF 14A,2023-04-13,0001104659-23-044708,,tm233694d2_def14a.htm,https://www.sec.gov/Archives/edgar/data/1018724/000110465923044708/tm233694d2_def14a.htm,1ffabacc7273e46c6ea194e3526f83e5b5270bf6b03ce859228dd0512f5db2a6,yes,no,medium,yes,yes
2026-08-31T12:13:17-04:00,2026-08-31,AMZN,1018724,S-3ASR,2023-02-03,0001193125-23-023436,,d412797ds3asr.htm,https://www.sec.gov/Archives/edgar/data/1018724/000119312523023436/d412797ds3asr.htm,492c4c785bf23da1fd3d321037484f9d51941498ff01f641cfd9b038a6fba34f,yes,no,high,yes,yes
2026-08-31T12:13:17-04:00,2026-08-31,AMZN,1018724,10-K,2023-02-03,0001018724-23-000004,,amzn-20221231.htm,https://www.sec.gov/Archives/edgar/data/1018724/000101872423000004/amzn-20221231.htm,6b5de4785a15fbc32408dc6228be60c43332b3da9ea5efbfb4c9e5e9811b976e,yes,no,high,yes,yes
2026-08-31T12:13:17-04:00,2026-08-31,AMZN,1018724,8-K,2023-02-02,0001018724-23-000002,"2.02,9.01",amzn-20230202.htm,https://www.sec.gov/Archives/edgar/data/1018724/000101872423000002/amzn-20230202.htm,e2aad8f92bb1bdb38051d9665a8b6b9de4966bbffdfcfeebd43e73d964bea3f9,yes,no,high,yes,yes
2026-08-31T12:13:17-04:00,2026-08-31,AMZN,1018724,8-K,2023-01-06,0001193125-23-003621,"5.03,9.01",d441973d8k.htm,https://www.sec.gov/Archives/edgar/data/1018724/000119312523003621/d441973d8k.htm,c616cffb2683d99dbabcc53fbf8487b6a5df91dc1cc9775f549abde710d33e62,yes,no,medium,no,no
2026-08-31T12:13:17-04:00,2026-08-31,AMZN,1018724,8-K,2023-01-03,0001193125-23-000849,"1.01,2.03,9.01",d429499d8k.htm,https://www.sec.gov/Archives/edgar/data/1018724/000119312523000849/d429499d8k.htm,4459241ab4f5ae31b85bb6cdc1e4711a87de5b8077ba1157ba52a3ba587eab17,yes,no,high,yes,yes
2026-08-31T12:13:17-04:00,2026-08-31,AMZN,1018724,8-K,2022-12-01,0001193125-22-296602,"8.01,9.01",d376136d8k.htm,https://www.sec.gov/Archives/edgar/data/1018724/000119312522296602/d376136d8k.htm,813f69280e793b212838103696dabcae3bd869ef39dd7ffaacbf90303de5f6ab,yes,no,high,yes,yes
2026-08-31T12:13:17-04:00,2026-08-31,AMZN,1018724,424B5,2022-11-30,0001193125-22-295511,,d423388d424b5.htm,https://www.sec.gov/Archives/edgar/data/1018724/000119312522295511/d423388d424b5.htm,634622dc43918ffb37841a21d4787d51145a0de099496175c19d82c0df1f6dc2,yes,no,high,yes,yes
2026-08-31T12:13:17-04:00,2026-08-31,AMZN,1018724,424B5,2022-11-29,0001193125-22-293902,,d423388d424b5.htm,https://www.sec.gov/Archives/edgar/data/1018724/000119312522293902/d423388d424b5.htm,9600b46b5a78a569399cfbf4353f3bd423bcd5eeaa67ba2d7531371e2f6130ac,yes,no,high,yes,yes
2026-08-31T12:13:17-04:00,2026-08-31,AMZN,1018724,8-K,2022-11-18,0001193125-22-289041,"1.01,2.03,9.01",d413765d8k.htm,https://www.sec.gov/Archives/edgar/data/1018724/000119312522289041/d413765d8k.htm,55d499a0dfc9e70d7dd987069653e377fd2c7d12b80b89f758207e109415e1f7,yes,no,high,yes,yes
2026-08-31T12:13:17-04:00,2026-08-31,AMZN,1018724,10-Q,2022-10-28,0001018724-22-000023,,amzn-20220930.htm,https://www.sec.gov/Archives/edgar/data/1018724/000101872422000023/amzn-20220930.htm,fe266d730e30c6f56ae6b64313dc8ade56c34565999193fd11fe76dfe2810f28,yes,no,high,yes,yes
2026-08-31T12:13:17-04:00,2026-08-31,AMZN,1018724,8-K,2022-10-27,0001018724-22-000021,"2.02,9.01",amzn-20221027.htm,https://www.sec.gov/Archives/edgar/data/1018724/000101872422000021/amzn-20221027.htm,a98ee739cc0a2d7ac0110a3b7fed59e79ad3b33fd937e31e88ff3815eb34bd71,yes,no,high,yes,yes
2026-08-31T12:13:17-04:00,2026-08-31,AMZN,1018724,10-Q,2022-07-29,0001018724-22-000019,,amzn-20220630.htm,https://www.sec.gov/Archives/edgar/data/1018724/000101872422000019/amzn-20220630.htm,95bf28631061eb740043cd18687ccbfbd06f25b54bc4865a2f7986071c5c35d6,yes,no,high,yes,yes
2026-08-31T12:13:17-04:00,2026-08-31,AMZN,1018724,8-K,2022-07-28,0001018724-22-000017,"2.02,9.01",amzn-20220728.htm,https://www.sec.gov/Archives/edgar/data/1018724/000101872422000017/amzn-20220728.htm,267dc885be0700799e6e0f65fd2ea3f289d88b2f30c8d18ee55fa16f151d480f,yes,no,high,yes,yes
2026-08-31T12:13:17-04:00,2026-08-31,AMZN,1018724,8-K,2022-06-03,0001018724-22-000015,5.02,amzn-20220601.htm,https://www.sec.gov/Archives/edgar/data/1018724/000101872422000015/amzn-20220601.htm,496a224f4fa7ba4dad3319172a881eb79335789dab0a73444377a25f8471e2d2,yes,no,high,yes,yes
2026-08-31T12:13:17-04:00,2026-08-31,AMZN,1018724,8-K,2022-05-27,0001104659-22-065872,"5.03,5.07,9.01",tm2215904d1_8k.htm,https://www.sec.gov/Archives/edgar/data/1018724/000110465922065872/tm2215904d1_8k.htm,04ad270983112694edc0b3ea56b5321040d6d9eabcc33a8f7d7583c6d865a493,yes,no,medium,no,no
2026-08-31T12:13:17-04:00,2026-08-31,AMZN,1018724,10-Q,2022-04-29,0001018724-22-000013,,amzn-20220331.htm,https://www.sec.gov/Archives/edgar/data/1018724/000101872422000013/amzn-20220331.htm,a8e1aea61b33ed595e5ef5cab1e93a8060cfb3e220aff13b1caffe8e85df6872,yes,no,high,yes,yes
2026-08-31T12:13:17-04:00,2026-08-31,AMZN,1018724,8-K,2022-04-28,0001018724-22-000011,"2.02,9.01",amzn-20220428.htm,https://www.sec.gov/Archives/edgar/data/1018724/000101872422000011/amzn-20220428.htm,e6a1dfb9773f8457c69ccc697bafed9928ee42076cb1125c830a25d39fde1a28,yes,no,high,yes,yes
2026-08-31T12:13:17-04:00,2026-08-31,AMZN,1018724,8-K,2022-04-14,0001104659-22-045579,"7.01,9.01",tm226241d2_8k.htm,https://www.sec.gov/Archives/edgar/data/1018724/000110465922045579/tm226241d2_8k.htm,a957c390ae05b3db7d45b6dd6553fd5134f755bb0d9e1b9ca736efa413fd536d,yes,no,high,yes,yes
2026-08-31T12:13:17-04:00,2026-08-31,AMZN,1018724,DEF 14A,2022-04-14,0001104659-22-045572,,tm223357-5_def14a.htm,https://www.sec.gov/Archives/edgar/data/1018724/000110465922045572/tm223357-5_def14a.htm,57e697c64c6ba08271d41748c949ceceab5732bb8606e90c76535e7b582a3a79,yes,no,medium,yes,yes
2026-08-31T12:13:17-04:00,2026-08-31,AMZN,1018724,8-K,2022-04-13,0001193125-22-104336,"8.01,9.01",d325485d8k.htm,https://www.sec.gov/Archives/edgar/data/1018724/000119312522104336/d325485d8k.htm,966700acc87dd6d2daadb4e71d874bf49535a0b0a8d726f07ddebb8dd62cd5ed,yes,no,high,yes,yes
2026-08-31T12:13:17-04:00,2026-08-31,AMZN,1018724,424B5,2022-04-12,0001193125-22-103074,,d318345d424b5.htm,https://www.sec.gov/Archives/edgar/data/1018724/000119312522103074/d318345d424b5.htm,83155b04acf7c50640c21abeef2a1862faaaeb1f3182594d3542737b00637e92,yes,no,high,yes,yes
2026-08-31T12:13:17-04:00,2026-08-31,AMZN,1018724,424B5,2022-04-11,0001193125-22-101035,,d318345d424b5.htm,https://www.sec.gov/Archives/edgar/data/1018724/000119312522101035/d318345d424b5.htm,4a8141a529f8d1d4d0856b7f0b913bd92f81f7bd8a33a4a4ce6c035f294043fe,yes,no,high,yes,yes
2026-08-31T12:13:17-04:00,2026-08-31,AMZN,1018724,8-K,2022-03-09,0001018724-22-000009,8.01,amzn-20220309.htm,https://www.sec.gov/Archives/edgar/data/1018724/000101872422000009/amzn-20220309.htm,a8285d9e51737ada4a9fbd5b2083ef1594c57d55fa46897268d40724dd3fc5d3,yes,no,high,yes,yes
2026-08-31T12:13:17-04:00,2026-08-31,AMZN,1018724,10-K,2022-02-04,0001018724-22-000005,,amzn-20211231.htm,https://www.sec.gov/Archives/edgar/data/1018724/000101872422000005/amzn-20211231.htm,0f7fd22e1777132492dcdefc050593aea307d6d2d6541108b84de61b216376db,yes,no,high,yes,yes
2026-08-31T12:13:17-04:00,2026-08-31,AMZN,1018724,8-K,2022-02-03,0001018724-22-000002,"2.02,9.01",amzn-20220203.htm,https://www.sec.gov/Archives/edgar/data/1018724/000101872422000002/amzn-20220203.htm,5f4e10132f312c277948018f40eb77f76d74aa8edaaf07e34d0be4b695689ba8,yes,no,high,yes,yes
2026-08-31T12:13:17-04:00,2026-08-31,AMZN,1018724,8-K,2021-11-12,0001018724-21-000030,5.02,amzn-20211110.htm,https://www.sec.gov/Archives/edgar/data/1018724/000101872421000030/amzn-20211110.htm,fd48892724f3026e1397fed0efcf979f2ce39f1b985fe30c6a66849c4faeb2d8,yes,no,high,yes,yes
2026-08-31T12:13:17-04:00,2026-08-31,AMZN,1018724,10-Q,2021-10-29,0001018724-21-000028,,amzn-20210930.htm,https://www.sec.gov/Archives/edgar/data/1018724/000101872421000028/amzn-20210930.htm,e1aa2dc639c8b0e7aa1d9ee379c2f0ffebaffac4d4db4b6368723dac41307da4,yes,no,high,yes,yes
2026-08-31T12:13:17-04:00,2026-08-31,AMZN,1018724,8-K,2021-10-28,0001018724-21-000026,"2.02,9.01",amzn-20211028.htm,https://www.sec.gov/Archives/edgar/data/1018724/000101872421000026/amzn-20211028.htm,81ad44ddd4a08bde847a5d5072f66ddedf0e82d597fc4600fa4ef11933dbab93,yes,no,high,yes,yes
2026-08-31T12:13:17-04:00,2026-08-31,AMZN,1018724,8-K,2021-09-20,0001018724-21-000022,5.02,amzn-20210920.htm,https://www.sec.gov/Archives/edgar/data/1018724/000101872421000022/amzn-20210920.htm,7f13fb793b1a8fc42604d0a23855392db67e306763e661827cd40cf6151c3733,yes,no,high,yes,yes
2026-08-31T12:13:17-04:00,2026-08-31,AMZN,1018724,10-Q,2021-07-30,0001018724-21-000020,,amzn-20210630.htm,https://www.sec.gov/Archives/edgar/data/1018724/000101872421000020/amzn-20210630.htm,06c7297b8465cf4109deb51708710c2bc9b9a03945e8535b5ac12043ba9d3b00,yes,no,high,yes,yes
2026-08-31T12:13:17-04:00,2026-08-31,AMZN,1018724,8-K,2021-07-29,0001018724-21-000018,"2.02,9.01",amzn-20210729.htm,https://www.sec.gov/Archives/edgar/data/1018724/000101872421000018/amzn-20210729.htm,b8dd6817bff4c1ddfd4aa9fa23a057f15db3660219f301efe5c8568ddf755ea6,yes,no,high,yes,yes
2026-08-31T12:13:17-04:00,2026-08-31,AMZN,1018724,8-K,2021-07-02,0001018724-21-000016,5.02,amzn-20210628.htm,https://www.sec.gov/Archives/edgar/data/1018724/000101872421000016/amzn-20210628.htm,94b3caf54d3cc76820794c645d42ad7c126d101f6fe7821cd4de47706494f58e,yes,no,high,yes,yes
2026-08-31T12:13:17-04:00,2026-08-31,AMZN,1018724,8-K,2021-05-28,0001018724-21-000012,5.07,amzn-20210526.htm,https://www.sec.gov/Archives/edgar/data/1018724/000101872421000012/amzn-20210526.htm,5332739661d796771267c397f730c496781ac3a9d2f5861daa36e51632833ea8,yes,no,medium,no,no
2026-08-31T12:13:17-04:00,2026-08-31,AMZN,1018724,8-K,2021-05-12,0001193125-21-159084,"8.01,9.01",d508532d8k.htm,https://www.sec.gov/Archives/edgar/data/1018724/000119312521159084/d508532d8k.htm,169236fa212d75cf3d38f13205f97525432f1b0beeacb10ec069b8507807e3d7,yes,no,high,yes,yes
2026-08-31T12:13:17-04:00,2026-08-31,AMZN,1018724,424B2,2021-05-12,0001193125-21-157863,,d123111d424b2.htm,https://www.sec.gov/Archives/edgar/data/1018724/000119312521157863/d123111d424b2.htm,686263114f274300f23d00f4665b2eb3a0441e43b2f091b3d8ac7ad540f07a64,yes,no,high,yes,yes
2026-08-31T12:13:17-04:00,2026-08-31,AMZN,1018724,424B5,2021-05-10,0001193125-21-155664,,d123111d424b5.htm,https://www.sec.gov/Archives/edgar/data/1018724/000119312521155664/d123111d424b5.htm,849bd151d993ef079a00604b7a994efa052033da451b8cea98647ca47e81cadd,yes,no,high,yes,yes
2026-08-31T12:13:17-04:00,2026-08-31,AMZN,1018724,10-Q,2021-04-30,0001018724-21-000010,,amzn-20210331.htm,https://www.sec.gov/Archives/edgar/data/1018724/000101872421000010/amzn-20210331.htm,8f1feb1ff0c64c19af0fd08bf2b7f7a1d610e8afed2b579e75cfd476f31dfb18,yes,no,high,yes,yes
2026-08-31T12:13:17-04:00,2026-08-31,AMZN,1018724,8-K,2021-04-29,0001018724-21-000008,"2.02,9.01",amzn-20210429.htm,https://www.sec.gov/Archives/edgar/data/1018724/000101872421000008/amzn-20210429.htm,95b0958a942a6f77eb595f93520368c6aa2956f4873bdd30b5e907519da7e267,yes,no,high,yes,yes
2026-08-31T12:13:17-04:00,2026-08-31,AMZN,1018724,8-K,2021-04-15,0001104659-21-050346,"7.01,9.01",tm216818d3_8k.htm,https://www.sec.gov/Archives/edgar/data/1018724/000110465921050346/tm216818d3_8k.htm,4eb1c1f2511064f73463890751876848c85fc6998be6ebff4518ceaf22710a3e,yes,no,high,yes,yes
2026-08-31T12:13:17-04:00,2026-08-31,AMZN,1018724,DEF 14A,2021-04-15,0001104659-21-050333,,tm2035374-1_def14a.htm,https://www.sec.gov/Archives/edgar/data/1018724/000110465921050333/tm2035374-1_def14a.htm,ece3ae42567408ab0f8e979c8a4c9c9f15e19b9c06ccd1b14710dabe81f929ee,yes,no,medium,yes,yes
2026-08-31T12:13:17-04:00,2026-08-31,AMZN,1018724,10-K,2021-02-03,0001018724-21-000004,,amzn-20201231.htm,https://www.sec.gov/Archives/edgar/data/1018724/000101872421000004/amzn-20201231.htm,c0680e642cb1a219c9c610c1d9447004bd822e760e24b391d6cff6976d7405eb,yes,no,high,yes,yes
2026-08-31T12:13:17-04:00,2026-08-31,AMZN,1018724,8-K,2021-02-02,0001018724-21-000002,"2.02,5.02,9.01",amzn-20210202.htm,https://www.sec.gov/Archives/edgar/data/1018724/000101872421000002/amzn-20210202.htm,c0a4aa80c4b4d5982a45384a88ec164cf88047bae0d028a38e3a660f6e0e0ad0,yes,no,high,yes,yes
2026-08-31T12:13:17-04:00,2026-08-31,AMZN,1018724,8-K,2021-01-27,0001193125-21-018066,5.02,d30366d8k.htm,https://www.sec.gov/Archives/edgar/data/1018724/000119312521018066/d30366d8k.htm,b72517f4eeff4ed7a30306b6001f82beb19a903fc104f59d5fdce9b39827ebce,yes,no,high,yes,yes
2026-08-31T12:13:17-04:00,2026-08-31,AMZN,1018724,10-Q,2020-10-30,0001018724-20-000030,,amzn-20200930.htm,https://www.sec.gov/Archives/edgar/data/1018724/000101872420000030/amzn-20200930.htm,9f3b7579c88d72314820a342804eb2618eeb1d8b6a3c20f8487dbad9e29cbb0a,yes,no,high,yes,yes
2026-08-31T12:13:17-04:00,2026-08-31,AMZN,1018724,8-K,2020-10-29,0001018724-20-000028,"2.02,9.01",amzn-20201029.htm,https://www.sec.gov/Archives/edgar/data/1018724/000101872420000028/amzn-20201029.htm,16ee8051a49c166baf08a3324493ae8736fc37c2b788ab8e0a6077980d75e2ca,yes,no,high,yes,yes
2026-08-31T12:13:17-04:00,2026-08-31,AMZN,1018724,8-K,2020-09-09,0001018724-20-000026,5.02,amzn-20200909.htm,https://www.sec.gov/Archives/edgar/data/1018724/000101872420000026/amzn-20200909.htm,5b9c22be838828930607947a0ceb7cad0a49c78655014d78551f3f20520836e1,yes,no,high,yes,yes
2026-08-31T12:13:17-04:00,2026-08-31,CRM,1108524,10-Q,2026-08-27,0001108524-26-000190,,crm-20260731.htm,https://www.sec.gov/Archives/edgar/data/1108524/000110852426000190/crm-20260731.htm,1f735fe324df71839064852b6a767aeeac1e9fde8692c45dfae4f94cee60798d,yes,no,high,yes,yes
2026-08-31T12:13:17-04:00,2026-08-31,CRM,1108524,8-K,2026-08-26,0001108524-26-000187,"2.02,9.01",crm-20260826.htm,https://www.sec.gov/Archives/edgar/data/1108524/000110852426000187/crm-20260826.htm,eaea338613d16d597ce974ff132b75798a5f4f27d0332da22792bc85681d2bb4,yes,no,high,yes,yes
2026-08-31T12:13:17-04:00,2026-08-31,CRM,1108524,8-K,2026-08-05,0001108524-26-000160,5.02,crm-20260805.htm,https://www.sec.gov/Archives/edgar/data/1108524/000110852426000160/crm-20260805.htm,5d3423e86b84e82bee20da5c36b522a7b6901a37c7b3f59fc4c2b73c68a9b44d,yes,no,high,yes,yes
2026-08-31T12:13:17-04:00,2026-08-31,CRM,1108524,8-K,2026-06-02,0001108524-26-000138,5.02,crm-20260527.htm,https://www.sec.gov/Archives/edgar/data/1108524/000110852426000138/crm-20260527.htm,0bab457eeadd2f50287844fd718f9121b60721e8fa702553e02c15455eb8d01f,yes,no,high,yes,yes
2026-08-31T12:13:17-04:00,2026-08-31,CRM,1108524,8-K,2026-06-01,0001108524-26-000131,"5.02,9.01",crm-20260528.htm,https://www.sec.gov/Archives/edgar/data/1108524/000110852426000131/crm-20260528.htm,8d2f32099a1074039b64b80100c1506c33297b80ca0ee0df64175817fa7c66c6,yes,no,high,yes,yes
2026-08-31T12:13:17-04:00,2026-08-31,CRM,1108524,10-Q,2026-05-28,0001108524-26-000127,,crm-20260430.htm,https://www.sec.gov/Archives/edgar/data/1108524/000110852426000127/crm-20260430.htm,0237a602a482afc3afb23339ec0e93f26b75e18e61f06e098fdaad29e4cb1e6a,yes,no,high,yes,yes
2026-08-31T12:13:17-04:00,2026-08-31,CRM,1108524,8-K,2026-05-27,0001108524-26-000125,"2.02,9.01",crm-20260527.htm,https://www.sec.gov/Archives/edgar/data/1108524/000110852426000125/crm-20260527.htm,37191c99cf4f7c8c07bcd3cb3adfbe1d35b4f9cc08b9ebc57ba648f2253d29d0,yes,no,high,yes,yes
2026-08-31T12:13:17-04:00,2026-08-31,CRM,1108524,DEF 14A,2026-04-16,0001108524-26-000085,,crm-20260416.htm,https://www.sec.gov/Archives/edgar/data/1108524/000110852426000085/crm-20260416.htm,0cd7a1f564ed55b4156fb468decf8d0e201e0a8defc52b93a3e9bd36e5ec80af,yes,no,medium,yes,yes
2026-08-31T12:13:17-04:00,2026-08-31,CRM,1108524,8-K,2026-03-16,0001193125-26-107403,"7.01,9.01",d887663d8k.htm,https://www.sec.gov/Archives/edgar/data/1108524/000119312526107403/d887663d8k.htm,2ea33067143c8ec5bb92e47be0dfb6fb89776323e42ee9fb01798da7add47943,yes,no,high,yes,yes
2026-08-31T12:13:17-04:00,2026-08-31,CRM,1108524,8-K,2026-03-13,0001193125-26-106356,"1.01,2.03,9.01",d114728d8k.htm,https://www.sec.gov/Archives/edgar/data/1108524/000119312526106356/d114728d8k.htm,3634f00b77b0c427cb245a8035e8c7111624bd54cbcacdf94367c62a2d44fb1e,yes,no,high,yes,yes
2026-08-31T12:13:17-04:00,2026-08-31,CRM,1108524,424B2,2026-03-12,0001193125-26-104301,,d29877d424b2.htm,https://www.sec.gov/Archives/edgar/data/1108524/000119312526104301/d29877d424b2.htm,23235b1747eaa5f6f555ac1721fadbc36795cd791983b202731ec54b7990e0d2,yes,no,high,yes,yes
2026-08-31T12:13:17-04:00,2026-08-31,CRM,1108524,8-K,2026-03-12,0001193125-26-104282,"1.01,2.03,9.01",d887348d8k.htm,https://www.sec.gov/Archives/edgar/data/1108524/000119312526104282/d887348d8k.htm,e41ef73e43e0843fc0744a9198c881b7906fa07ba47345edb988ed1ad040ccd5,yes,no,high,yes,yes
2026-08-31T12:13:17-04:00,2026-08-31,CRM,1108524,424B2,2026-03-11,0001193125-26-101152,,d29877d424b2.htm,https://www.sec.gov/Archives/edgar/data/1108524/000119312526101152/d29877d424b2.htm,f787480359429a61afdb4b492c9cafde67a4aa426aad66530e983b11e27e8211,yes,no,high,yes,yes
2026-08-31T12:13:17-04:00,2026-08-31,CRM,1108524,8-K,2026-03-06,0001108524-26-000062,5.02,crm-20260306.htm,https://www.sec.gov/Archives/edgar/data/1108524/000110852426000062/crm-20260306.htm,be373c2e54b6ecf4e4ef47677c0b71e005b98aa41aa4a2fb94af58e1f8152869,yes,no,high,yes,yes
2026-08-31T12:13:17-04:00,2026-08-31,CRM,1108524,10-K,2026-03-02,0001108524-26-000060,,crm-20260131.htm,https://www.sec.gov/Archives/edgar/data/1108524/000110852426000060/crm-20260131.htm,34eff7d3604173386331388cf795350c0f6d63387e0222fc7bb84d41e25e101b,yes,no,high,yes,yes
2026-08-31T12:13:17-04:00,2026-08-31,CRM,1108524,8-K,2026-02-25,0001108524-26-000056,"2.02,9.01",crm-20260225.htm,https://www.sec.gov/Archives/edgar/data/1108524/000110852426000056/crm-20260225.htm,2354770803798f91cf1f0b6f08e2b41d5bed68f1a058b5ce5810fc47fe7e7128,yes,no,high,yes,yes
2026-08-31T12:13:17-04:00,2026-08-31,CRM,1108524,10-Q,2025-12-04,0001108524-25-000238,,crm-20251031.htm,https://www.sec.gov/Archives/edgar/data/1108524/000110852425000238/crm-20251031.htm,3564228488ebc1ff96d45bce378b01e16025a4f856cce4591f0ede2dcc90a90c,yes,no,high,yes,yes
2026-08-31T12:13:17-04:00,2026-08-31,CRM,1108524,8-K,2025-12-03,0001108524-25-000234,"2.02,9.01",crm-20251203.htm,https://www.sec.gov/Archives/edgar/data/1108524/000110852425000234/crm-20251203.htm,d29d89f5515cdbe856fb92e1de491f740392243b289e9a31e0307579d071bcaf,yes,no,high,yes,yes
2026-08-31T12:13:17-04:00,2026-08-31,CRM,1108524,8-K,2025-11-18,0001108524-25-000207,"2.03,7.01,9.01",crm-20251118.htm,https://www.sec.gov/Archives/edgar/data/1108524/000110852425000207/crm-20251118.htm,1bf58edade05555279284d511aaf2b49eaf474f6f2f329f29ee1da7130af2fcc,yes,no,high,yes,yes
2026-08-31T12:13:17-04:00,2026-08-31,CRM,1108524,8-K,2025-10-16,0001108524-25-000168,"7.01,9.01",crm-20251015.htm,https://www.sec.gov/Archives/edgar/data/1108524/000110852425000168/crm-20251015.htm,62641a3d4890d82876d8cca9b706174e23c496077e3452e212c258cb2652a157,yes,no,high,yes,yes
2026-08-31T12:13:17-04:00,2026-08-31,CRM,1108524,10-Q,2025-09-04,0001108524-25-000088,,crm-20250731.htm,https://www.sec.gov/Archives/edgar/data/1108524/000110852425000088/crm-20250731.htm,eca046a4430c93576303cb44964ed3f67a58a5cd7743a0bd5afa910b7382fce2,yes,no,high,yes,yes
2026-08-31T12:13:17-04:00,2026-08-31,CRM,1108524,8-K,2025-09-03,0001108524-25-000083,"2.02,8.01,9.01",crm-20250903.htm,https://www.sec.gov/Archives/edgar/data/1108524/000110852425000083/crm-20250903.htm,6e18a902bba0bca210ea32767fd4acc506c137bdfe8236376d3b23a5798a129d,yes,no,high,yes,yes
2026-08-31T12:13:17-04:00,2026-08-31,CRM,1108524,8-K,2025-07-09,0001108524-25-000040,"5.02,7.01,9.01",crm-20250709.htm,https://www.sec.gov/Archives/edgar/data/1108524/000110852425000040/crm-20250709.htm,86f850c681456a7f0106d347b03bdea2c6e7133fc437b46bcd3909ad7c8b056c,yes,no,high,yes,yes
2026-08-31T12:13:17-04:00,2026-08-31,CRM,1108524,8-K,2025-06-24,0001193125-25-145772,"1.01,2.03,9.01",d71627d8k.htm,https://www.sec.gov/Archives/edgar/data/1108524/000119312525145772/d71627d8k.htm,0e3d9a08e42ee4df5826d002c45678d61127559c4e64bbece0f3f60c0d05257a,yes,no,high,yes,yes
2026-08-31T12:13:17-04:00,2026-08-31,CRM,1108524,8-K,2025-06-09,0001108524-25-000033,"5.02,5.07,9.01",crm-20250605.htm,https://www.sec.gov/Archives/edgar/data/1108524/000110852425000033/crm-20250605.htm,e8094f935a8f573ee306e2237349628b9aba9c1e1619cb4c7853363daf252278,yes,no,high,yes,yes
2026-08-31T12:13:17-04:00,2026-08-31,CRM,1108524,10-Q,2025-05-29,0001108524-25-000030,,crm-20250430.htm,https://www.sec.gov/Archives/edgar/data/1108524/000110852425000030/crm-20250430.htm,63c5ea0f69c57cef2dc0db2e9bce02ebb5f70e55e7dab8ed8c307d192d5b52a0,yes,no,high,yes,yes
2026-08-31T12:13:17-04:00,2026-08-31,CRM,1108524,8-K,2025-05-28,0001108524-25-000027,"2.02,9.01",crm-20250528.htm,https://www.sec.gov/Archives/edgar/data/1108524/000110852425000027/crm-20250528.htm,88c734c51b3140737b62eafd67c32db9fdc37b0ca64d6efdeeb986aedb8530fa,yes,no,high,yes,yes
2026-08-31T12:13:17-04:00,2026-08-31,CRM,1108524,8-K,2025-05-27,0001193125-25-126271,"7.01,9.01",d866821d8k.htm,https://www.sec.gov/Archives/edgar/data/1108524/000119312525126271/d866821d8k.htm,b384f31cd029d14dd2cc34ef79bbfd9b8bf7f6daf0bf4a4e3565b3074fa00c8e,yes,no,high,yes,yes
2026-08-31T12:13:17-04:00,2026-08-31,CRM,1108524,DEF 14A,2025-04-24,0001108524-25-000009,,crm-20250424.htm,https://www.sec.gov/Archives/edgar/data/1108524/000110852425000009/crm-20250424.htm,c48772bbd0f8d125d0dfd584826ab9f3fb6e2064cb6d000662d52e0b1cf00956,yes,no,medium,yes,yes
2026-08-31T12:13:17-04:00,2026-08-31,CRM,1108524,10-K,2025-03-05,0001108524-25-000006,,crm-20250131.htm,https://www.sec.gov/Archives/edgar/data/1108524/000110852425000006/crm-20250131.htm,cd6962a427d41b6d74a1a45260bd6670a8b3681e302bf0ab5df1cc4a85bb2937,yes,no,high,yes,yes
2026-08-31T12:13:17-04:00,2026-08-31,CRM,1108524,8-K,2025-02-26,0001108524-25-000002,"2.02,9.01",crm-20250226.htm,https://www.sec.gov/Archives/edgar/data/1108524/000110852425000002/crm-20250226.htm,ed69ec322389ad21fd4820073beddcf9bfc34de9730ec5e396c9fffe4df94940,yes,no,high,yes,yes
2026-08-31T12:13:17-04:00,2026-08-31,CRM,1108524,8-K,2025-02-05,0001193125-25-020881,"5.02,9.01",d926032d8k.htm,https://www.sec.gov/Archives/edgar/data/1108524/000119312525020881/d926032d8k.htm,50ceff1db80f70724984e78750abb06fed1d89f183153e9dc5fd2cccb758857e,yes,no,high,yes,yes
2026-08-31T12:13:17-04:00,2026-08-31,CRM,1108524,8-K,2024-12-10,0001108524-24-000036,"5.03,9.01",crm-20241205.htm,https://www.sec.gov/Archives/edgar/data/1108524/000110852424000036/crm-20241205.htm,b1c6e6c7bbf9731f8143e57cc729fda47ababd81d1d4b3cdc62610d1365ab213,yes,no,medium,no,no
2026-08-31T12:13:17-04:00,2026-08-31,CRM,1108524,10-Q,2024-12-04,0001108524-24-000034,,crm-20241031.htm,https://www.sec.gov/Archives/edgar/data/1108524/000110852424000034/crm-20241031.htm,011205271c3d93a908eefe7f78cd6880b234a7b0e7c190b2dda1068c53d4c58d,yes,no,high,yes,yes
2026-08-31T12:13:17-04:00,2026-08-31,CRM,1108524,8-K,2024-12-03,0001108524-24-000033,"2.02,9.01",crm-20241203.htm,https://www.sec.gov/Archives/edgar/data/1108524/000110852424000033/crm-20241203.htm,abd7be0f402fbb807e6fcd66f2eb6260abe1f23408871fa314dddce55b7c8c73,yes,no,high,yes,yes
2026-08-31T12:13:17-04:00,2026-08-31,CRM,1108524,8-K,2024-11-05,0001193125-24-251243,"1.01,1.02,2.03,9.01",d854367d8k.htm,https://www.sec.gov/Archives/edgar/data/1108524/000119312524251243/d854367d8k.htm,a9f0155ea56c2a9803516671ad29f286143df649200dbb061d5c0b0161682f5f,yes,no,high,yes,yes
2026-08-31T12:13:17-04:00,2026-08-31,CRM,1108524,8-K,2024-09-05,0001108524-24-000024,"7.01,9.01",crm-20240905.htm,https://www.sec.gov/Archives/edgar/data/1108524/000110852424000024/crm-20240905.htm,2cd5d490c11e64f6701c81687f4d9ffd797258c4abef539f45c74eb760055e01,yes,no,high,yes,yes
2026-08-31T12:13:17-04:00,2026-08-31,CRM,1108524,10-Q,2024-08-29,0001108524-24-000022,,crm-20240731.htm,https://www.sec.gov/Archives/edgar/data/1108524/000110852424000022/crm-20240731.htm,aeac258f4e6211e6a4e9af9c4e356a6395f50839ae1b2ffd086ea95759488801,yes,no,high,yes,yes
2026-08-31T12:13:17-04:00,2026-08-31,CRM,1108524,8-K,2024-08-28,0001108524-24-000020,"2.02,5.02,9.01",crm-20240828.htm,https://www.sec.gov/Archives/edgar/data/1108524/000110852424000020/crm-20240828.htm,4a48787c1546252fa0f1103d611dff93c07cc63d1d84cbfef85ede2f6d7bc24f,yes,no,high,yes,yes
2026-08-31T12:13:17-04:00,2026-08-31,CRM,1108524,8-K,2024-07-01,0001108524-24-000014,"5.02,5.03,5.07,9.01",crm-20240627.htm,https://www.sec.gov/Archives/edgar/data/1108524/000110852424000014/crm-20240627.htm,b381c33e9859bf3e2bcf62f5540d9c3bb6b9d55561473a40f48088c9c9678141,yes,no,high,yes,yes
2026-08-31T12:13:17-04:00,2026-08-31,CRM,1108524,10-Q,2024-05-30,0001108524-24-000009,,crm-20240430.htm,https://www.sec.gov/Archives/edgar/data/1108524/000110852424000009/crm-20240430.htm,d4b45184d3de980077fc49bd9fb9f7d39030e17cf285e1894e697cb842f676ec,yes,no,high,yes,yes
2026-08-31T12:13:17-04:00,2026-08-31,CRM,1108524,8-K,2024-05-29,0001108524-24-000007,"2.02,9.01",crm-20240529.htm,https://www.sec.gov/Archives/edgar/data/1108524/000110852424000007/crm-20240529.htm,76f19bc057fd0824968fb8a6684910923d4d40a37b48d915aa52c06130acdc7d,yes,no,high,yes,yes
2026-08-31T12:13:17-04:00,2026-08-31,CRM,1108524,DEF 14A,2024-05-16,0001193125-24-140549,,d26900ddef14a.htm,https://www.sec.gov/Archives/edgar/data/1108524/000119312524140549/d26900ddef14a.htm,ec902083559d90188c4f4c3eb0fd873596ab51d2cdea2f118dacec9bbe5e0784,yes,no,medium,yes,yes
2026-08-31T12:13:17-04:00,2026-08-31,CRM,1108524,10-K,2024-03-06,0001108524-24-000005,,crm-20240131.htm,https://www.sec.gov/Archives/edgar/data/1108524/000110852424000005/crm-20240131.htm,9e2e2634ddad2e617ed8ecd03a997445bbd307e538e5c12f3f8a34f0d7c7ccdf,yes,no,high,yes,yes
2026-08-31T12:13:17-04:00,2026-08-31,CRM,1108524,8-K,2024-02-28,0001108524-24-000002,"2.02,8.01,9.01",crm-20240228.htm,https://www.sec.gov/Archives/edgar/data/1108524/000110852424000002/crm-20240228.htm,6a1415bfafd4cee1026902599d508b408bc1cfcd8ce3c5009a1216434d34ebfe,yes,no,high,yes,yes
2026-08-31T12:13:17-04:00,2026-08-31,CRM,1108524,S-3ASR,2023-11-30,0001193125-23-286306,,d858059ds3asr.htm,https://www.sec.gov/Archives/edgar/data/1108524/000119312523286306/d858059ds3asr.htm,b848e458b72472a50242fe9226d31f6df060bf3013ade228d009ac8dbe9b8101,yes,no,high,yes,yes
2026-08-31T12:13:17-04:00,2026-08-31,CRM,1108524,10-Q,2023-11-30,0001108524-23-000048,,crm-20231031.htm,https://www.sec.gov/Archives/edgar/data/1108524/000110852423000048/crm-20231031.htm,75077d1c0b6c60f927f44a9b1fd2e0da2ecf5e6874baa4fc55b90ec4e04320f7,yes,no,high,yes,yes
2026-08-31T12:13:17-04:00,2026-08-31,CRM,1108524,8-K,2023-11-29,0001108524-23-000046,"2.02,9.01",crm-20231129.htm,https://www.sec.gov/Archives/edgar/data/1108524/000110852423000046/crm-20231129.htm,82cbcea619dd8e6aa9a78d15620c0ccda0161679e4a216aa3d7f20cb88d44d05,yes,no,high,yes,yes
2026-08-31T12:13:17-04:00,2026-08-31,CRM,1108524,10-Q,2023-08-31,0001108524-23-000040,,crm-20230731.htm,https://www.sec.gov/Archives/edgar/data/1108524/000110852423000040/crm-20230731.htm,e577ed4402fd3ca930f99119a3c4c6ee5eba07f7d4907d498b901076b143f617,yes,no,high,yes,yes
2026-08-31T12:13:17-04:00,2026-08-31,CRM,1108524,8-K,2023-08-30,0001108524-23-000037,"2.02,9.01",crm-20230830.htm,https://www.sec.gov/Archives/edgar/data/1108524/000110852423000037/crm-20230830.htm,5f5982aa967d477fa49fe3e95211ca7f7287bfcdd3ce9f4278a0debf3d96d085,yes,no,high,yes,yes
2026-08-31T12:13:17-04:00,2026-08-31,GOOGL,1652044,8-K,2026-08-10,0001193125-26-342390,"8.01,9.01",d171253d8k.htm,https://www.sec.gov/Archives/edgar/data/1652044/000119312526342390/d171253d8k.htm,43fe08678c314d2472e39b759850a3d295845c18fe6febbb416b4db6195cf2ea,yes,no,high,yes,yes
2026-08-31T12:13:17-04:00,2026-08-31,GOOGL,1652044,424B2,2026-08-07,0001193125-26-340264,,d32286d424b2.htm,https://www.sec.gov/Archives/edgar/data/1652044/000119312526340264/d32286d424b2.htm,5982fdd7121b98ad901e06ab26362fc3343351d88d85175df06c0cf5a482ed48,yes,no,high,yes,yes
2026-08-31T12:13:17-04:00,2026-08-31,GOOGL,1652044,424B5,2026-08-06,0001193125-26-336853,,d140593d424b5.htm,https://www.sec.gov/Archives/edgar/data/1652044/000119312526336853/d140593d424b5.htm,56a331d7f6c6340d72adaf1ec15670085771460f796518aa959e3f8701d59cd9,yes,no,high,yes,yes
2026-08-31T12:13:17-04:00,2026-08-31,GOOGL,1652044,424B5,2026-08-06,0001193125-26-336798,,d32286d424b5.htm,https://www.sec.gov/Archives/edgar/data/1652044/000119312526336798/d32286d424b5.htm,92740e428ceac883f75395fafc6f662197c93f61a9df9b5330402b5b449c5682,yes,no,high,yes,yes
2026-08-31T12:13:17-04:00,2026-08-31,GOOGL,1652044,10-Q,2026-07-23,0001652044-26-000071,,goog-20260630.htm,https://www.sec.gov/Archives/edgar/data/1652044/000165204426000071/goog-20260630.htm,ff24230b20ab808d34922be8ab87491a529375ee96226b0b74bcb1e933fbd886,yes,no,high,yes,yes
2026-08-31T12:13:17-04:00,2026-08-31,GOOGL,1652044,8-K,2026-07-22,0001652044-26-000066,"2.02,9.01",goog-20260722.htm,https://www.sec.gov/Archives/edgar/data/1652044/000165204426000066/goog-20260722.htm,39a33ffa60b25c838e1ac40e200342248f51e1cd0c957613a4512379b38cc76f,yes,no,high,yes,yes
2026-08-31T12:13:17-04:00,2026-08-31,GOOGL,1652044,8-K,2026-06-11,0001193125-26-267578,"5.02,5.07,9.01",d57679d8k.htm,https://www.sec.gov/Archives/edgar/data/1652044/000119312526267578/d57679d8k.htm,05c5544c0b7c46989ec6caa6fe0307eca13fe75e615fadc567909d371fa7ad49,yes,no,high,yes,yes
2026-08-31T12:13:17-04:00,2026-08-31,GOOGL,1652044,8-K,2026-06-05,0001193125-26-259830,"1.01,3.03,5.03,9.01",d36818d8k.htm,https://www.sec.gov/Archives/edgar/data/1652044/000119312526259830/d36818d8k.htm,7ee50363450d871208d3221dfaa67a2257e2250322a5d66c5c867470f8e45bcb,yes,no,high,yes,yes
2026-08-31T12:13:17-04:00,2026-08-31,GOOGL,1652044,8-K,2026-06-05,0001652044-26-000059,5.02,goog-20260602.htm,https://www.sec.gov/Archives/edgar/data/1652044/000165204426000059/goog-20260602.htm,a497669c476051e5a2a2fafcbacabeb5367386d07724822c48f62ad7d928737c,yes,no,high,yes,yes
2026-08-31T12:13:17-04:00,2026-08-31,GOOGL,1652044,8-K,2026-06-04,0001193125-26-257724,"1.01,7.01,8.01,9.01",d83560d8k.htm,https://www.sec.gov/Archives/edgar/data/1652044/000119312526257724/d83560d8k.htm,57b8507f036e3ebf39f54c56102fff00903111e584eeca89c62c746ace4f88bb,yes,no,high,yes,yes
2026-08-31T12:13:17-04:00,2026-08-31,GOOGL,1652044,424B5,2026-06-04,0001193125-26-257702,,d152175d424b5.htm,https://www.sec.gov/Archives/edgar/data/1652044/000119312526257702/d152175d424b5.htm,be4ce7c98358d7fcb4c592d6971ca08f322fcc10fa34eee432f021eb7544e6c0,yes,no,high,yes,yes
2026-08-31T12:13:17-04:00,2026-08-31,GOOGL,1652044,424B5,2026-06-04,0001193125-26-257690,,d159942d424b5.htm,https://www.sec.gov/Archives/edgar/data/1652044/000119312526257690/d159942d424b5.htm,8ad113ed24d2917bfa28af219a556881c44b11c127a7835a508f8faa9db03d2e,yes,no,high,yes,yes
2026-08-31T12:13:17-04:00,2026-08-31,GOOGL,1652044,424B5,2026-06-04,0001193125-26-256375,,d152107d424b5.htm,https://www.sec.gov/Archives/edgar/data/1652044/000119312526256375/d152107d424b5.htm,8ffa972339c2011b37a2ef3e3e25c7824f3cf35e029f538141f710f744eb1578,yes,no,high,yes,yes
2026-08-31T12:13:17-04:00,2026-08-31,GOOGL,1652044,424B5,2026-06-02,0001193125-26-252439,,d150348d424b5.htm,https://www.sec.gov/Archives/edgar/data/1652044/000119312526252439/d150348d424b5.htm,ab69ea88ab93333f745b99742ab1b12f078995a777e0a6416c58c84242573dab,yes,no,high,yes,yes
2026-08-31T12:13:17-04:00,2026-08-31,GOOGL,1652044,424B5,2026-06-02,0001193125-26-252392,,d152175d424b5.htm,https://www.sec.gov/Archives/edgar/data/1652044/000119312526252392/d152175d424b5.htm,063b28dc6287392d520eb3687803edf6ad2ff463dc5a6f1a0ffb50c8ae4ef92d,yes,no,high,yes,yes
2026-08-31T12:13:17-04:00,2026-08-31,GOOGL,1652044,424B5,2026-06-02,0001193125-26-252374,,d159942d424b5.htm,https://www.sec.gov/Archives/edgar/data/1652044/000119312526252374/d159942d424b5.htm,6a868f81931658624b4d63401d594033d573b2db821a71038debd84909ce3ffd,yes,no,high,yes,yes
2026-08-31T12:13:17-04:00,2026-08-31,GOOGL,1652044,424B5,2026-06-02,0001193125-26-252362,,d152107d424b5.htm,https://www.sec.gov/Archives/edgar/data/1652044/000119312526252362/d152107d424b5.htm,33c7922e4841ce2264f1018009c1e076731c051e6b9d584375433c78556e5b44,yes,no,high,yes,yes
2026-08-31T12:13:17-04:00,2026-08-31,GOOGL,1652044,S-3ASR,2026-06-01,0001193125-26-251560,,d135361ds3asr.htm,https://www.sec.gov/Archives/edgar/data/1652044/000119312526251560/d135361ds3asr.htm,c23705ecdc97cbb7595bc6368147014095d28e5a762f77887e3c9b6bba9244f3,yes,no,high,yes,yes
2026-08-31T12:13:17-04:00,2026-08-31,GOOGL,1652044,8-K,2026-05-21,0001193125-26-234488,"8.01,9.01",d144566d8k.htm,https://www.sec.gov/Archives/edgar/data/1652044/000119312526234488/d144566d8k.htm,2cfe0a7ff9eace167deda91253cfa54d6298b64523bcc0a8649d5ca1eee9f1ec,yes,no,high,yes,yes
2026-08-31T12:13:17-04:00,2026-08-31,GOOGL,1652044,424B5,2026-05-18,0001193125-26-228923,,d137872d424b5.htm,https://www.sec.gov/Archives/edgar/data/1652044/000119312526228923/d137872d424b5.htm,c959166f3931816ff5feb4ed2b2fa926c1637690821b9d524cac931cb6464760,yes,no,high,yes,yes
2026-08-31T12:13:17-04:00,2026-08-31,GOOGL,1652044,8-K,2026-05-11,0001193125-26-216986,"8.01,9.01",d109021d8k.htm,https://www.sec.gov/Archives/edgar/data/1652044/000119312526216986/d109021d8k.htm,04e8dc40510af1eaee938179a9b74007e38c384497a0911c723b7235fa348a45,yes,no,high,yes,yes
2026-08-31T12:13:17-04:00,2026-08-31,GOOGL,1652044,424B5,2026-05-11,0001193125-26-215570,,d137872d424b5.htm,https://www.sec.gov/Archives/edgar/data/1652044/000119312526215570/d137872d424b5.htm,721fc99e0f5623fe223f25016e672539b66a90c6765ea2c9a5627006f7f22e3e,yes,no,high,yes,yes
2026-08-31T12:13:17-04:00,2026-08-31,GOOGL,1652044,424B2,2026-05-07,0001193125-26-212222,,d325417d424b2.htm,https://www.sec.gov/Archives/edgar/data/1652044/000119312526212222/d325417d424b2.htm,6ecc83639272b0c4f3aa454a0424b204b244aa60c2fce0b3fa4fc8f812687d25,yes,no,high,yes,yes
2026-08-31T12:13:17-04:00,2026-08-31,GOOGL,1652044,424B2,2026-05-07,0001193125-26-212210,,d152073d424b2.htm,https://www.sec.gov/Archives/edgar/data/1652044/000119312526212210/d152073d424b2.htm,deaa72f26aa7549fffe5c0c000209de8dd8887aca8af61d37d87fd191bd086d7,yes,no,high,yes,yes
2026-08-31T12:13:17-04:00,2026-08-31,GOOGL,1652044,424B5,2026-05-05,0001193125-26-205120,,d325417d424b5.htm,https://www.sec.gov/Archives/edgar/data/1652044/000119312526205120/d325417d424b5.htm,1f339e494b1254854b6e3f73375d1d46e9a2a2d8d46773e8dc13be3d386f1761,yes,no,high,yes,yes
2026-08-31T12:13:17-04:00,2026-08-31,GOOGL,1652044,424B5,2026-05-05,0001193125-26-204938,,d152073d424b5.htm,https://www.sec.gov/Archives/edgar/data/1652044/000119312526204938/d152073d424b5.htm,caf5d3a1d8ffd7f3a4bd10541cfc0e592ba5411922e1fdeeab5af9a47b403532,yes,no,high,yes,yes
2026-08-31T12:13:17-04:00,2026-08-31,GOOGL,1652044,10-Q,2026-04-30,0001652044-26-000048,,goog-20260331.htm,https://www.sec.gov/Archives/edgar/data/1652044/000165204426000048/goog-20260331.htm,f258d9f0d3d61c2024eae0a8648232055d9f3823915545b2cab3332464b0b5e6,yes,no,high,yes,yes
2026-08-31T12:13:17-04:00,2026-08-31,GOOGL,1652044,8-K,2026-04-29,0001652044-26-000043,"2.02,9.01",goog-20260429.htm,https://www.sec.gov/Archives/edgar/data/1652044/000165204426000043/goog-20260429.htm,b11a2688f4c95b0230757249f84b213ac864d327d1fb0bb90190254d32792ce8,yes,no,high,yes,yes
2026-08-31T12:13:17-04:00,2026-08-31,GOOGL,1652044,DEF 14A,2026-04-24,0001308179-26-000342,,goog-20260424.htm,https://www.sec.gov/Archives/edgar/data/1652044/000130817926000342/goog-20260424.htm,b6308e3599923676c2bfb65ef1b56e30e93a63a4bbee2033a976c8e905f9fc42,yes,no,medium,yes,yes
2026-08-31T12:13:17-04:00,2026-08-31,GOOGL,1652044,8-K,2026-04-10,0001652044-26-000034,5.02,goog-20260407.htm,https://www.sec.gov/Archives/edgar/data/1652044/000165204426000034/goog-20260407.htm,bc9842225719bdcfb9e7ffbcf33fee201597672eb60dc9afd8e71559f92b7c72,yes,no,high,yes,yes
2026-08-31T12:13:17-04:00,2026-08-31,GOOGL,1652044,8-K,2026-04-02,0001652044-26-000031,5.02,goog-20260330.htm,https://www.sec.gov/Archives/edgar/data/1652044/000165204426000031/goog-20260330.htm,4928d40f28bf934b1caf290e65edeee7c53c3cedecd249b8544e14f4b3a60764,yes,no,high,yes,yes
2026-08-31T12:13:17-04:00,2026-08-31,GOOGL,1652044,8-K,2026-03-06,0001652044-26-000026,5.02,goog-20260304.htm,https://www.sec.gov/Archives/edgar/data/1652044/000165204426000026/goog-20260304.htm,65288e3b50bb9cf383c0d2a15e8a6e75e0f4ad17464d92613aaded12c187d1d6,yes,no,high,yes,yes
2026-08-31T12:13:17-04:00,2026-08-31,GOOGL,1652044,8-K,2026-02-13,0001193125-26-051423,"8.01,9.01",d946885d8k.htm,https://www.sec.gov/Archives/edgar/data/1652044/000119312526051423/d946885d8k.htm,bf3ddf70eeac34b12006004b208c8dd816943a1f5da12a3b1992ebbbe01eb6ec,yes,no,high,yes,yes
2026-08-31T12:13:17-04:00,2026-08-31,GOOGL,1652044,424B2,2026-02-12,0001193125-26-048730,,d108423d424b2.htm,https://www.sec.gov/Archives/edgar/data/1652044/000119312526048730/d108423d424b2.htm,c499a253892fbe51f0b8dae36f06b859b937c5eab6f569a021d00f5371591648,yes,no,high,yes,yes
2026-08-31T12:13:17-04:00,2026-08-31,GOOGL,1652044,424B2,2026-02-11,0001193125-26-046846,,d108033d424b2.htm,https://www.sec.gov/Archives/edgar/data/1652044/000119312526046846/d108033d424b2.htm,3aefaca60eaccadca234fb9eea2424509df4d3b44729e5ac824f832fd1a216bc,yes,no,high,yes,yes
2026-08-31T12:13:17-04:00,2026-08-31,GOOGL,1652044,424B5,2026-02-10,0001193125-26-043583,,d108423d424b5.htm,https://www.sec.gov/Archives/edgar/data/1652044/000119312526043583/d108423d424b5.htm,9c0e72fde3c1f36f5650e4fec9412c27932c353a331b09019c5ee40cbf68424e,yes,no,high,yes,yes
2026-08-31T12:13:17-04:00,2026-08-31,GOOGL,1652044,424B5,2026-02-09,0001193125-26-041936,,d108033d424b5.htm,https://www.sec.gov/Archives/edgar/data/1652044/000119312526041936/d108033d424b5.htm,ed1a3406a95ca4cb5f1b56b5fa842f81cc665001c17f0481c4e96fb1de8a2482,yes,no,high,yes,yes
2026-08-31T12:13:17-04:00,2026-08-31,GOOGL,1652044,10-K,2026-02-05,0001652044-26-000018,,goog-20251231.htm,https://www.sec.gov/Archives/edgar/data/1652044/000165204426000018/goog-20251231.htm,4e7ec08e895f477bad65910e7d59f0f194122c23ae6acd888fb82eea0cfeb612,yes,no,high,yes,yes
2026-08-31T12:13:17-04:00,2026-08-31,GOOGL,1652044,8-K,2026-02-04,0001652044-26-000012,"2.02,9.01",goog-20260204.htm,https://www.sec.gov/Archives/edgar/data/1652044/000165204426000012/goog-20260204.htm,bbba57ba74ef1c44a389ef623e7b41ec16f318c652722d690341d4ce408e2904,yes,no,high,yes,yes
2026-08-31T12:13:17-04:00,2026-08-31,GOOGL,1652044,8-K,2025-11-06,0001193125-25-269979,"8.01,9.01",d56115d8k.htm,https://www.sec.gov/Archives/edgar/data/1652044/000119312525269979/d56115d8k.htm,d3423e426f766a7617647e8ca547a6641efa95798322211d6e2e529654beb371,yes,no,high,yes,yes
2026-08-31T12:13:17-04:00,2026-08-31,GOOGL,1652044,424B2,2025-11-05,0001193125-25-267244,,d64361d424b2.htm,https://www.sec.gov/Archives/edgar/data/1652044/000119312525267244/d64361d424b2.htm,8dfe168bb26e448b6c9558026ce0feb848b032c283330f187c18126d504c9726,yes,no,high,yes,yes
2026-08-31T12:13:17-04:00,2026-08-31,GOOGL,1652044,424B2,2025-11-05,0001193125-25-267232,,d65573d424b2.htm,https://www.sec.gov/Archives/edgar/data/1652044/000119312525267232/d65573d424b2.htm,142c7ffab6a8ba2c19b4696e5bd5d1191e29dfcd0261beaf21451893a799bcb9,yes,no,high,yes,yes
2026-08-31T12:13:17-04:00,2026-08-31,GOOGL,1652044,424B5,2025-11-03,0001193125-25-261740,,d64361d424b5.htm,https://www.sec.gov/Archives/edgar/data/1652044/000119312525261740/d64361d424b5.htm,db8a6df3670ac5b307a5ed42355159a124514d9d8da0641cb73581d53bd8a19c,yes,no,high,yes,yes
2026-08-31T12:13:17-04:00,2026-08-31,GOOGL,1652044,424B5,2025-11-03,0001193125-25-261546,,d65573d424b5.htm,https://www.sec.gov/Archives/edgar/data/1652044/000119312525261546/d65573d424b5.htm,f82c392aedce446efd75d22f035a71c8cf6dbf02a43933d0a73634049635d071,yes,no,high,yes,yes
2026-08-31T12:13:17-04:00,2026-08-31,GOOGL,1652044,10-Q,2025-10-30,0001652044-25-000091,,goog-20250930.htm,https://www.sec.gov/Archives/edgar/data/1652044/000165204425000091/goog-20250930.htm,f09d00fd719b3a9cfa7c515a7316c4dec7b675364df5cc6f260239748e367fe0,yes,no,high,yes,yes
2026-08-31T12:13:17-04:00,2026-08-31,GOOGL,1652044,8-K,2025-10-29,0001652044-25-000087,"2.02,9.01",goog-20251029.htm,https://www.sec.gov/Archives/edgar/data/1652044/000165204425000087/goog-20251029.htm,34e6b7bb984758a327f2b94b9a9a4356a379701be92db7dc682a5301050ab06a,yes,no,high,yes,yes
2026-08-31T12:13:17-04:00,2026-08-31,GOOGL,1652044,8-K,2025-09-05,0001652044-25-000074,8.01,goog-20250905.htm,https://www.sec.gov/Archives/edgar/data/1652044/000165204425000074/goog-20250905.htm,e65e1b752ab0569bed744c9128314f157b0635fe94bb8b4ba195ae667d033e21,yes,no,high,yes,yes
2026-08-31T12:13:17-04:00,2026-08-31,GOOGL,1652044,8-K,2025-09-03,0001652044-25-000067,8.01,goog-20250902.htm,https://www.sec.gov/Archives/edgar/data/1652044/000165204425000067/goog-20250902.htm,75001a4f63cc9f7ef95e9dfc1e31c66064305458e2399c6cd112174da101da10,yes,no,high,yes,yes
2026-08-31T12:13:17-04:00,2026-08-31,GOOGL,1652044,10-Q,2025-07-24,0001652044-25-000062,,goog-20250630.htm,https://www.sec.gov/Archives/edgar/data/1652044/000165204425000062/goog-20250630.htm,67b7003fbed5d469b9aa50f61c28e919532b43f619d44f6b4e60f49d82a645e3,yes,no,high,yes,yes
2026-08-31T12:13:17-04:00,2026-08-31,GOOGL,1652044,8-K,2025-07-23,0001652044-25-000056,"2.02,8.01,9.01",goog-20250723.htm,https://www.sec.gov/Archives/edgar/data/1652044/000165204425000056/goog-20250723.htm,e9469ab8826aa8e86468aaae1547f6fe0d62deb57a5c3b40389d9d4f634ac263,yes,no,high,yes,yes
2026-08-31T12:13:17-04:00,2026-08-31,GOOGL,1652044,8-K,2025-07-18,0001193125-25-161225,"8.01,9.01",d21412d8k.htm,https://www.sec.gov/Archives/edgar/data/1652044/000119312525161225/d21412d8k.htm,96dc5a112adfeadb5859bea8b58173fbe79e16de66009c7e4f3f9eba7b78ef45,yes,no,high,yes,yes
2026-08-31T12:13:17-04:00,2026-08-31,GOOGL,1652044,8-K,2025-06-12,0001193125-25-139948,5.07,d949049d8k.htm,https://www.sec.gov/Archives/edgar/data/1652044/000119312525139948/d949049d8k.htm,517c0d33c2ce12096ef4ea14ee9740cf119dd0feacc3a39d09f9dad18f6370ff,yes,no,medium,no,no
2026-08-31T12:13:17-04:00,2026-08-31,GOOGL,1652044,8-K,2025-05-06,0001193125-25-113864,"8.01,9.01",d859422d8k.htm,https://www.sec.gov/Archives/edgar/data/1652044/000119312525113864/d859422d8k.htm,7007b08d15ef61207b733c6b8fc124a5869f07a66216479ddf6c7cff7934aa87,yes,no,high,yes,yes
2026-08-31T12:13:17-04:00,2026-08-31,GOOGL,1652044,424B2,2025-05-01,0001193125-25-110061,,d926856d424b2.htm,https://www.sec.gov/Archives/edgar/data/1652044/000119312525110061/d926856d424b2.htm,43680032f31d9a7e8ceb19c556e1afca8385d4043a92d561315f7d6796efd654,yes,no,high,yes,yes
2026-08-31T12:13:17-04:00,2026-08-31,GOOGL,1652044,8-K,2025-05-01,0001193125-25-110020,"8.01,9.01",d884388d8k.htm,https://www.sec.gov/Archives/edgar/data/1652044/000119312525110020/d884388d8k.htm,cb123a5078be979e22260f3eb93e07a6a9d1c232f59820d1944798bbd55cbadb,yes,no,high,yes,yes
2026-08-31T12:13:17-04:00,2026-08-31,GOOGL,1652044,424B2,2025-04-30,0001193125-25-107005,,d910841d424b2.htm,https://www.sec.gov/Archives/edgar/data/1652044/000119312525107005/d910841d424b2.htm,6c177be33a8c5419a6739bb541e4ce546b5fe70f95f9bd310d062b1a2df16031,yes,no,high,yes,yes
2026-08-31T12:13:17-04:00,2026-08-31,GOOGL,1652044,424B5,2025-04-29,0001193125-25-101705,,d926856d424b5.htm,https://www.sec.gov/Archives/edgar/data/1652044/000119312525101705/d926856d424b5.htm,462475fab9767144ca36ccca5476acae6a2d49050c6ada2726ca657a3528bd0e,yes,no,high,yes,yes
2026-08-31T12:13:17-04:00,2026-08-31,GOOGL,1652044,424B5,2025-04-28,0001193125-25-098380,,d910841d424b5.htm,https://www.sec.gov/Archives/edgar/data/1652044/000119312525098380/d910841d424b5.htm,b8fc56f75de086a14a6ab2768b2b14590f4757be9444e347ba2f3e5f87227d00,yes,no,high,yes,yes
2026-08-31T12:13:17-04:00,2026-08-31,GOOGL,1652044,DEF 14A,2025-04-25,0001308179-25-000511,,goog012701-def14a.htm,https://www.sec.gov/Archives/edgar/data/1652044/000130817925000511/goog012701-def14a.htm,c61bc601ea1fb27fe04eb21e8501b34794f7aee9fab8c00402cde0911ff92457,yes,no,medium,yes,yes
2026-08-31T12:13:17-04:00,2026-08-31,GOOGL,1652044,S-3ASR,2025-04-25,0001193125-25-095696,,d949656ds3asr.htm,https://www.sec.gov/Archives/edgar/data/1652044/000119312525095696/d949656ds3asr.htm,b3185e6a19deb863430f4e3a940dde9a0b34c9c1eeed39c5c95ed71074ada903,yes,no,high,yes,yes
2026-08-31T12:13:17-04:00,2026-08-31,GOOGL,1652044,10-Q,2025-04-25,0001652044-25-000043,,goog-20250331.htm,https://www.sec.gov/Archives/edgar/data/1652044/000165204425000043/goog-20250331.htm,4bcae37102da9b449124c61cea02dce0d5b9ca4de694d03169f911023074f712,yes,no,high,yes,yes
2026-08-31T12:13:17-04:00,2026-08-31,GOOGL,1652044,8-K,2025-04-24,0001652044-25-000040,"2.02,8.01,9.01",goog-20250423.htm,https://www.sec.gov/Archives/edgar/data/1652044/000165204425000040/goog-20250423.htm,14018dba8f66a71363853ac3c86ba14dad6a28ad10e262442c49c3af310a8d24,yes,no,high,yes,yes
2026-08-31T12:13:17-04:00,2026-08-31,GOOGL,1652044,8-K,2025-04-18,0001652044-25-000033,8.01,goog-20250417.htm,https://www.sec.gov/Archives/edgar/data/1652044/000165204425000033/goog-20250417.htm,b2c47f565146200b00eab9cd2dda064967c740af01f95cf55148f8d69116be37,yes,no,high,yes,yes
2026-08-31T12:13:17-04:00,2026-08-31,GOOGL,1652044,8-K,2025-03-18,0001652044-25-000027,"7.01,8.01",goog-20250318.htm,https://www.sec.gov/Archives/edgar/data/1652044/000165204425000027/goog-20250318.htm,965c49b2aadfe53590cfea278c5347291273717412803ea5bcb9c47d23ccce94,yes,no,high,yes,yes
2026-08-31T12:13:17-04:00,2026-08-31,GOOGL,1652044,10-K,2025-02-05,0001652044-25-000014,,goog-20241231.htm,https://www.sec.gov/Archives/edgar/data/1652044/000165204425000014/goog-20241231.htm,cada2c648dd37245c997e016bb150d430e88a601bbff08a939991086f35b4e42,yes,no,high,yes,yes
2026-08-31T12:13:17-04:00,2026-08-31,GOOGL,1652044,8-K,2025-02-04,0001652044-25-000010,"2.02,8.01,9.01",goog-20250204.htm,https://www.sec.gov/Archives/edgar/data/1652044/000165204425000010/goog-20250204.htm,e573c1f9835eb85d87b31c2c73f582a3b56a7fd913bc6e9b350e61167d79214c,yes,no,high,yes,yes
2026-08-31T12:13:17-04:00,2026-08-31,GOOGL,1652044,10-Q,2024-10-30,0001652044-24-000118,,goog-20240930.htm,https://www.sec.gov/Archives/edgar/data/1652044/000165204424000118/goog-20240930.htm,030196a341fedb6b984914f456d50dc9db46b0e885cd3a70e58e49045b133450,yes,no,high,yes,yes
2026-08-31T12:13:17-04:00,2026-08-31,GOOGL,1652044,8-K,2024-10-29,0001652044-24-000115,"2.02,8.01,9.01",goog-20241029.htm,https://www.sec.gov/Archives/edgar/data/1652044/000165204424000115/goog-20241029.htm,6e44a7f641884498ab3456912ba2763f974cf715f598d8f8b0fad5d2b0ee45fe,yes,no,high,yes,yes
2026-08-31T12:13:17-04:00,2026-08-31,GOOGL,1652044,8-K,2024-10-17,0001193125-24-238769,5.02,d627891d8k.htm,https://www.sec.gov/Archives/edgar/data/1652044/000119312524238769/d627891d8k.htm,5d39db5abb73426ffb2f84c7c105fa89fc2901722eeca82c30a3b8e9b4be870c,yes,no,high,yes,yes
2026-08-31T12:13:17-04:00,2026-08-31,GOOGL,1652044,8-K,2024-09-24,0001652044-24-000097,"8.01,9.01",goog-20240924.htm,https://www.sec.gov/Archives/edgar/data/1652044/000165204424000097/goog-20240924.htm,4428f7c18757c0111f63f90087608d5354c14d3f1c8ee14a2235d4abd89f065f,yes,no,high,yes,yes
2026-08-31T12:13:17-04:00,2026-08-31,GOOGL,1652044,8-K,2024-08-06,0001652044-24-000085,8.01,goog-20240805.htm,https://www.sec.gov/Archives/edgar/data/1652044/000165204424000085/goog-20240805.htm,acfd23c729d8fa6fba796b5a7288747f7dccbdef5006e5139c2c35ad54927517,yes,no,high,yes,yes
2026-08-31T12:13:17-04:00,2026-08-31,GOOGL,1652044,10-Q,2024-07-24,0001652044-24-000079,,goog-20240630.htm,https://www.sec.gov/Archives/edgar/data/1652044/000165204424000079/goog-20240630.htm,1eedbe5a6ae9defcea39c7786182b5a5ba8d8ec47701c618375592f74796195d,yes,no,high,yes,yes
2026-08-31T12:13:17-04:00,2026-08-31,GOOGL,1652044,8-K,2024-07-23,0001652044-24-000076,"2.02,8.01,9.01",goog-20240723.htm,https://www.sec.gov/Archives/edgar/data/1652044/000165204424000076/goog-20240723.htm,41d132e7cf77bd538503ffa6bc56c348b50bfcf55a6d092bc67982957e8268d6,yes,no,high,yes,yes
2026-08-31T12:13:17-04:00,2026-08-31,GOOGL,1652044,8-K,2024-06-26,0001193125-24-168745,"8.01,9.01",d809715d8k.htm,https://www.sec.gov/Archives/edgar/data/1652044/000119312524168745/d809715d8k.htm,8c793dbd5b48388bcc1dccda2cf9b14b6fe0ff0b9a7f165bf0e52c458b08fa2d,yes,no,high,yes,yes
2026-08-31T12:13:17-04:00,2026-08-31,GOOGL,1652044,8-K,2024-06-13,0001193125-24-160721,5.07,d805807d8k.htm,https://www.sec.gov/Archives/edgar/data/1652044/000119312524160721/d805807d8k.htm,556fa9e6268b06e1b389352a136e50cf26bc1aaffe004ff68e28fe58015caa21,yes,no,medium,no,no
2026-08-31T12:13:17-04:00,2026-08-31,GOOGL,1652044,8-K,2024-06-07,0001193125-24-157498,"5.02,9.01",d787017d8k.htm,https://www.sec.gov/Archives/edgar/data/1652044/000119312524157498/d787017d8k.htm,779c237f12d7ea8813359aa629a431bb3e3c6759f55c4754b38849a971adf700,yes,no,high,yes,yes
2026-08-31T12:13:17-04:00,2026-08-31,GOOGL,1652044,8-K,2024-06-05,0001193125-24-154725,"5.02,9.01",d837191d8k.htm,https://www.sec.gov/Archives/edgar/data/1652044/000119312524154725/d837191d8k.htm,a975c521ebe061ba3819b70dcac79633e7bc76aee582aff7676869e6c147d98e,yes,no,high,yes,yes
2026-08-31T12:13:17-04:00,2026-08-31,GOOGL,1652044,DEF 14A,2024-04-26,0001308179-24-000612,,lgoog2024_def14a.htm,https://www.sec.gov/Archives/edgar/data/1652044/000130817924000612/lgoog2024_def14a.htm,e6788307360b7c600b40f4708182dd3970061c18a018fd91749862655b83caa2,yes,no,medium,yes,yes
2026-08-31T12:13:17-04:00,2026-08-31,GOOGL,1652044,10-Q,2024-04-26,0001652044-24-000053,,goog-20240331.htm,https://www.sec.gov/Archives/edgar/data/1652044/000165204424000053/goog-20240331.htm,7eff2c9910abacfd22bf41bd751c4c49a1cf8795336c8f605bc6867b4c8ff5e6,yes,no,high,yes,yes
2026-08-31T12:13:17-04:00,2026-08-31,GOOGL,1652044,8-K,2024-04-25,0001652044-24-000047,"2.02,8.01,9.01",goog-20240425.htm,https://www.sec.gov/Archives/edgar/data/1652044/000165204424000047/goog-20240425.htm,832893ad60839fa5674d4168df1d2c79d720b39b5cc6438076da3e5b8882d2c7,yes,no,high,yes,yes
2026-08-31T12:13:17-04:00,2026-08-31,GOOGL,1652044,8-K,2024-02-08,0001652044-24-000032,"8.01,9.01",goog-20240208.htm,https://www.sec.gov/Archives/edgar/data/1652044/000165204424000032/goog-20240208.htm,df23e92131a7b4a0b3bd50e9891cf0a9aff9cc56979b868023fea7f87b8a47db,yes,no,high,yes,yes
2026-08-31T12:13:17-04:00,2026-08-31,GOOGL,1652044,10-K,2024-01-31,0001652044-24-000022,,goog-20231231.htm,https://www.sec.gov/Archives/edgar/data/1652044/000165204424000022/goog-20231231.htm,2ae42e13e41b7b7d0ef3ef999ecf374b1380527e0a1b5795938ea743b138b0c3,yes,no,high,yes,yes
2026-08-31T12:13:17-04:00,2026-08-31,GOOGL,1652044,8-K,2024-01-30,0001652044-24-000014,"2.02,9.01",goog-20240130.htm,https://www.sec.gov/Archives/edgar/data/1652044/000165204424000014/goog-20240130.htm,befdf7ea32cd9b84de558a19586fd1cdbff812c8e5d18ddfcc644eb3a3e2ab63,yes,no,high,yes,yes
2026-08-31T12:13:17-04:00,2026-08-31,GOOGL,1652044,10-Q,2023-10-25,0001652044-23-000094,,goog-20230930.htm,https://www.sec.gov/Archives/edgar/data/1652044/000165204423000094/goog-20230930.htm,10bcced16b43b8e3293a4c9ca0e41e3a2df1bf174a646db7e6934352e73e4757,yes,no,high,yes,yes
2026-08-31T12:13:17-04:00,2026-08-31,GOOGL,1652044,8-K,2023-10-24,0001652044-23-000088,"2.02,5.02,9.01",goog-20231018.htm,https://www.sec.gov/Archives/edgar/data/1652044/000165204423000088/goog-20231018.htm,4e6a6e74894e0350b62c52198b4e79bac127853dec5df1e0631516236a4aa278,yes,no,high,yes,yes
2026-08-31T12:13:17-04:00,2026-08-31,GOOGL,1652044,10-Q,2023-07-26,0001652044-23-000070,,goog-20230630.htm,https://www.sec.gov/Archives/edgar/data/1652044/000165204423000070/goog-20230630.htm,accc4a539492a2d611bd1c5c3c23867d21f973a982ab0be3532da62a47cacbc6,yes,no,high,yes,yes
2026-08-31T12:13:17-04:00,2026-08-31,GOOGL,1652044,8-K,2023-07-25,0001652044-23-000067,"2.02,9.01",goog-20230720.htm,https://www.sec.gov/Archives/edgar/data/1652044/000165204423000067/goog-20230720.htm,63edddf05377a4e2bc9137a0fc2df443ce3109593a85a0084171f88c7f7a57fd,yes,no,high,yes,yes
2026-08-31T12:13:17-04:00,2026-08-31,META,1326801,10-Q,2026-07-30,0001628280-26-050705,,meta-20260630.htm,https://www.sec.gov/Archives/edgar/data/1326801/000162828026050705/meta-20260630.htm,b514fe5c9f620efba1873ce07411acb63c93c89dba214bfa1e7f9e698a03d4a3,yes,no,high,yes,yes
2026-08-31T12:13:17-04:00,2026-08-31,META,1326801,8-K,2026-07-29,0001628280-26-050596,"2.02,9.01",meta-20260729.htm,https://www.sec.gov/Archives/edgar/data/1326801/000162828026050596/meta-20260729.htm,fa2dcbe3d6297844bc97fb5ca08f76a17226ecd21bf7290438eb68eaa975fea5,yes,no,high,yes,yes
2026-08-31T12:13:17-04:00,2026-08-31,META,1326801,8-K,2026-05-29,0001628280-26-039193,5.07,meta-20260527.htm,https://www.sec.gov/Archives/edgar/data/1326801/000162828026039193/meta-20260527.htm,a04a0297919cf42c817b0cce0e65192ac412ce5ed47a78f38c68f85f83495126,yes,no,medium,no,no
2026-08-31T12:13:17-04:00,2026-08-31,META,1326801,8-K,2026-05-04,0001193125-26-204128,"8.01,9.01",d134616d8k.htm,https://www.sec.gov/Archives/edgar/data/1326801/000119312526204128/d134616d8k.htm,a530220c70e88fe668ecb2be4ef126bf5f7a5de1d4a78371bd2f8deb8177dab9,yes,no,high,yes,yes
2026-08-31T12:13:17-04:00,2026-08-31,META,1326801,424B2,2026-05-01,0001193125-26-201738,,d109954d424b2.htm,https://www.sec.gov/Archives/edgar/data/1326801/000119312526201738/d109954d424b2.htm,e1dc6a2e0feb229e503eae0906d1f43bd672ed01e4c4a8a09c9e3ab97a31c915,yes,no,high,yes,yes
2026-08-31T12:13:17-04:00,2026-08-31,META,1326801,424B2,2026-04-30,0001193125-26-194082,,d109954d424b2.htm,https://www.sec.gov/Archives/edgar/data/1326801/000119312526194082/d109954d424b2.htm,ce2d3d7a11188606af5ee533687b10c6a1f02ed5a5f6f0dacd1db93761b36be5,yes,no,high,yes,yes
2026-08-31T12:13:17-04:00,2026-08-31,META,1326801,S-3ASR,2026-04-30,0001193125-26-194008,,d102985ds3asr.htm,https://www.sec.gov/Archives/edgar/data/1326801/000119312526194008/d102985ds3asr.htm,b78cca709c8ac8824d902f8ac2fb7e26434ba53732c2eb8a2d701ab71facc855,yes,no,high,yes,yes
2026-08-31T12:13:17-04:00,2026-08-31,META,1326801,10-Q,2026-04-30,0001628280-26-028526,,meta-20260331.htm,https://www.sec.gov/Archives/edgar/data/1326801/000162828026028526/meta-20260331.htm,795d3896e8f10b224bbd4127b7f163a64b304e1492ed6003a541eda51d7ac997,yes,no,high,yes,yes
2026-08-31T12:13:17-04:00,2026-08-31,META,1326801,8-K,2026-04-29,0001628280-26-028364,"2.02,9.01",meta-20260429.htm,https://www.sec.gov/Archives/edgar/data/1326801/000162828026028364/meta-20260429.htm,55b57628ca3df6cd6b59de046018c0e5fc47005e91c96ac072fc0ef312625fe9,yes,no,high,yes,yes
2026-08-31T12:13:17-04:00,2026-08-31,META,1326801,DEF 14A,2026-04-16,0001628280-26-025532,,meta-20260416.htm,https://www.sec.gov/Archives/edgar/data/1326801/000162828026025532/meta-20260416.htm,cbf9ce7833525a97855174e203801783f2743274677bf1fc652e6af00052cdbe,yes,no,medium,yes,yes
2026-08-31T12:13:17-04:00,2026-08-31,META,1326801,8-K,2026-04-14,0001628280-26-025108,5.02,meta-20260408.htm,https://www.sec.gov/Archives/edgar/data/1326801/000162828026025108/meta-20260408.htm,013632f42ae5fc17e91c87395efa29b73585c6d2d4ff3dcce3d4da4e43ca3727,yes,no,high,yes,yes
2026-08-31T12:13:17-04:00,2026-08-31,META,1326801,10-K,2026-01-29,0001628280-26-003942,,meta-20251231.htm,https://www.sec.gov/Archives/edgar/data/1326801/000162828026003942/meta-20251231.htm,c75e75e611cb57e6056d51fa88bae8e8a8e984104b109fc3e5cf7ea55199e089,yes,no,high,yes,yes
2026-08-31T12:13:17-04:00,2026-08-31,META,1326801,8-K,2026-01-28,0001628280-26-003832,"2.02,9.01",meta-20260128.htm,https://www.sec.gov/Archives/edgar/data/1326801/000162828026003832/meta-20260128.htm,b2ee2d55500f0d758b3deb258eb9b858fed08ca0e67e69965f672fa2741bd405,yes,no,high,yes,yes
2026-08-31T12:13:17-04:00,2026-08-31,META,1326801,8-K,2026-01-16,0001628280-26-002429,5.02,meta-20260112.htm,https://www.sec.gov/Archives/edgar/data/1326801/000162828026002429/meta-20260112.htm,0ce0414e1d47e20013261cf34688d22a0d2888dc4ff353d034f1c227ede0e2c3,yes,no,high,yes,yes
2026-08-31T12:13:17-04:00,2026-08-31,META,1326801,8-K,2025-12-19,0001628280-25-058337,5.02,meta-20251219.htm,https://www.sec.gov/Archives/edgar/data/1326801/000162828025058337/meta-20251219.htm,80bfddb5eeb1b3abc3913fb1b0cbb6317872a26242f54f49876841aec71d196c,yes,no,high,yes,yes
2026-08-31T12:13:17-04:00,2026-08-31,META,1326801,8-K,2025-12-12,0001628280-25-056768,"8.01,9.01",meta-20251205.htm,https://www.sec.gov/Archives/edgar/data/1326801/000162828025056768/meta-20251205.htm,1f63731af95fa1d80379ec250dd3fc24d1d684c495ef9b50c0f18abfc3a7ae59,yes,no,high,yes,yes
2026-08-31T12:13:17-04:00,2026-08-31,META,1326801,8-K,2025-11-03,0001193125-25-262593,"8.01,9.01",d75422d8k.htm,https://www.sec.gov/Archives/edgar/data/1326801/000119312525262593/d75422d8k.htm,c673bce335b911d452f87e836d90165771e7479ad15819e0ed08782cd40f7c13,yes,no,high,yes,yes
2026-08-31T12:13:17-04:00,2026-08-31,META,1326801,424B2,2025-11-03,0001193125-25-261217,,d762778d424b2.htm,https://www.sec.gov/Archives/edgar/data/1326801/000119312525261217/d762778d424b2.htm,8e881c7640879c83898d042f86457d8769cc123502898e396b39627576a13cad,yes,no,high,yes,yes
2026-08-31T12:13:17-04:00,2026-08-31,META,1326801,424B2,2025-10-30,0001193125-25-257437,,d762778d424b2.htm,https://www.sec.gov/Archives/edgar/data/1326801/000119312525257437/d762778d424b2.htm,e02f1f0020da89ae02b6cb9f1acb509563e0cc5378976933d6eec593634e915b,yes,no,high,yes,yes
2026-08-31T12:13:17-04:00,2026-08-31,META,1326801,10-Q,2025-10-30,0001628280-25-047240,,meta-20250930.htm,https://www.sec.gov/Archives/edgar/data/1326801/000162828025047240/meta-20250930.htm,08efa8c112a3ca64917ec0af0f7200881905eb2cd21d748736fc0157273be583,yes,no,high,yes,yes
2026-08-31T12:13:17-04:00,2026-08-31,META,1326801,8-K,2025-10-29,0001628280-25-047114,"2.02,9.01",meta-20251029.htm,https://www.sec.gov/Archives/edgar/data/1326801/000162828025047114/meta-20251029.htm,dda0eee2530d8b51fe8878c5b23fa0ca8a325c7437950b879d4359769772b9e3,yes,no,high,yes,yes
2026-08-31T12:13:17-04:00,2026-08-31,META,1326801,10-Q,2025-07-31,0001628280-25-036791,,meta-20250630.htm,https://www.sec.gov/Archives/edgar/data/1326801/000162828025036791/meta-20250630.htm,45b84948ef6066d78d84b4274f0d0c527b17723dbf9bd98dd388986c85eb85ca,yes,no,high,yes,yes
2026-08-31T12:13:17-04:00,2026-08-31,META,1326801,8-K,2025-07-30,0001628280-25-036719,"2.02,9.01",meta-20250730.htm,https://www.sec.gov/Archives/edgar/data/1326801/000162828025036719/meta-20250730.htm,29c04001b69ceacf056ebd2a583e1d679b2c6f8d406f86ff954f7cc8812a22c9,yes,no,high,yes,yes
2026-08-31T12:13:17-04:00,2026-08-31,META,1326801,8-K,2025-05-30,0001326801-25-000090,"5.07,9.01",meta-20250528.htm,https://www.sec.gov/Archives/edgar/data/1326801/000132680125000090/meta-20250528.htm,9123dff7db745123710a10b329322017b8eec24f869c46d02f674e0720f52313,yes,no,medium,no,no
2026-08-31T12:13:17-04:00,2026-08-31,META,1326801,10-Q,2025-05-01,0001326801-25-000054,,meta-20250331.htm,https://www.sec.gov/Archives/edgar/data/1326801/000132680125000054/meta-20250331.htm,a90c3cd269e394add7e03a033e9a44c7df802b5f18d22de34b482d815d22a53d,yes,no,high,yes,yes
2026-08-31T12:13:17-04:00,2026-08-31,META,1326801,8-K,2025-04-30,0001326801-25-000050,"2.02,9.01",meta-20250430.htm,https://www.sec.gov/Archives/edgar/data/1326801/000132680125000050/meta-20250430.htm,df6b643b8966f56697cf66c7857e93509819acdc2bb258231592ddcdd4efe406,yes,no,high,yes,yes
2026-08-31T12:13:17-04:00,2026-08-31,META,1326801,DEF 14A,2025-04-17,0001326801-25-000040,,meta-20250417.htm,https://www.sec.gov/Archives/edgar/data/1326801/000132680125000040/meta-20250417.htm,8020739f7fc99f5a5114e9c562e0754a5d496da5db908c319ce486a26c8a9b49,yes,no,medium,yes,yes
2026-08-31T12:13:17-04:00,2026-08-31,META,1326801,8-K,2025-04-11,0001326801-25-000027,"5.02,9.01",meta-20250411.htm,https://www.sec.gov/Archives/edgar/data/1326801/000132680125000027/meta-20250411.htm,0c1fafe402cc12957a2f13a3031440ade3475da67323ae9467d237c9817975ba,yes,no,high,yes,yes
2026-08-31T12:13:17-04:00,2026-08-31,META,1326801,8-K,2025-02-20,0001326801-25-000021,5.02,meta-20250213.htm,https://www.sec.gov/Archives/edgar/data/1326801/000132680125000021/meta-20250213.htm,bdc0180a4e7e4ecafdf5b44a7b65e90091f58bd01b024371698463c74099e12d,yes,no,high,yes,yes
2026-08-31T12:13:17-04:00,2026-08-31,META,1326801,10-K,2025-01-30,0001326801-25-000017,,meta-20241231.htm,https://www.sec.gov/Archives/edgar/data/1326801/000132680125000017/meta-20241231.htm,d113eb01de9b97d39ebfe93d952976e2ce2a272cd25fab9f6c93e641fb65febd,yes,no,high,yes,yes
2026-08-31T12:13:17-04:00,2026-08-31,META,1326801,8-K,2025-01-29,0001326801-25-000014,"2.02,9.01",meta-20250129.htm,https://www.sec.gov/Archives/edgar/data/1326801/000132680125000014/meta-20250129.htm,9891f351d269896fd99667145c853f263b387db2fde1e27febc6ef12d7275ed4,yes,no,high,yes,yes
2026-08-31T12:13:17-04:00,2026-08-31,META,1326801,8-K,2025-01-06,0001326801-25-000005,"5.02,9.01",meta-20241230.htm,https://www.sec.gov/Archives/edgar/data/1326801/000132680125000005/meta-20241230.htm,bb261acd10f495dbb5479054151b3bb66dd357ed8bf0a187afc27b208d4e2a21,yes,no,high,yes,yes
2026-08-31T12:13:17-04:00,2026-08-31,META,1326801,10-Q,2024-10-31,0001326801-24-000081,,meta-20240930.htm,https://www.sec.gov/Archives/edgar/data/1326801/000132680124000081/meta-20240930.htm,e4874773466e37fc080c367bd385ae5f038895b13087d64dfb164fbd8836abca,yes,no,high,yes,yes
2026-08-31T12:13:17-04:00,2026-08-31,META,1326801,8-K,2024-10-30,0001326801-24-000077,"2.02,9.01",meta-20241030.htm,https://www.sec.gov/Archives/edgar/data/1326801/000132680124000077/meta-20241030.htm,bc69a6a4835604afe8424a8807326ba5048dad2c56142cfeb92431079dd0c08f,yes,no,high,yes,yes
2026-08-31T12:13:17-04:00,2026-08-31,META,1326801,8-K,2024-09-10,0001326801-24-000072,"5.03,9.01",meta-20240905.htm,https://www.sec.gov/Archives/edgar/data/1326801/000132680124000072/meta-20240905.htm,45128b170645c9942b0512027eb1a6f913f6a9c093ec0c28c189ca87e8ea127d,yes,no,medium,no,no
2026-08-31T12:13:17-04:00,2026-08-31,META,1326801,8-K,2024-08-09,0001193125-24-197873,"8.01,9.01",d876862d8k.htm,https://www.sec.gov/Archives/edgar/data/1326801/000119312524197873/d876862d8k.htm,099baacf8a70fafc79b6038beb82cf05a0d90a16520227f44c1408f6badc31bb,yes,no,high,yes,yes
2026-08-31T12:13:17-04:00,2026-08-31,META,1326801,424B2,2024-08-08,0001193125-24-197096,,d874457d424b2.htm,https://www.sec.gov/Archives/edgar/data/1326801/000119312524197096/d874457d424b2.htm,e7694df5a4f3e289830926f53a36f276467358dfb79981cb30bcb58686bcf7e2,yes,no,high,yes,yes
2026-08-31T12:13:17-04:00,2026-08-31,META,1326801,424B2,2024-08-07,0001193125-24-195428,,d874457d424b2.htm,https://www.sec.gov/Archives/edgar/data/1326801/000119312524195428/d874457d424b2.htm,927330c4fa30f841749df03dcf6c81bcd635d7d83116beaa1fc97f96ae493adb,yes,no,high,yes,yes
2026-08-31T12:13:17-04:00,2026-08-31,META,1326801,10-Q,2024-08-01,0001326801-24-000069,,meta-20240630.htm,https://www.sec.gov/Archives/edgar/data/1326801/000132680124000069/meta-20240630.htm,718e98152b0d9a603dd43f2fcf26affd180b5d2eacce21539d1f7c4623f72fee,yes,no,high,yes,yes
2026-08-31T12:13:17-04:00,2026-08-31,META,1326801,8-K,2024-07-31,0001326801-24-000065,"2.02,9.01",meta-20240731.htm,https://www.sec.gov/Archives/edgar/data/1326801/000132680124000065/meta-20240731.htm,773ccd7f4dce4a509cfc35fd4b1f7dd99965c931799629556fe6b70ef2ca705a,yes,no,high,yes,yes
2026-08-31T12:13:17-04:00,2026-08-31,MSFT,789019,10-K,2026-07-29,0001193125-26-323660,,msft-20260630.htm,https://www.sec.gov/Archives/edgar/data/789019/000119312526323660/msft-20260630.htm,00c214d3cf060b1ff35dce05e69d50c223ffc1df2f93f706f426476bae61b522,yes,no,high,yes,yes
2026-08-31T12:13:17-04:00,2026-08-31,MSFT,789019,8-K,2026-07-29,0001193125-26-323632,"2.02,9.01",msft-20260729.htm,https://www.sec.gov/Archives/edgar/data/789019/000119312526323632/msft-20260729.htm,2d4249bffc74f08dbaf5663f5cf9cc9d8a7fbbe0d084b6ef6eadc03999a99635,yes,no,high,yes,yes
2026-08-31T12:13:17-04:00,2026-08-31,MSFT,789019,8-K,2026-06-05,0001193125-26-258667,5.02,d26760d8k.htm,https://www.sec.gov/Archives/edgar/data/789019/000119312526258667/d26760d8k.htm,4166793778dc46230a36c716bfeb4f64a47203fe144fa3686bfb39422c949e15,yes,no,high,yes,yes
2026-08-31T12:13:17-04:00,2026-08-31,MSFT,789019,8-K,2026-05-14,0001193125-26-224155,"5.02,9.01",d125909d8k.htm,https://www.sec.gov/Archives/edgar/data/789019/000119312526224155/d125909d8k.htm,3f7b4ab836e95717f2e17a919bfb934fe174dc43965375f80b04caa37c9c39d2,yes,no,high,yes,yes
2026-08-31T12:13:17-04:00,2026-08-31,MSFT,789019,10-Q,2026-04-29,0001193125-26-191507,,msft-20260331.htm,https://www.sec.gov/Archives/edgar/data/789019/000119312526191507/msft-20260331.htm,df6059e8c33097f85c06dc96ccc4aeb4e6de44bb730ef950a0ea3d3ac967cd16,yes,no,high,yes,yes
2026-08-31T12:13:17-04:00,2026-08-31,MSFT,789019,8-K,2026-04-29,0001193125-26-191457,"2.02,9.01",msft-20260429.htm,https://www.sec.gov/Archives/edgar/data/789019/000119312526191457/msft-20260429.htm,d5b3ad70dd8a88a5091c4163b4b4473c16d80e2beab6fcd8156416fb8456df2f,yes,no,high,yes,yes
2026-08-31T12:13:17-04:00,2026-08-31,MSFT,789019,10-Q,2026-01-28,0001193125-26-027207,,msft-20251231.htm,https://www.sec.gov/Archives/edgar/data/789019/000119312526027207/msft-20251231.htm,30ef9c0b21706173bb71d445ab668f59f451138b6e84c6fbd6506c9443eda6eb,yes,no,high,yes,yes
2026-08-31T12:13:17-04:00,2026-08-31,MSFT,789019,8-K,2026-01-28,0001193125-26-027198,"2.02,9.01",msft-20260128.htm,https://www.sec.gov/Archives/edgar/data/789019/000119312526027198/msft-20260128.htm,a41d235a311dc385129be60dfe854aa74e7e0ed48ee8e7e0eceee9d55d1f73f9,yes,no,high,yes,yes
2026-08-31T12:13:17-04:00,2026-08-31,MSFT,789019,8-K,2025-12-08,0001193125-25-311196,"5.02,5.07",d34077d8k.htm,https://www.sec.gov/Archives/edgar/data/789019/000119312525311196/d34077d8k.htm,ceee80fcda6c71d742ac20d08d990900a29ea2cce6561b871f3bf36cdb99c06f,yes,no,high,yes,yes
2026-08-31T12:13:17-04:00,2026-08-31,MSFT,789019,10-Q,2025-10-29,0001193125-25-256321,,msft-20250930.htm,https://www.sec.gov/Archives/edgar/data/789019/000119312525256321/msft-20250930.htm,43eaf5483440c3363ac919157606722c0ad09b113242297dd2127a0ef28a5cf8,yes,no,high,yes,yes
2026-08-31T12:13:17-04:00,2026-08-31,MSFT,789019,8-K,2025-10-29,0001193125-25-256310,"2.02,7.01,9.01",msft-20251028.htm,https://www.sec.gov/Archives/edgar/data/789019/000119312525256310/msft-20251028.htm,d90b1c384fb5e59b75090098f52b08286abe2d5185ea87f05808c41f374b4d90,yes,no,high,yes,yes
2026-08-31T12:13:17-04:00,2026-08-31,MSFT,789019,DEF 14A,2025-10-21,0001193125-25-245150,,d908201ddef14a.htm,https://www.sec.gov/Archives/edgar/data/789019/000119312525245150/d908201ddef14a.htm,b5741b43cc0f77383e87aa457c78d9ff05142ae6bb438216c8ad25de30d36821,yes,no,medium,yes,yes
2026-08-31T12:13:17-04:00,2026-08-31,MSFT,789019,8-K,2025-09-30,0001193125-25-225125,5.02,d863209d8k.htm,https://www.sec.gov/Archives/edgar/data/789019/000119312525225125/d863209d8k.htm,53dd891d6f9be372445a8a271c2257089a37d0df305a6e05eefa40975c03f52d,yes,no,high,yes,yes
2026-08-31T12:13:17-04:00,2026-08-31,MSFT,789019,10-K,2025-07-30,0000950170-25-100235,,msft-20250630.htm,https://www.sec.gov/Archives/edgar/data/789019/000095017025100235/msft-20250630.htm,8e7fd24c920b5bb7fb10b8102e7c0cce17735a5713451e374efa8bb2d7a22882,yes,no,high,yes,yes
2026-08-31T12:13:17-04:00,2026-08-31,MSFT,789019,8-K,2025-07-30,0000950170-25-100226,"2.02,9.01",msft-20250730.htm,https://www.sec.gov/Archives/edgar/data/789019/000095017025100226/msft-20250730.htm,3cc9bfadfb2286cf041963b96f98b3093b5e1e5c500f8a10cf74d96dbc1a8bfc,yes,no,high,yes,yes
2026-08-31T12:13:17-04:00,2026-08-31,MSFT,789019,8-K,2025-07-01,0001193125-25-154103,"5.03,9.01",d84624d8k.htm,https://www.sec.gov/Archives/edgar/data/789019/000119312525154103/d84624d8k.htm,06ceb6a8d9094724960aa8a17783d7bf5702577e6154d770cc5ee078acdeb72c,yes,no,medium,no,no
2026-08-31T12:13:17-04:00,2026-08-31,MSFT,789019,10-Q,2025-04-30,0000950170-25-061046,,msft-20250331.htm,https://www.sec.gov/Archives/edgar/data/789019/000095017025061046/msft-20250331.htm,d918695a48ac09814dfe5ce6a2ac791195f75a8c4116562373688a0059161e35,yes,no,high,yes,yes
2026-08-31T12:13:17-04:00,2026-08-31,MSFT,789019,8-K,2025-04-30,0000950170-25-061032,"2.02,9.01",msft-20250430.htm,https://www.sec.gov/Archives/edgar/data/789019/000095017025061032/msft-20250430.htm,66a701d000574217108f84df7626e1b6d6a094f4ec763f983da1f141b24acb56,yes,no,high,yes,yes
2026-08-31T12:13:17-04:00,2026-08-31,MSFT,789019,10-Q,2025-01-29,0000950170-25-010491,,msft-20241231.htm,https://www.sec.gov/Archives/edgar/data/789019/000095017025010491/msft-20241231.htm,e688b566b7281843ca2472c57acb072c4c060fc245a4a23f0194d7c951ae9aaf,yes,no,high,yes,yes
2026-08-31T12:13:17-04:00,2026-08-31,MSFT,789019,8-K,2025-01-29,0000950170-25-010484,"2.02,9.01",msft-20250129.htm,https://www.sec.gov/Archives/edgar/data/789019/000095017025010484/msft-20250129.htm,895860366f1a5104c0edb4c105affdab4a45fea164df8236bd0e11456bd8c5c2,yes,no,high,yes,yes
2026-08-31T12:13:17-04:00,2026-08-31,MSFT,789019,8-K,2025-01-22,0001193125-25-010492,5.02,d929748d8k.htm,https://www.sec.gov/Archives/edgar/data/789019/000119312525010492/d929748d8k.htm,a189afe2763eddb227f5f59b668d1a7d248a206a6d2052dc722edd16e084546b,yes,no,high,yes,yes
2026-08-31T12:13:17-04:00,2026-08-31,MSFT,789019,S-3ASR,2024-12-12,0001193125-24-277062,,d901891ds3asr.htm,https://www.sec.gov/Archives/edgar/data/789019/000119312524277062/d901891ds3asr.htm,46dbf842fb913d8bbd9e44d394147a2d775853f8005c5774404414ba5bc2b005,yes,no,high,yes,yes
2026-08-31T12:13:17-04:00,2026-08-31,MSFT,789019,8-K,2024-12-11,0001193125-24-275524,"5.07,7.01",d865252d8k.htm,https://www.sec.gov/Archives/edgar/data/789019/000119312524275524/d865252d8k.htm,aa10096f8873631c941d3b8c36fa02e81faa08704450db7c4e187f35bdf29ed9,yes,no,high,yes,yes
2026-08-31T12:13:17-04:00,2026-08-31,MSFT,789019,8-K,2024-12-03,0000950170-24-132722,"8.01,9.01",msft-20241203.htm,https://www.sec.gov/Archives/edgar/data/789019/000095017024132722/msft-20241203.htm,d08290bee93bc08d90de3a477a2446f3eb48f5330e42fd3f8f9dda0edc413e5e,yes,no,high,yes,yes
2026-08-31T12:13:17-04:00,2026-08-31,MSFT,789019,10-Q,2024-10-30,0000950170-24-118967,,msft-20240930.htm,https://www.sec.gov/Archives/edgar/data/789019/000095017024118967/msft-20240930.htm,3be5c9319f48cfda00adacf70550aaadd5d1f528409d272c7ec311903eaedd0e,yes,no,high,yes,yes
2026-08-31T12:13:17-04:00,2026-08-31,MSFT,789019,8-K,2024-10-30,0000950170-24-118955,"2.02,9.01",msft-20241030.htm,https://www.sec.gov/Archives/edgar/data/789019/000095017024118955/msft-20241030.htm,27ebe33bd55e1035da03b2522352b7d6f419ca358b2c8f5ff9bad6f5dcc03f07,yes,no,high,yes,yes
2026-08-31T12:13:17-04:00,2026-08-31,MSFT,789019,DEF 14A,2024-10-24,0001193125-24-242883,,d858775ddef14a.htm,https://www.sec.gov/Archives/edgar/data/789019/000119312524242883/d858775ddef14a.htm,4f7329b8a43f5be280a2b1fe9dda8bcefd75bbc9e84a088804afacc1e7efaff4,yes,no,medium,yes,yes
2026-08-31T12:13:17-04:00,2026-08-31,MSFT,789019,8-K,2024-08-21,0001193125-24-204403,"7.01,9.01",d846847d8k.htm,https://www.sec.gov/Archives/edgar/data/789019/000119312524204403/d846847d8k.htm,d4ceae19ca40318c6623b8a9f35968dc7ce2e934b9c3ae8c9ea0793145432691,yes,no,high,yes,yes
2026-08-31T12:13:17-04:00,2026-08-31,MSFT,789019,10-K,2024-07-30,0000950170-24-087843,,msft-20240630.htm,https://www.sec.gov/Archives/edgar/data/789019/000095017024087843/msft-20240630.htm,0795eccc2d153069408e34e2fa8773676c115daa8d6bfff782ffa3c6a85d1785,yes,no,high,yes,yes
2026-08-31T12:13:17-04:00,2026-08-31,MSFT,789019,8-K,2024-07-30,0000950170-24-087835,"2.02,9.01",msft-20240730.htm,https://www.sec.gov/Archives/edgar/data/789019/000095017024087835/msft-20240730.htm,ad336582bb3a7074735734fa005d53625ff5a50591197245a1be17a39048a600,yes,no,high,yes,yes
2026-08-31T12:13:17-04:00,2026-08-31,MSFT,789019,424B3,2024-05-06,0001193125-24-131951,,d671682d424b3.htm,https://www.sec.gov/Archives/edgar/data/789019/000119312524131951/d671682d424b3.htm,1e0219fae883dda409878c4d3811de74fac12e3dc748dd8e79be6970daddc210,yes,no,high,yes,yes
2026-08-31T12:13:17-04:00,2026-08-31,MSFT,789019,10-Q,2024-04-25,0000950170-24-048288,,msft-20240331.htm,https://www.sec.gov/Archives/edgar/data/789019/000095017024048288/msft-20240331.htm,8d9ffc53db50529af804a797c8ff2117c085474d97924533ddb9619af5dd80c7,yes,no,high,yes,yes
2026-08-31T12:13:17-04:00,2026-08-31,MSFT,789019,8-K,2024-04-25,0000950170-24-048268,"2.02,9.01",msft-20240425.htm,https://www.sec.gov/Archives/edgar/data/789019/000095017024048268/msft-20240425.htm,e0600c8afdcdc14f81b1423203a28712a09d5e3b1de05e0598525acf0899df79,yes,no,high,yes,yes
2026-08-31T12:13:17-04:00,2026-08-31,MSFT,789019,10-Q,2024-01-30,0000950170-24-008814,,msft-20231231.htm,https://www.sec.gov/Archives/edgar/data/789019/000095017024008814/msft-20231231.htm,0e1a2e45efd6e9ad1ce5485c2f53c0c43e637a0582383e10d451a3b0aa5c36c6,yes,no,high,yes,yes
2026-08-31T12:13:17-04:00,2026-08-31,MSFT,789019,8-K,2024-01-30,0000950170-24-008809,"2.02,9.01",msft-20240130.htm,https://www.sec.gov/Archives/edgar/data/789019/000095017024008809/msft-20240130.htm,ddb1196d82c73b65e943d0bb86ea05fad3f2a5234d0430709e355523b846916f,yes,no,high,yes,yes
2026-08-31T12:13:17-04:00,2026-08-31,MSFT,789019,8-K,2024-01-19,0001193125-24-011295,"1.05,7.01,9.01",d708866d8k.htm,https://www.sec.gov/Archives/edgar/data/789019/000119312524011295/d708866d8k.htm,ae050cb65e397c1aa948a1a07cc59efae8bae1a7fd74013949f1f751f3344d99,yes,no,high,yes,yes
2026-08-31T12:13:17-04:00,2026-08-31,MSFT,789019,8-K,2023-12-08,0001193125-23-291720,5.07,d636199d8k.htm,https://www.sec.gov/Archives/edgar/data/789019/000119312523291720/d636199d8k.htm,cd8cc0f6cedd3c985a9530128b6010bc17510b54c6939e5273e525255e525267,yes,no,medium,no,no
2026-08-31T12:13:17-04:00,2026-08-31,MSFT,789019,8-K,2023-11-06,0001193125-23-271376,"8.01,9.01",d566386d8k.htm,https://www.sec.gov/Archives/edgar/data/789019/000119312523271376/d566386d8k.htm,bfe827b3d2f68aa0005802c1b69e0e3e1d72d85ce51843725ac7331ede5df7b9,yes,no,high,yes,yes
2026-08-31T12:13:17-04:00,2026-08-31,MSFT,789019,8-K,2023-10-30,0001193125-23-265616,"8.01,9.01",d572684d8k.htm,https://www.sec.gov/Archives/edgar/data/789019/000119312523265616/d572684d8k.htm,5242bdfcdfb3c2cc444b2d6162d82561358f5450f2c3545c18426187411a6cd3,yes,no,high,yes,yes
2026-08-31T12:13:17-04:00,2026-08-31,MSFT,789019,10-Q,2023-10-24,0000950170-23-054855,,msft-20230930.htm,https://www.sec.gov/Archives/edgar/data/789019/000095017023054855/msft-20230930.htm,70e1396a93cd7b436416e5a3d044adf30dbee76ee6b7c89ac19e1c53b3a8fae0,yes,no,high,yes,yes
2026-08-31T12:13:17-04:00,2026-08-31,MSFT,789019,8-K,2023-10-24,0000950170-23-054848,"2.02,9.01",msft-20231024.htm,https://www.sec.gov/Archives/edgar/data/789019/000095017023054848/msft-20231024.htm,6392c499c94e605dad2fb120d1828822e8b2f3bef271659e357a438671bf39aa,yes,no,high,yes,yes
2026-08-31T12:13:17-04:00,2026-08-31,MSFT,789019,DEF 14A,2023-10-19,0001193125-23-259247,,d356108ddef14a.htm,https://www.sec.gov/Archives/edgar/data/789019/000119312523259247/d356108ddef14a.htm,918daa5877e47e57a6dc909a9e1da795b123bb091a7809253a6d32c76072c167,yes,no,medium,yes,yes
2026-08-31T12:13:17-04:00,2026-08-31,MSFT,789019,8-K,2023-10-16,0001104659-23-109428,"8.01,9.01",tm2328507d1_8k.htm,https://www.sec.gov/Archives/edgar/data/789019/000110465923109428/tm2328507d1_8k.htm,781b0a379aa86c32e4a3ce19c1cba9997bfe357e0776f6ef131a1094b8b4e8b0,yes,no,high,yes,yes
2026-08-31T12:13:17-04:00,2026-08-31,MSFT,789019,8-K,2023-10-13,0001193125-23-255762,2.01,d537928d8k.htm,https://www.sec.gov/Archives/edgar/data/789019/000119312523255762/d537928d8k.htm,8a2d001f4e621ed97b28c910977cd6dd0a4e55b298bd9b67959548b42b936a9d,yes,no,high,yes,yes
2026-08-31T12:13:17-04:00,2026-08-31,MSFT,789019,8-K,2023-10-11,0001193125-23-254151,"8.01,9.01",d530324d8k.htm,https://www.sec.gov/Archives/edgar/data/789019/000119312523254151/d530324d8k.htm,ceda832718c15932f3227eb86184bcd4e2ccfb7ea6f526919db3abf235f9fa0c,yes,no,high,yes,yes
2026-08-31T12:13:17-04:00,2026-08-31,MSFT,789019,10-K,2023-07-27,0000950170-23-035122,,msft-20230630.htm,https://www.sec.gov/Archives/edgar/data/789019/000095017023035122/msft-20230630.htm,e4ef329872c514709bbfa10051fb89960c9aac3e59b68a06e7be021d10c5674c,yes,no,high,yes,yes
2026-08-31T12:13:17-04:00,2026-08-31,MSFT,789019,8-K,2023-07-25,0000950170-23-034400,"2.02,9.01",msft-20230725.htm,https://www.sec.gov/Archives/edgar/data/789019/000095017023034400/msft-20230725.htm,3a2a9f3ba8da15eae25ab8ebbe3daa73363667a49b23f9321a5b7a2bba1a094b,yes,no,high,yes,yes
2026-08-31T12:13:17-04:00,2026-08-31,MSFT,789019,8-K,2023-07-03,0001193125-23-181341,"5.03,9.01",d288670d8k.htm,https://www.sec.gov/Archives/edgar/data/789019/000119312523181341/d288670d8k.htm,1347ce0c59986441065e0f171126244ca015af9176aa1dd38d8a810a7adbe684,yes,no,medium,no,no
2026-08-31T12:13:17-04:00,2026-08-31,MSFT,789019,10-Q,2023-04-25,0000950170-23-014423,,msft-20230331.htm,https://www.sec.gov/Archives/edgar/data/789019/000095017023014423/msft-20230331.htm,a17e0ad622ce500e2b0a41acc0be1d7af3a16722fdf23751ab1f6e2bbad902f8,yes,no,high,yes,yes
2026-08-31T12:13:17-04:00,2026-08-31,MSFT,789019,8-K,2023-04-25,0001193125-23-115280,"2.02,9.01",d321368d8k.htm,https://www.sec.gov/Archives/edgar/data/789019/000119312523115280/d321368d8k.htm,de5c6cf2c8915669b248ab9a72f3bbdfec630c3ca26f45daaa89efbe4e8681fd,yes,no,high,yes,yes
2026-08-31T12:13:17-04:00,2026-08-31,MSFT,789019,10-Q,2023-01-24,0001564590-23-000733,,msft-10q_20221231.htm,https://www.sec.gov/Archives/edgar/data/789019/000156459023000733/msft-10q_20221231.htm,d8420c0365fa82399f623f345292b5abc2ff9c7a572c9092aed473bd0cbda446,yes,no,high,yes,yes
2026-08-31T12:13:17-04:00,2026-08-31,MSFT,789019,8-K,2023-01-24,0001193125-23-014230,"2.02,9.01",d406070d8k.htm,https://www.sec.gov/Archives/edgar/data/789019/000119312523014230/d406070d8k.htm,c16cefff069b52ad2159aa6296cdad1aeabfe5b4ca1fbf67789e117c0c98befe,yes,no,high,yes,yes
2026-08-31T12:13:17-04:00,2026-08-31,MSFT,789019,8-K,2023-01-18,0001193125-23-009934,"7.01,9.01",d447690d8k.htm,https://www.sec.gov/Archives/edgar/data/789019/000119312523009934/d447690d8k.htm,ffff66cc6efa5eebd7ff8c59afcec8d24c048129c8812d2a66c40a21f40b3cd3,yes,no,high,yes,yes
2026-08-31T12:13:17-04:00,2026-08-31,MSFT,789019,8-K,2022-12-16,0001193125-22-306591,5.07,d434535d8k.htm,https://www.sec.gov/Archives/edgar/data/789019/000119312522306591/d434535d8k.htm,bb83fad42e23d33fc557b054f669ca8980a41e261dfc489757320f5c3b4ab6f4,yes,no,medium,no,no
2026-08-31T12:13:17-04:00,2026-08-31,MSFT,789019,DEF 14A,2022-10-27,0001193125-22-270484,,d318171ddef14a.htm,https://www.sec.gov/Archives/edgar/data/789019/000119312522270484/d318171ddef14a.htm,7fc588b88cddc5b03b65e071debab8ec95e64f0b24d900766ec2d55bc46f233d,yes,no,medium,yes,yes
2026-08-31T12:13:17-04:00,2026-08-31,MSFT,789019,10-Q,2022-10-25,0001564590-22-035087,,msft-10q_20220930.htm,https://www.sec.gov/Archives/edgar/data/789019/000156459022035087/msft-10q_20220930.htm,3eec5062ce88f56b16d1987908ced6ced38bb1d23373ed9a43a4ea95a3f44bf1,yes,no,high,yes,yes
2026-08-31T12:13:17-04:00,2026-08-31,MSFT,789019,8-K,2022-10-25,0001193125-22-268356,"2.02,9.01",d361432d8k.htm,https://www.sec.gov/Archives/edgar/data/789019/000119312522268356/d361432d8k.htm,18f54d2571be5ad822cd0beb02f0fdcba3143568949623df0a9014f3218a72d6,yes,no,high,yes,yes
2026-08-31T12:13:17-04:00,2026-08-31,MSFT,789019,10-K,2022-07-28,0001564590-22-026876,,msft-10k_20220630.htm,https://www.sec.gov/Archives/edgar/data/789019/000156459022026876/msft-10k_20220630.htm,555fee2b221e723a25a7022b36113c9676d28cf997745eef6fca85b4f155693e,yes,no,high,yes,yes
2026-08-31T12:13:17-04:00,2026-08-31,MSFT,789019,8-K,2022-07-26,0001193125-22-202034,"2.02,9.01",d372382d8k.htm,https://www.sec.gov/Archives/edgar/data/789019/000119312522202034/d372382d8k.htm,56562df56ebd05b11f23e9fc877256accd57afa980ba18f364f2c55241908028,yes,no,high,yes,yes
2026-08-31T12:13:17-04:00,2026-08-31,MSFT,789019,8-K,2022-06-02,0001193125-22-165839,"7.01,9.01",d295016d8k.htm,https://www.sec.gov/Archives/edgar/data/789019/000119312522165839/d295016d8k.htm,8af6f5ac889dbe5da25b241e9e5ba3a92878635b7ea19e4bd4e7847a5216745d,yes,no,high,yes,yes
2026-08-31T12:13:17-04:00,2026-08-31,MSFT,789019,10-Q,2022-04-26,0001564590-22-015675,,msft-10q_20220331.htm,https://www.sec.gov/Archives/edgar/data/789019/000156459022015675/msft-10q_20220331.htm,4a9b381b417d463a20c4e97586f0e0b86121732eb9a38088c9a50c8287400075,yes,no,high,yes,yes
2026-08-31T12:13:17-04:00,2026-08-31,MSFT,789019,8-K,2022-04-26,0001193125-22-120207,"2.02,9.01",d328712d8k.htm,https://www.sec.gov/Archives/edgar/data/789019/000119312522120207/d328712d8k.htm,393a767fc7f877df4d081d42c3a2b1c0b5d3fdb5d593efc3b859821b7f8a6b2d,yes,no,high,yes,yes
2026-08-31T12:13:17-04:00,2026-08-31,MSFT,789019,10-Q,2022-01-25,0001564590-22-002324,,msft-10q_20211231.htm,https://www.sec.gov/Archives/edgar/data/789019/000156459022002324/msft-10q_20211231.htm,ee58176203ec88736d07502dc3e4c130843cfb9a64ba0157cc7baad4ca8c10bb,yes,no,high,yes,yes
2026-08-31T12:13:17-04:00,2026-08-31,MSFT,789019,8-K,2022-01-25,0001193125-22-017041,"2.02,9.01",d299919d8k.htm,https://www.sec.gov/Archives/edgar/data/789019/000119312522017041/d299919d8k.htm,747c4f588c59fe1e0c1db69c2b16406e1f16dfaf87c46cc25ab84f97127c5fd2,yes,no,high,yes,yes
2026-08-31T12:13:17-04:00,2026-08-31,MSFT,789019,8-K,2022-01-18,0001193125-22-010667,"7.01,9.01",d301984d8k.htm,https://www.sec.gov/Archives/edgar/data/789019/000119312522010667/d301984d8k.htm,c5f2bb423b0d89a588d55ee3800105eee6bbec27c980778c8a6054b25e20b95c,yes,no,high,yes,yes
2026-08-31T12:13:17-04:00,2026-08-31,MSFT,789019,S-3ASR,2021-12-10,0001193125-21-353912,,d263361ds3asr.htm,https://www.sec.gov/Archives/edgar/data/789019/000119312521353912/d263361ds3asr.htm,3c06e5d49e44e5385426035cb1d021d197d4547888e2258400ade6646b2c0f26,yes,no,high,yes,yes
2026-08-31T12:13:17-04:00,2026-08-31,MSFT,789019,8-K,2021-11-30,0001193125-21-343711,5.07,d205343d8k.htm,https://www.sec.gov/Archives/edgar/data/789019/000119312521343711/d205343d8k.htm,a793decb64bbf264f1df39ff8b73da554f5dd3289f61ba9e2b6d99d6d45e701f,yes,no,medium,no,no
2026-08-31T12:13:17-04:00,2026-08-31,MSFT,789019,10-Q,2021-10-26,0001564590-21-051992,,msft-10q_20210930.htm,https://www.sec.gov/Archives/edgar/data/789019/000156459021051992/msft-10q_20210930.htm,518d53496e785291d5516059614413ac17e2a7f01b449904f55417c07e1708cd,yes,no,high,yes,yes
2026-08-31T12:13:17-04:00,2026-08-31,MSFT,789019,8-K,2021-10-26,0001193125-21-307941,"2.02,9.01",d239488d8k.htm,https://www.sec.gov/Archives/edgar/data/789019/000119312521307941/d239488d8k.htm,dc31d8036b9524c7faeca1314777aa8bd369c4fed2654434ff061a2443a1fc2c,yes,no,high,yes,yes
2026-08-31T12:13:17-04:00,2026-08-31,MSFT,789019,DEF 14A,2021-10-14,0001193125-21-298757,,d189481ddef14a.htm,https://www.sec.gov/Archives/edgar/data/789019/000119312521298757/d189481ddef14a.htm,7206ff602136fd4cc0ba0c420241df52ef19fb1abaf9a472a1863f63f7e2de06,yes,no,medium,yes,yes
2026-08-31T12:13:17-04:00,2026-08-31,MSFT,789019,10-K,2021-07-29,0001564590-21-039151,,msft-10k_20210630.htm,https://www.sec.gov/Archives/edgar/data/789019/000156459021039151/msft-10k_20210630.htm,18512bfabb6579d4d27ec831980d87539ed2477ccab2f03a1313544416e36a55,yes,no,high,yes,yes
2026-08-31T12:13:17-04:00,2026-08-31,MSFT,789019,8-K,2021-07-27,0001193125-21-225746,"2.02,9.01",d200100d8k.htm,https://www.sec.gov/Archives/edgar/data/789019/000119312521225746/d200100d8k.htm,cdc5a743b2f8a1c5f8688ac05aee4372217b561d6930d65c7a8bae4dc61130b4,yes,no,high,yes,yes
2026-08-31T12:13:17-04:00,2026-08-31,MSFT,789019,8-K,2021-07-08,0001193125-21-210827,"8.01,9.01",d158429d8k.htm,https://www.sec.gov/Archives/edgar/data/789019/000119312521210827/d158429d8k.htm,dbda500a90e95e862dddb04e21fa44b1abecb5436d3f341295213ca1eb4fc5b3,yes,no,high,yes,yes
2026-08-31T12:13:17-04:00,2026-08-31,MSFT,789019,8-K,2021-06-17,0001193125-21-192783,8.01,d176999d8k.htm,https://www.sec.gov/Archives/edgar/data/789019/000119312521192783/d176999d8k.htm,32b10984db045e0338b081c420e5c2b7595f3117e6c1324651936884aac03b6c,yes,no,high,yes,yes
2026-08-31T12:13:17-04:00,2026-08-31,MSFT,789019,8-K,2021-05-20,0001193125-21-167940,5.02,d171596d8k.htm,https://www.sec.gov/Archives/edgar/data/789019/000119312521167940/d171596d8k.htm,5e10d7f0c76ef5335d8e5bcfcf4b3a96369d187dcef9abe9920c45f063a323a8,yes,no,high,yes,yes
2026-08-31T12:13:17-04:00,2026-08-31,MSFT,789019,10-Q,2021-04-27,0001564590-21-020891,,msft-10q_20210331.htm,https://www.sec.gov/Archives/edgar/data/789019/000156459021020891/msft-10q_20210331.htm,6e04cacb3147c780f25fb476ac8033c37bad6b2f005efe1e45dc908383dec981,yes,no,high,yes,yes
2026-08-31T12:13:17-04:00,2026-08-31,MSFT,789019,8-K,2021-04-27,0001193125-21-134213,"2.02,9.01",d179564d8k.htm,https://www.sec.gov/Archives/edgar/data/789019/000119312521134213/d179564d8k.htm,6776a1cfdbe88615701bcc15f3fb952ee51ac85eaa1afe6b736a5b7297f69e41,yes,no,high,yes,yes
2026-08-31T12:13:17-04:00,2026-08-31,MSFT,789019,8-K,2021-04-12,0001193125-21-112687,"7.01,9.01",d171120d8k.htm,https://www.sec.gov/Archives/edgar/data/789019/000119312521112687/d171120d8k.htm,39abb6a36ea57eb4ff3b052b886313c256a56fe6eb42d0d0e8813298e7a21306,yes,no,high,yes,yes
2026-08-31T12:13:17-04:00,2026-08-31,MSFT,789019,8-K,2021-03-17,0001193125-21-084239,"8.01,9.01",d130687d8k.htm,https://www.sec.gov/Archives/edgar/data/789019/000119312521084239/d130687d8k.htm,1e8acaca7204fb108a221c7b597ab5808cf68f7e83e53197c2d508c7aeb9bcd9,yes,no,high,yes,yes
2026-08-31T12:13:17-04:00,2026-08-31,MSFT,789019,424B3,2021-03-04,0001193125-21-069628,,d30757d424b3.htm,https://www.sec.gov/Archives/edgar/data/789019/000119312521069628/d30757d424b3.htm,f569efd9b9392f3adcccfdea829b17ad46966ad4688ce3522a28f2a07431928f,yes,no,high,yes,yes
2026-08-31T12:13:17-04:00,2026-08-31,MSFT,789019,8-K,2021-03-02,0001193125-21-065751,"8.01,9.01",d336741d8k.htm,https://www.sec.gov/Archives/edgar/data/789019/000119312521065751/d336741d8k.htm,cae96ac7e06aff6f43dfacdba1b7cb9d88e933561ef133ffb9aef201917be129,yes,no,high,yes,yes
2026-08-31T12:13:17-04:00,2026-08-31,MSFT,789019,8-K,2021-02-16,0001193125-21-044940,"8.01,9.01",d11855d8k.htm,https://www.sec.gov/Archives/edgar/data/789019/000119312521044940/d11855d8k.htm,6a6c57cd3c16d72b3994c5041bbd925e7ea3ab3748537c85350bb0245708d9c3,yes,no,high,yes,yes
2026-08-31T12:13:17-04:00,2026-08-31,MSFT,789019,10-Q,2021-01-26,0001564590-21-002316,,msft-10q_20201231.htm,https://www.sec.gov/Archives/edgar/data/789019/000156459021002316/msft-10q_20201231.htm,738a9f527d838dfaadc678a323e01d7bdd3bd93d0995d13fffcf11eb14e2e685,yes,no,high,yes,yes
2026-08-31T12:13:17-04:00,2026-08-31,MSFT,789019,8-K,2021-01-26,0001193125-21-017683,"2.02,9.01",d65802d8k.htm,https://www.sec.gov/Archives/edgar/data/789019/000119312521017683/d65802d8k.htm,e2c9af7a752f28758881fc11599ab51133ad120c9054ce8cbe0ad35eb3e92126,yes,no,high,yes,yes
2026-08-31T12:13:17-04:00,2026-08-31,MSFT,789019,8-K,2020-12-04,0001193125-20-310549,5.07,d48255d8k.htm,https://www.sec.gov/Archives/edgar/data/789019/000119312520310549/d48255d8k.htm,93f7092cc5015225d548b816c508a46772d51f964e725d71bf75baa346b4c68e,yes,no,medium,no,no
2026-08-31T12:13:17-04:00,2026-08-31,MSFT,789019,10-Q,2020-10-27,0001564590-20-047996,,msft-10q_20200930.htm,https://www.sec.gov/Archives/edgar/data/789019/000156459020047996/msft-10q_20200930.htm,d36e5b8620790d0e2f26639247a92bae95d392be21bf5f64d345609407a93e3d,yes,no,high,yes,yes
2026-08-31T12:13:17-04:00,2026-08-31,MSFT,789019,8-K,2020-10-27,0001193125-20-278410,"2.02,9.01",d10535d8k.htm,https://www.sec.gov/Archives/edgar/data/789019/000119312520278410/d10535d8k.htm,7e509d39a9afa47dbb9152df4e8cb45064db5031233243d5325ea3bc45d2ed49,yes,no,high,yes,yes
2026-08-31T12:13:17-04:00,2026-08-31,MSFT,789019,DEF 14A,2020-10-19,0001193125-20-272025,,d31295ddef14a.htm,https://www.sec.gov/Archives/edgar/data/789019/000119312520272025/d31295ddef14a.htm,9f30cc2f6c249c9e89b45bf92c35bf6464208ff3dd096079484cb09f8d1d4759,yes,no,medium,yes,yes
2026-08-31T12:13:17-04:00,2026-08-31,MSFT,789019,8-K,2020-09-21,0001193125-20-250163,"7.01,9.01",d62084d8k.htm,https://www.sec.gov/Archives/edgar/data/789019/000119312520250163/d62084d8k.htm,b07a2ae7ed816b1db9cdc8d32e3b1552926dabab22e8848606edce8f817773ff,yes,no,high,yes,yes
2026-08-31T12:13:17-04:00,2026-08-31,MSFT,789019,8-K,2020-08-03,0001193125-20-207517,"7.01,9.01",d49621d8k.htm,https://www.sec.gov/Archives/edgar/data/789019/000119312520207517/d49621d8k.htm,d01fc8817262b97918c2a024f2ec8bd053c38cdf57123e1e0820009569930665,yes,no,high,yes,yes
2026-08-31T12:13:17-04:00,2026-08-31,MSFT,789019,S-3ASR,2020-07-31,0001193125-20-205407,,d118470ds3asr.htm,https://www.sec.gov/Archives/edgar/data/789019/000119312520205407/d118470ds3asr.htm,2fa06094c72bc6f8ade66074bf81604fc7dbd94e1a5a670664745816d7090869,yes,no,high,yes,yes
2026-08-31T12:13:17-04:00,2026-08-31,MSFT,789019,10-K,2020-07-30,0001564590-20-034944,,msft-10k_20200630.htm,https://www.sec.gov/Archives/edgar/data/789019/000156459020034944/msft-10k_20200630.htm,02cb9ba7602c6776e0da9a7a161312c4283e8aa472acca42f68165229db45ceb,yes,no,high,yes,yes
2026-08-31T12:13:17-04:00,2026-08-31,MSFT,789019,8-K,2020-07-22,0001193125-20-197109,"2.02,9.01",d941281d8k.htm,https://www.sec.gov/Archives/edgar/data/789019/000119312520197109/d941281d8k.htm,12cd57e96209c1fb77ee1daa05c5119ff79797245ce252c37928c1a786a3aaa1,yes,no,high,yes,yes
2026-08-31T12:13:17-04:00,2026-08-31,MSFT,789019,8-K,2020-07-07,0001193125-20-188481,5.02,d88910d8k.htm,https://www.sec.gov/Archives/edgar/data/789019/000119312520188481/d88910d8k.htm,1a8efdb7d7e900ac63239e307714b6c8b03d65d8a926b77455eeb11f4178e503,yes,no,high,yes,yes
2026-08-31T12:13:17-04:00,2026-08-31,MSFT,789019,8-K,2020-07-01,0001193125-20-184744,5.02,d949734d8k.htm,https://www.sec.gov/Archives/edgar/data/789019/000119312520184744/d949734d8k.htm,5d8c444d3250c0b20f11161d6c1a1e5e3ec6d036a6043ea201d5e5c16886c348,yes,no,high,yes,yes
2026-08-31T12:13:17-04:00,2026-08-31,MSFT,789019,8-K,2020-06-26,0001193125-20-180036,"7.01,9.01",d854075d8k.htm,https://www.sec.gov/Archives/edgar/data/789019/000119312520180036/d854075d8k.htm,ea9a2c266157252f9910ad67072ba46812e379c8db7786f31ece95a12ac3ecfd,yes,no,high,yes,yes
2026-08-31T12:13:17-04:00,2026-08-31,MSFT,789019,8-K,2020-06-01,0001193125-20-157234,"8.01,9.01",d829164d8k.htm,https://www.sec.gov/Archives/edgar/data/789019/000119312520157234/d829164d8k.htm,0bf37ef6f0af29252427018c44c26792cf1255c6781a05f7da2f76cbabb780d2,yes,no,high,yes,yes
2026-08-31T12:13:17-04:00,2026-08-31,MSFT,789019,424B3,2020-05-19,0001193125-20-146133,,d900252d424b3.htm,https://www.sec.gov/Archives/edgar/data/789019/000119312520146133/d900252d424b3.htm,e09c0aa6e06ceec543920ea51de6cd595d24a4762d8b8ea480147b389e557510,yes,no,high,yes,yes
2026-08-31T12:13:17-04:00,2026-08-31,MSFT,789019,8-K,2020-05-14,0001193125-20-142890,"8.01,9.01",d911580d8k.htm,https://www.sec.gov/Archives/edgar/data/789019/000119312520142890/d911580d8k.htm,ca5aa719407baa07daa37c60cbab79934113780d9464ec6efe9a3a0d4b403b6c,yes,no,high,yes,yes
2026-08-31T12:13:17-04:00,2026-08-31,MSFT,789019,8-K,2020-04-30,0001193125-20-128779,"8.01,9.01",d924162d8k.htm,https://www.sec.gov/Archives/edgar/data/789019/000119312520128779/d924162d8k.htm,bcf2bb8a0240679c20074851b563f3b6f6cd169d9910fc15a35c235b6b9dd74e,yes,no,high,yes,yes
2026-08-31T12:13:17-04:00,2026-08-31,NOW,1373715,10-Q,2026-07-23,0001373715-26-000076,,now-20260630.htm,https://www.sec.gov/Archives/edgar/data/1373715/000137371526000076/now-20260630.htm,4fcb2cecc601ece70cf3e6d86b83ec1490c7d7dce54d7dbfc541222de7b49dde,yes,no,high,yes,yes
2026-08-31T12:13:17-04:00,2026-08-31,NOW,1373715,8-K,2026-07-22,0001373715-26-000072,"2.02,9.01",now-20260722.htm,https://www.sec.gov/Archives/edgar/data/1373715/000137371526000072/now-20260722.htm,ad51ead41e8897f4ea0583d22335ead3fd782a58c1fe39839bbeb04f09f50ef4,yes,no,high,yes,yes
2026-08-31T12:13:17-04:00,2026-08-31,NOW,1373715,8-K,2026-05-22,0001373715-26-000065,"5.02,5.07,9.01",now-20260521.htm,https://www.sec.gov/Archives/edgar/data/1373715/000137371526000065/now-20260521.htm,5802d1837584e25505a73e407f39869eaf24fdf01b82f52e86bd77267a16d5c3,yes,no,high,yes,yes
2026-08-31T12:13:17-04:00,2026-08-31,NOW,1373715,8-K,2026-05-15,0001193125-26-226644,"1.01,2.03,8.01,9.01",d60522d8k.htm,https://www.sec.gov/Archives/edgar/data/1373715/000119312526226644/d60522d8k.htm,a3e27d9a7b9e9734f88545262fb9d38fec3b75a9f138d522fef0bafb9ff00a99,yes,no,high,yes,yes
2026-08-31T12:13:17-04:00,2026-08-31,NOW,1373715,424B2,2026-05-13,0001193125-26-221929,,d33584d424b2.htm,https://www.sec.gov/Archives/edgar/data/1373715/000119312526221929/d33584d424b2.htm,6fbdde1768ca4e09bd215cc3859d081bfddf4069239597b5a90ae47c31ac9f99,yes,no,high,yes,yes
2026-08-31T12:13:17-04:00,2026-08-31,NOW,1373715,424B2,2026-05-12,0001193125-26-218307,,d33584d424b2.htm,https://www.sec.gov/Archives/edgar/data/1373715/000119312526218307/d33584d424b2.htm,f5f1cc547d805e27e8f8d3d6fe9b8b4f1f68691fe7553616f858915e01f0b310,yes,no,high,yes,yes
2026-08-31T12:13:17-04:00,2026-08-31,NOW,1373715,10-Q,2026-04-23,0001373715-26-000056,,now-20260331.htm,https://www.sec.gov/Archives/edgar/data/1373715/000137371526000056/now-20260331.htm,56b5313386cc85eea29b111c4656be4fe8ca5ab2404a271dd07a1ec27e85eca3,yes,no,high,yes,yes
2026-08-31T12:13:17-04:00,2026-08-31,NOW,1373715,8-K,2026-04-22,0001373715-26-000054,"1.01,2.02,2.03,9.01",now-20260417.htm,https://www.sec.gov/Archives/edgar/data/1373715/000137371526000054/now-20260417.htm,f04936d71e172008633815ff89283fd5b1caeffece88e800d784e8f1015c16dd,yes,no,high,yes,yes
2026-08-31T12:13:17-04:00,2026-08-31,NOW,1373715,DEF 14A,2026-04-06,0001373715-26-000039,,now-20260406.htm,https://www.sec.gov/Archives/edgar/data/1373715/000137371526000039/now-20260406.htm,37f8a964d5ca0a6ec9e8df7e2ddb97760aac489e7cad94c50940c5bc707f44d3,yes,no,medium,yes,yes
2026-08-31T12:13:17-04:00,2026-08-31,NOW,1373715,8-K,2026-04-01,0001373715-26-000030,"1.01,2.03,9.01",now-20260401.htm,https://www.sec.gov/Archives/edgar/data/1373715/000137371526000030/now-20260401.htm,282cefb622c2e079f37bcb9f66a1420c8ddc746f3106447b962ed1ab028f0327,yes,no,high,yes,yes
2026-08-31T12:13:17-04:00,2026-08-31,NOW,1373715,8-K,2026-02-17,0001373715-26-000014,7.01,now-20260213.htm,https://www.sec.gov/Archives/edgar/data/1373715/000137371526000014/now-20260213.htm,a3dd0bd97cfe3c8193933446690b0c2ae8dd1e61b1c8eccd9b1c5eb5eebcc181,yes,no,high,yes,yes
2026-08-31T12:13:17-04:00,2026-08-31,NOW,1373715,8-K,2026-02-11,0001373715-26-000012,5.02,now-20260210.htm,https://www.sec.gov/Archives/edgar/data/1373715/000137371526000012/now-20260210.htm,0fb7dd97111152628691fc6f7e2752659387b2cf674b094d357cc7485270803b,yes,no,high,yes,yes
2026-08-31T12:13:17-04:00,2026-08-31,NOW,1373715,10-K,2026-01-29,0001373715-26-000007,,now-20251231.htm,https://www.sec.gov/Archives/edgar/data/1373715/000137371526000007/now-20251231.htm,c1388c87bd62762952b1a781ebcc4adda5482a093042a6102c57a3b2b1d706af,yes,no,high,yes,yes
2026-08-31T12:13:17-04:00,2026-08-31,NOW,1373715,8-K,2026-01-28,0001373715-26-000005,"2.02,8.01,9.01",now-20260128.htm,https://www.sec.gov/Archives/edgar/data/1373715/000137371526000005/now-20260128.htm,9df81169371e568f2289f9f565d2bdce4e23bcc5d72b799e1ecbd8f2b70283a7,yes,no,high,yes,yes
2026-08-31T12:13:17-04:00,2026-08-31,NOW,1373715,8-K,2025-12-23,0001373715-25-000335,"5.02,9.01",now-20251223.htm,https://www.sec.gov/Archives/edgar/data/1373715/000137371525000335/now-20251223.htm,8bdcc58c428b85bbe0afe0f9558308226865d0cfbcae2f9efda01dd1cc9be5cc,yes,no,high,yes,yes
2026-08-31T12:13:17-04:00,2026-08-31,NOW,1373715,8-K,2025-12-15,0001373715-25-000329,"8.01,9.01",now-20251215.htm,https://www.sec.gov/Archives/edgar/data/1373715/000137371525000329/now-20251215.htm,14b58af1992f1940b09d58a35ba92bb9bc66ff668ae33bb4fae26a93efe4278b,yes,no,high,yes,yes
2026-08-31T12:13:17-04:00,2026-08-31,NOW,1373715,8-K,2025-12-05,0001373715-25-000321,"5.03,5.07,9.01",now-20251205.htm,https://www.sec.gov/Archives/edgar/data/1373715/000137371525000321/now-20251205.htm,28285b2faa303517e4ece1d8533869b4fc8de0e354c60685c6f272314fb7700b,yes,no,medium,no,no
2026-08-31T12:13:17-04:00,2026-08-31,NOW,1373715,DEF 14A,2025-11-12,0001373715-25-000312,,a2025def14aspecialmtg.htm,https://www.sec.gov/Archives/edgar/data/1373715/000137371525000312/a2025def14aspecialmtg.htm,ec05ce37eeee4c0ff6cb140ecb145064dbaaa010cf16441aaab3fafc74607621,yes,no,medium,yes,yes
2026-08-31T12:13:17-04:00,2026-08-31,NOW,1373715,10-Q,2025-10-30,0001373715-25-000309,,now-20250930.htm,https://www.sec.gov/Archives/edgar/data/1373715/000137371525000309/now-20250930.htm,702c940a13927a6b31c249eb071c925cc85b4d779ff9ebe6f4dd2cf93e6c80a4,yes,no,high,yes,yes
2026-08-31T12:13:17-04:00,2026-08-31,NOW,1373715,8-K,2025-10-29,0001373715-25-000305,"2.02,8.01,9.01",now-20251029.htm,https://www.sec.gov/Archives/edgar/data/1373715/000137371525000305/now-20251029.htm,aa7c5965c68e08e94a0b35b82059322a1ba1513330b17ca4cfe6982e4327209a,yes,no,high,yes,yes
2026-08-31T12:13:17-04:00,2026-08-31,NOW,1373715,8-K,2025-09-26,0001373715-25-000300,"8.01,9.01",now-20250926.htm,https://www.sec.gov/Archives/edgar/data/1373715/000137371525000300/now-20250926.htm,b1daf00463cf55f1900c822ecbeda398434cffc77f3b80469886b429ce8cbd48,yes,no,high,yes,yes
2026-08-31T12:13:17-04:00,2026-08-31,NOW,1373715,10-Q,2025-07-24,0001373715-25-000276,,now-20250630.htm,https://www.sec.gov/Archives/edgar/data/1373715/000137371525000276/now-20250630.htm,33f6ea5d1bf375d557b0f9daeb0c11e5914027e7fd932e5daca2c9c6aa7d654b,yes,no,high,yes,yes
2026-08-31T12:13:17-04:00,2026-08-31,NOW,1373715,8-K,2025-07-23,0001373715-25-000274,"2.02,9.01",now-20250723.htm,https://www.sec.gov/Archives/edgar/data/1373715/000137371525000274/now-20250723.htm,b40e40397c13b9a906b3bed615f416d08a3fa2edb14474813cad1c88454020cb,yes,no,high,yes,yes
2026-08-31T12:13:17-04:00,2026-08-31,NOW,1373715,8-K,2025-05-30,0001373715-25-000243,"8.01,9.01",now-20250530.htm,https://www.sec.gov/Archives/edgar/data/1373715/000137371525000243/now-20250530.htm,a098c6af4f5ac77b92788a48ca27377fd15c1aefc67b9ac8b1cbe44c64186e16,yes,no,high,yes,yes
2026-08-31T12:13:17-04:00,2026-08-31,NOW,1373715,8-K,2025-05-27,0001373715-25-000208,"5.03,5.07,9.01",now-20250522.htm,https://www.sec.gov/Archives/edgar/data/1373715/000137371525000208/now-20250522.htm,75986e3c3aeafd171ebf55d65937a099a9f9f48aff06ca992a2623d360b27710,yes,no,medium,no,no
2026-08-31T12:13:17-04:00,2026-08-31,NOW,1373715,424B3,2025-05-20,0001193125-25-123177,,d210236d424b3.htm,https://www.sec.gov/Archives/edgar/data/1373715/000119312525123177/d210236d424b3.htm,18737863921c5003268a47779c30b756006fdcd6a9f27808808f470ad0f1d423,yes,no,high,yes,yes
2026-08-31T12:13:17-04:00,2026-08-31,NOW,1373715,10-Q,2025-04-23,0001373715-25-000126,,now-20250331.htm,https://www.sec.gov/Archives/edgar/data/1373715/000137371525000126/now-20250331.htm,fa0f158c1d982d1f468dd2324a90d355153397a579e34dc1409bcef2e35d4d8d,yes,no,high,yes,yes
2026-08-31T12:13:17-04:00,2026-08-31,NOW,1373715,8-K,2025-04-23,0001373715-25-000124,"2.02,5.02,9.01",now-20250421.htm,https://www.sec.gov/Archives/edgar/data/1373715/000137371525000124/now-20250421.htm,d8fa5e192a3f929b493f6776b683886f906e0430d0764b91a6d057de14bf794d,yes,no,high,yes,yes
2026-08-31T12:13:17-04:00,2026-08-31,NOW,1373715,DEF 14A,2025-04-04,0001373715-25-000110,,now-20250404.htm,https://www.sec.gov/Archives/edgar/data/1373715/000137371525000110/now-20250404.htm,ffed93bcab2dc2f6f51a5e71230b74697999a42db089955c00988f928684569a,yes,no,medium,yes,yes
2026-08-31T12:13:17-04:00,2026-08-31,NOW,1373715,8-K,2025-03-10,0001373715-25-000095,"7.01,9.01",now-20250310.htm,https://www.sec.gov/Archives/edgar/data/1373715/000137371525000095/now-20250310.htm,7493b010de0119bfa67f541e6f9433ff7135c311f24468b2e3556d86a007fe3f,yes,no,high,yes,yes
2026-08-31T12:13:17-04:00,2026-08-31,NOW,1373715,8-K,2025-02-12,0001373715-25-000051,"5.03,9.01",now-20250211.htm,https://www.sec.gov/Archives/edgar/data/1373715/000137371525000051/now-20250211.htm,d71ab8b00f90df25994217357483c4c3a84f6b8e060ef0122275939f4877e17d,yes,no,medium,no,no
2026-08-31T12:13:17-04:00,2026-08-31,NOW,1373715,10-K,2025-01-30,0001373715-25-000010,,now-20241231.htm,https://www.sec.gov/Archives/edgar/data/1373715/000137371525000010/now-20241231.htm,4c34c37876006acb5f6d3616d4b5432595156a93271e19c8494017affbb79f12,yes,no,high,yes,yes
2026-08-31T12:13:17-04:00,2026-08-31,NOW,1373715,8-K,2025-01-29,0001373715-25-000007,"2.02,8.01,9.01",now-20250129.htm,https://www.sec.gov/Archives/edgar/data/1373715/000137371525000007/now-20250129.htm,403fb5114d25d60dedaf8959d27fdc7b8156868ca191a731bf7b90541f17eeb9,yes,no,high,yes,yes
2026-08-31T12:13:17-04:00,2026-08-31,NOW,1373715,8-K,2024-12-27,0001373715-24-000426,"5.02,9.01",now-20241224.htm,https://www.sec.gov/Archives/edgar/data/1373715/000137371524000426/now-20241224.htm,ea12d7c00cdf28b7caa997149ba2c7977dc830889770743f00f50a1a32bf2341,yes,no,high,yes,yes
2026-08-31T12:13:17-04:00,2026-08-31,NOW,1373715,10-Q,2024-10-24,0001373715-24-000344,,now-20240930.htm,https://www.sec.gov/Archives/edgar/data/1373715/000137371524000344/now-20240930.htm,32b05e2935a25c6568ba10999d062e6e41e30173f73add22fec8407810b11477,yes,no,high,yes,yes
2026-08-31T12:13:17-04:00,2026-08-31,NOW,1373715,8-K,2024-10-23,0001373715-24-000342,"2.02,5.02,9.01",now-20241021.htm,https://www.sec.gov/Archives/edgar/data/1373715/000137371524000342/now-20241021.htm,77bfbf1b52ff305dbfd5282350342329d0b6f68e85b227f41767ff51d7107a1a,yes,no,high,yes,yes
2026-08-31T12:13:17-04:00,2026-08-31,NOW,1373715,10-Q,2024-07-25,0001373715-24-000272,,now-20240630.htm,https://www.sec.gov/Archives/edgar/data/1373715/000137371524000272/now-20240630.htm,fb316d03c2455b476ae969e93922109bbb9de4a9e6892a3ef6d768392e76a539,yes,no,high,yes,yes
2026-08-31T12:13:17-04:00,2026-08-31,NOW,1373715,8-K,2024-07-24,0001373715-24-000269,"2.02,5.02,9.01",now-20240724.htm,https://www.sec.gov/Archives/edgar/data/1373715/000137371524000269/now-20240724.htm,6fdf1a923eb9cdeb4d736a5bfdfaa7730b3ae9802fd9198f4d04b398043374d6,yes,no,high,yes,yes
2026-08-31T12:13:17-04:00,2026-08-31,NOW,1373715,8-K,2024-05-23,0001373715-24-000232,5.07,now-20240523.htm,https://www.sec.gov/Archives/edgar/data/1373715/000137371524000232/now-20240523.htm,59f9d1cf1dfa94e9b9e76425dffb0c1bd43b6ec696ef3be76ce3a3d90185765c,yes,no,medium,no,no
2026-08-31T12:13:17-04:00,2026-08-31,NOW,1373715,S-3ASR,2024-05-06,0001373715-24-000171,,nowforms-3asr.htm,https://www.sec.gov/Archives/edgar/data/1373715/000137371524000171/nowforms-3asr.htm,4a1c4f23832915b66ba8ed38c4d15402b005ffc6ae63f354b5c928ab7895afab,yes,no,high,yes,yes
2026-08-31T12:13:17-04:00,2026-08-31,NOW,1373715,10-Q,2024-05-06,0001373715-24-000169,,now-20240331.htm,https://www.sec.gov/Archives/edgar/data/1373715/000137371524000169/now-20240331.htm,cd39de6eabc3ce33ccf62540c4f407f62147f5e4892a26960e5a47b25dd22cfd,yes,no,high,yes,yes
2026-08-31T12:13:17-04:00,2026-08-31,NOW,1373715,8-K,2024-04-24,0001373715-24-000163,"2.02,9.01",now-20240424.htm,https://www.sec.gov/Archives/edgar/data/1373715/000137371524000163/now-20240424.htm,e2d610df8b040c43d63001943c24ab7805dbb94d49a00ba0419cb691217f7fdb,yes,no,high,yes,yes
2026-08-31T12:13:17-04:00,2026-08-31,NOW,1373715,DEF 14A,2024-04-04,0001373715-24-000148,,now-20240404.htm,https://www.sec.gov/Archives/edgar/data/1373715/000137371524000148/now-20240404.htm,ed2f95b3962ee0f9ade37485a83ae8c98764c9aab59972a7ea704b62652c328e,yes,no,medium,yes,yes
2026-08-31T12:13:17-04:00,2026-08-31,NOW,1373715,10-K,2024-01-25,0001373715-24-000030,,now-20231231.htm,https://www.sec.gov/Archives/edgar/data/1373715/000137371524000030/now-20231231.htm,76d20b7ef4317e450e3bdb5b0564b48d69bc0c97d27100893aeabcacc30de488,yes,no,high,yes,yes
2026-08-31T12:13:17-04:00,2026-08-31,NOW,1373715,8-K,2024-01-24,0001373715-24-000009,"2.02,9.01",now-20240124.htm,https://www.sec.gov/Archives/edgar/data/1373715/000137371524000009/now-20240124.htm,70602b0cdc31821285491f5b06c7d9c1aa864efd7094ab0f381600015004e36f,yes,no,high,yes,yes
2026-08-31T12:13:17-04:00,2026-08-31,NOW,1373715,10-Q,2023-10-26,0001373715-23-000419,,now-20230930.htm,https://www.sec.gov/Archives/edgar/data/1373715/000137371523000419/now-20230930.htm,717b49a1f46cf10a25d065de0c84b84ed9234487bc7fd4e94d1893f7d503dc45,yes,no,high,yes,yes
2026-08-31T12:13:17-04:00,2026-08-31,NOW,1373715,8-K,2023-10-25,0001373715-23-000417,"2.02,9.01",now-20231025.htm,https://www.sec.gov/Archives/edgar/data/1373715/000137371523000417/now-20231025.htm,771a5aafeb133ea3760b9571d45e2864a81ee71a959ceaf43a1d8f5347554d1b,yes,no,high,yes,yes
2026-08-31T12:13:17-04:00,2026-08-31,NOW,1373715,10-Q,2023-07-27,0001373715-23-000325,,now-20230630.htm,https://www.sec.gov/Archives/edgar/data/1373715/000137371523000325/now-20230630.htm,fbff3cfb60fdf6ac81024beab202ee1418e82f513f97b43b096eebd79cb152b0,yes,no,high,yes,yes
2026-08-31T12:13:17-04:00,2026-08-31,NOW,1373715,8-K,2023-07-26,0001373715-23-000323,"2.02,9.01",now-20230726.htm,https://www.sec.gov/Archives/edgar/data/1373715/000137371523000323/now-20230726.htm,580ecfef43d99e10ff519021905c80075fcf024d6875f38c3742f495fe559eba,yes,no,high,yes,yes
2026-08-31T12:13:17-04:00,2026-08-31,NOW,1373715,8-K,2023-06-02,0001373715-23-000282,"5.02,5.07,9.01",now-20230601.htm,https://www.sec.gov/Archives/edgar/data/1373715/000137371523000282/now-20230601.htm,d2a8dfc48c8384374c28dd00b0310639f602fb825236364311d0e32be3d5dcd1,yes,no,high,yes,yes
2026-08-31T12:13:17-04:00,2026-08-31,NOW,1373715,8-K,2023-05-16,0001373715-23-000220,"7.01,8.01,9.01",now-20230516.htm,https://www.sec.gov/Archives/edgar/data/1373715/000137371523000220/now-20230516.htm,5616ac6acd6bea9e73f0e542e87ddf9047c79c26397755db0ea599d64ce09464,yes,no,high,yes,yes
2026-08-31T12:13:17-04:00,2026-08-31,NOW,1373715,10-Q,2023-04-27,0001373715-23-000166,,now-20230331.htm,https://www.sec.gov/Archives/edgar/data/1373715/000137371523000166/now-20230331.htm,1e917239d079778c99e9ca619ae4a2fdc22910f9e1f7e3c313fecd7f213e407c,yes,no,high,yes,yes
2026-08-31T12:13:17-04:00,2026-08-31,NOW,1373715,8-K,2023-04-26,0001373715-23-000162,"2.02,5.02,9.01",now-20230424.htm,https://www.sec.gov/Archives/edgar/data/1373715/000137371523000162/now-20230424.htm,4c5c7ac1a79fdcfc00dda18edba1b969a4628a845e3c9e437b657a7e86099a3c,yes,no,high,yes,yes
2026-08-31T12:13:17-04:00,2026-08-31,NOW,1373715,DEF 14A,2023-04-13,0001373715-23-000145,,now-20230413.htm,https://www.sec.gov/Archives/edgar/data/1373715/000137371523000145/now-20230413.htm,a495b7938edbe5d0f65fb6c831432e36d3334e9ceeeec26b2540373322b3d18e,yes,no,medium,yes,yes
2026-08-31T12:13:17-04:00,2026-08-31,NOW,1373715,10-K,2023-01-31,0001373715-23-000035,,now-20221231.htm,https://www.sec.gov/Archives/edgar/data/1373715/000137371523000035/now-20221231.htm,53d7488a6e61616632f2eb567231a9e248f570c122b030c7512e4205424b1b6e,yes,no,high,yes,yes
2026-08-31T12:13:17-04:00,2026-08-31,NOW,1373715,8-K,2023-01-25,0001373715-23-000016,"2.02,5.02,9.01",now-20230124.htm,https://www.sec.gov/Archives/edgar/data/1373715/000137371523000016/now-20230124.htm,74f762449f4a6805db492225fd8555132611a27806b2894cd4b66329c21026fc,yes,no,high,yes,yes
2026-09-01T15:18:25-04:00,2026-09-01,RBRK,1943896,10-Q,2026-09-01,0001943896-26-000060,,rbrk-20260731.htm,https://www.sec.gov/Archives/edgar/data/1943896/000194389626000060/rbrk-20260731.htm,59dfb6fec20c5a5cbb207f660090e7cbf6db1a999e17f3bfc46146ea394e93f4,yes,no,high,yes,yes
2026-09-01T15:37:19-04:00,2026-09-01,AMD,2488,8-K,2026-08-19,0000002488-26-000163,"5.02,9.01",amd-20260817.htm,https://www.sec.gov/Archives/edgar/data/2488/000000248826000163/amd-20260817.htm,c0c54de0d04d04d627bf3cd2e5ffb85953f06db494488df6c6f9d9e0bbcc4995,yes,no,high,yes,yes
2026-09-01T15:37:19-04:00,2026-09-01,AMD,2488,8-K,2026-08-17,0001193125-26-354029,"1.01,2.03,9.01",d142696d8k.htm,https://www.sec.gov/Archives/edgar/data/2488/000119312526354029/d142696d8k.htm,f86a2f6e42cb66f37a48b41ecc3362935c04e913a88c089996d0d91a537a1361,yes,no,high,yes,yes
2026-09-01T15:37:19-04:00,2026-09-01,AMD,2488,424B5,2026-08-14,0001193125-26-352628,,d173126d424b5.htm,https://www.sec.gov/Archives/edgar/data/2488/000119312526352628/d173126d424b5.htm,76bd6901c8dc88f53658b46a7602d55480abbcbbadd6fe1423ff0da11b0d2f2a,yes,no,high,yes,yes
2026-09-01T15:37:19-04:00,2026-09-01,AMD,2488,424B5,2026-08-13,0001193125-26-348029,,d173126d424b5.htm,https://www.sec.gov/Archives/edgar/data/2488/000119312526348029/d173126d424b5.htm,cfd06f1b0a3d002d09dd6a0af349b6dc3735d21361c120136850af498febb888,yes,no,high,yes,yes
2026-09-01T15:37:19-04:00,2026-09-01,AMD,2488,S-3ASR,2026-08-13,0001193125-26-348013,,d97381ds3asr.htm,https://www.sec.gov/Archives/edgar/data/2488/000119312526348013/d97381ds3asr.htm,6713ce54fc0775ff24795a0f0d4c6db63087a3497ccd62f64b4d552c213d7c01,yes,no,high,yes,yes
2026-09-01T15:37:19-04:00,2026-09-01,AMD,2488,10-Q,2026-08-05,0000002488-26-000123,,amd-20260627.htm,https://www.sec.gov/Archives/edgar/data/2488/000000248826000123/amd-20260627.htm,66eb4a1e6ae50d0f0ab9791ae001002e1476dec1225ee220ca6446a93a2605e2,yes,no,high,yes,yes
2026-09-01T15:37:19-04:00,2026-09-01,AMD,2488,8-K,2026-08-04,0000002488-26-000121,"2.02,7.01,9.01",amd-20260804.htm,https://www.sec.gov/Archives/edgar/data/2488/000000248826000121/amd-20260804.htm,d602e75215bbd06b61451e9629f7d74232a4b8f15f53055527a5e565d50f789b,yes,no,high,yes,yes
2026-09-01T15:37:19-04:00,2026-09-01,AMD,2488,8-K,2026-07-01,0000002488-26-000115,5.02,amd-20260626.htm,https://www.sec.gov/Archives/edgar/data/2488/000000248826000115/amd-20260626.htm,a3353d1c28b5c58f56519b0efbed41dbf1b7e3efa4fae6467367d971a30d25c6,yes,no,high,yes,yes
2026-09-01T15:37:19-04:00,2026-09-01,AMD,2488,8-K,2026-05-15,0001193125-26-226746,"1.01,1.02,2.03,5.02,5.07,9.01",d118163d8k.htm,https://www.sec.gov/Archives/edgar/data/2488/000119312526226746/d118163d8k.htm,9ac21abdd53b6e24ac472f12257da486985ad6255d0d04ddc11dc2c13912cfc6,yes,no,high,yes,yes
2026-09-01T15:37:19-04:00,2026-09-01,AMD,2488,10-Q,2026-05-06,0000002488-26-000076,,amd-20260328.htm,https://www.sec.gov/Archives/edgar/data/2488/000000248826000076/amd-20260328.htm,da7cc4ba1006494790ee1729db17198549f3e9146b2176a10b648326d36a9401,yes,no,high,yes,yes
2026-09-01T15:37:19-04:00,2026-09-01,AMD,2488,8-K,2026-05-05,0000002488-26-000072,"2.02,7.01,9.01",amd-20260505.htm,https://www.sec.gov/Archives/edgar/data/2488/000000248826000072/amd-20260505.htm,a5568ea559908be63785a139939273eee693b753cfb913d7fdd330a05ac7573d,yes,no,high,yes,yes
2026-09-01T15:37:19-04:00,2026-09-01,AMD,2488,DEF 14A,2026-03-27,0001193125-26-129057,,d85856ddef14a.htm,https://www.sec.gov/Archives/edgar/data/2488/000119312526129057/d85856ddef14a.htm,582995346ac310abbd2e840570112ef8c078af4f089dc6f75b6802898bdfc9e1,yes,no,medium,yes,yes
2026-09-01T15:37:19-04:00,2026-09-01,AMD,2488,8-K,2026-02-24,0000002488-26-000045,"1.01,3.02,7.01,9.01",amd-20260223.htm,https://www.sec.gov/Archives/edgar/data/2488/000000248826000045/amd-20260223.htm,be41f1eecf23a1155adae021f8c2acb995062323a2b94d2555cc94cf43638068,yes,no,high,yes,yes
2026-09-01T15:37:19-04:00,2026-09-01,AMD,2488,8-K,2026-02-17,0000002488-26-000029,5.02,amd-20260210.htm,https://www.sec.gov/Archives/edgar/data/2488/000000248826000029/amd-20260210.htm,0455d64629b994412d1ac41a10f2fab71ac1b143c2091dea98615ea131097b0e,yes,no,high,yes,yes
2026-09-01T15:37:19-04:00,2026-09-01,AMD,2488,10-K,2026-02-04,0000002488-26-000018,,amd-20251227.htm,https://www.sec.gov/Archives/edgar/data/2488/000000248826000018/amd-20251227.htm,ced97a304b54a980491b451a239ad378b2cd27840deb5e0eb86cedb5fde8d25a,yes,no,high,yes,yes
2026-09-01T15:37:19-04:00,2026-09-01,AMD,2488,8-K,2026-02-03,0000002488-26-000014,"2.02,7.01,9.01",amd-20260203.htm,https://www.sec.gov/Archives/edgar/data/2488/000000248826000014/amd-20260203.htm,0f85adf996b96401716da44bb2ac28524559282e88f79143d0613b8afc00a229,yes,no,high,yes,yes
2026-09-01T15:37:19-04:00,2026-09-01,AMD,2488,8-K,2026-01-20,0000002488-26-000002,"5.02,9.01",amd-20260116.htm,https://www.sec.gov/Archives/edgar/data/2488/000000248826000002/amd-20260116.htm,e405ef057dd5aebefdd5773e107fb09436ef6104e8ed4e2d7990d0e3a89187f2,yes,no,high,yes,yes
2026-09-01T15:37:19-04:00,2026-09-01,AMD,2488,8-K,2025-12-15,0000002488-25-000182,"5.02,9.01",amd-20251212.htm,https://www.sec.gov/Archives/edgar/data/2488/000000248825000182/amd-20251212.htm,be4bfa78b68a3a81b423fa5c21251461f1fb67714f1e064e0282b19734a2df96,yes,no,high,yes,yes
2026-09-01T15:37:19-04:00,2026-09-01,AMD,2488,10-Q,2025-11-05,0000002488-25-000166,,amd-20250927.htm,https://www.sec.gov/Archives/edgar/data/2488/000000248825000166/amd-20250927.htm,363b4c6eaf3d66542ce18c57e3ec70b50ffee6327fc5e894b9b1d34a1e997c3b,yes,no,high,yes,yes
2026-09-01T15:37:19-04:00,2026-09-01,AMD,2488,8-K,2025-11-04,0000002488-25-000163,"2.02,7.01,9.01",amd-20251104.htm,https://www.sec.gov/Archives/edgar/data/2488/000000248825000163/amd-20251104.htm,bb18698a7ce556579164c773db9d35780438fb37ccedc89d93db3dfcea5ea954,yes,no,high,yes,yes
2026-09-01T15:37:19-04:00,2026-09-01,AMD,2488,8-K,2025-10-27,0001193125-25-250803,"2.01,7.01,9.01",d917887d8k.htm,https://www.sec.gov/Archives/edgar/data/2488/000119312525250803/d917887d8k.htm,9b76ea36c54081247ae0da67b89ee81aef5fe26f7f3faec9e70e83574b9f48ba,yes,no,high,yes,yes
2026-09-01T15:37:19-04:00,2026-09-01,AMD,2488,8-K,2025-10-06,0001193125-25-230895,"1.01,3.02,7.01,9.01",d28189d8k.htm,https://www.sec.gov/Archives/edgar/data/2488/000119312525230895/d28189d8k.htm,80f65b004439d5ecbb6a5a0110565a2eda7c3d76e8aa302aeff3ec06d82aff27,yes,no,high,yes,yes
2026-09-01T15:37:19-04:00,2026-09-01,AMD,2488,8-K,2025-08-25,0000002488-25-000147,5.02,amd-20250822.htm,https://www.sec.gov/Archives/edgar/data/2488/000000248825000147/amd-20250822.htm,ac318bcb25e569f34d5554b0acf09b818c510e9224a81bb2964e36375addf248,yes,no,high,yes,yes
2026-09-01T15:37:19-04:00,2026-09-01,AMD,2488,10-Q,2025-08-06,0000002488-25-000108,,amd-20250628.htm,https://www.sec.gov/Archives/edgar/data/2488/000000248825000108/amd-20250628.htm,3e4aa8a7c526ab80658c9038273b0373e2d55346d60ea419d2cb31750d126c3a,yes,no,high,yes,yes
2026-09-01T15:37:19-04:00,2026-09-01,AMD,2488,8-K,2025-08-05,0000002488-25-000106,"2.02,7.01,9.01",amd-20250805.htm,https://www.sec.gov/Archives/edgar/data/2488/000000248825000106/amd-20250805.htm,8f7baeb030960b244ac5430205c2b6de06d1b03c184c78d11d55d1ed34ee09ce,yes,no,high,yes,yes
2026-09-01T15:37:19-04:00,2026-09-01,AMD,2488,8-K,2025-07-02,0000002488-25-000099,5.02,amd-20250627.htm,https://www.sec.gov/Archives/edgar/data/2488/000000248825000099/amd-20250627.htm,9fea4727a6f60f92a16361fb2a05a4e4863d2cbd14dce9ad17de39b57b492438,yes,no,high,yes,yes
2026-09-01T15:37:19-04:00,2026-09-01,AMD,2488,8-K,2025-05-19,0001193125-25-122121,"1.01,7.01,9.01",d831221d8k.htm,https://www.sec.gov/Archives/edgar/data/2488/000119312525122121/d831221d8k.htm,2c1cd9a18e56ddb859f80201d8986f57c74e23e3f6fa6c22beef03f71fc729da,yes,no,high,yes,yes
2026-09-01T15:37:19-04:00,2026-09-01,AMD,2488,8-K,2025-05-16,0000002488-25-000064,"5.07,9.01",amd-20250514.htm,https://www.sec.gov/Archives/edgar/data/2488/000000248825000064/amd-20250514.htm,1a2f8649e395022f4e17fcb53bd23943549dff681c1902adf495909c434d833a,yes,no,medium,no,no
2026-09-01T15:37:19-04:00,2026-09-01,AMD,2488,10-Q,2025-05-07,0000002488-25-000047,,amd-20250329.htm,https://www.sec.gov/Archives/edgar/data/2488/000000248825000047/amd-20250329.htm,183fd597dccb31788b6e6d53fa52fc7af21d7fc45462302b45ac54d6ecebf23f,yes,no,high,yes,yes
2026-09-01T15:37:19-04:00,2026-09-01,AMD,2488,8-K,2025-05-06,0000002488-25-000045,"2.02,7.01,9.01",amd-20250506.htm,https://www.sec.gov/Archives/edgar/data/2488/000000248825000045/amd-20250506.htm,cc78852219fe4f18b38db27ca8bf15b409880ea6648d19853a0ff2cc247b449d,yes,no,high,yes,yes
2026-09-01T15:37:19-04:00,2026-09-01,AMD,2488,8-K,2025-04-16,0000002488-25-000039,8.01,amd-20250415.htm,https://www.sec.gov/Archives/edgar/data/2488/000000248825000039/amd-20250415.htm,e5fdd4d1c96aeabd408521b4c272a68cae707e127c7ab67aaaf3d467518daa44,yes,no,high,yes,yes
2026-09-01T15:37:19-04:00,2026-09-01,AMD,2488,S-3ASR,2025-03-31,0001193125-25-067974,,d939073ds3asr.htm,https://www.sec.gov/Archives/edgar/data/2488/000119312525067974/d939073ds3asr.htm,4979dd3c92b383fa6765c4c5ebddfc24812bf4e97c94735c9348d6bee33d59af,yes,no,high,yes,yes
2026-09-01T15:37:19-04:00,2026-09-01,AMD,2488,8-K,2025-03-31,0001193125-25-067902,"2.01,2.03,3.02,7.01,9.01",d943962d8k.htm,https://www.sec.gov/Archives/edgar/data/2488/000119312525067902/d943962d8k.htm,fe401bc89a4a5c4a3b2eaddcd3c0e5a6164f642dc790566390cd2b1d27539f66,yes,no,high,yes,yes
2026-09-01T15:37:19-04:00,2026-09-01,AMD,2488,DEF 14A,2025-03-28,0001193125-25-067170,,d869673ddef14a.htm,https://www.sec.gov/Archives/edgar/data/2488/000119312525067170/d869673ddef14a.htm,1b1eb67aae63047d54fecc9a5a5539fcdd09df80f69e95b7ea801c60b2de5839,yes,no,medium,yes,yes
2026-09-01T15:37:19-04:00,2026-09-01,AMD,2488,8-K,2025-03-24,0001193125-25-061366,"1.01,2.03,8.01,9.01",d914634d8k.htm,https://www.sec.gov/Archives/edgar/data/2488/000119312525061366/d914634d8k.htm,22c49302dd2373642f4914a9ed33a93f2f12c93ad873b15dabbeb3ba8a7dbf1f,yes,no,high,yes,yes
2026-09-01T15:37:19-04:00,2026-09-01,AMD,2488,424B5,2025-03-12,0001193125-25-052170,,d896271d424b5.htm,https://www.sec.gov/Archives/edgar/data/2488/000119312525052170/d896271d424b5.htm,6bae04274a269593d6c50ed85a15913a6c1aff822bc32df3cbce1136dfcc6b7d,yes,no,high,yes,yes
2026-09-01T15:37:19-04:00,2026-09-01,AMD,2488,8-K,2025-03-12,0001193125-25-052173,"1.01,9.01",d925853d8k.htm,https://www.sec.gov/Archives/edgar/data/2488/000119312525052173/d925853d8k.htm,82ff84f88cf76552b470f9987cb903b43c4f91dbe92c49f3e904d8f85e94ebf4,yes,no,high,yes,yes
2026-09-01T15:37:19-04:00,2026-09-01,AMD,2488,424B5,2025-03-10,0001193125-25-050436,,d896271d424b5.htm,https://www.sec.gov/Archives/edgar/data/2488/000119312525050436/d896271d424b5.htm,9a5c49323c941de8ea533304860c9cd63e453e5a592f9063322f10071c6c43e6,yes,no,high,yes,yes
2026-09-01T15:37:19-04:00,2026-09-01,AMD,2488,8-K,2025-02-24,0000002488-25-000026,5.02,amd-20250218.htm,https://www.sec.gov/Archives/edgar/data/2488/000000248825000026/amd-20250218.htm,119c9b25e0f3b17bd4216c02dd9801d9831411e7ffca843e6fdc02749f566c37,yes,no,high,yes,yes
2026-09-01T15:37:19-04:00,2026-09-01,AMD,2488,10-K,2025-02-05,0000002488-25-000012,,amd-20241228.htm,https://www.sec.gov/Archives/edgar/data/2488/000000248825000012/amd-20241228.htm,4b1938183edfd1f870f855415aa078abb9d3c23ce6793d973fba84497c0276d5,yes,no,high,yes,yes
2026-09-01T15:37:19-04:00,2026-09-01,AMD,2488,8-K,2025-02-04,0000002488-25-000009,"2.02,7.01,9.01",amd-20250204.htm,https://www.sec.gov/Archives/edgar/data/2488/000000248825000009/amd-20250204.htm,3c60c6f7f2e0e725f4281f90b239ef1df5957f6dc21740ea0cc5b925d9581207,yes,no,high,yes,yes
2026-09-01T15:37:19-04:00,2026-09-01,AMD,2488,8-K,2024-11-18,0000002488-24-000172,"5.02,9.01",amd-20241113.htm,https://www.sec.gov/Archives/edgar/data/2488/000000248824000172/amd-20241113.htm,410d2a2fd8fa4d3fee3b49b64dbaa77f9c92867a83f7cf7d80b64a9d347fe887,yes,no,high,yes,yes
2026-09-01T15:37:19-04:00,2026-09-01,AMD,2488,10-Q,2024-10-30,0000002488-24-000163,,amd-20240928.htm,https://www.sec.gov/Archives/edgar/data/2488/000000248824000163/amd-20240928.htm,0173b527d02d5f75c291b300f3faf203a480fa0ade16a5e938783794f9f0ea84,yes,no,high,yes,yes
2026-09-01T15:37:19-04:00,2026-09-01,AMD,2488,8-K,2024-10-29,0000002488-24-000161,"2.02,7.01,9.01",amd-20241029.htm,https://www.sec.gov/Archives/edgar/data/2488/000000248824000161/amd-20241029.htm,1652f14e0505122ac51a317b3b01eff9658bffb933f6beb4e1e712f2ff61a4de,yes,no,high,yes,yes
2026-09-01T15:37:19-04:00,2026-09-01,ASML,937966,6-K,2026-07-15,0001628280-26-048235,,form6-kquarterlyfilings.htm,https://www.sec.gov/Archives/edgar/data/937966/000162828026048235/form6-kquarterlyfilings.htm,b778c204f204713fec0f614f12faae8bc2db33099c4c9b41babd52441044b30a,yes,no,medium,yes,yes
2026-09-01T15:37:19-04:00,2026-09-01,ASML,937966,6-K,2026-04-23,0001628280-26-026703,,form6-kagmdisclosureofagmr.htm,https://www.sec.gov/Archives/edgar/data/937966/000162828026026703/form6-kagmdisclosureofagmr.htm,c73f3298698557a9809432e12b7d460ca3b0e602eeb4c47491cf3ad8d6bced8e,yes,no,medium,yes,yes
2026-09-01T15:37:19-04:00,2026-09-01,ASML,937966,6-K,2026-04-15,0001628280-26-025147,,form6-kquarterlyfilings.htm,https://www.sec.gov/Archives/edgar/data/937966/000162828026025147/form6-kquarterlyfilings.htm,eb33028785b8c47f77184fe6d85a30f05c4dee3adf9fa14d04e22de2c29802a6,yes,no,medium,yes,yes
2026-09-01T15:37:19-04:00,2026-09-01,ASML,937966,6-K,2026-03-11,0001628280-26-016671,,form6-kagm.htm,https://www.sec.gov/Archives/edgar/data/937966/000162828026016671/form6-kagm.htm,7c90a58ac709b72074acaed4f3e272f5bc8c0820da8ed0b1a5e2c83b1208a1d4,yes,no,medium,yes,yes
2026-09-01T15:37:19-04:00,2026-09-01,ASML,937966,20-F,2026-02-25,0001628280-26-011378,,asml-20251231.htm,https://www.sec.gov/Archives/edgar/data/937966/000162828026011378/asml-20251231.htm,216ac5330e41c78c3dbd798f6642afd785d035cc826498aaad553731de29cb60,yes,no,high,yes,yes
2026-09-01T15:37:19-04:00,2026-09-01,ASML,937966,6-K,2026-02-25,0001628280-26-011377,,form6-kannualreportbasedon.htm,https://www.sec.gov/Archives/edgar/data/937966/000162828026011377/form6-kannualreportbasedon.htm,896885a4312aab5361fb943f26e3d0be247ac6e10b5cb1e2e797a8b2f1b22a32,yes,no,medium,yes,yes
2026-09-01T15:37:19-04:00,2026-09-01,ASML,937966,6-K,2026-01-28,0001628280-26-003701,,form6-kquarterlyfilings.htm,https://www.sec.gov/Archives/edgar/data/937966/000162828026003701/form6-kquarterlyfilings.htm,2714feb35bb8a7d7a7aea8cc72d35d3fe269dded0c6a0a26dbc8b2ccad7dad20,yes,no,medium,yes,yes
2026-09-01T15:37:19-04:00,2026-09-01,ASML,937966,6-K,2025-10-15,0001628280-25-045043,,form6-kquarterlyfilings.htm,https://www.sec.gov/Archives/edgar/data/937966/000162828025045043/form6-kquarterlyfilings.htm,f549902681905eab2c18eec130dd4c01572153b3aad7ab2dfa9a009a9f88c110,yes,no,medium,yes,yes
2026-09-01T15:37:19-04:00,2026-09-01,ASML,937966,6-K,2025-07-16,0001628280-25-034992,,form6-kquarterlyfilings.htm,https://www.sec.gov/Archives/edgar/data/937966/000162828025034992/form6-kquarterlyfilings.htm,8d8661cb6ce4cca168c85d87fd1ecdf908d02a825f6e29952077492909fc4017,yes,no,medium,yes,yes
2026-09-01T15:37:19-04:00,2026-09-01,ASML,937966,6-K,2025-04-16,0000937966-25-000014,,form6-kquarterlyfilings.htm,https://www.sec.gov/Archives/edgar/data/937966/000093796625000014/form6-kquarterlyfilings.htm,e7f0e3ea3a6c229d523faa563395ba355ffad21c6fbe526041ecff3a0e9629da,yes,no,medium,yes,yes
2026-09-01T15:37:19-04:00,2026-09-01,ASML,937966,6-K,2025-03-05,0000937966-25-000011,,form6-kannualreportbasedon.htm,https://www.sec.gov/Archives/edgar/data/937966/000093796625000011/form6-kannualreportbasedon.htm,3c02a7f6658983533d0701b8ec7f76e394d5de490efacd90c29a2b9354201a8e,yes,no,medium,yes,yes
2026-09-01T15:37:19-04:00,2026-09-01,ASML,937966,20-F,2025-03-05,0000937966-25-000009,,asml-20241231.htm,https://www.sec.gov/Archives/edgar/data/937966/000093796625000009/asml-20241231.htm,1ead2ac3923b29b22998d0c65508b8556bd30b14483c0a69585d41eed576e388,yes,no,high,yes,yes
2026-09-01T15:37:19-04:00,2026-09-01,ASML,937966,6-K,2025-01-29,0000937966-25-000003,,form6-kquarterlyfilings.htm,https://www.sec.gov/Archives/edgar/data/937966/000093796625000003/form6-kquarterlyfilings.htm,cd470317551ce5f7e097f3bd8f7a4ab1b19053cb099f4614d31876b8920b0475,yes,no,medium,yes,yes
2026-09-01T15:37:19-04:00,2026-09-01,ASML,937966,6-K,2024-11-18,0000937966-24-000026,,form6-kinvestordaypresenta.htm,https://www.sec.gov/Archives/edgar/data/937966/000093796624000026/form6-kinvestordaypresenta.htm,85ad42ec5f3643000171ff4db9811edb6c475a5bf1f9f68f97c626b8e4aa5a1a,yes,no,medium,yes,yes
2026-09-01T15:37:19-04:00,2026-09-01,ASML,937966,6-K,2024-11-14,0000937966-24-000024,,form6-kinvestorday.htm,https://www.sec.gov/Archives/edgar/data/937966/000093796624000024/form6-kinvestorday.htm,e9a50e530935d23f1fde447de8f1980bf8cfdf70e8251fe9e2700c75947a3d36,yes,no,medium,yes,yes
2026-09-01T15:37:19-04:00,2026-09-01,ASML,937966,6-K,2024-10-15,0000937966-24-000022,,form6-kquarterlyfilings.htm,https://www.sec.gov/Archives/edgar/data/937966/000093796624000022/form6-kquarterlyfilings.htm,6aff5f12b5809dba3f67bc0f5bd2b8216fb22cea045cb89164538420322548f0,yes,no,medium,yes,yes
2026-09-01T15:37:19-04:00,2026-09-01,CRWD,1535527,10-Q,2026-08-27,0001535527-26-000031,,crwd-20260731.htm,https://www.sec.gov/Archives/edgar/data/1535527/000153552726000031/crwd-20260731.htm,6cb2edcf2c950e9dbfe77e06240e94a4a5f788f765fd18df0341dfb10a5e8d2d,yes,no,high,yes,yes
2026-09-01T15:37:19-04:00,2026-09-01,CRWD,1535527,8-K,2026-08-26,0001535527-26-000029,"2.02,9.01",crwd-20260826.htm,https://www.sec.gov/Archives/edgar/data/1535527/000153552726000029/crwd-20260826.htm,e769975281a7e83e61109198583aa54249a7c7f1bf239dba7b5443e0fbcc8a74,yes,no,high,yes,yes
2026-09-01T15:37:19-04:00,2026-09-01,CRWD,1535527,8-K,2026-06-22,0001104659-26-076376,"5.03,5.07,9.01",tm2618192d1_8k.htm,https://www.sec.gov/Archives/edgar/data/1535527/000110465926076376/tm2618192d1_8k.htm,1c8f37fd2305270c454f9a18fcddd1d2622ca1d054392cc6704ce0c76bb2e634,yes,no,medium,no,no
2026-09-01T15:37:19-04:00,2026-09-01,CRWD,1535527,10-Q,2026-06-04,0001535527-26-000025,,crwd-20260430.htm,https://www.sec.gov/Archives/edgar/data/1535527/000153552726000025/crwd-20260430.htm,ab82e22478fa160c3ce6b18b84d6328eb5408be48abf15ac857497004e5b5cec,yes,no,high,yes,yes
2026-09-01T15:37:19-04:00,2026-09-01,CRWD,1535527,8-K,2026-06-03,0001535527-26-000022,"2.02,8.01,9.01",crwd-20260603.htm,https://www.sec.gov/Archives/edgar/data/1535527/000153552726000022/crwd-20260603.htm,beeac4e2c8d7f4660b6c22e5ea628b6a414cb5e099f191ad2421b9e474caf431,yes,no,high,yes,yes
2026-09-01T15:37:19-04:00,2026-09-01,CRWD,1535527,DEF 14A,2026-05-05,0001104659-26-055599,,tm2532333-4_def14a.htm,https://www.sec.gov/Archives/edgar/data/1535527/000110465926055599/tm2532333-4_def14a.htm,26815ea9fa479d369ede8e46b597a9d52baad75f04a148f9e5d5c119d14e1489,yes,no,medium,yes,yes
2026-09-01T15:37:19-04:00,2026-09-01,CRWD,1535527,8-K,2026-04-21,0001535527-26-000018,"5.02,7.01,9.01",crwd-20260416.htm,https://www.sec.gov/Archives/edgar/data/1535527/000153552726000018/crwd-20260416.htm,d6e10018a2c67964be5b3966c1df73f96aceccd8b2ddbbe314af230a25c7af58,yes,no,high,yes,yes
2026-09-01T15:37:19-04:00,2026-09-01,CRWD,1535527,8-K,2026-04-06,0001535527-26-000013,"8.01,9.01",crwd-20260406.htm,https://www.sec.gov/Archives/edgar/data/1535527/000153552726000013/crwd-20260406.htm,d10c63f2b5ebf5c15dd8d754b92c377aed299539d3ece4a7b3e8a65363ec7fc2,yes,no,high,yes,yes
2026-09-01T15:37:19-04:00,2026-09-01,CRWD,1535527,10-K,2026-03-05,0001535527-26-000010,,crwd-20260131.htm,https://www.sec.gov/Archives/edgar/data/1535527/000153552726000010/crwd-20260131.htm,cfde20f30d63fb9c51b5872bdb11db8ad3be8b732422cc7edf743fe597d132b6,yes,no,high,yes,yes
2026-09-01T15:37:19-04:00,2026-09-01,CRWD,1535527,8-K,2026-03-03,0001535527-26-000007,"2.02,9.01",crwd-20260303.htm,https://www.sec.gov/Archives/edgar/data/1535527/000153552726000007/crwd-20260303.htm,5c3ac5f4e632f5594c332ee283d3c674e2b25902e73ba17149c09990583cd6fe,yes,no,high,yes,yes
2026-09-01T15:37:19-04:00,2026-09-01,CRWD,1535527,8-K,2025-12-29,0001104659-25-124912,"5.02,7.01,9.01",tm2534248d1_8k.htm,https://www.sec.gov/Archives/edgar/data/1535527/000110465925124912/tm2534248d1_8k.htm,1eb33051b5e7c1e0eb455432abf8057fa1c4177297b249382171aa87ac23650d,yes,no,high,yes,yes
2026-09-01T15:37:19-04:00,2026-09-01,CRWD,1535527,10-Q,2025-12-03,0001535527-25-000033,,crwd-20251031.htm,https://www.sec.gov/Archives/edgar/data/1535527/000153552725000033/crwd-20251031.htm,9ae2ed9c842c8679f39a4c638ea0563a22d8577d6972bccab1ce6e612d616204,yes,no,high,yes,yes
2026-09-01T15:37:19-04:00,2026-09-01,CRWD,1535527,8-K,2025-12-02,0001535527-25-000030,"2.02,9.01",crwd-20251202.htm,https://www.sec.gov/Archives/edgar/data/1535527/000153552725000030/crwd-20251202.htm,72eb8e3acd17090edf473df2d77fa5b1ad137fc133382b47caa844e57b2d84b0,yes,no,high,yes,yes
2026-09-01T15:37:19-04:00,2026-09-01,CRWD,1535527,10-Q,2025-08-28,0001535527-25-000025,,crwd-20250731.htm,https://www.sec.gov/Archives/edgar/data/1535527/000153552725000025/crwd-20250731.htm,33134e3aa177c4114b4de9f8ed72141110210ded248eb85733bd69bda97f5c72,yes,no,high,yes,yes
2026-09-01T15:37:19-04:00,2026-09-01,CRWD,1535527,8-K,2025-08-27,0001535527-25-000023,"2.02,9.01",crwd-20250827.htm,https://www.sec.gov/Archives/edgar/data/1535527/000153552725000023/crwd-20250827.htm,435a17af61e6c7ccf18f77f6d8f38672398666ad8a79ed7e90e13f8564e26abb,yes,no,high,yes,yes
2026-09-01T15:37:19-04:00,2026-09-01,CRWD,1535527,8-K,2025-06-20,0001104659-25-061216,5.07,tm2518570d1_8k.htm,https://www.sec.gov/Archives/edgar/data/1535527/000110465925061216/tm2518570d1_8k.htm,1d284a8ec57a57546abb891ae0e7faf53d600212d00c873338dbcc2b293a2120,yes,no,medium,no,no
2026-09-01T15:37:19-04:00,2026-09-01,CRWD,1535527,10-Q,2025-06-04,0001535527-25-000019,,crwd-20250430.htm,https://www.sec.gov/Archives/edgar/data/1535527/000153552725000019/crwd-20250430.htm,d9f6f6fa5dd432a7e0d0cbfcd216697eb3a698e7ce7fb66cfebc02060ea97c46,yes,no,high,yes,yes
2026-09-01T15:37:19-04:00,2026-09-01,CRWD,1535527,8-K,2025-06-03,0001535527-25-000017,"2.02,8.01,9.01",crwd-20250603.htm,https://www.sec.gov/Archives/edgar/data/1535527/000153552725000017/crwd-20250603.htm,a88615f68981cb9938c02f842ce4811ee3eee8565f77752a62469e53501e8286,yes,no,high,yes,yes
2026-09-01T15:37:19-04:00,2026-09-01,CRWD,1535527,8-K,2025-05-07,0001104659-25-045244,"2.02,2.05,7.01,9.01",tm2514190d1_8k.htm,https://www.sec.gov/Archives/edgar/data/1535527/000110465925045244/tm2514190d1_8k.htm,48f0570056153dddcaec0f9926accc5b7046eca864cbe820c7ad61c39e9e47d1,yes,no,high,yes,yes
2026-09-01T15:37:19-04:00,2026-09-01,CRWD,1535527,DEF 14A,2025-05-06,0001104659-25-045047,,tm252455-2_def14a.htm,https://www.sec.gov/Archives/edgar/data/1535527/000110465925045047/tm252455-2_def14a.htm,b293dfed150005407c32f3040dbf589ffb2c8473ddecbc7b0753b017a676d483,yes,no,medium,yes,yes
2026-09-01T15:37:19-04:00,2026-09-01,CRWD,1535527,8-K,2025-04-25,0001104659-25-039500,5.02,tm2513136d1_8k.htm,https://www.sec.gov/Archives/edgar/data/1535527/000110465925039500/tm2513136d1_8k.htm,0037835701c628b002119bea9d93cad1f8a69cbf812d898774ba79f473f439a3,yes,no,high,yes,yes
2026-09-01T15:37:19-04:00,2026-09-01,CRWD,1535527,8-K,2025-04-18,0001104659-25-036392,5.02,tm2512714d1_8k.htm,https://www.sec.gov/Archives/edgar/data/1535527/000110465925036392/tm2512714d1_8k.htm,eb24e801a85ebda5eb8f6d7b42128300def7e8abcd8a1bbc484d66a6b46de969,yes,no,high,yes,yes
2026-09-01T15:37:19-04:00,2026-09-01,CRWD,1535527,10-K,2025-03-10,0001535527-25-000009,,crwd-20250131.htm,https://www.sec.gov/Archives/edgar/data/1535527/000153552725000009/crwd-20250131.htm,349d0da9ecd23bec1ec144fad349bd9be1e0d7a1f1342270632f50dc8337e3c4,yes,no,high,yes,yes
2026-09-01T15:37:19-04:00,2026-09-01,CRWD,1535527,8-K,2025-03-04,0001535527-25-000005,"2.02,9.01",crwd-20250304.htm,https://www.sec.gov/Archives/edgar/data/1535527/000153552725000005/crwd-20250304.htm,a318f867523345aca4f797ecfaf2c4103f6b1d2117c47b88549afe2a8b8933d9,yes,no,high,yes,yes
2026-09-01T15:37:19-04:00,2026-09-01,CRWD,1535527,8-K,2025-02-20,0001104659-25-015279,5.02,tm257102d1_8k.htm,https://www.sec.gov/Archives/edgar/data/1535527/000110465925015279/tm257102d1_8k.htm,777a9cdd0db60bb3f2af6ceb13372d2286cf284dcfdbb4793667628610b08ea8,yes,no,high,yes,yes
2026-09-01T15:37:19-04:00,2026-09-01,CRWD,1535527,8-K,2024-12-13,0001104659-24-128515,"3.03,5.03,8.01,9.01",tm2430723d1_8k.htm,https://www.sec.gov/Archives/edgar/data/1535527/000110465924128515/tm2430723d1_8k.htm,e7a65dca9e57a1b97e48c97bfb56e12e122e926db2ee4ab71bf65b2c8722ef4e,yes,no,high,yes,yes
2026-09-01T15:37:19-04:00,2026-09-01,CRWD,1535527,10-Q,2024-11-27,0001535527-24-000026,,crwd-20241031.htm,https://www.sec.gov/Archives/edgar/data/1535527/000153552724000026/crwd-20241031.htm,0bf3384e1ce9ea6cf413250c86e41c2b0dd6e10bfd9fbaf145a6428efa28d106,yes,no,high,yes,yes
2026-09-01T15:37:19-04:00,2026-09-01,CRWD,1535527,8-K,2024-11-26,0001535527-24-000024,"2.02,9.01",crwd-20241126.htm,https://www.sec.gov/Archives/edgar/data/1535527/000153552724000024/crwd-20241126.htm,a8b1f42bd13c42b8fc66a7bf2b3e821bb454c0b39d69e63e5ef5e47264af593d,yes,no,high,yes,yes
2026-09-01T15:37:19-04:00,2026-09-01,DDOG,1561550,10-Q,2026-08-06,0001628280-26-054458,,ddog-20260630.htm,https://www.sec.gov/Archives/edgar/data/1561550/000162828026054458/ddog-20260630.htm,f5a79a2014569885c74cce19bf950bfe6c4305c01da7ee788e16d27cd29da612,yes,no,high,yes,yes
2026-09-01T15:37:19-04:00,2026-09-01,DDOG,1561550,8-K,2026-08-06,0001628280-26-053829,"2.02,9.01",ddog-20260806.htm,https://www.sec.gov/Archives/edgar/data/1561550/000162828026053829/ddog-20260806.htm,483c478091918e1f5339add2f85f008cb29745980290fa6e5694db025e13de2e,yes,no,high,yes,yes
2026-09-01T15:37:19-04:00,2026-09-01,DDOG,1561550,8-K,2026-06-16,0001628280-26-043590,5.07,ddog-20260615.htm,https://www.sec.gov/Archives/edgar/data/1561550/000162828026043590/ddog-20260615.htm,0be8a585c42b398e5f753a2c9965fdf33cf9f55f7f7cd36eaaf33383c97f5027,yes,no,medium,no,no
2026-09-01T15:37:19-04:00,2026-09-01,DDOG,1561550,10-Q,2026-05-07,0001628280-26-032328,,ddog-20260331.htm,https://www.sec.gov/Archives/edgar/data/1561550/000162828026032328/ddog-20260331.htm,33daa06d508ef8c14552ca2d1f309a0df81ae302dc897ec7aa171b3348e37547,yes,no,high,yes,yes
2026-09-01T15:37:19-04:00,2026-09-01,DDOG,1561550,8-K,2026-05-07,0001628280-26-031677,"2.02,9.01",ddog-20260507.htm,https://www.sec.gov/Archives/edgar/data/1561550/000162828026031677/ddog-20260507.htm,88bbe2958b87dd979027a6d472a1f7b4838f814c0c6b2628f8d73c1a41d3fe60,yes,no,high,yes,yes
2026-09-01T15:37:19-04:00,2026-09-01,DDOG,1561550,DEF 14A,2026-04-29,0001628280-26-028118,,ddog-20260429.htm,https://www.sec.gov/Archives/edgar/data/1561550/000162828026028118/ddog-20260429.htm,d94e56ce6c1236602f2a1ffaae359621feed2ac6bc4ad2a60625765db685f3c5,yes,no,medium,yes,yes
2026-09-01T15:37:19-04:00,2026-09-01,DDOG,1561550,8-K,2026-04-22,0001193125-26-168261,"3.03,5.03,5.07,8.01,9.01",d81305d8k.htm,https://www.sec.gov/Archives/edgar/data/1561550/000119312526168261/d81305d8k.htm,14e58964b4f93924112a19dd8add1640c9548aa9eda4673f8b2908d769892175,yes,no,high,yes,yes
2026-09-01T15:37:19-04:00,2026-09-01,DDOG,1561550,8-K,2026-03-02,0001628280-26-013236,5.02,ddog-20260226.htm,https://www.sec.gov/Archives/edgar/data/1561550/000162828026013236/ddog-20260226.htm,5b7d00df20d35ca695311707860bd41fc27e673fe22593765279e2449ab0faec,yes,no,high,yes,yes
2026-09-01T15:37:19-04:00,2026-09-01,DDOG,1561550,DEF 14A,2026-02-27,0001193125-26-079146,,d700416ddef14a.htm,https://www.sec.gov/Archives/edgar/data/1561550/000119312526079146/d700416ddef14a.htm,ad346affeb97d77b3a210328dfdc5261aa3582bd0136999355b2870de02b262d,yes,no,medium,yes,yes
2026-09-01T15:37:19-04:00,2026-09-01,DDOG,1561550,10-K,2026-02-18,0001628280-26-008819,,ddog-20251231.htm,https://www.sec.gov/Archives/edgar/data/1561550/000162828026008819/ddog-20251231.htm,f7e75a904d645497e85880b90cba40a36a1e409123e59e193c8ec5eebaa8f72e,yes,no,high,yes,yes
2026-09-01T15:37:19-04:00,2026-09-01,DDOG,1561550,8-K,2026-02-10,0001628280-26-006645,2.02,ddog-20260210.htm,https://www.sec.gov/Archives/edgar/data/1561550/000162828026006645/ddog-20260210.htm,da29494826e3e713422dcd3a3f800eeb69ddbb6175da328455b507b60c7db0c1,yes,no,high,yes,yes
2026-09-01T15:37:19-04:00,2026-09-01,DDOG,1561550,10-Q,2025-11-07,0001561550-25-000313,,ddog-20250930.htm,https://www.sec.gov/Archives/edgar/data/1561550/000156155025000313/ddog-20250930.htm,bed2c638bee3a0367ca1dd6ad8946282f9f3272fbfe3bcf921aa4ddeda6629b9,yes,no,high,yes,yes
2026-09-01T15:37:19-04:00,2026-09-01,DDOG,1561550,8-K,2025-11-06,0001561550-25-000310,"2.02,9.01",ddog-20251106.htm,https://www.sec.gov/Archives/edgar/data/1561550/000156155025000310/ddog-20251106.htm,b1f447b72f61457d1acacc103a1d428af2bf2f75e7bc07b954c73091c3bfeab5,yes,no,high,yes,yes
2026-09-01T15:37:19-04:00,2026-09-01,DDOG,1561550,8-K,2025-09-11,0001561550-25-000272,5.02,ddog-20250911.htm,https://www.sec.gov/Archives/edgar/data/1561550/000156155025000272/ddog-20250911.htm,e46e47a49a4672f764de7c98126137277958e1b22abdb8577784fe774443397e,yes,no,high,yes,yes
2026-09-01T15:37:19-04:00,2026-09-01,DDOG,1561550,10-Q,2025-08-08,0001561550-25-000220,,ddog-20250630.htm,https://www.sec.gov/Archives/edgar/data/1561550/000156155025000220/ddog-20250630.htm,f9eddbe23b2adaa436045f9c28719cd75dbd5a446cb167b889f5af1586d6d79a,yes,no,high,yes,yes
2026-09-01T15:37:19-04:00,2026-09-01,DDOG,1561550,8-K,2025-08-07,0001561550-25-000216,"2.02,9.01",ddog-20250807.htm,https://www.sec.gov/Archives/edgar/data/1561550/000156155025000216/ddog-20250807.htm,98664631edc25adf0da8ac5c6ff5faac55d3d8d16ffdd4e88459da9ec4f2ad06,yes,no,high,yes,yes
2026-09-01T15:37:19-04:00,2026-09-01,DDOG,1561550,8-K,2025-06-05,0001561550-25-000162,"3.03,5.03,5.07,9.01",ddog-20250603.htm,https://www.sec.gov/Archives/edgar/data/1561550/000156155025000162/ddog-20250603.htm,b1eda602661ef892104e39196a00b9e6136e2dec6c98da8b6d19174de277b379,yes,no,medium,no,no
2026-09-01T15:37:19-04:00,2026-09-01,DDOG,1561550,10-Q,2025-05-07,0001561550-25-000123,,ddog-20250331.htm,https://www.sec.gov/Archives/edgar/data/1561550/000156155025000123/ddog-20250331.htm,296c64ed9dc261e8893a3bcb5e13252ee715d8eb77804104a8cc536d08e59db5,yes,no,high,yes,yes
2026-09-01T15:37:19-04:00,2026-09-01,DDOG,1561550,8-K,2025-05-06,0001561550-25-000118,"2.02,9.01",ddog-20250506.htm,https://www.sec.gov/Archives/edgar/data/1561550/000156155025000118/ddog-20250506.htm,210b7d372277c74f32af8c2419863fd31977d8b0adf1cc34da2ae10a180788e5,yes,no,high,yes,yes
2026-09-01T15:37:19-04:00,2026-09-01,DDOG,1561550,DEF 14A,2025-04-18,0001561550-25-000108,,ddog-20250418.htm,https://www.sec.gov/Archives/edgar/data/1561550/000156155025000108/ddog-20250418.htm,a14016e0a4424a158e139f150fa93bbbb35352c60d4ea56a1ff462710bcac8ec,yes,no,medium,yes,yes
2026-09-01T15:37:19-04:00,2026-09-01,DDOG,1561550,10-K,2025-02-20,0001561550-25-000025,,ddog-20241231.htm,https://www.sec.gov/Archives/edgar/data/1561550/000156155025000025/ddog-20241231.htm,e6b1081f156c04c95ede34341711f9cc397ac0738ee1324661780074c46ca2ff,yes,no,high,yes,yes
2026-09-01T15:37:19-04:00,2026-09-01,DDOG,1561550,8-K,2025-02-13,0001561550-25-000017,"2.02,9.01",ddog-20250213.htm,https://www.sec.gov/Archives/edgar/data/1561550/000156155025000017/ddog-20250213.htm,bfb7dd9129b92e96f38e7fec12d79ec675423347e94a6a93efd16208a5f78af2,yes,no,high,yes,yes
2026-09-01T15:37:19-04:00,2026-09-01,DDOG,1561550,8-K,2024-12-23,0001561550-24-000240,5.02,ddog-20241222.htm,https://www.sec.gov/Archives/edgar/data/1561550/000156155024000240/ddog-20241222.htm,e4a469d8d9e575cd13194818aabbf26fdf5c487a5c5645be4795a804e9601331,yes,no,high,yes,yes
2026-09-01T15:37:19-04:00,2026-09-01,DDOG,1561550,8-K,2024-12-12,0001193125-24-277122,"1.01,1.02,2.03,3.02,8.01,9.01",d853741d8k.htm,https://www.sec.gov/Archives/edgar/data/1561550/000119312524277122/d853741d8k.htm,5b4999c368b38d0cc909e7084f4e762925e2daf35bd097365f752f24bbe51cd3,yes,no,high,yes,yes
2026-09-01T15:37:19-04:00,2026-09-01,DDOG,1561550,10-Q,2024-11-08,0001561550-24-000175,,ddog-20240930.htm,https://www.sec.gov/Archives/edgar/data/1561550/000156155024000175/ddog-20240930.htm,5df09828c6e997d849b2b79a68af8398f6684b1f491089f9c3c7a4a1a380b913,yes,no,high,yes,yes
2026-09-01T15:37:19-04:00,2026-09-01,DDOG,1561550,8-K,2024-11-07,0001561550-24-000171,"2.02,9.01",ddog-20241107.htm,https://www.sec.gov/Archives/edgar/data/1561550/000156155024000171/ddog-20241107.htm,2fc667e4f5db30fab3910c83b2fbe625daf6463b2c3d1b64e57ebe07d81a928b,yes,no,high,yes,yes
2026-09-01T15:47:36-04:00,2026-09-01,DLR,1297996,8-K,2026-08-19,0001193125-26-357083,"8.01,9.01",d145363d8k.htm,https://www.sec.gov/Archives/edgar/data/1297996/000119312526357083/d145363d8k.htm,5146f3051c8ee37462c554969405c12c0447b3626867e83390824affc9613575,yes,no,high,yes,yes
2026-09-01T15:47:36-04:00,2026-09-01,DLR,1297996,10-Q,2026-07-31,0001104659-26-089296,,dlr-20260630x10q.htm,https://www.sec.gov/Archives/edgar/data/1297996/000110465926089296/dlr-20260630x10q.htm,3aedc577c391e4d0266b00668172aa05b907588cb1d0e36fbe82404b8d704784,yes,no,high,yes,yes
2026-09-01T15:47:36-04:00,2026-09-01,DLR,1297996,8-K,2026-07-23,0001104659-26-086270,"2.02,7.01,9.01",dlr-20260723x8k.htm,https://www.sec.gov/Archives/edgar/data/1297996/000110465926086270/dlr-20260723x8k.htm,e8043717acaa2500f804697a9c5102320622bf8812a47c7f36c0370bad76a6b4,yes,no,high,yes,yes
2026-09-01T15:47:36-04:00,2026-09-01,DLR,1297996,8-K,2026-07-01,0001193125-26-292577,"3.03,8.01,9.01",d332992d8k.htm,https://www.sec.gov/Archives/edgar/data/1297996/000119312526292577/d332992d8k.htm,0861b1413da52edc78c38c8f36eecd20726f458647a6f88fee3a797bdc4165d9,yes,no,high,yes,yes
2026-09-01T15:47:36-04:00,2026-09-01,DLR,1297996,8-K,2026-06-29,0001193125-26-288761,"3.02,7.01,8.01,9.01",d100507d8k.htm,https://www.sec.gov/Archives/edgar/data/1297996/000119312526288761/d100507d8k.htm,27672807461cd0981c7b08575fbc76ba5d6a339416fa481bac82f42679237170,yes,no,high,yes,yes
2026-09-01T15:47:36-04:00,2026-09-01,DLR,1297996,8-K,2026-06-22,0001193125-26-276844,"3.02,7.01,8.01,9.01",d50837d8k.htm,https://www.sec.gov/Archives/edgar/data/1297996/000119312526276844/d50837d8k.htm,b219df49c63ce67e45893edc6dee21df59e53833a8843ddec93a0bc3546a961d,yes,no,high,yes,yes
2026-09-01T15:47:36-04:00,2026-09-01,DLR,1297996,8-K,2026-06-01,0001104659-26-068907,5.07,dlr-20260529x8k.htm,https://www.sec.gov/Archives/edgar/data/1297996/000110465926068907/dlr-20260529x8k.htm,68bc63773d501d49822667ddb88c8bcebfcd95de0984301a96e88f0b10c11330,yes,no,medium,no,no
2026-09-01T15:47:36-04:00,2026-09-01,DLR,1297996,8-K,2026-05-04,0001193125-26-202581,"8.01,9.01",d140571d8k.htm,https://www.sec.gov/Archives/edgar/data/1297996/000119312526202581/d140571d8k.htm,93ef1a9a8543b29b42b9977c427362bddea01fb42d51be61b32263a78b8d5950,yes,no,high,yes,yes
2026-09-01T15:47:36-04:00,2026-09-01,DLR,1297996,424B5,2026-05-04,0001193125-26-202555,,d70446d424b5.htm,https://www.sec.gov/Archives/edgar/data/1297996/000119312526202555/d70446d424b5.htm,7024b34b4bd9e56158b1e7ca47baa5e7b2d0aee1b6c4776482461c0f15e28864,yes,no,high,yes,yes
2026-09-01T15:47:36-04:00,2026-09-01,DLR,1297996,10-Q,2026-05-01,0001104659-26-054255,,dlr-20260331x10q.htm,https://www.sec.gov/Archives/edgar/data/1297996/000110465926054255/dlr-20260331x10q.htm,7d8083dec453c17b5357565154ff382db260e1a0f03dda2334a6cb76d4bce52b,yes,no,high,yes,yes
2026-09-01T15:47:36-04:00,2026-09-01,DLR,1297996,8-K,2026-04-23,0001104659-26-047702,"2.02,7.01,9.01",dlr-20260423x8k.htm,https://www.sec.gov/Archives/edgar/data/1297996/000110465926047702/dlr-20260423x8k.htm,75aa3d761d05e466e6e4847a70f828a2f17164a33761264b32590f3ab85b99aa,yes,no,high,yes,yes
2026-09-01T15:47:36-04:00,2026-09-01,DLR,1297996,DEF 14A,2026-04-17,0001308179-26-000296,,dlr015307-def14a.htm,https://www.sec.gov/Archives/edgar/data/1297996/000130817926000296/dlr015307-def14a.htm,3c4afc7f00ee6e1f27b5f21d6093566d962e875b3babb498dac1863661814641,yes,no,medium,yes,yes
2026-09-01T15:47:36-04:00,2026-09-01,DLR,1297996,8-K,2026-02-17,0001193125-26-053164,"8.01,9.01",d112316d8k.htm,https://www.sec.gov/Archives/edgar/data/1297996/000119312526053164/d112316d8k.htm,f61de505ceac7ebbba91ba7e99cb0ecab90e87a1e4181310edf52f3b08b09278,yes,no,high,yes,yes
2026-09-01T15:47:36-04:00,2026-09-01,DLR,1297996,424B5,2026-02-17,0001193125-26-053152,,d107653d424b5.htm,https://www.sec.gov/Archives/edgar/data/1297996/000119312526053152/d107653d424b5.htm,47a56fc5c347736c3d2cc7f247238cce6e0a061a2323ffaa880481b39ab77ad1,yes,no,high,yes,yes
2026-09-01T15:47:36-04:00,2026-09-01,DLR,1297996,S-3ASR,2026-02-17,0001193125-26-052892,,d107392ds3asr.htm,https://www.sec.gov/Archives/edgar/data/1297996/000119312526052892/d107392ds3asr.htm,be34784a55b25da3621347e83d71558d0ab8353424a810528c481303b93f3bb0,yes,no,high,yes,yes
2026-09-01T15:47:36-04:00,2026-09-01,DLR,1297996,10-K,2026-02-13,0001104659-26-015365,,dlr-20251231x10k.htm,https://www.sec.gov/Archives/edgar/data/1297996/000110465926015365/dlr-20251231x10k.htm,9e82175cbd96ee36abc415aa7698bf1ce3bd8eff3c98a174785b1ec4cf59ad1e,yes,no,high,yes,yes
2026-09-01T15:47:36-04:00,2026-09-01,DLR,1297996,8-K,2026-02-05,0001104659-26-010887,"2.02,7.01,9.01",dlr-20260205x8k.htm,https://www.sec.gov/Archives/edgar/data/1297996/000110465926010887/dlr-20260205x8k.htm,3fbb5b76b7f580363cd6bde0cef06d3162bc3c580e2d008479a43e3634d3149a,yes,no,high,yes,yes
2026-09-01T15:47:36-04:00,2026-09-01,DLR,1297996,8-K,2025-12-15,0001104659-25-121124,5.02,dlr-20251215x8k.htm,https://www.sec.gov/Archives/edgar/data/1297996/000110465925121124/dlr-20251215x8k.htm,0bc35437fecc49a7197ba8e2385cf3b245092be2a7cdf9c99514d573def72fec,yes,no,high,yes,yes
2026-09-01T15:47:36-04:00,2026-09-01,DLR,1297996,8-K,2025-12-03,0001193125-25-306874,"8.01,9.01",d92708d8k.htm,https://www.sec.gov/Archives/edgar/data/1297996/000119312525306874/d92708d8k.htm,aaaed604f950b1dec7076018265405b2752dd3cd673ca0a7b185c8ea03010d65,yes,no,high,yes,yes
2026-09-01T15:47:36-04:00,2026-09-01,DLR,1297996,8-K,2025-11-21,0001193125-25-290086,"1.01,2.03,9.01",d30418d8k.htm,https://www.sec.gov/Archives/edgar/data/1297996/000119312525290086/d30418d8k.htm,764de4c393ef31359f633d0d58b7e426a1e672b5105ed1315c681f03c8300e98,yes,no,high,yes,yes
2026-09-01T15:47:36-04:00,2026-09-01,DLR,1297996,8-K,2025-11-12,0001193125-25-277980,"7.01,8.01,9.01",d822833d8k.htm,https://www.sec.gov/Archives/edgar/data/1297996/000119312525277980/d822833d8k.htm,b2842fb63f7da8a9257ce8c1dd348b278ce3f2dd753149474abb7641c3a6520b,yes,no,high,yes,yes
2026-09-01T15:47:36-04:00,2026-09-01,DLR,1297996,8-K,2025-11-12,0001193125-25-275615,8.01,d170696d8k.htm,https://www.sec.gov/Archives/edgar/data/1297996/000119312525275615/d170696d8k.htm,4b1ee73d5c435f40575623de19aff30b2db99f1b115e89ce5403e2ab889e61f5,yes,no,high,yes,yes
2026-09-01T15:47:36-04:00,2026-09-01,DLR,1297996,10-Q,2025-10-31,0001104659-25-104945,,dlr-20250930x10q.htm,https://www.sec.gov/Archives/edgar/data/1297996/000110465925104945/dlr-20250930x10q.htm,dc013bbf65080a2d4e1205e828b314c1dffbe3255e6a373a30c468dcf281387b,yes,no,high,yes,yes
2026-09-01T15:47:36-04:00,2026-09-01,DLR,1297996,8-K,2025-10-23,0001104659-25-101827,"2.02,7.01,9.01",dlr-20251023x8k.htm,https://www.sec.gov/Archives/edgar/data/1297996/000110465925101827/dlr-20251023x8k.htm,07e6bcff8be9864306090595b509ae20d06cd0b5a874cdc833000eabe381baae,yes,no,high,yes,yes
2026-09-01T15:47:36-04:00,2026-09-01,DLR,1297996,8-K,2025-08-28,0001558370-25-011812,5.02,dlr-20250827x8k.htm,https://www.sec.gov/Archives/edgar/data/1297996/000155837025011812/dlr-20250827x8k.htm,12f815cce944d2a711eb9275d221fe29dfa881f7164dd6e9a15b8e8bd932fcbd,yes,no,high,yes,yes
2026-09-01T15:47:36-04:00,2026-09-01,DLR,1297996,10-Q,2025-08-01,0001558370-25-009991,,dlr-20250630x10q.htm,https://www.sec.gov/Archives/edgar/data/1297996/000155837025009991/dlr-20250630x10q.htm,6252275623c59dd36abcef3f360617d13731f146b51461efd4f6252270f12cd9,yes,no,high,yes,yes
2026-09-01T15:47:36-04:00,2026-09-01,DLR,1297996,8-K,2025-07-24,0001558370-25-009543,"2.02,7.01,9.01",dlr-20250724x8k.htm,https://www.sec.gov/Archives/edgar/data/1297996/000155837025009543/dlr-20250724x8k.htm,2fbe9daabd176e5f751fc9db5e42f7190bf3d36e6ab39f1307ff9cae646d8ba7,yes,no,high,yes,yes
2026-09-01T15:47:36-04:00,2026-09-01,DLR,1297996,8-K,2025-06-25,0001193125-25-147007,"1.01,2.03,9.01",d96129d8k.htm,https://www.sec.gov/Archives/edgar/data/1297996/000119312525147007/d96129d8k.htm,1bb53b0d621c1a51c9c36da5237edd34f5f74caf1bc25200ca456cda7906fa05,yes,no,high,yes,yes
2026-09-01T15:47:36-04:00,2026-09-01,DLR,1297996,8-K,2025-06-17,0001193125-25-142127,"7.01,8.01,9.01",d50111d8k.htm,https://www.sec.gov/Archives/edgar/data/1297996/000119312525142127/d50111d8k.htm,b4f57bdec9f6626070416409edbe01228f31abb7b6088137f0ea30ac4e3fc3be,yes,no,high,yes,yes
2026-09-01T15:47:36-04:00,2026-09-01,DLR,1297996,8-K,2025-06-17,0001193125-25-141708,8.01,d70062d8k.htm,https://www.sec.gov/Archives/edgar/data/1297996/000119312525141708/d70062d8k.htm,60a01d1eb20b01e5de587e51a5a88210df01eaea1df5e68b47b4cb42747aeb78,yes,no,high,yes,yes
2026-09-01T15:47:36-04:00,2026-09-01,DLR,1297996,8-K,2025-06-10,0001558370-25-008511,5.07,dlr-20250606x8k.htm,https://www.sec.gov/Archives/edgar/data/1297996/000155837025008511/dlr-20250606x8k.htm,9d170c90d16e0fcb10fad6869e0a27d1e5332b04ca83660545f6b95405030dda,yes,no,medium,no,no
2026-09-01T15:47:36-04:00,2026-09-01,DLR,1297996,10-Q,2025-05-01,0001558370-25-006125,,dlr-20250331x10q.htm,https://www.sec.gov/Archives/edgar/data/1297996/000155837025006125/dlr-20250331x10q.htm,1059af5e1326f84675588f2d5b027ebe7c19be89ce639ef5fc58ff1d95838c85,yes,no,high,yes,yes
2026-09-01T15:47:36-04:00,2026-09-01,DLR,1297996,DEF 14A,2025-04-25,0001308179-25-000509,,dlr000000-def14a.htm,https://www.sec.gov/Archives/edgar/data/1297996/000130817925000509/dlr000000-def14a.htm,84e106b0ed0d88156e374b824598af161369ca4c836e6e55aad339ebad026aaf,yes,no,medium,yes,yes
2026-09-01T15:47:36-04:00,2026-09-01,DLR,1297996,8-K,2025-04-24,0001558370-25-005434,"2.02,7.01,9.01",dlr-20250424x8k.htm,https://www.sec.gov/Archives/edgar/data/1297996/000155837025005434/dlr-20250424x8k.htm,0dcb25465a067ba8753ffc09b66b4027911c1e9bf5c44fce559dbc70622c8383,yes,no,high,yes,yes
2026-09-01T15:47:36-04:00,2026-09-01,DLR,1297996,S-3,2025-04-07,0001193125-25-074736,,d933924ds3.htm,https://www.sec.gov/Archives/edgar/data/1297996/000119312525074736/d933924ds3.htm,befd2f42d3ac1949cdb3265bc8077ba33efa7dcf243cf13fbf8b34fa96014a85,yes,no,high,yes,yes
2026-09-01T15:47:36-04:00,2026-09-01,DLR,1297996,10-K,2025-02-25,0001558370-25-001424,,dlr-20241231x10k.htm,https://www.sec.gov/Archives/edgar/data/1297996/000155837025001424/dlr-20241231x10k.htm,f287a78c0998f9930a8af270c608048a797f9a10a307e683badc6f4ae8b6d849,yes,no,high,yes,yes
2026-09-01T15:47:36-04:00,2026-09-01,DLR,1297996,8-K,2025-02-13,0001558370-25-000945,"2.02,7.01,9.01",dlr-20250213x8k.htm,https://www.sec.gov/Archives/edgar/data/1297996/000155837025000945/dlr-20250213x8k.htm,bb5806bef6d7adec997ac5075275e284ce390eae49681499a56e7b3203955e2b,yes,no,high,yes,yes
2026-09-01T15:47:36-04:00,2026-09-01,DLR,1297996,8-K,2025-01-14,0001193125-25-006135,"1.01,2.03,9.01",d880266d8k.htm,https://www.sec.gov/Archives/edgar/data/1297996/000119312525006135/d880266d8k.htm,116cdabb3f2a54ae72f6554c9dee336751ae2a575273dee085079be8085b9e47,yes,no,high,yes,yes
2026-09-01T15:47:36-04:00,2026-09-01,DLR,1297996,8-K,2025-01-07,0001193125-25-002879,"7.01,8.01,9.01",d910362d8k.htm,https://www.sec.gov/Archives/edgar/data/1297996/000119312525002879/d910362d8k.htm,7804ac3bbd0bbe2d9c1204e9cd2211971519fce6669fedc02b0317903bc171f0,yes,no,high,yes,yes
2026-09-01T15:47:36-04:00,2026-09-01,DLR,1297996,8-K,2025-01-07,0001193125-25-002530,8.01,d922413d8k.htm,https://www.sec.gov/Archives/edgar/data/1297996/000119312525002530/d922413d8k.htm,54f64ba3fb99b31d8a29f15cf7c4c32c8ce96dd2aa1f1c1b56d07f5eb3043cf9,yes,no,high,yes,yes
2026-09-01T15:47:36-04:00,2026-09-01,DLR,1297996,8-K,2024-12-23,0001193125-24-284301,"5.03,8.01,9.01",d905387d8k.htm,https://www.sec.gov/Archives/edgar/data/1297996/000119312524284301/d905387d8k.htm,0bb22fc04b39991be93f3c23b9a13f8362f68e8a2ac00e333fcc7bdeeb2c1651,yes,no,high,yes,yes
2026-09-01T15:47:36-04:00,2026-09-01,DLR,1297996,424B5,2024-12-23,0001193125-24-284281,,d881919d424b5.htm,https://www.sec.gov/Archives/edgar/data/1297996/000119312524284281/d881919d424b5.htm,132b629835d023aca27783ee41d3d9c727e3109c567edc72fdd30a89f36578e8,yes,no,high,yes,yes
2026-09-01T15:47:36-04:00,2026-09-01,DLR,1297996,8-K,2024-11-12,0001193125-24-255912,"1.01,2.03,3.02,9.01",d883775d8k.htm,https://www.sec.gov/Archives/edgar/data/1297996/000119312524255912/d883775d8k.htm,62021af9f51ab4032476f3df2769166de1ef6bb7a5a1eac8b455335e3e79e0dd,yes,no,high,yes,yes
2026-09-01T15:47:36-04:00,2026-09-01,DLR,1297996,8-K,2024-11-07,0001193125-24-252541,"8.01,9.01",d867264d8k.htm,https://www.sec.gov/Archives/edgar/data/1297996/000119312524252541/d867264d8k.htm,b4fa1390acd1b64b43749e84151c05ec15894b5f16a1c797d23f061a7603e5ef,yes,no,high,yes,yes
2026-09-01T15:47:36-04:00,2026-09-01,DLR,1297996,10-Q,2024-11-01,0001558370-24-014149,,dlr-20240930x10q.htm,https://www.sec.gov/Archives/edgar/data/1297996/000155837024014149/dlr-20240930x10q.htm,ace5ed784e58dbff94066ce05b188bb66266f8f9c95daff144e1310afb43be63,yes,no,high,yes,yes
2026-09-01T15:47:36-04:00,2026-09-01,DLR,1297996,8-K,2024-10-24,0001558370-24-013620,"2.02,7.01,9.01",dlr-20241024x8k.htm,https://www.sec.gov/Archives/edgar/data/1297996/000155837024013620/dlr-20241024x8k.htm,0356b1f390512fa052a8b3912da232eda15e2a118608aa3a9036fb42a72483df,yes,no,high,yes,yes
2026-09-01T15:47:36-04:00,2026-09-01,DLR,1297996,8-K,2024-09-30,0001193125-24-228400,"1.01,2.03",d852831d8k.htm,https://www.sec.gov/Archives/edgar/data/1297996/000119312524228400/d852831d8k.htm,6ab1bbe3c6730a9d0628c81eeb2acef297c44d5290eae374a491f6ab62c2ad45,yes,no,high,yes,yes
2026-09-01T15:47:36-04:00,2026-09-01,DLR,1297996,8-K,2024-09-13,0001193125-24-218873,"1.01,2.03,9.01",d855313d8k.htm,https://www.sec.gov/Archives/edgar/data/1297996/000119312524218873/d855313d8k.htm,1529953499c8f09da9a0e60a9165f48630b60df0aa51bedd747508311db0af76,yes,no,high,yes,yes
2026-09-01T15:47:36-04:00,2026-09-01,DLR,1297996,8-K,2024-09-09,0001193125-24-215943,"7.01,8.01,9.01",d896673d8k.htm,https://www.sec.gov/Archives/edgar/data/1297996/000119312524215943/d896673d8k.htm,ded0694b0bd763ab04521593e8a8484facd50bd7992711bdc6fbf191115619dd,yes,no,high,yes,yes
2026-09-01T15:47:36-04:00,2026-09-01,DLR,1297996,8-K,2024-09-09,0001193125-24-215434,8.01,d842941d8k.htm,https://www.sec.gov/Archives/edgar/data/1297996/000119312524215434/d842941d8k.htm,b1d8aef51b1f2b94cbecd97e5e66fbbb2f41399facebbdc34322b02e1c05fe67,yes,no,high,yes,yes
2026-09-01T15:47:36-04:00,2026-09-01,NVDA,1045810,10-Q,2026-08-26,0001045810-26-000075,,nvda-20260726.htm,https://www.sec.gov/Archives/edgar/data/1045810/000104581026000075/nvda-20260726.htm,21cef101b327aa48c1914e9739c7248595ee96e8464e3e80fb490241615f0dc1,yes,no,high,yes,yes
2026-09-01T15:47:36-04:00,2026-09-01,NVDA,1045810,8-K,2026-08-26,0001045810-26-000073,"2.02,9.01",nvda-20260826.htm,https://www.sec.gov/Archives/edgar/data/1045810/000104581026000073/nvda-20260826.htm,36ba0eed7622dbfdb38d8f41dfe0391c1de0289d15fc57e09d0bdf8f2fd3b2d2,yes,no,high,yes,yes
2026-09-01T15:47:36-04:00,2026-09-01,NVDA,1045810,8-K,2026-08-17,0001045810-26-000069,"1.01,2.03,7.01",nvda-20260817.htm,https://www.sec.gov/Archives/edgar/data/1045810/000104581026000069/nvda-20260817.htm,a387736ed150676e2f0239e834c31610b65b5aa752f141b37694c642c01f58b7,yes,no,high,yes,yes
2026-09-01T15:47:36-04:00,2026-09-01,NVDA,1045810,8-K,2026-07-02,0001045810-26-000060,5.02,nvda-20260628.htm,https://www.sec.gov/Archives/edgar/data/1045810/000104581026000060/nvda-20260628.htm,5ed6b055933a1d86fd55e0e9f7af04cf28803ec90eb5e4f8e4456a2dcc1dbcb6,yes,no,high,yes,yes
2026-09-01T15:47:36-04:00,2026-09-01,NVDA,1045810,8-K,2026-06-30,0001045810-26-000056,5.07,nvda-20260624.htm,https://www.sec.gov/Archives/edgar/data/1045810/000104581026000056/nvda-20260624.htm,29c3eb0cc7584e73d0a1af8789b49b9d8a26874919939a487d10824e753afec3,yes,no,medium,no,no
2026-09-01T15:47:36-04:00,2026-09-01,NVDA,1045810,8-K,2026-06-18,0001193125-26-275783,"8.01,9.01",d48176d8k.htm,https://www.sec.gov/Archives/edgar/data/1045810/000119312526275783/d48176d8k.htm,c00734da2ae54fe2d8dcc1e93b1eac6d14bc7590fea132ff6b427ab8e5ae4780,yes,no,high,yes,yes
2026-09-01T15:47:36-04:00,2026-09-01,NVDA,1045810,424B5,2026-06-17,0001193125-26-273139,,d118718d424b5.htm,https://www.sec.gov/Archives/edgar/data/1045810/000119312526273139/d118718d424b5.htm,20e1c4e152e6f402ce407db257af74618b37cc03624d32ae424bdc395ab24732,yes,no,high,yes,yes
2026-09-01T15:47:36-04:00,2026-09-01,NVDA,1045810,424B5,2026-06-15,0001193125-26-270302,,d118718d424b5.htm,https://www.sec.gov/Archives/edgar/data/1045810/000119312526270302/d118718d424b5.htm,3d2f2dcfa1114fd661aef1bef681130b4125b94b2b114d609c24a9449eb12831,yes,no,high,yes,yes
2026-09-01T15:47:36-04:00,2026-09-01,NVDA,1045810,10-Q,2026-05-20,0001045810-26-000052,,nvda-20260426.htm,https://www.sec.gov/Archives/edgar/data/1045810/000104581026000052/nvda-20260426.htm,5e3038f26f3c6bd5aefbb081c0b4d3e0e4d8b17c6519e5ec6f96d3fc2968c690,yes,no,high,yes,yes
2026-09-01T15:47:36-04:00,2026-09-01,NVDA,1045810,8-K,2026-05-20,0001045810-26-000051,"2.02,9.01",nvda-20260520.htm,https://www.sec.gov/Archives/edgar/data/1045810/000104581026000051/nvda-20260520.htm,ac8f9282c42561ec54f6716277756c36358cca585b46949f325f0f15bd201aa3,yes,no,high,yes,yes
2026-09-01T15:47:36-04:00,2026-09-01,NVDA,1045810,DEF 14A,2026-05-12,0001045810-26-000036,,nvda-20260512.htm,https://www.sec.gov/Archives/edgar/data/1045810/000104581026000036/nvda-20260512.htm,9e3c23395591667432d8bf96f37ca90a3bd59c9c644260e71677ac68b2131cff,yes,no,medium,yes,yes
2026-09-01T15:47:36-04:00,2026-09-01,NVDA,1045810,8-K,2026-05-08,0001045810-26-000028,5.02,nvda-20260507.htm,https://www.sec.gov/Archives/edgar/data/1045810/000104581026000028/nvda-20260507.htm,9d9abc42d0e341284dd8f8d900fab0f2030e33877899be6aa55083d22af6a6f8,yes,no,high,yes,yes
2026-09-01T15:47:36-04:00,2026-09-01,NVDA,1045810,8-K,2026-04-27,0001045810-26-000026,5.02,nvda-20260424.htm,https://www.sec.gov/Archives/edgar/data/1045810/000104581026000026/nvda-20260424.htm,3f8199ae7c695a98455fc3f03688682c7477513101d649ace6901397f130b58a,yes,no,high,yes,yes
2026-09-01T15:47:36-04:00,2026-09-01,NVDA,1045810,8-K,2026-03-06,0001045810-26-000024,"5.02,9.01",nvda-20260302.htm,https://www.sec.gov/Archives/edgar/data/1045810/000104581026000024/nvda-20260302.htm,3d5325ec356885c7e07d26ea413ce272d7baeb6a1d10f6c5888f0090d2ded657,yes,no,high,yes,yes
2026-09-01T15:47:36-04:00,2026-09-01,NVDA,1045810,10-K,2026-02-25,0001045810-26-000021,,nvda-20260125.htm,https://www.sec.gov/Archives/edgar/data/1045810/000104581026000021/nvda-20260125.htm,be78e0bc6fa311ff6bc2721201a3af9108779a2c74ba9a4620c0080ba54d8b4e,yes,no,high,yes,yes
2026-09-01T15:47:36-04:00,2026-09-01,NVDA,1045810,8-K,2026-02-25,0001045810-26-000019,"2.02,9.01",nvda-20260225.htm,https://www.sec.gov/Archives/edgar/data/1045810/000104581026000019/nvda-20260225.htm,3697285a3fcdcec965949b47cc422d06c190c57489c8cb164c3dd5d5505c0bed,yes,no,high,yes,yes
2026-09-01T15:47:36-04:00,2026-09-01,NVDA,1045810,8-K,2026-01-23,0001045810-26-000003,5.02,nvda-20260120.htm,https://www.sec.gov/Archives/edgar/data/1045810/000104581026000003/nvda-20260120.htm,87fd9108e6a5de011837f7a8b69f5caca8abd026c0b1d5556c4352e160614cd5,yes,no,high,yes,yes
2026-09-01T15:47:36-04:00,2026-09-01,NVDA,1045810,10-Q,2025-11-19,0001045810-25-000230,,nvda-20251026.htm,https://www.sec.gov/Archives/edgar/data/1045810/000104581025000230/nvda-20251026.htm,9d203f3fa721b9e42d46085876562dfd9996a05a38825911db4bb28b74eab0c9,yes,no,high,yes,yes
2026-09-01T15:47:36-04:00,2026-09-01,NVDA,1045810,8-K,2025-11-19,0001045810-25-000228,"2.02,9.01",nvda-20251119.htm,https://www.sec.gov/Archives/edgar/data/1045810/000104581025000228/nvda-20251119.htm,eab037d8b04e9a78611720df3ec2463dc44f8ac01909d7d2d784ba5973fb9706,yes,no,high,yes,yes
2026-09-01T15:47:36-04:00,2026-09-01,NVDA,1045810,10-Q,2025-08-27,0001045810-25-000209,,nvda-20250727.htm,https://www.sec.gov/Archives/edgar/data/1045810/000104581025000209/nvda-20250727.htm,3e0fd5f33ee4cf0a678e244117d54b68d287deeec53636713a895f902e512960,yes,no,high,yes,yes
2026-09-01T15:47:36-04:00,2026-09-01,NVDA,1045810,8-K,2025-08-27,0001045810-25-000207,"2.02,9.01",nvda-20250827.htm,https://www.sec.gov/Archives/edgar/data/1045810/000104581025000207/nvda-20250827.htm,835a8bce95b2fd36f415fd9711e2ba341d574f6d6c5a8051f2119eceb5cba532,yes,no,high,yes,yes
2026-09-01T15:47:36-04:00,2026-09-01,NVDA,1045810,8-K,2025-08-05,0001045810-25-000197,5.02,nvda-20250731.htm,https://www.sec.gov/Archives/edgar/data/1045810/000104581025000197/nvda-20250731.htm,5b74354985df61175c537007595803d901a1146a757d0bd6e5ac81c0b2068708,yes,no,high,yes,yes
2026-09-01T15:47:36-04:00,2026-09-01,NVDA,1045810,8-K,2025-07-01,0001045810-25-000179,5.07,nvda-20250625.htm,https://www.sec.gov/Archives/edgar/data/1045810/000104581025000179/nvda-20250625.htm,cfac765549969bcf9ba161e47db7f63a18ea2a015fdda97bafd7b5e76be6dcc1,yes,no,medium,no,no
2026-09-01T15:47:36-04:00,2026-09-01,NVDA,1045810,S-3ASR,2025-05-28,0001045810-25-000118,,forms-arsmay2025.htm,https://www.sec.gov/Archives/edgar/data/1045810/000104581025000118/forms-arsmay2025.htm,66b6c2fb654c18934a63c330b7411cd871433e5c99a7b5a38f62da39aa8ff641,yes,no,high,yes,yes
2026-09-01T15:47:36-04:00,2026-09-01,NVDA,1045810,10-Q,2025-05-28,0001045810-25-000116,,nvda-20250427.htm,https://www.sec.gov/Archives/edgar/data/1045810/000104581025000116/nvda-20250427.htm,4583689586f528f7dbaabbf035ac6915dd57390e490d6c2bd64d7032c7aa86ed,yes,no,high,yes,yes
2026-09-01T15:47:36-04:00,2026-09-01,NVDA,1045810,8-K,2025-05-28,0001045810-25-000115,"2.02,9.01",nvda-20250528.htm,https://www.sec.gov/Archives/edgar/data/1045810/000104581025000115/nvda-20250528.htm,dc98ff69868a109911427a53049e47c8efc047a8078b0453b2c81ccdc3376b52,yes,no,high,yes,yes
2026-09-01T15:47:36-04:00,2026-09-01,NVDA,1045810,DEF 14A,2025-05-13,0001045810-25-000095,,nvda-20250512.htm,https://www.sec.gov/Archives/edgar/data/1045810/000104581025000095/nvda-20250512.htm,5841945e73dcf0a6a3e76d898b5549fcba42d143cfdf4920c51e5055fa3b4805,yes,no,medium,yes,yes
2026-09-01T15:47:36-04:00,2026-09-01,NVDA,1045810,8-K,2025-04-15,0001045810-25-000082,8.01,nvda-20250409.htm,https://www.sec.gov/Archives/edgar/data/1045810/000104581025000082/nvda-20250409.htm,d7559d9a41615f0fa60491baf7c797736bbfc8c838f1633ecd77e4e2f0260795,yes,no,high,yes,yes
2026-09-01T15:47:36-04:00,2026-09-01,NVDA,1045810,8-K,2025-03-07,0001045810-25-000039,5.02,nvda-20250303.htm,https://www.sec.gov/Archives/edgar/data/1045810/000104581025000039/nvda-20250303.htm,59b4e122d4141fc153f7daebfac01509414e6a45c5b0d85016ee8611c0fe20da,yes,no,high,yes,yes
2026-09-01T15:47:36-04:00,2026-09-01,NVDA,1045810,10-K,2025-02-26,0001045810-25-000023,,nvda-20250126.htm,https://www.sec.gov/Archives/edgar/data/1045810/000104581025000023/nvda-20250126.htm,21d29ead1f511cf04b6b12ddb3f740410aedea828fb1a48aba974be63fc61a49,yes,no,high,yes,yes
2026-09-01T15:47:36-04:00,2026-09-01,NVDA,1045810,8-K,2025-02-26,0001045810-25-000021,"2.02,9.01",nvda-20250226.htm,https://www.sec.gov/Archives/edgar/data/1045810/000104581025000021/nvda-20250226.htm,e03fd021b6774b4ae0fe3919a522c85bb59d595cf9bb14fd15876e5cdf04f97a,yes,no,high,yes,yes
2026-09-01T15:47:36-04:00,2026-09-01,NVDA,1045810,8-K,2025-01-17,0001045810-25-000007,8.01,nvda-20250113.htm,https://www.sec.gov/Archives/edgar/data/1045810/000104581025000007/nvda-20250113.htm,1909c2630c5f7a873e70577f5c612b11197f79d24d83b472c5aee27275360db1,yes,no,high,yes,yes
2026-09-01T15:47:36-04:00,2026-09-01,NVDA,1045810,10-Q,2024-11-20,0001045810-24-000316,,nvda-20241027.htm,https://www.sec.gov/Archives/edgar/data/1045810/000104581024000316/nvda-20241027.htm,8503839f8de23bb53d2ad25a9990a276fa26023a1a8a2667c4a7328fc75399e2,yes,no,high,yes,yes
2026-09-01T15:47:36-04:00,2026-09-01,NVDA,1045810,8-K,2024-11-20,0001045810-24-000315,"2.02,9.01",nvda-20241120.htm,https://www.sec.gov/Archives/edgar/data/1045810/000104581024000315/nvda-20241120.htm,5e6060ba8372e1cac8ac86b211064c82e4d397511968dc3b9cb96709c9d8acdd,yes,no,high,yes,yes
2026-09-01T15:47:36-04:00,2026-09-01,NVDA,1045810,8-K,2024-11-07,0001045810-24-000300,5.02,nvda-20241107.htm,https://www.sec.gov/Archives/edgar/data/1045810/000104581024000300/nvda-20241107.htm,3da6528835e94af2eddb4c0cecfa533f28016800aab93deb08f3f713d2e73364,yes,no,high,yes,yes
2026-09-01T15:47:36-04:00,2026-09-01,ZS,1713683,10-Q,2026-05-26,0001713683-26-000096,,zs-20260430.htm,https://www.sec.gov/Archives/edgar/data/1713683/000171368326000096/zs-20260430.htm,40a893fb2eefaec531c5d3db26d7f0973644b0ba4b81604d350f2ee079ec69ad,yes,no,high,yes,yes
2026-09-01T15:47:36-04:00,2026-09-01,ZS,1713683,8-K,2026-05-26,0001713683-26-000095,"2.02,9.01",zs-20260526.htm,https://www.sec.gov/Archives/edgar/data/1713683/000171368326000095/zs-20260526.htm,9398106bc0364965b5578f35382171a681d5870052bf0809e93ff4476f8cc5aa,yes,no,high,yes,yes
2026-09-01T15:47:36-04:00,2026-09-01,ZS,1713683,8-K,2026-04-16,0001713683-26-000082,5.02,zs-20260415.htm,https://www.sec.gov/Archives/edgar/data/1713683/000171368326000082/zs-20260415.htm,7a25200e891f1288f1f6ba078008ea5cf39baefbe01be75d75d629b51546ab41,yes,no,high,yes,yes
2026-09-01T15:47:36-04:00,2026-09-01,ZS,1713683,10-Q,2026-02-26,0001713683-26-000048,,zs-20260131.htm,https://www.sec.gov/Archives/edgar/data/1713683/000171368326000048/zs-20260131.htm,acddd7ca24bf2c979b3fc6fdca2367f1b1f1c3eb6f29e9724d8ede8ab55c51a7,yes,no,high,yes,yes
2026-09-01T15:47:36-04:00,2026-09-01,ZS,1713683,8-K,2026-02-26,0001713683-26-000047,"2.02,9.01",zs-20260226.htm,https://www.sec.gov/Archives/edgar/data/1713683/000171368326000047/zs-20260226.htm,b7adbe8d947f86d1646e1130633af701cddde3003e4a6ccdf65e87fd7b90a35f,yes,no,high,yes,yes
2026-09-01T15:47:36-04:00,2026-09-01,ZS,1713683,8-K,2026-01-15,0001713683-26-000031,5.07,zs-20260112.htm,https://www.sec.gov/Archives/edgar/data/1713683/000171368326000031/zs-20260112.htm,7acd90b5946116d32784e322ce79a3624ec8d85bd48dc2be1b6ad3331a42d120,yes,no,medium,no,no
2026-09-01T15:47:36-04:00,2026-09-01,ZS,1713683,10-Q,2025-11-25,0001713683-25-000205,,zs-20251031.htm,https://www.sec.gov/Archives/edgar/data/1713683/000171368325000205/zs-20251031.htm,d5e4af78ebe4aea5b257f599852e334f23c61851a33761ff12ca155d1029c408,yes,no,high,yes,yes
2026-09-01T15:47:36-04:00,2026-09-01,ZS,1713683,8-K,2025-11-25,0001713683-25-000203,"2.02,9.01",zs-20251125.htm,https://www.sec.gov/Archives/edgar/data/1713683/000171368325000203/zs-20251125.htm,0f73db985e4a064d8420b5e1ccfc6cd71a2568e13dc058ade9c9a4fc323925b8,yes,no,high,yes,yes
2026-09-01T15:47:36-04:00,2026-09-01,ZS,1713683,DEF 14A,2025-11-21,0001713683-25-000198,,zs-20251121.htm,https://www.sec.gov/Archives/edgar/data/1713683/000171368325000198/zs-20251121.htm,302d6b138252205ebdd8a0b1a357bbc6e2be35afbaf7d7250f0ea46432bd30c4,yes,no,medium,yes,yes
2026-09-01T15:47:36-04:00,2026-09-01,ZS,1713683,10-K,2025-09-11,0001713683-25-000158,,zs-20250731.htm,https://www.sec.gov/Archives/edgar/data/1713683/000171368325000158/zs-20250731.htm,010ff7b8102168e30c8c954e07df3aa5032fa4b48464b87044dd9387f28a7511,yes,no,high,yes,yes
2026-09-01T15:47:36-04:00,2026-09-01,ZS,1713683,8-K,2025-09-02,0001713683-25-000138,"2.02,9.01",zs-20250902.htm,https://www.sec.gov/Archives/edgar/data/1713683/000171368325000138/zs-20250902.htm,771f0ad6821409d0dcfe9928425fe394d588524e5fcd0026feb9ab12af34fcea,yes,no,high,yes,yes
2026-09-01T15:47:36-04:00,2026-09-01,ZS,1713683,8-K,2025-07-03,0001193125-25-155487,"1.01,2.03,3.02,8.01,9.01",d857852d8k.htm,https://www.sec.gov/Archives/edgar/data/1713683/000119312525155487/d857852d8k.htm,0298a0a0062276d4023b71e8836bfc9ae6f9e2131122d81d1752f32ce0ddd7de,yes,no,high,yes,yes
2026-09-01T15:47:36-04:00,2026-09-01,ZS,1713683,8-K,2025-06-23,0001713683-25-000133,5.02,zs-20250623.htm,https://www.sec.gov/Archives/edgar/data/1713683/000171368325000133/zs-20250623.htm,85ad1d68a3a7ba997336fc4c44ecd668be132a0d94077be092d5b35ee0db2f80,yes,no,high,yes,yes
2026-09-01T15:47:36-04:00,2026-09-01,ZS,1713683,8-K,2025-06-13,0001713683-25-000103,5.02,zs-20250609.htm,https://www.sec.gov/Archives/edgar/data/1713683/000171368325000103/zs-20250609.htm,da0091674565f8a565e33200ef55a1f649938a42df508f1a651354067d9745c6,yes,no,high,yes,yes
2026-09-01T15:47:36-04:00,2026-09-01,ZS,1713683,10-Q,2025-05-29,0001713683-25-000079,,zs-20250430.htm,https://www.sec.gov/Archives/edgar/data/1713683/000171368325000079/zs-20250430.htm,21c3cc824bef3d31d1d8eb42ec1045e8e112d44415b23a22628c5f0e8d1fbaa3,yes,no,high,yes,yes
2026-09-01T15:47:36-04:00,2026-09-01,ZS,1713683,8-K,2025-05-29,0001713683-25-000078,"2.02,5.02,9.01",zs-20250526.htm,https://www.sec.gov/Archives/edgar/data/1713683/000171368325000078/zs-20250526.htm,25d6ceaed1674d01d6ff307f001fa7c213a9e5e5a45dfe6355a961ff07278ce3,yes,no,high,yes,yes
2026-09-01T15:47:36-04:00,2026-09-01,ZS,1713683,8-K,2025-05-23,0001713683-25-000066,"5.02,9.01",zs-20250520.htm,https://www.sec.gov/Archives/edgar/data/1713683/000171368325000066/zs-20250520.htm,8e243e77625c2e0b0038d2eb7a7301a9b67333897897de4a3f702dc673e35680,yes,no,high,yes,yes
2026-09-01T15:47:36-04:00,2026-09-01,ZS,1713683,8-K,2025-05-05,0001713683-25-000057,"1.01,2.03",zs-20250429.htm,https://www.sec.gov/Archives/edgar/data/1713683/000171368325000057/zs-20250429.htm,a51738c4b842a2ceab7bab52f40e7b3ebea6f600ddc8aeb449a3cbfb09f003e6,yes,no,high,yes,yes
2026-09-01T15:47:36-04:00,2026-09-01,ZS,1713683,10-Q,2025-03-10,0001713683-25-000033,,zs-20250131.htm,https://www.sec.gov/Archives/edgar/data/1713683/000171368325000033/zs-20250131.htm,c9f2cba0237aa5fa0d7f5d272402b0d4e921f1a486d0df67f34bb3798a34db9f,yes,no,high,yes,yes
2026-09-01T15:47:36-04:00,2026-09-01,ZS,1713683,8-K,2025-03-05,0001713683-25-000025,"2.02,9.01",zs-20250305.htm,https://www.sec.gov/Archives/edgar/data/1713683/000171368325000025/zs-20250305.htm,30b860e58d58ca652e1943887148234448b8989bbe274c91bdaa13d0a79c86bf,yes,no,high,yes,yes
2026-09-01T15:47:36-04:00,2026-09-01,ZS,1713683,8-K,2025-01-15,0001713683-25-000020,"5.02,5.07",zs-20250110.htm,https://www.sec.gov/Archives/edgar/data/1713683/000171368325000020/zs-20250110.htm,b624d2cf54e1a971c31474ba043b841f6868ca01a9b25bf59964d79ce4ada0b0,yes,no,high,yes,yes
2026-09-01T15:47:36-04:00,2026-09-01,ZS,1713683,10-Q,2024-12-05,0001713683-24-000150,,zs-20241031.htm,https://www.sec.gov/Archives/edgar/data/1713683/000171368324000150/zs-20241031.htm,0e7be61ae2973625c77fe4a283916e451ab4484d8a14b43c7d9c95ed12ea357a,yes,no,high,yes,yes
2026-09-01T15:47:36-04:00,2026-09-01,ZS,1713683,8-K,2024-12-02,0001713683-24-000147,"5.02,9.01",zs-20241126.htm,https://www.sec.gov/Archives/edgar/data/1713683/000171368324000147/zs-20241126.htm,383fbe29e8c1cffa81cfe20d4f94cf849f712611ce9939f1db481ac45006329c,yes,no,high,yes,yes
2026-09-01T15:47:36-04:00,2026-09-01,ZS,1713683,8-K,2024-12-02,0001713683-24-000143,"2.02,9.01",zs-20241202.htm,https://www.sec.gov/Archives/edgar/data/1713683/000171368324000143/zs-20241202.htm,4895c1609b743431b4dfabe163d20ff7b8533ff7d7c4327fae0efed8c3121dde,yes,no,high,yes,yes
2026-09-01T15:47:36-04:00,2026-09-01,ZS,1713683,DEF 14A,2024-11-22,0001713683-24-000139,,zs-20241122.htm,https://www.sec.gov/Archives/edgar/data/1713683/000171368324000139/zs-20241122.htm,8692ef617f98aef8a60c668fe16c06cc6e0ff3b3a9372ce9485fb70136af62f2,yes,no,medium,yes,yes
2026-09-01T15:47:36-04:00,2026-09-01,ZS,1713683,10-K,2024-09-12,0001713683-24-000109,,zs-20240731.htm,https://www.sec.gov/Archives/edgar/data/1713683/000171368324000109/zs-20240731.htm,31a888039f8af3766f9456b3dff430a318591678bb5a9dc0db404821d4d11e25,yes,no,high,yes,yes
2026-09-01T15:47:36-04:00,2026-09-01,ZS,1713683,8-K,2024-09-03,0001713683-24-000097,"2.02,9.01",zs-20240903.htm,https://www.sec.gov/Archives/edgar/data/1713683/000171368324000097/zs-20240903.htm,c0d8f4cbdb5a5a968ef2fbdfa76c6f3b434835fcc6d3e4a2773b6c907b1272bf,yes,no,high,yes,yes
