directory,classification,purpose,owner,tracked_files,tracked_bytes,immediate_tracked_children,topology,authorship,currency,active_dependencies,scheduler_dependencies,test_dependencies,documentation_references,experiment_dependencies,recoverability,safe_move,safe_delete
.codex,ACTIVE_CONFIG,Graphify skill and hooks,Codex workflow,11,77851,hooks.json;skills,tracked plus possible ignored runtime,authored/source evidence plus runtime outputs,current,,,,,,HEAD 5b314a1d43c6dde7691a3d0eec24d011facb8fd7 for tracked files; private state not recoverable from Git,low for active/runtime/experiment paths; inspect individually,low / not proposed
.codex/skills,ACTIVE_CONFIG,Graphify skill and hooks,Codex workflow,10,77607,graphify,tracked plus possible ignored runtime,authored/source evidence plus runtime outputs,current,,,,,,HEAD 5b314a1d43c6dde7691a3d0eec24d011facb8fd7 for tracked files; private state not recoverable from Git,low for active/runtime/experiment paths; inspect individually,low / not proposed
.codex/skills/graphify,ACTIVE_CONFIG,Graphify skill and hooks,Codex workflow,10,77607,.graphify_version;SKILL.md;references,tracked plus possible ignored runtime,authored/source evidence plus runtime outputs,current,,,,,,HEAD 5b314a1d43c6dde7691a3d0eec24d011facb8fd7 for tracked files; private state not recoverable from Git,low for active/runtime/experiment paths; inspect individually,low / not proposed
.codex/skills/graphify/references,ACTIVE_CONFIG,Graphify skill and hooks,Codex workflow,8,39495,add-watch.md;exports.md;extraction-spec.md;github-and-merge.md;hooks.md;query.md;transcribe.md;update.md,tracked plus possible ignored runtime,authored/source evidence plus runtime outputs,current,,,,,,HEAD 5b314a1d43c6dde7691a3d0eec24d011facb8fd7 for tracked files; private state not recoverable from Git,low for active/runtime/experiment paths; inspect individually,low / not proposed
.pytest_cache,UNCERTAIN,Requires review,unassigned,0,0,,runtime-only,authored/source evidence plus runtime outputs,current,,,,,,HEAD 5b314a1d43c6dde7691a3d0eec24d011facb8fd7 for tracked files; private state not recoverable from Git,low for active/runtime/experiment paths; inspect individually,low / not proposed
.pytest_cache/v,UNCERTAIN,Requires review,unassigned,0,0,,runtime-only,authored/source evidence plus runtime outputs,current,,,,,,HEAD 5b314a1d43c6dde7691a3d0eec24d011facb8fd7 for tracked files; private state not recoverable from Git,low for active/runtime/experiment paths; inspect individually,low / not proposed
00_project_control,ACTIVE_DOCUMENTATION,"Maintained policies, state/config registries and operational guidance",workflow maintainers,47,353909,account_reconciliation_policy.md;account_state_policy.md;action_threshold_policy.md;active_decision_state.yaml;active_production_config.json;active_state_policy.md;ai_operating_decision.md;allowed_active_inputs.csv;analyst_followthrough.md;collector_timing_20260928.md;completion_gate.md;core_allocation_policy.md;current_documents.md;daily_decision_policy.md;daily_delivery_policy.md;daily_research_policy.md;dashboard_build_plan.md;dashboard_phase01_contract.md;deprecated_workflows.csv;dynamic_weight_policy.md;equity_naming_policy.md;execution_policy.md;full_universe_data_policy.md;issuer_news_continuity.md;long_horizon_research_policy.md;macbook_github_macmini_workflow.md;maintained_investment_workflow.md;momentum_integration_20260927.md;momentum_reproducibility.md;naming_migration_manifest_20260923.csv;objective_research_budget_20260928.md;owner_review_preferences.md;pipeline_repair_20260928.md;position_purpose_reassessment.md;price_guidance_policy.md;research_opportunity_architecture.md;research_working_agreement.md;return_objective_policy.md;ross_primary_research_20260927.md;ross_sources_20260927.json;sec_acceptance_index_extension_policy.md;shadow_llm_config.json;shadow_llm_evaluation_policy.md;stale_file_guard_report.csv;workflow_evaluation_policy.md;workflow_followthrough_20260927.md;workflow_improvement_plan_20260920.md,tracked plus possible ignored runtime,authored/source evidence plus runtime outputs,current,09_scripts/equity_research/account_common.py;09_scripts/equity_research/active_config.py;09_scripts/equity_research/capital_work_queue.py;09_scripts/equity_research/check_active_display_names.py;09_scripts/equity_research/create_research_backlog.py;09_scripts/equity_research/create_workflow_evaluation.py;09_scripts/equity_research/daily_common.py;09_scripts/equity_research/execution_common.py;09_scripts/equity_research/generate_current_status.py;09_scripts/equity_research/momentum_experiment.py;09_scripts/equity_research/news_schedule.py;09_scripts/equity_research/official_news.py;09_scripts/equity_research/opportunity_triggers.py;09_scripts/equity_research/repair_graph_display_names.py;09_scripts/equity_research/research_opportunities.py;09_scripts/equity_research/run_full_universe_market_data.py;09_scripts/equity_research/run_runtime_scheduler.py;09_scripts/equity_research/run_shadow_llm_evaluation.py;09_scripts/equity_research/score_candidates.py;09_scripts/equity_research/sec_acceptance_extensions.py;09_scripts/equity_research/update_thesis_review.py;09_scripts/equity_research/verify_active_state_guard.py;09_scripts/equity_research/verify_daily_upgrade.py;09_scripts/equity_research/workflow_evaluation.py;09_scripts/equity_research/workflow_integrity.py;10_dashboard/feedback.py;10_dashboard/plan_summary.py,07_automation/scheduler/activate_daily_after_verification.sh,09_scripts/equity_research/tests/test_active_display_names.py;09_scripts/equity_research/tests/test_capital_work_queue.py;09_scripts/equity_research/tests/test_graph_display_names.py;09_scripts/equity_research/tests/test_market_refresh_failure_commit.py;09_scripts/equity_research/tests/test_refresh_cadence.py;09_scripts/equity_research/tests/test_research_opportunities.py;09_scripts/equity_research/tests/test_research_work_budget.py;09_scripts/equity_research/tests/test_workflow_publication.py,01_policies/risk_policy.md;01_policies/trading_checklist.md;08_reviews/shadow_llm/README.md;10_dashboard/README.md;AGENTS.md;README.md,08_reviews/shadow_llm/README.md;09_scripts/equity_research/momentum_experiment.py;09_scripts/equity_research/run_shadow_llm_evaluation.py,HEAD 5b314a1d43c6dde7691a3d0eec24d011facb8fd7 for tracked files; private state not recoverable from Git,high for proven dated records; otherwise defer,low / not proposed
00_project_control/run_logs,ACTIVE_DOCUMENTATION,"Maintained policies, state/config registries and operational guidance",workflow maintainers,0,0,,runtime-only,authored/source evidence plus runtime outputs,current,09_scripts/equity_research/capital_work_queue.py;09_scripts/equity_research/create_workflow_evaluation.py;09_scripts/equity_research/generate_current_status.py;09_scripts/equity_research/news_schedule.py;09_scripts/equity_research/run_full_universe_market_data.py;09_scripts/equity_research/run_runtime_scheduler.py;09_scripts/equity_research/update_thesis_review.py;09_scripts/equity_research/workflow_evaluation.py;09_scripts/equity_research/workflow_integrity.py;10_dashboard/feedback.py;10_dashboard/plan_summary.py,07_automation/scheduler/activate_daily_after_verification.sh,09_scripts/equity_research/tests/test_workflow_publication.py,00_project_control/analyst_followthrough.md;00_project_control/macbook_github_macmini_workflow.md;00_project_control/maintained_investment_workflow.md;00_project_control/workflow_evaluation_policy.md,,HEAD 5b314a1d43c6dde7691a3d0eec24d011facb8fd7 for tracked files; private state not recoverable from Git,high for proven dated records; otherwise defer,low / not proposed
01_policies,ACTIVE_CONFIG,Executable policies and manual research references,policy owner,16,31813,brokerage_boundary.md;data_source_policy.md;equity_display_names.json;long_horizon_research_policy.json;manual_approval_policy.md;market_regime_policy.json;momentum_experiment.json;momentum_experiment_review.json;momentum_implementation_archives.json;official_news_sources.json;research_opportunity_policy.json;risk_policy.md;source_policy.md;tactical_trade_policy.json;trading_checklist.md;valuation_scenario_policy.json,tracked plus possible ignored runtime,authored/source evidence plus runtime outputs,current,09_scripts/equity_research/archived_momentum.py;09_scripts/equity_research/build_current_research_baseline.py;09_scripts/equity_research/calculate_dynamic_weights.py;09_scripts/equity_research/check_active_display_names.py;09_scripts/equity_research/create_exact_action_plan.py;09_scripts/equity_research/create_long_horizon_research.py;09_scripts/equity_research/equity_naming.py;09_scripts/equity_research/frozen_momentum_runtime.py;09_scripts/equity_research/market_regime.py;09_scripts/equity_research/momentum_experiment.py;09_scripts/equity_research/momentum_experiment_review.py;09_scripts/equity_research/official_news.py;09_scripts/equity_research/opportunity_contract.py;09_scripts/equity_research/opportunity_triggers.py;09_scripts/equity_research/refresh_valuation_scenarios.py;09_scripts/equity_research/tactical_review.py;09_scripts/equity_research/thesis_evidence.py;09_scripts/equity_research/update_research_assessment.py;09_scripts/equity_research/valuation_input_bundle.py;09_scripts/equity_research/valuation_research_inputs.py;09_scripts/equity_research/workflow_integrity.py,,09_scripts/equity_research/tests/test_active_production.py;09_scripts/equity_research/tests/test_archived_momentum.py;09_scripts/equity_research/tests/test_long_horizon_research.py;09_scripts/equity_research/tests/test_momentum_experiment.py;09_scripts/equity_research/tests/test_optional_active_inputs.py;09_scripts/equity_research/tests/test_requested_coverage.py;09_scripts/equity_research/tests/test_research_opportunities.py;09_scripts/equity_research/tests/test_thesis_evidence.py;09_scripts/equity_research/tests/test_valuation_research_retention.py,00_project_control/current_documents.md;00_project_control/daily_delivery_policy.md;00_project_control/equity_naming_policy.md;00_project_control/long_horizon_research_policy.md;00_project_control/momentum_integration_20260927.md;00_project_control/momentum_reproducibility.md;README.md,00_project_control/momentum_integration_20260927.md;00_project_control/momentum_reproducibility.md;09_scripts/equity_research/archived_momentum.py;09_scripts/equity_research/frozen_momentum_runtime.py;09_scripts/equity_research/momentum_experiment.py;09_scripts/equity_research/momentum_experiment_review.py;09_scripts/equity_research/tests/test_archived_momentum.py;09_scripts/equity_research/tests/test_momentum_experiment.py,HEAD 5b314a1d43c6dde7691a3d0eec24d011facb8fd7 for tracked files; private state not recoverable from Git,low for active/runtime/experiment paths; inspect individually,low / not proposed
02_filings,EXPERIMENT_EVIDENCE,Tracked admitted primary evidence; ignored current caches,SEC evidence collectors,14,10375369,issuer_filings,tracked plus possible ignored runtime,authored/source evidence plus runtime outputs,current,09_scripts/equity_research/build_decision_evidence_packet.py;09_scripts/equity_research/earnings_incorporation.py;09_scripts/equity_research/refresh_sec_filing_artifacts.py;09_scripts/equity_research/sec_supplemental_facts.py;09_scripts/equity_research/thesis_evidence.py;09_scripts/equity_research/valuation_input_bundle.py,,09_scripts/equity_research/tests/test_build_packet_market.py;09_scripts/equity_research/tests/test_earnings_incorporation.py;09_scripts/equity_research/tests/test_refresh_sec_filing_artifacts.py;09_scripts/equity_research/tests/test_research_backlog.py;09_scripts/equity_research/tests/test_sec_supplemental_facts.py;09_scripts/equity_research/tests/test_thesis_evidence.py;09_scripts/equity_research/tests/test_valuation_input_bundle.py,00_project_control/equity_naming_policy.md;00_project_control/maintained_investment_workflow.md;AGENTS.md,,HEAD 5b314a1d43c6dde7691a3d0eec24d011facb8fd7 for tracked files; private state not recoverable from Git,low for active/runtime/experiment paths; inspect individually,low / not proposed
02_filings/companyfacts_snapshots.local,EXPERIMENT_EVIDENCE,Tracked admitted primary evidence; ignored current caches,SEC evidence collectors,0,0,,runtime-only,authored/source evidence plus runtime outputs,current,09_scripts/equity_research/earnings_incorporation.py,,,00_project_control/maintained_investment_workflow.md,,HEAD 5b314a1d43c6dde7691a3d0eec24d011facb8fd7 for tracked files; private state not recoverable from Git,low for active/runtime/experiment paths; inspect individually,low / not proposed
02_filings/issuer_filings,EXPERIMENT_EVIDENCE,Tracked admitted primary evidence; ignored current caches,SEC evidence collectors,14,10375369,ARM;AVGO;IOT;MU;PANW;RBRK,tracked plus possible ignored runtime,authored/source evidence plus runtime outputs,current,09_scripts/equity_research/thesis_evidence.py;09_scripts/equity_research/valuation_input_bundle.py,,09_scripts/equity_research/tests/test_build_packet_market.py;09_scripts/equity_research/tests/test_sec_supplemental_facts.py;09_scripts/equity_research/tests/test_thesis_evidence.py;09_scripts/equity_research/tests/test_valuation_input_bundle.py,00_project_control/equity_naming_policy.md,,HEAD 5b314a1d43c6dde7691a3d0eec24d011facb8fd7 for tracked files; private state not recoverable from Git,low for active/runtime/experiment paths; inspect individually,low / not proposed
02_filings/issuer_filings/ARM,EXPERIMENT_EVIDENCE,Tracked admitted primary evidence; ignored current caches,SEC evidence collectors,2,3997516,0001973239-26-000097,tracked plus possible ignored runtime,authored/source evidence plus runtime outputs,current,,,,,,HEAD 5b314a1d43c6dde7691a3d0eec24d011facb8fd7 for tracked files; private state not recoverable from Git,low for active/runtime/experiment paths; inspect individually,low / not proposed
02_filings/issuer_filings/ARM/0001973239-26-000097,EXPERIMENT_EVIDENCE,Tracked admitted primary evidence; ignored current caches,SEC evidence collectors,2,3997516,normalized_text.txt;primary_document.raw,tracked plus possible ignored runtime,authored/source evidence plus runtime outputs,current,,,,,,HEAD 5b314a1d43c6dde7691a3d0eec24d011facb8fd7 for tracked files; private state not recoverable from Git,low for active/runtime/experiment paths; inspect individually,low / not proposed
02_filings/issuer_filings/AVGO,EXPERIMENT_EVIDENCE,Tracked admitted primary evidence; ignored current caches,SEC evidence collectors,2,26466,0001193125-26-295589,tracked plus possible ignored runtime,authored/source evidence plus runtime outputs,current,,,,,,HEAD 5b314a1d43c6dde7691a3d0eec24d011facb8fd7 for tracked files; private state not recoverable from Git,low for active/runtime/experiment paths; inspect individually,low / not proposed
02_filings/issuer_filings/AVGO/0001193125-26-295589,EXPERIMENT_EVIDENCE,Tracked admitted primary evidence; ignored current caches,SEC evidence collectors,2,26466,normalized_text.txt;primary_document.raw,tracked plus possible ignored runtime,authored/source evidence plus runtime outputs,current,,,,,,HEAD 5b314a1d43c6dde7691a3d0eec24d011facb8fd7 for tracked files; private state not recoverable from Git,low for active/runtime/experiment paths; inspect individually,low / not proposed
02_filings/issuer_filings/IOT,EXPERIMENT_EVIDENCE,Tracked admitted primary evidence; ignored current caches,SEC evidence collectors,2,51602,0001628280-26-049446,tracked plus possible ignored runtime,authored/source evidence plus runtime outputs,current,,,,,,HEAD 5b314a1d43c6dde7691a3d0eec24d011facb8fd7 for tracked files; private state not recoverable from Git,low for active/runtime/experiment paths; inspect individually,low / not proposed
02_filings/issuer_filings/IOT/0001628280-26-049446,EXPERIMENT_EVIDENCE,Tracked admitted primary evidence; ignored current caches,SEC evidence collectors,2,51602,normalized_text.txt;primary_document.raw,tracked plus possible ignored runtime,authored/source evidence plus runtime outputs,current,,,,,,HEAD 5b314a1d43c6dde7691a3d0eec24d011facb8fd7 for tracked files; private state not recoverable from Git,low for active/runtime/experiment paths; inspect individually,low / not proposed
02_filings/issuer_filings/MU,EXPERIMENT_EVIDENCE,Tracked admitted primary evidence; ignored current caches,SEC evidence collectors,2,1761383,0000723125-26-000015,tracked plus possible ignored runtime,authored/source evidence plus runtime outputs,current,,,,,,HEAD 5b314a1d43c6dde7691a3d0eec24d011facb8fd7 for tracked files; private state not recoverable from Git,low for active/runtime/experiment paths; inspect individually,low / not proposed
02_filings/issuer_filings/MU/0000723125-26-000015,EXPERIMENT_EVIDENCE,Tracked admitted primary evidence; ignored current caches,SEC evidence collectors,2,1761383,normalized_text.txt;primary_document.raw,tracked plus possible ignored runtime,authored/source evidence plus runtime outputs,current,,,,,,HEAD 5b314a1d43c6dde7691a3d0eec24d011facb8fd7 for tracked files; private state not recoverable from Git,low for active/runtime/experiment paths; inspect individually,low / not proposed
02_filings/issuer_filings/PANW,EXPERIMENT_EVIDENCE,Tracked admitted primary evidence; ignored current caches,SEC evidence collectors,2,2516327,0001327567-26-000015,tracked plus possible ignored runtime,authored/source evidence plus runtime outputs,current,,,,,,HEAD 5b314a1d43c6dde7691a3d0eec24d011facb8fd7 for tracked files; private state not recoverable from Git,low for active/runtime/experiment paths; inspect individually,low / not proposed
02_filings/issuer_filings/PANW/0001327567-26-000015,EXPERIMENT_EVIDENCE,Tracked admitted primary evidence; ignored current caches,SEC evidence collectors,2,2516327,normalized_text.txt;primary_document.raw,tracked plus possible ignored runtime,authored/source evidence plus runtime outputs,current,,,,,,HEAD 5b314a1d43c6dde7691a3d0eec24d011facb8fd7 for tracked files; private state not recoverable from Git,low for active/runtime/experiment paths; inspect individually,low / not proposed
02_filings/issuer_filings/RBRK,EXPERIMENT_EVIDENCE,Tracked admitted primary evidence; ignored current caches,SEC evidence collectors,4,2022075,0001943896-26-000047;0001943896-26-000049,tracked plus possible ignored runtime,authored/source evidence plus runtime outputs,current,,,,,,HEAD 5b314a1d43c6dde7691a3d0eec24d011facb8fd7 for tracked files; private state not recoverable from Git,low for active/runtime/experiment paths; inspect individually,low / not proposed
02_filings/issuer_filings/RBRK/0001943896-26-000047,EXPERIMENT_EVIDENCE,Tracked admitted primary evidence; ignored current caches,SEC evidence collectors,2,1978684,normalized_text.txt;primary_document.raw,tracked plus possible ignored runtime,authored/source evidence plus runtime outputs,current,,,,,,HEAD 5b314a1d43c6dde7691a3d0eec24d011facb8fd7 for tracked files; private state not recoverable from Git,low for active/runtime/experiment paths; inspect individually,low / not proposed
02_filings/issuer_filings/RBRK/0001943896-26-000049,EXPERIMENT_EVIDENCE,Tracked admitted primary evidence; ignored current caches,SEC evidence collectors,2,43391,normalized_text.txt;primary_document.raw,tracked plus possible ignored runtime,authored/source evidence plus runtime outputs,current,,,,,,HEAD 5b314a1d43c6dde7691a3d0eec24d011facb8fd7 for tracked files; private state not recoverable from Git,low for active/runtime/experiment paths; inspect individually,low / not proposed
03_source_data,ACTIVE_CONFIG,"Tracked universe, official ledger and immutable SEC acceptance evidence; generated market data",public evidence pipeline,38,2176015,equity_research,tracked plus possible ignored runtime,authored/source evidence plus runtime outputs,current,09_scripts/equity_research/account_common.py;09_scripts/equity_research/audit_financial_coverage.py;09_scripts/equity_research/build_current_research_baseline.py;09_scripts/equity_research/build_decision_evidence_packet.py;09_scripts/equity_research/create_long_horizon_research.py;09_scripts/equity_research/create_market_regime.py;09_scripts/equity_research/daily_common.py;09_scripts/equity_research/earnings_incorporation.py;09_scripts/equity_research/generate_current_status.py;09_scripts/equity_research/latest_report_facts.py;09_scripts/equity_research/market_discovery.py;09_scripts/equity_research/momentum_experiment.py;09_scripts/equity_research/momentum_price_coverage.py;09_scripts/equity_research/official_news.py;09_scripts/equity_research/opportunity_evidence.py;09_scripts/equity_research/opportunity_triggers.py;09_scripts/equity_research/refresh_daily_evidence.py;09_scripts/equity_research/refresh_sec_filing_artifacts.py;09_scripts/equity_research/research_backlog.py;09_scripts/equity_research/research_opportunities.py;09_scripts/equity_research/run_full_universe_market_data.py;09_scripts/equity_research/run_runtime_scheduler.py;09_scripts/equity_research/run_shadow_llm_evaluation.py;09_scripts/equity_research/score_candidates.py;09_scripts/equity_research/sec_acceptance.py;09_scripts/equity_research/sec_acceptance_extensions.py;09_scripts/equity_research/tactical_review.py;09_scripts/equity_research/thesis_evidence.py;09_scripts/equity_research/track_recommendation_outcomes.py;09_scripts/equity_research/valuation_input_bundle.py;09_scripts/equity_research/valuation_research_inputs.py;09_scripts/equity_research/verify_active_state_guard.py;09_scripts/equity_research/workflow_integrity.py;10_dashboard/feedback.py;10_dashboard/server.py,07_automation/scheduler/com.steven.equity_research.shadoweval.plist.template;07_automation/scheduler/run_shadow_llm_event.sh,09_scripts/equity_research/tests/test_capital_work_queue.py;09_scripts/equity_research/tests/test_earnings_incorporation.py;09_scripts/equity_research/tests/test_market_discovery.py;09_scripts/equity_research/tests/test_market_refresh_failure_commit.py;09_scripts/equity_research/tests/test_optional_active_inputs.py;09_scripts/equity_research/tests/test_refresh_cadence.py;09_scripts/equity_research/tests/test_refresh_sec_filing_artifacts.py;09_scripts/equity_research/tests/test_research_backlog.py;09_scripts/equity_research/tests/test_research_opportunities.py;09_scripts/equity_research/tests/test_runtime_git_sync.py;09_scripts/equity_research/tests/test_shadow_llm.py;09_scripts/equity_research/tests/test_valuation_input_bundle.py;09_scripts/equity_research/tests/test_valuation_research_retention.py;09_scripts/equity_research/tests/test_verified_deployment_fallback.py,00_project_control/account_state_policy.md;00_project_control/current_documents.md;00_project_control/full_universe_data_policy.md;00_project_control/maintained_investment_workflow.md;00_project_control/momentum_reproducibility.md;00_project_control/sec_acceptance_index_extension_policy.md;08_reviews/shadow_llm/README.md;README.md,00_project_control/momentum_reproducibility.md;07_automation/scheduler/com.steven.equity_research.shadoweval.plist.template;07_automation/scheduler/run_shadow_llm_event.sh;08_reviews/shadow_llm/README.md;09_scripts/equity_research/momentum_experiment.py;09_scripts/equity_research/momentum_price_coverage.py;09_scripts/equity_research/run_shadow_llm_evaluation.py;09_scripts/equity_research/tests/test_shadow_llm.py,HEAD 5b314a1d43c6dde7691a3d0eec24d011facb8fd7 for tracked files; private state not recoverable from Git,low for active/runtime/experiment paths; inspect individually,low / not proposed
03_source_data/equity_research,COMPATIBILITY_PATH,"Tracked universe, official ledger and immutable SEC acceptance evidence; generated market data",public evidence pipeline,38,2176015,daily_evidence_ledger.csv;sec_acceptance_extension_admission_audit.csv;sec_acceptance_extensions;sec_acceptance_time_reconciliation_log.csv;sec_submission_acceptance_index.json;universe_seed.csv,tracked plus possible ignored runtime,authored/source evidence plus runtime outputs,current,09_scripts/equity_research/audit_financial_coverage.py;09_scripts/equity_research/create_long_horizon_research.py;09_scripts/equity_research/create_market_regime.py;09_scripts/equity_research/earnings_incorporation.py;09_scripts/equity_research/generate_current_status.py;09_scripts/equity_research/latest_report_facts.py;09_scripts/equity_research/market_discovery.py;09_scripts/equity_research/momentum_experiment.py;09_scripts/equity_research/momentum_price_coverage.py;09_scripts/equity_research/opportunity_evidence.py;09_scripts/equity_research/opportunity_triggers.py;09_scripts/equity_research/research_backlog.py;09_scripts/equity_research/research_opportunities.py;09_scripts/equity_research/run_runtime_scheduler.py;09_scripts/equity_research/tactical_review.py;09_scripts/equity_research/thesis_evidence.py;09_scripts/equity_research/valuation_input_bundle.py;09_scripts/equity_research/valuation_research_inputs.py;09_scripts/equity_research/verify_active_state_guard.py;09_scripts/equity_research/workflow_integrity.py;10_dashboard/feedback.py;10_dashboard/server.py,07_automation/scheduler/com.steven.equity_research.shadoweval.plist.template;07_automation/scheduler/run_shadow_llm_event.sh,09_scripts/equity_research/tests/test_capital_work_queue.py;09_scripts/equity_research/tests/test_earnings_incorporation.py;09_scripts/equity_research/tests/test_market_discovery.py;09_scripts/equity_research/tests/test_optional_active_inputs.py;09_scripts/equity_research/tests/test_research_backlog.py;09_scripts/equity_research/tests/test_research_opportunities.py;09_scripts/equity_research/tests/test_runtime_git_sync.py;09_scripts/equity_research/tests/test_shadow_llm.py;09_scripts/equity_research/tests/test_valuation_input_bundle.py;09_scripts/equity_research/tests/test_valuation_research_retention.py;09_scripts/equity_research/tests/test_verified_deployment_fallback.py,00_project_control/account_state_policy.md;00_project_control/current_documents.md;00_project_control/full_universe_data_policy.md;00_project_control/maintained_investment_workflow.md;00_project_control/momentum_reproducibility.md;00_project_control/sec_acceptance_index_extension_policy.md;08_reviews/shadow_llm/README.md;README.md,00_project_control/momentum_reproducibility.md;07_automation/scheduler/com.steven.equity_research.shadoweval.plist.template;07_automation/scheduler/run_shadow_llm_event.sh;08_reviews/shadow_llm/README.md;09_scripts/equity_research/momentum_experiment.py;09_scripts/equity_research/momentum_price_coverage.py;09_scripts/equity_research/tests/test_shadow_llm.py,HEAD 5b314a1d43c6dde7691a3d0eec24d011facb8fd7 for tracked files; private state not recoverable from Git,low for active/runtime/experiment paths; inspect individually,low / not proposed
03_source_data/equity_research/sec_acceptance_extensions,ACTIVE_CONFIG,"Tracked universe, official ledger and immutable SEC acceptance evidence; generated market data",public evidence pipeline,33,950234,sec_acceptance_extension_v1.json;sec_acceptance_extension_v10.json;sec_acceptance_extension_v11.json;sec_acceptance_extension_v12.json;sec_acceptance_extension_v13.json;sec_acceptance_extension_v14.json;sec_acceptance_extension_v15.json;sec_acceptance_extension_v16.json;sec_acceptance_extension_v17.json;sec_acceptance_extension_v18.json;sec_acceptance_extension_v19.json;sec_acceptance_extension_v2.json;sec_acceptance_extension_v20.json;sec_acceptance_extension_v21.json;sec_acceptance_extension_v22.json;sec_acceptance_extension_v23.json;sec_acceptance_extension_v24.json;sec_acceptance_extension_v25.json;sec_acceptance_extension_v26.json;sec_acceptance_extension_v27.json;sec_acceptance_extension_v28.json;sec_acceptance_extension_v29.json;sec_acceptance_extension_v3.json;sec_acceptance_extension_v30.json;sec_acceptance_extension_v31.json;sec_acceptance_extension_v32.json;sec_acceptance_extension_v33.json;sec_acceptance_extension_v4.json;sec_acceptance_extension_v5.json;sec_acceptance_extension_v6.json;sec_acceptance_extension_v7.json;sec_acceptance_extension_v8.json;sec_acceptance_extension_v9.json,tracked plus possible ignored runtime,authored/source evidence plus runtime outputs,current,09_scripts/equity_research/run_runtime_scheduler.py;09_scripts/equity_research/thesis_evidence.py,,09_scripts/equity_research/tests/test_runtime_git_sync.py,00_project_control/sec_acceptance_index_extension_policy.md,,HEAD 5b314a1d43c6dde7691a3d0eec24d011facb8fd7 for tracked files; private state not recoverable from Git,low for active/runtime/experiment paths; inspect individually,low / not proposed
04_data,RUNTIME_NAMESPACE,Valuation example and private versioned input bundles,valuation bundle owner,1,507,equity_research,tracked plus possible ignored runtime,authored/source evidence plus runtime outputs,current,09_scripts/equity_research/create_capital_allocation_validation.py;09_scripts/equity_research/create_exact_action_plan.py;09_scripts/equity_research/create_research_questions.py;09_scripts/equity_research/generate_current_status.py;09_scripts/equity_research/refresh_valuation_scenarios.py;09_scripts/equity_research/regenerate_portfolio_outputs.py;09_scripts/equity_research/thesis_evidence.py;09_scripts/equity_research/valuation_input_bundle.py;09_scripts/equity_research/valuation_research_inputs.py,,09_scripts/equity_research/tests/test_thesis_evidence.py;09_scripts/equity_research/tests/test_valuation_input_bundle.py;09_scripts/equity_research/tests/test_valuation_research_retention.py,00_project_control/analyst_followthrough.md;AGENTS.md,,HEAD 5b314a1d43c6dde7691a3d0eec24d011facb8fd7 for tracked files; private state not recoverable from Git,low for active/runtime/experiment paths; inspect individually,low / not proposed
04_data/equity_research,RUNTIME_NAMESPACE,Valuation example and private versioned input bundles,valuation bundle owner,1,507,valuation_inputs.local.json.template,tracked plus possible ignored runtime,authored/source evidence plus runtime outputs,current,09_scripts/equity_research/create_research_questions.py;09_scripts/equity_research/refresh_valuation_scenarios.py;09_scripts/equity_research/thesis_evidence.py;09_scripts/equity_research/valuation_input_bundle.py;09_scripts/equity_research/valuation_research_inputs.py,,09_scripts/equity_research/tests/test_thesis_evidence.py;09_scripts/equity_research/tests/test_valuation_input_bundle.py;09_scripts/equity_research/tests/test_valuation_research_retention.py,00_project_control/analyst_followthrough.md,,HEAD 5b314a1d43c6dde7691a3d0eec24d011facb8fd7 for tracked files; private state not recoverable from Git,low for active/runtime/experiment paths; inspect individually,low / not proposed
04_research,RUNTIME_NAMESPACE,"Private maintained dossiers, append-only studies and generated decisions",research pipeline and analyst,0,0,,runtime-only,authored/source evidence plus runtime outputs,current,09_scripts/equity_research/account_common.py;09_scripts/equity_research/build_current_research_baseline.py;09_scripts/equity_research/build_decision_evidence_packet.py;09_scripts/equity_research/capital_work_queue.py;09_scripts/equity_research/check_active_display_names.py;09_scripts/equity_research/create_capital_allocation_validation.py;09_scripts/equity_research/create_capital_work_queue.py;09_scripts/equity_research/create_daily_decision_and_brief.py;09_scripts/equity_research/create_long_horizon_research.py;09_scripts/equity_research/create_price_aware_action_plan.py;09_scripts/equity_research/create_research_questions.py;09_scripts/equity_research/daily_common.py;09_scripts/equity_research/evaluate_shadow_llm_incremental_value.py;09_scripts/equity_research/execution_common.py;09_scripts/equity_research/generate_current_status.py;09_scripts/equity_research/issuer_news_queue.py;09_scripts/equity_research/market_regime.py;09_scripts/equity_research/momentum_experiment.py;09_scripts/equity_research/opportunity_contract.py;09_scripts/equity_research/opportunity_triggers.py;09_scripts/equity_research/refresh_valuation_scenarios.py;09_scripts/equity_research/regenerate_portfolio_outputs.py;09_scripts/equity_research/research_backlog.py;09_scripts/equity_research/research_opportunities.py;09_scripts/equity_research/run_daily_refresh.py;09_scripts/equity_research/run_full_universe_market_data.py;09_scripts/equity_research/thesis_evidence.py;09_scripts/equity_research/track_recommendation_outcomes.py;09_scripts/equity_research/verify_active_state_guard.py;09_scripts/equity_research/verify_daily_upgrade.py;09_scripts/equity_research/work_queue_reporting.py;10_dashboard/feedback.py;10_dashboard/server.py,,09_scripts/equity_research/tests/test_market_refresh_failure_commit.py;09_scripts/equity_research/tests/test_refresh_cadence.py;09_scripts/equity_research/tests/test_research_opportunities.py;09_scripts/equity_research/tests/test_valuation_research_retention.py;10_dashboard/tests/test_private_routes.py;10_dashboard/tests/test_review_requests.py,00_project_control/analyst_followthrough.md;00_project_control/current_documents.md;00_project_control/daily_decision_policy.md;00_project_control/dashboard_phase01_contract.md;00_project_control/issuer_news_continuity.md;00_project_control/long_horizon_research_policy.md;00_project_control/maintained_investment_workflow.md;00_project_control/research_opportunity_architecture.md;05_risk_and_positions/README.md,09_scripts/equity_research/evaluate_shadow_llm_incremental_value.py;09_scripts/equity_research/momentum_experiment.py,HEAD 5b314a1d43c6dde7691a3d0eec24d011facb8fd7 for tracked files; private state not recoverable from Git,low for active/runtime/experiment paths; inspect individually,low / not proposed
04_research/company_research,RUNTIME_NAMESPACE,"Private maintained dossiers, append-only studies and generated decisions",research pipeline and analyst,0,0,,runtime-only,authored/source evidence plus runtime outputs,current,09_scripts/equity_research/capital_work_queue.py;09_scripts/equity_research/check_active_display_names.py;09_scripts/equity_research/create_capital_work_queue.py;09_scripts/equity_research/create_long_horizon_research.py;09_scripts/equity_research/create_price_aware_action_plan.py;09_scripts/equity_research/create_research_questions.py;09_scripts/equity_research/generate_current_status.py;09_scripts/equity_research/issuer_news_queue.py;09_scripts/equity_research/market_regime.py;09_scripts/equity_research/momentum_experiment.py;09_scripts/equity_research/opportunity_contract.py;09_scripts/equity_research/opportunity_triggers.py;09_scripts/equity_research/regenerate_portfolio_outputs.py;09_scripts/equity_research/research_backlog.py;09_scripts/equity_research/research_opportunities.py;09_scripts/equity_research/run_daily_refresh.py;09_scripts/equity_research/thesis_evidence.py;09_scripts/equity_research/verify_active_state_guard.py;09_scripts/equity_research/work_queue_reporting.py;10_dashboard/feedback.py;10_dashboard/server.py,,09_scripts/equity_research/tests/test_research_opportunities.py;09_scripts/equity_research/tests/test_valuation_research_retention.py;10_dashboard/tests/test_private_routes.py;10_dashboard/tests/test_review_requests.py,00_project_control/analyst_followthrough.md;00_project_control/current_documents.md;00_project_control/daily_decision_policy.md;00_project_control/dashboard_phase01_contract.md;00_project_control/issuer_news_continuity.md;00_project_control/long_horizon_research_policy.md;00_project_control/maintained_investment_workflow.md;00_project_control/research_opportunity_architecture.md;05_risk_and_positions/README.md,09_scripts/equity_research/momentum_experiment.py,HEAD 5b314a1d43c6dde7691a3d0eec24d011facb8fd7 for tracked files; private state not recoverable from Git,low for active/runtime/experiment paths; inspect individually,low / not proposed
05_risk_and_positions,RUNTIME_NAMESPACE,"Tracked examples; private account truth, maintained plans and generated calculations",manual account writer / C9,5,3166,README.md;examples,tracked plus possible ignored runtime,authored/source evidence plus runtime outputs,current,09_scripts/equity_research/account_common.py;09_scripts/equity_research/calculate_dynamic_weights.py;09_scripts/equity_research/create_account_state.py;09_scripts/equity_research/create_capital_allocation_validation.py;09_scripts/equity_research/create_daily_decision_and_brief.py;09_scripts/equity_research/create_long_horizon_research.py;09_scripts/equity_research/create_research_questions.py;09_scripts/equity_research/daily_common.py;09_scripts/equity_research/delivery_followthrough.py;09_scripts/equity_research/earnings_incorporation.py;09_scripts/equity_research/execution_common.py;09_scripts/equity_research/generate_current_status.py;09_scripts/equity_research/investment_plans.py;09_scripts/equity_research/market_discovery.py;09_scripts/equity_research/portfolio_archive.py;09_scripts/equity_research/research_backlog.py;09_scripts/equity_research/research_opportunities.py;09_scripts/equity_research/run_full_universe_market_data.py;09_scripts/equity_research/tactical_review.py;09_scripts/equity_research/update_manual_account.py;09_scripts/equity_research/verify_active_state_guard.py;09_scripts/equity_research/verify_daily_upgrade.py;09_scripts/equity_research/workflow_evaluation.py;09_scripts/equity_research/workflow_integrity.py;10_dashboard/feedback.py;10_dashboard/server.py,,09_scripts/equity_research/tests/test_blocker_scopes.py;09_scripts/equity_research/tests/test_earnings_incorporation.py;09_scripts/equity_research/tests/test_market_discovery.py;09_scripts/equity_research/tests/test_market_refresh_failure_commit.py;09_scripts/equity_research/tests/test_optional_active_inputs.py;09_scripts/equity_research/tests/test_portfolio_archive.py;09_scripts/equity_research/tests/test_refresh_cadence.py;09_scripts/equity_research/tests/test_research_opportunities.py;09_scripts/equity_research/tests/test_workflow_publication.py;10_dashboard/tests/test_feedback.py;10_dashboard/tests/test_review_requests.py;10_dashboard/tests/test_snapshot.py,00_project_control/account_state_policy.md;00_project_control/analyst_followthrough.md;00_project_control/dashboard_build_plan.md;00_project_control/full_universe_data_policy.md;00_project_control/long_horizon_research_policy.md;00_project_control/maintained_investment_workflow.md;00_project_control/workflow_evaluation_policy.md;10_dashboard/README.md,,HEAD 5b314a1d43c6dde7691a3d0eec24d011facb8fd7 for tracked files; private state not recoverable from Git,low for active/runtime/experiment paths; inspect individually,low / not proposed
05_risk_and_positions/examples,RUNTIME_NAMESPACE,"Tracked examples; private account truth, maintained plans and generated calculations",manual account writer / C9,4,1655,current_account_state.local.json.example;current_account_state.local.json.template;current_positions.local.csv.example;current_positions.local.csv.template,tracked plus possible ignored runtime,authored/source evidence plus runtime outputs,current,09_scripts/equity_research/create_account_state.py,,,,,HEAD 5b314a1d43c6dde7691a3d0eec24d011facb8fd7 for tracked files; private state not recoverable from Git,low for active/runtime/experiment paths; inspect individually,low / not proposed
05_risk_and_positions/generated,RUNTIME_NAMESPACE,"Tracked examples; private account truth, maintained plans and generated calculations",manual account writer / C9,0,0,,runtime-only,authored/source evidence plus runtime outputs,current,09_scripts/equity_research/create_research_questions.py,,09_scripts/equity_research/tests/test_portfolio_archive.py;10_dashboard/tests/test_feedback.py,00_project_control/account_state_policy.md,,HEAD 5b314a1d43c6dde7691a3d0eec24d011facb8fd7 for tracked files; private state not recoverable from Git,low for active/runtime/experiment paths; inspect individually,low / not proposed
05_risk_and_positions/generated/current,RUNTIME_NAMESPACE,"Tracked examples; private account truth, maintained plans and generated calculations",manual account writer / C9,0,0,,runtime-only,authored/source evidence plus runtime outputs,current,09_scripts/equity_research/create_research_questions.py,,09_scripts/equity_research/tests/test_portfolio_archive.py;10_dashboard/tests/test_feedback.py,00_project_control/account_state_policy.md,,HEAD 5b314a1d43c6dde7691a3d0eec24d011facb8fd7 for tracked files; private state not recoverable from Git,low for active/runtime/experiment paths; inspect individually,low / not proposed
05_risk_and_positions/manual_snapshots.local,RUNTIME_NAMESPACE,"Tracked examples; private account truth, maintained plans and generated calculations",manual account writer / C9,0,0,,runtime-only,authored/source evidence plus runtime outputs,current,,,,,,HEAD 5b314a1d43c6dde7691a3d0eec24d011facb8fd7 for tracked files; private state not recoverable from Git,low for active/runtime/experiment paths; inspect individually,low / not proposed
06_execution_records,RUNTIME_NAMESPACE,Tracked templates; private confirmed records and reconciliation,manual execution / dashboard writers,2,602,manual_executions.local.csv.example;manual_executions.local.csv.template,tracked plus possible ignored runtime,authored/source evidence plus runtime outputs,current,09_scripts/equity_research/account_feedback_gate.py;09_scripts/equity_research/create_daily_decision_and_brief.py;09_scripts/equity_research/daily_common.py;09_scripts/equity_research/execution_common.py;09_scripts/equity_research/update_manual_account.py;09_scripts/equity_research/verify_active_state_guard.py;09_scripts/equity_research/workflow_integrity.py;10_dashboard/feedback.py,,09_scripts/equity_research/tests/test_delivery_followthrough.py,00_project_control/execution_policy.md;10_dashboard/README.md,,HEAD 5b314a1d43c6dde7691a3d0eec24d011facb8fd7 for tracked files; private state not recoverable from Git,low for active/runtime/experiment paths; inspect individually,low / not proposed
06_execution_records/dashboard_feedback.local,RUNTIME_NAMESPACE,Tracked templates; private confirmed records and reconciliation,manual execution / dashboard writers,0,0,,runtime-only,authored/source evidence plus runtime outputs,current,10_dashboard/feedback.py,,,,,HEAD 5b314a1d43c6dde7691a3d0eec24d011facb8fd7 for tracked files; private state not recoverable from Git,low for active/runtime/experiment paths; inspect individually,low / not proposed
07_automation,ACTIVE_CONFIG,"Tracked launchd templates, wrappers; private email artifacts and ledgers",scheduler and delivery maintainers,15,23715,email_delivery;scheduler,tracked plus possible ignored runtime,authored/source evidence plus runtime outputs,current,09_scripts/equity_research/account_common.py;09_scripts/equity_research/check_active_display_names.py;09_scripts/equity_research/daily_common.py;09_scripts/equity_research/dashboard_publication.py;09_scripts/equity_research/delivery_followthrough.py;09_scripts/equity_research/generate_current_status.py;09_scripts/equity_research/verify_active_state_guard.py;09_scripts/equity_research/verify_daily_upgrade.py;10_dashboard/connect_private.py;10_dashboard/feedback.py;10_dashboard/install_service.py;10_dashboard/plan_summary.py;10_dashboard/server.py,,09_scripts/equity_research/tests/test_active_display_names.py;09_scripts/equity_research/tests/test_shadow_llm.py;09_scripts/equity_research/tests/test_shadow_measurement.py;10_dashboard/tests/test_private_routes.py;10_dashboard/tests/test_review_requests.py,00_project_control/macbook_github_macmini_workflow.md;08_reviews/shadow_llm/README.md;10_dashboard/README.md;README.md,08_reviews/shadow_llm/README.md;09_scripts/equity_research/tests/test_shadow_llm.py;09_scripts/equity_research/tests/test_shadow_measurement.py,HEAD 5b314a1d43c6dde7691a3d0eec24d011facb8fd7 for tracked files; private state not recoverable from Git,low for active/runtime/experiment paths; inspect individually,low / not proposed
07_automation/dashboard.local,ACTIVE_CONFIG,"Tracked launchd templates, wrappers; private email artifacts and ledgers",scheduler and delivery maintainers,0,0,,runtime-only,authored/source evidence plus runtime outputs,current,09_scripts/equity_research/dashboard_publication.py;10_dashboard/connect_private.py;10_dashboard/feedback.py;10_dashboard/install_service.py;10_dashboard/plan_summary.py;10_dashboard/server.py,,10_dashboard/tests/test_private_routes.py,10_dashboard/README.md,,HEAD 5b314a1d43c6dde7691a3d0eec24d011facb8fd7 for tracked files; private state not recoverable from Git,low for active/runtime/experiment paths; inspect individually,low / not proposed
07_automation/email_briefs,ACTIVE_CONFIG,"Tracked launchd templates, wrappers; private email artifacts and ledgers",scheduler and delivery maintainers,0,0,,runtime-only,authored/source evidence plus runtime outputs,current,09_scripts/equity_research/check_active_display_names.py;10_dashboard/feedback.py,,09_scripts/equity_research/tests/test_active_display_names.py;10_dashboard/tests/test_private_routes.py;10_dashboard/tests/test_review_requests.py,,,HEAD 5b314a1d43c6dde7691a3d0eec24d011facb8fd7 for tracked files; private state not recoverable from Git,low for active/runtime/experiment paths; inspect individually,low / not proposed
07_automation/email_delivery,ACTIVE_CONFIG,"Tracked launchd templates, wrappers; private email artifacts and ledgers",scheduler and delivery maintainers,2,497,email_config.local.json.example;email_config.template.json,tracked plus possible ignored runtime,authored/source evidence plus runtime outputs,current,09_scripts/equity_research/delivery_followthrough.py;09_scripts/equity_research/generate_current_status.py;10_dashboard/feedback.py;10_dashboard/server.py,,10_dashboard/tests/test_private_routes.py,,,HEAD 5b314a1d43c6dde7691a3d0eec24d011facb8fd7 for tracked files; private state not recoverable from Git,low for active/runtime/experiment paths; inspect individually,low / not proposed
07_automation/scheduler,ACTIVE_CONFIG,"Tracked launchd templates, wrappers; private email artifacts and ledgers",scheduler and delivery maintainers,13,23218,activate_daily_after_verification.sh;check_daily_scheduler_status.sh;check_shadow_llm_evaluation_scheduler.sh;clear_maintenance_inhibit.sh;com.steven.equity_research.dailydecision.plist.template;com.steven.equity_research.dailyrefresh.plist.template;com.steven.equity_research.shadoweval.plist.template;dailyrefresh_launcher.py.template;install_daily_schedulers.sh;install_shadow_llm_evaluation_scheduler.sh;run_shadow_llm_event.sh;set_maintenance_inhibit.sh;uninstall_daily_schedulers.sh,tracked plus possible ignored runtime,authored/source evidence plus runtime outputs,current,,,09_scripts/equity_research/tests/test_shadow_llm.py;09_scripts/equity_research/tests/test_shadow_measurement.py,00_project_control/macbook_github_macmini_workflow.md;08_reviews/shadow_llm/README.md;README.md,08_reviews/shadow_llm/README.md;09_scripts/equity_research/tests/test_shadow_llm.py;09_scripts/equity_research/tests/test_shadow_measurement.py,HEAD 5b314a1d43c6dde7691a3d0eec24d011facb8fd7 for tracked files; private state not recoverable from Git,low for active/runtime/experiment paths; inspect individually,low / not proposed
08_reviews,RUNTIME_NAMESPACE,Ignored reports and immutable evaluation/experiment evidence; SHADOW README,report producers and isolated evaluators,1,5246,shadow_llm,tracked plus possible ignored runtime,authored/source evidence plus runtime outputs,current,09_scripts/equity_research/capital_work_queue.py;09_scripts/equity_research/check_active_display_names.py;09_scripts/equity_research/create_capital_allocation_validation.py;09_scripts/equity_research/create_long_horizon_research.py;09_scripts/equity_research/create_price_aware_action_plan.py;09_scripts/equity_research/create_research_backlog.py;09_scripts/equity_research/create_research_questions.py;09_scripts/equity_research/generate_current_status.py;09_scripts/equity_research/market_regime.py;09_scripts/equity_research/momentum_experiment.py;09_scripts/equity_research/momentum_experiment_review.py;09_scripts/equity_research/momentum_price_coverage.py;09_scripts/equity_research/opportunity_contract.py;09_scripts/equity_research/opportunity_triggers.py;09_scripts/equity_research/regenerate_portfolio_outputs.py;09_scripts/equity_research/repair_graph_display_names.py;09_scripts/equity_research/research_backlog.py;09_scripts/equity_research/run_daily_refresh.py;09_scripts/equity_research/run_shadow_llm_evaluation.py;09_scripts/equity_research/track_recommendation_outcomes.py;09_scripts/equity_research/verify_active_state_guard.py;09_scripts/equity_research/work_queue_reporting.py;09_scripts/equity_research/workflow_evaluation.py;09_scripts/equity_research/workflow_integrity.py;10_dashboard/feedback.py,07_automation/scheduler/run_shadow_llm_event.sh,09_scripts/equity_research/tests/test_capital_work_queue.py;09_scripts/equity_research/tests/test_delivery_followthrough.py;10_dashboard/tests/test_review_requests.py,00_project_control/analyst_followthrough.md;00_project_control/current_documents.md;00_project_control/long_horizon_research_policy.md;00_project_control/maintained_investment_workflow.md;00_project_control/momentum_integration_20260927.md;00_project_control/shadow_llm_evaluation_policy.md;05_risk_and_positions/README.md;README.md,00_project_control/momentum_integration_20260927.md;00_project_control/shadow_llm_evaluation_policy.md;07_automation/scheduler/run_shadow_llm_event.sh;09_scripts/equity_research/momentum_experiment.py;09_scripts/equity_research/momentum_experiment_review.py;09_scripts/equity_research/momentum_price_coverage.py;09_scripts/equity_research/run_shadow_llm_evaluation.py,HEAD 5b314a1d43c6dde7691a3d0eec24d011facb8fd7 for tracked files; private state not recoverable from Git,low for active/runtime/experiment paths; inspect individually,low / not proposed
08_reviews/analyst_followthrough.local,RUNTIME_NAMESPACE,Ignored reports and immutable evaluation/experiment evidence; SHADOW README,report producers and isolated evaluators,0,0,,runtime-only,authored/source evidence plus runtime outputs,current,10_dashboard/feedback.py,,10_dashboard/tests/test_review_requests.py,00_project_control/analyst_followthrough.md,,HEAD 5b314a1d43c6dde7691a3d0eec24d011facb8fd7 for tracked files; private state not recoverable from Git,low for active/runtime/experiment paths; inspect individually,low / not proposed
08_reviews/capital_work_queue.local,RUNTIME_NAMESPACE,Ignored reports and immutable evaluation/experiment evidence; SHADOW README,report producers and isolated evaluators,0,0,,runtime-only,authored/source evidence plus runtime outputs,current,09_scripts/equity_research/capital_work_queue.py;09_scripts/equity_research/generate_current_status.py;09_scripts/equity_research/verify_active_state_guard.py,,,00_project_control/current_documents.md,,HEAD 5b314a1d43c6dde7691a3d0eec24d011facb8fd7 for tracked files; private state not recoverable from Git,low for active/runtime/experiment paths; inspect individually,low / not proposed
08_reviews/current,RUNTIME_NAMESPACE,Ignored reports and immutable evaluation/experiment evidence; SHADOW README,report producers and isolated evaluators,0,0,,runtime-only,authored/source evidence plus runtime outputs,current,09_scripts/equity_research/create_long_horizon_research.py;09_scripts/equity_research/create_price_aware_action_plan.py;09_scripts/equity_research/create_research_questions.py;09_scripts/equity_research/generate_current_status.py;09_scripts/equity_research/market_regime.py;09_scripts/equity_research/opportunity_contract.py;09_scripts/equity_research/regenerate_portfolio_outputs.py;09_scripts/equity_research/research_backlog.py;09_scripts/equity_research/verify_active_state_guard.py;09_scripts/equity_research/workflow_evaluation.py;09_scripts/equity_research/workflow_integrity.py,,,00_project_control/current_documents.md;00_project_control/long_horizon_research_policy.md;00_project_control/maintained_investment_workflow.md;05_risk_and_positions/README.md;README.md,,HEAD 5b314a1d43c6dde7691a3d0eec24d011facb8fd7 for tracked files; private state not recoverable from Git,low for active/runtime/experiment paths; inspect individually,low / not proposed
08_reviews/momentum_experiment.local,EXPERIMENT_EVIDENCE,Ignored reports and immutable evaluation/experiment evidence; SHADOW README,report producers and isolated evaluators,0,0,,runtime-only,authored/source evidence plus runtime outputs,current,09_scripts/equity_research/generate_current_status.py;09_scripts/equity_research/momentum_experiment.py;09_scripts/equity_research/momentum_price_coverage.py;09_scripts/equity_research/opportunity_triggers.py,,,00_project_control/current_documents.md;00_project_control/momentum_integration_20260927.md;README.md,00_project_control/momentum_integration_20260927.md;09_scripts/equity_research/momentum_experiment.py;09_scripts/equity_research/momentum_price_coverage.py,HEAD 5b314a1d43c6dde7691a3d0eec24d011facb8fd7 for tracked files; private state not recoverable from Git,low for active/runtime/experiment paths; inspect individually,low / not proposed
08_reviews/momentum_experiment_review.local,EXPERIMENT_EVIDENCE,Ignored reports and immutable evaluation/experiment evidence; SHADOW README,report producers and isolated evaluators,0,0,,runtime-only,authored/source evidence plus runtime outputs,current,09_scripts/equity_research/generate_current_status.py;09_scripts/equity_research/momentum_experiment_review.py,,,,09_scripts/equity_research/momentum_experiment_review.py,HEAD 5b314a1d43c6dde7691a3d0eec24d011facb8fd7 for tracked files; private state not recoverable from Git,low for active/runtime/experiment paths; inspect individually,low / not proposed
08_reviews/owner_requested.local,RUNTIME_NAMESPACE,Ignored reports and immutable evaluation/experiment evidence; SHADOW README,report producers and isolated evaluators,0,0,,runtime-only,authored/source evidence plus runtime outputs,current,,,,,,HEAD 5b314a1d43c6dde7691a3d0eec24d011facb8fd7 for tracked files; private state not recoverable from Git,low for active/runtime/experiment paths; inspect individually,low / not proposed
08_reviews/research_backlog.local,RUNTIME_NAMESPACE,Ignored reports and immutable evaluation/experiment evidence; SHADOW README,report producers and isolated evaluators,0,0,,runtime-only,authored/source evidence plus runtime outputs,current,09_scripts/equity_research/create_research_backlog.py;09_scripts/equity_research/run_daily_refresh.py;09_scripts/equity_research/work_queue_reporting.py,,09_scripts/equity_research/tests/test_capital_work_queue.py,,,HEAD 5b314a1d43c6dde7691a3d0eec24d011facb8fd7 for tracked files; private state not recoverable from Git,low for active/runtime/experiment paths; inspect individually,low / not proposed
08_reviews/shadow_llm,RUNTIME_NAMESPACE,Ignored reports and immutable evaluation/experiment evidence; SHADOW README,report producers and isolated evaluators,1,5246,README.md,tracked plus possible ignored runtime,authored/source evidence plus runtime outputs,current,09_scripts/equity_research/generate_current_status.py;09_scripts/equity_research/repair_graph_display_names.py,07_automation/scheduler/run_shadow_llm_event.sh,,00_project_control/current_documents.md;00_project_control/shadow_llm_evaluation_policy.md;README.md,00_project_control/shadow_llm_evaluation_policy.md;07_automation/scheduler/run_shadow_llm_event.sh,HEAD 5b314a1d43c6dde7691a3d0eec24d011facb8fd7 for tracked files; private state not recoverable from Git,low for active/runtime/experiment paths; inspect individually,low / not proposed
09_scripts,ACTIVE_SOURCE,Active Python implementation and regression suite,pipeline maintainers,197,2943636,equity_research,tracked plus possible ignored runtime,authored/source evidence plus runtime outputs,current,10_dashboard/feedback.py,07_automation/scheduler/com.steven.equity_research.dailydecision.plist.template;07_automation/scheduler/dailyrefresh_launcher.py.template;07_automation/scheduler/install_daily_schedulers.sh;07_automation/scheduler/install_shadow_llm_evaluation_scheduler.sh;07_automation/scheduler/run_shadow_llm_event.sh,,00_project_control/analyst_followthrough.md;00_project_control/completion_gate.md;00_project_control/equity_naming_policy.md;00_project_control/execution_policy.md;00_project_control/macbook_github_macmini_workflow.md;00_project_control/research_opportunity_architecture.md;00_project_control/workflow_evaluation_policy.md;05_risk_and_positions/README.md;08_reviews/shadow_llm/README.md;README.md,01_policies/momentum_implementation_archives.json;07_automation/scheduler/install_shadow_llm_evaluation_scheduler.sh;07_automation/scheduler/run_shadow_llm_event.sh;08_reviews/shadow_llm/README.md,HEAD 5b314a1d43c6dde7691a3d0eec24d011facb8fd7 for tracked files; private state not recoverable from Git,low for active/runtime/experiment paths; inspect individually,low / not proposed
09_scripts/equity_research,COMPATIBILITY_PATH,Active Python implementation and regression suite,pipeline maintainers,197,2943636,account_common.py;account_feedback_gate.py;active_config.py;archive_portfolio_state.py;archived_momentum.py;audit_financial_coverage.py;build_current_research_baseline.py;build_decision_evidence_packet.py;calculate_dynamic_weights.py;capital_work_queue.py;check_active_display_names.py;create_account_state.py;create_capital_allocation_validation.py;create_capital_work_queue.py;create_cash_deployment_plan.py;create_daily_decision_and_brief.py;create_earnings_incorporation.py;create_exact_action_plan.py;create_long_horizon_research.py;create_market_regime.py;create_momentum_experiment.py;create_momentum_experiment_review.py;create_price_aware_action_plan.py;create_research_backlog.py;create_research_opportunities.py;create_research_questions.py;create_workflow_evaluation.py;daily_common.py;dashboard_publication.py;delivery_archive.py;delivery_continuity.py;delivery_followthrough.py;delivery_schedule.py;earnings_incorporation.py;email_brief.py;equity_naming.py;evaluate_shadow_llm_incremental_value.py;evidence_freshness.py;execution_common.py;frozen_momentum_runtime.py;generate_current_status.py;investment_plans.py;issuer_news_queue.py;latest_report_facts.py;long_horizon_research.py;market_data_adapter.py;market_discovery.py;market_regime.py;momentum_experiment.py;momentum_experiment_review.py;momentum_price_coverage.py;news_schedule.py;official_news.py;opportunity_contract.py;opportunity_evidence.py;opportunity_measurement.py;opportunity_triggers.py;packet_contract.py;portfolio_archive.py;portfolio_construction.py;reconcile_account_state.py;refresh_daily_evidence.py;refresh_official_news.py;refresh_sec_filing_artifacts.py;refresh_valuation_scenarios.py;regenerate_portfolio_outputs.py;repair_graph_display_names.py;research_backlog.py;research_opportunities.py;return_objective.py;risk_policy_diagnostic.py;run_active_tests.py;run_daily_decision_pipeline.py;run_daily_refresh.py;run_daily_refresh_scheduler.py;run_daily_scheduler.py;run_full_universe_market_data.py;run_runtime_scheduler.py;run_shadow_llm_evaluation.py;scheduled_email.py;score_candidates.py;sec_acceptance.py;sec_acceptance_extensions.py;sec_supplemental_facts.py;send_daily_email.py;shadow_llm_contract.py;shadow_llm_provider.py;tactical_review.py;tests;thesis_evidence.py;track_recommendation_outcomes.py;update_experiment_research_approval.py;update_investment_plan.py;update_manual_account.py;update_research_assessment.py;update_thesis_review.py;validate_execution_fill.py;valuation_evidence_v1.py;valuation_input_bundle.py;valuation_research_inputs.py;verify_active_state_guard.py;verify_daily_upgrade.py;work_queue_reporting.py;workflow_evaluation.py;workflow_integrity.py,tracked plus possible ignored runtime,authored/source evidence plus runtime outputs,current,10_dashboard/feedback.py,07_automation/scheduler/com.steven.equity_research.dailydecision.plist.template;07_automation/scheduler/dailyrefresh_launcher.py.template;07_automation/scheduler/install_daily_schedulers.sh;07_automation/scheduler/install_shadow_llm_evaluation_scheduler.sh;07_automation/scheduler/run_shadow_llm_event.sh,,00_project_control/analyst_followthrough.md;00_project_control/completion_gate.md;00_project_control/equity_naming_policy.md;00_project_control/execution_policy.md;00_project_control/macbook_github_macmini_workflow.md;00_project_control/research_opportunity_architecture.md;00_project_control/workflow_evaluation_policy.md;05_risk_and_positions/README.md;08_reviews/shadow_llm/README.md;README.md,01_policies/momentum_implementation_archives.json;07_automation/scheduler/install_shadow_llm_evaluation_scheduler.sh;07_automation/scheduler/run_shadow_llm_event.sh;08_reviews/shadow_llm/README.md,HEAD 5b314a1d43c6dde7691a3d0eec24d011facb8fd7 for tracked files; private state not recoverable from Git,low for active/runtime/experiment paths; inspect individually,low / not proposed
09_scripts/equity_research/tests,ACTIVE_SOURCE,Active Python implementation and regression suite,pipeline maintainers,93,1016687,__init__.py;_support.py;test_account_snapshot_refresh.py;test_action_email.py;test_action_email_layout.py;test_active_display_names.py;test_active_production.py;test_archived_momentum.py;test_blocker_scopes.py;test_build_packet_market.py;test_canonical_workflow.py;test_capital_work_queue.py;test_compact_email.py;test_cross_day_delivery.py;test_current_workflow_status.py;test_decision_discipline.py;test_delivery_archive.py;test_delivery_continuity.py;test_delivery_followthrough.py;test_delivery_windows.py;test_discovery_integration.py;test_discovery_reporting.py;test_earnings_incorporation.py;test_email_brief.py;test_equity_naming.py;test_evidence_freshness.py;test_financial_period_integrity.py;test_frozen_momentum_runtime.py;test_graph_display_names.py;test_held_core_position.py;test_historical_order_email.py;test_investment_plans.py;test_issuer_news_queue.py;test_long_horizon_research.py;test_maintained_plan_email.py;test_manual_valuation_bootstrap.py;test_market_coverage_recomposition.py;test_market_discovery.py;test_market_refresh_failure_commit.py;test_market_regime.py;test_momentum_experiment.py;test_momentum_experiment_review.py;test_momentum_price_coverage.py;test_momentum_review_status.py;test_momentum_status.py;test_news_schedule.py;test_notification_changes.py;test_official_news.py;test_optional_active_inputs.py;test_owner_refresh_windows.py;test_owner_review_delivery.py;test_owner_snapshot.py;test_plan_purpose.py;test_portfolio_archive.py;test_rate_limit_resilience.py;test_reassessment_reporting.py;test_refresh_cadence.py;test_refresh_sec_filing_artifacts.py;test_requested_coverage.py;test_research_backlog.py;test_research_opportunities.py;test_research_risk_limits.py;test_research_schedule_reporting.py;test_research_work_budget.py;test_return_objective.py;test_review_schedule_consistency.py;test_risk_policy_diagnostic.py;test_runtime_git_sync.py;test_runtime_preflight_alerts.py;test_sec_acceptance.py;test_sec_acceptance_extensions.py;test_sec_acceptance_reconciliation.py;test_sec_supplemental_facts.py;test_security_regressions.py;test_sender_publication.py;test_shadow_archive_isolation.py;test_shadow_event_controls.py;test_shadow_llm.py;test_shadow_measurement.py;test_shadow_status_health.py;test_tactical_email.py;test_tactical_order_scopes.py;test_tactical_review.py;test_thesis_evidence.py;test_valuation_evidence_v1.py;test_valuation_input_bundle.py;test_valuation_research_archive.py;test_valuation_research_retention.py;test_verified_deployment_fallback.py;test_work_queue_reporting.py;test_workflow_evaluation.py;test_workflow_integrity.py;test_workflow_publication.py,tracked plus possible ignored runtime,authored/source evidence plus runtime outputs,current,,,,00_project_control/research_opportunity_architecture.md,,HEAD 5b314a1d43c6dde7691a3d0eec24d011facb8fd7 for tracked files; private state not recoverable from Git,low for active/runtime/experiment paths; inspect individually,low / not proposed
10_dashboard,ACTIVE_SOURCE,UI/server/tests; private service state external,dashboard maintainers,25,338911,.gitignore;README.md;connect_private.py;feedback.py;index.html;install_service.py;package-lock.json;package.json;plan_summary.py;record_feedback.py;server.py;src;tests;tsconfig.json;vite.config.ts,tracked plus possible ignored runtime,authored/source evidence plus runtime outputs,current,,,,00_project_control/analyst_followthrough.md;00_project_control/current_documents.md;00_project_control/dashboard_build_plan.md;00_project_control/dashboard_phase01_contract.md,,HEAD 5b314a1d43c6dde7691a3d0eec24d011facb8fd7 for tracked files; private state not recoverable from Git,low for active/runtime/experiment paths; inspect individually,low / not proposed
10_dashboard/dist,ACTIVE_SOURCE,UI/server/tests; private service state external,dashboard maintainers,0,0,,runtime-only,authored/source evidence plus runtime outputs,current,,,,,,HEAD 5b314a1d43c6dde7691a3d0eec24d011facb8fd7 for tracked files; private state not recoverable from Git,low for active/runtime/experiment paths; inspect individually,low / not proposed
10_dashboard/src,ACTIVE_SOURCE,UI/server/tests; private service state external,dashboard maintainers,7,116545,App.tsx;PriceChart.tsx;ResearchSection.tsx;domain.test.ts;domain.ts;main.tsx;styles.css,tracked plus possible ignored runtime,authored/source evidence plus runtime outputs,current,,,,00_project_control/dashboard_phase01_contract.md,,HEAD 5b314a1d43c6dde7691a3d0eec24d011facb8fd7 for tracked files; private state not recoverable from Git,low for active/runtime/experiment paths; inspect individually,low / not proposed
10_dashboard/tests,ACTIVE_SOURCE,UI/server/tests; private service state external,dashboard maintainers,5,49816,test_feedback.py;test_plan_summary.py;test_private_routes.py;test_review_requests.py;test_snapshot.py,tracked plus possible ignored runtime,authored/source evidence plus runtime outputs,current,,,,,,HEAD 5b314a1d43c6dde7691a3d0eec24d011facb8fd7 for tracked files; private state not recoverable from Git,low for active/runtime/experiment paths; inspect individually,low / not proposed
11_archive,HISTORICAL_UNIQUE,Historical evidence plus Git-recoverable retirement and private predecessors,archive custodian,556,6833981,dated_reviews_20260923;phase5r_docs_superseded_20260904;phase5r_retired_20260831;schedule_before_owner_windows_20260928,tracked plus possible ignored runtime,authored/source evidence plus runtime outputs,historical,09_scripts/equity_research/portfolio_archive.py;09_scripts/equity_research/valuation_input_bundle.py;09_scripts/equity_research/verify_active_state_guard.py,,09_scripts/equity_research/tests/test_active_display_names.py;09_scripts/equity_research/tests/test_graph_display_names.py;09_scripts/equity_research/tests/test_portfolio_archive.py;09_scripts/equity_research/tests/test_valuation_input_bundle.py,00_project_control/account_state_policy.md;00_project_control/active_state_policy.md;00_project_control/ai_operating_decision.md;00_project_control/collector_timing_20260928.md;00_project_control/current_documents.md;00_project_control/daily_delivery_policy.md;00_project_control/daily_research_policy.md;00_project_control/equity_naming_policy.md;00_project_control/macbook_github_macmini_workflow.md;00_project_control/workflow_improvement_plan_20260920.md;05_risk_and_positions/README.md;README.md,,HEAD 5b314a1d43c6dde7691a3d0eec24d011facb8fd7 for tracked files; private state not recoverable from Git,low for active/runtime/experiment paths; inspect individually,low / not proposed
11_archive/dated_reviews_20260923,HISTORICAL_UNIQUE,Historical evidence plus Git-recoverable retirement and private predecessors,archive custodian,7,40722,equity_naming_implementation_20260920.md;naming_runtime_migration_20260923.md;risk_policy_audit_20260914.md;risk_profile_activation_20260914.md;risk_skill_installation_20260914.md;workflow_implementation_20260920.md;workflow_standards_audit_20260920.md,tracked plus possible ignored runtime,authored/source evidence plus runtime outputs,historical,,,,00_project_control/current_documents.md;00_project_control/equity_naming_policy.md;00_project_control/workflow_improvement_plan_20260920.md,,HEAD 5b314a1d43c6dde7691a3d0eec24d011facb8fd7 for tracked files; private state not recoverable from Git,low for active/runtime/experiment paths; inspect individually,low / not proposed
11_archive/naming_cache_20260923,HISTORICAL_UNIQUE,Historical evidence plus Git-recoverable retirement and private predecessors,archive custodian,0,0,,runtime-only,authored/source evidence plus runtime outputs,historical,,,,,,HEAD 5b314a1d43c6dde7691a3d0eec24d011facb8fd7 for tracked files; private state not recoverable from Git,low for active/runtime/experiment paths; inspect individually,low / not proposed
11_archive/phase5r_docs_superseded_20260904,HISTORICAL_UNIQUE,Historical evidence plus Git-recoverable retirement and private predecessors,archive custodian,16,47110,00_project_control;README.md;skills,tracked plus possible ignored runtime,authored/source evidence plus runtime outputs,historical,,,,00_project_control/current_documents.md,,HEAD 5b314a1d43c6dde7691a3d0eec24d011facb8fd7 for tracked files; private state not recoverable from Git,low for active/runtime/experiment paths; inspect individually,low / not proposed
11_archive/phase5r_docs_superseded_20260904/00_project_control,HISTORICAL_UNIQUE,Historical evidence plus Git-recoverable retirement and private predecessors,archive custodian,9,31930,phase5r_c8_verification_report.md;phase5r_decision_analysis_summary_for_llm_review.md;phase5r_workspace_cleanup_manifest.md;project_skill,tracked plus possible ignored runtime,authored/source evidence plus runtime outputs,historical,,,,,,HEAD 5b314a1d43c6dde7691a3d0eec24d011facb8fd7 for tracked files; private state not recoverable from Git,low for active/runtime/experiment paths; inspect individually,low / not proposed
11_archive/phase5r_docs_superseded_20260904/00_project_control/project_skill,HISTORICAL_UNIQUE,Historical evidence plus Git-recoverable retirement and private predecessors,archive custodian,6,12954,skills,tracked plus possible ignored runtime,authored/source evidence plus runtime outputs,historical,,,,,,HEAD 5b314a1d43c6dde7691a3d0eec24d011facb8fd7 for tracked files; private state not recoverable from Git,low for active/runtime/experiment paths; inspect individually,low / not proposed
11_archive/phase5r_docs_superseded_20260904/00_project_control/project_skill/skills,HISTORICAL_UNIQUE,Historical evidence plus Git-recoverable retirement and private predecessors,archive custodian,6,12954,early-public-equity-research,tracked plus possible ignored runtime,authored/source evidence plus runtime outputs,historical,,,,,,HEAD 5b314a1d43c6dde7691a3d0eec24d011facb8fd7 for tracked files; private state not recoverable from Git,low for active/runtime/experiment paths; inspect individually,low / not proposed
11_archive/phase5r_docs_superseded_20260904/00_project_control/project_skill/skills/early-public-equity-research,HISTORICAL_UNIQUE,Historical evidence plus Git-recoverable retirement and private predecessors,archive custodian,6,12954,SKILL.md;references,tracked plus possible ignored runtime,authored/source evidence plus runtime outputs,historical,,,,,,HEAD 5b314a1d43c6dde7691a3d0eec24d011facb8fd7 for tracked files; private state not recoverable from Git,low for active/runtime/experiment paths; inspect individually,low / not proposed
11_archive/phase5r_docs_superseded_20260904/00_project_control/project_skill/skills/early-public-equity-research/references,HISTORICAL_UNIQUE,Historical evidence plus Git-recoverable retirement and private predecessors,archive custodian,5,9765,memo_rubric.md;phase_status.md;red_team_checklist.md;source_policy.md;workflow.md,tracked plus possible ignored runtime,authored/source evidence plus runtime outputs,historical,,,,,,HEAD 5b314a1d43c6dde7691a3d0eec24d011facb8fd7 for tracked files; private state not recoverable from Git,low for active/runtime/experiment paths; inspect individually,low / not proposed
11_archive/phase5r_docs_superseded_20260904/skills,HISTORICAL_UNIQUE,Historical evidence plus Git-recoverable retirement and private predecessors,archive custodian,6,12954,early-public-equity-research,tracked plus possible ignored runtime,authored/source evidence plus runtime outputs,historical,,,,,,HEAD 5b314a1d43c6dde7691a3d0eec24d011facb8fd7 for tracked files; private state not recoverable from Git,low for active/runtime/experiment paths; inspect individually,low / not proposed
11_archive/phase5r_docs_superseded_20260904/skills/early-public-equity-research,HISTORICAL_UNIQUE,Historical evidence plus Git-recoverable retirement and private predecessors,archive custodian,6,12954,SKILL.md;references,tracked plus possible ignored runtime,authored/source evidence plus runtime outputs,historical,,,,,,HEAD 5b314a1d43c6dde7691a3d0eec24d011facb8fd7 for tracked files; private state not recoverable from Git,low for active/runtime/experiment paths; inspect individually,low / not proposed
11_archive/phase5r_docs_superseded_20260904/skills/early-public-equity-research/references,HISTORICAL_UNIQUE,Historical evidence plus Git-recoverable retirement and private predecessors,archive custodian,5,9765,memo_rubric.md;phase_status.md;red_team_checklist.md;source_policy.md;workflow.md,tracked plus possible ignored runtime,authored/source evidence plus runtime outputs,historical,,,,,,HEAD 5b314a1d43c6dde7691a3d0eec24d011facb8fd7 for tracked files; private state not recoverable from Git,low for active/runtime/experiment paths; inspect individually,low / not proposed
11_archive/phase5r_retired_20260831,HISTORICAL_GIT_RECOVERABLE,Historical evidence plus Git-recoverable retirement and private predecessors,archive custodian,521,6664166,00_project_control;01_policies;02_universe;03_source_data;04_research;05_risk_and_positions;07_automation;08_reviews;09_scripts;README.md,tracked plus possible ignored runtime,authored/source evidence plus runtime outputs,historical,,,,00_project_control/active_state_policy.md;00_project_control/ai_operating_decision.md;00_project_control/current_documents.md;00_project_control/equity_naming_policy.md;00_project_control/macbook_github_macmini_workflow.md;README.md,,verified annotated tag; every blob matches,low for active/runtime/experiment paths; inspect individually,high only for blob-verified retired duplicates
11_archive/phase5r_retired_20260831/00_project_control,HISTORICAL_GIT_RECOVERABLE,Historical evidence plus Git-recoverable retirement and private predecessors,archive custodian,221,2563620,audit_reports;future_v2_offline_integration_v1;phase0a_broken_path_report.csv;phase0a_cleanup_plan.md;phase0a_duplicate_file_report.csv;phase0a_file_classification.csv;phase0a_full_file_inventory.csv;phase0a_new_canonical_structure.md;phase0a_phase_dependency_map.csv;phase0a_real_position_file_map.csv;phase0a_verification_report.md;phase0b_active_entrypoint_register.csv;phase0b_broken_path_resolution_plan.csv;phase0b_duplicate_resolution_plan.csv;phase0b_human_review_queue.csv;phase0b_migration_map.csv;phase0b_migration_plan.md;phase0b_phase_register.csv;phase0b_verification_report.md;phase0c_blocker_reduction_report.csv;phase0c_entrypoint_decision_register.csv;phase0c_legacy_quarantine_plan.csv;phase0c_phase5r_dependency_allowlist.csv;phase0c_reframe_decision_map.csv;phase0c_reframe_plan.md;phase0c_verification_report.md;phase0d_cleanup_lite_plan.md;phase0d_created_folders.csv;phase0d_deleted_cache_files.csv;phase0d_preservation_report.csv;phase0d_verification_report.md;phase0e_5r_integrity_check.md;phase0e_canonical_copy_plan.md;phase0e_copy_map.csv;phase0e_created_canonical_files.csv;phase0e_old_folder_status_report.csv;phase0e_skipped_sensitive_files.csv;phase0e_verification_report.md;phase0f_archive_manifest.md;phase0f_archive_old_root_plan.md;phase0f_archived_folder_map.csv;phase0f_phase5r_canonical_integrity_check.md;phase0f_post_root_structure_report.md;phase0f_verification_report.md;phase5r;phase5r_b1_data_readiness_report.md;phase5r_b1_install_instructions.md;phase5r_b1_market_data_enablement_plan.md;phase5r_b1_verification_report.md;phase5r_b_data_adapter_policy.md;phase5r_b_data_source_decision.md;phase5r_b_verification_report.md;phase5r_c1_email_brief_policy.md;phase5r_c1_low_attention_rules.md;phase5r_c1_verification_report.md;phase5r_c2_email_delivery_policy.md;phase5r_c2_gmail_smtp_setup.md;phase5r_c2_live_delivery_confirmation.md;phase5r_c2_live_delivery_verification_report.md;phase5r_c2_verification_report.md;phase5r_c3_daily_pipeline_policy.md;phase5r_c3_pipeline_status_report.md;phase5r_c3_verification_report.md;phase5r_c3l_live_pipeline_confirmation.md;phase5r_c3l_verification_report.md;phase5r_c4_concentration_policy.md;phase5r_c4_d1_scheduler_parked_status.md;phase5r_c4_holding_horizon_policy.md;phase5r_c4_portfolio_policy.md;phase5r_c4_trade_cadence_policy.md;phase5r_c4_verification_report.md;phase5r_c4_weekly_reframe_policy.md;phase5r_c4r_position_intake_policy.md;phase5r_c4r_verification_report.md;phase5r_c5_deep_research_policy.md;phase5r_c5_recommendation_label_policy.md;phase5r_c5_source_policy.md;phase5r_c5_verification_report.md;phase5r_c5t_manual_action_policy.md;phase5r_c5t_verification_report.md;phase5r_c6_delivery_policy.md;phase5r_c6_verification_report.md;phase5r_c6_weekly_email_policy.md;phase5r_c6l_live_delivery_confirmation.md;phase5r_c6l_verification_report.md;phase5r_c7_pipeline_status_report.md;phase5r_c7_verification_report.md;phase5r_c7_weekly_pipeline_policy.md;phase5r_c7l_live_pipeline_confirmation.md;phase5r_c7l_verification_report.md;phase5r_c9_output_regeneration_plan.md;phase5r_c9_verification_report.md;phase5r_c9a_audit_policy.md;phase5r_c9a_canonical_account_input_decision.md;phase5r_c9a_financial_dependency_map.csv;phase5r_c9a_output_supersession_plan.csv;phase5r_c9a_scheduler_maintenance_policy.md;phase5r_c9a_stale_assumption_report.csv;phase5r_c9a_verification_report.md;phase5r_c9b_verification_report.md;phase5r_d1_install_instructions.md;phase5r_d1_mac_scheduler_policy.md;phase5r_d1_verification_report.md;phase5r_d2_install_instructions.md;phase5r_d2_scheduler_decision.md;phase5r_d2_verification_report.md;phase5r_d2_weekly_scheduler_policy.md;phase5r_d2l_installation_confirmation.md;phase5r_d2l_operational_status.md;phase5r_d2l_verification_report.md;phase5r_d3_catchup_scheduler_policy.md;phase5r_d3_catchup_state_policy.md;phase5r_d3_install_instructions.md;phase5r_d3_migration_from_d2_plan.md;phase5r_d3_verification_report.md;phase5r_d3f_hotfix_plan.md;phase5r_d3f_operational_status.md;phase5r_d3f_verification_report.md;phase5r_d3g_dynamic_c6_policy.md;phase5r_d3g_failed_cycle_recovery_policy.md;phase5r_d3g_root_cause_report.md;phase5r_d3g_verification_report.md;phase5r_daily_operational_status.md;phase5r_daily_upgrade_plan.md;phase5r_data_contract.md;phase5r_dependency_check_report.md;phase5r_economical_dependency_decision.md;phase5r_external_decision_brief.md;phase5r_future_notification_plan.md;phase5r_llm_decision_upgrade_plan.md;phase5r_llm_evaluation_policy.md;phase5r_llm_model_registry.json;phase5r_llm_transition_annotation_rubric.md;phase5r_llm_upgrade_execution_report.md;phase5r_local_valuation_and_performance_foundation.md;phase5r_manual_execution_boundary.md;phase5r_market_data_provider_registry.json;phase5r_model_api_actual_upgrade_plan.md;phase5r_model_pilot_v1_stop_diagnosis.md;phase5r_open_source_adoption_decision.md;phase5r_paid_dependency_policy.json;phase5r_pilot_go_no_go_report.md;phase5r_return_objective_operational_status.md;phase5r_safe_shadow_readiness_report.md;phase5r_strategy_profile.md;phase5r_strict_pilot_corpus_completion_report.md;phase5r_v10_ai_assisted_review_governance_adoption.json;phase5r_v10_project_owner_internal_use_decision.json;project_docs;run_logs,tracked plus possible ignored runtime,authored/source evidence plus runtime outputs,historical,,,,00_project_control/equity_naming_policy.md,,verified annotated tag; every blob matches,low for active/runtime/experiment paths; inspect individually,high only for blob-verified retired duplicates
11_archive/phase5r_retired_20260831/00_project_control/audit_reports,HISTORICAL_GIT_RECOVERABLE,Historical evidence plus Git-recoverable retirement and private predecessors,archive custodian,29,887245,phase0a;phase0b;phase0c;phase0d,tracked plus possible ignored runtime,authored/source evidence plus runtime outputs,historical,,,,00_project_control/equity_naming_policy.md,,verified annotated tag; every blob matches,low for active/runtime/experiment paths; inspect individually,high only for blob-verified retired duplicates
11_archive/phase5r_retired_20260831/00_project_control/audit_reports/phase0a,HISTORICAL_GIT_RECOVERABLE,Historical evidence plus Git-recoverable retirement and private predecessors,archive custodian,9,406986,phase0a_broken_path_report.csv;phase0a_cleanup_plan.md;phase0a_duplicate_file_report.csv;phase0a_file_classification.csv;phase0a_full_file_inventory.csv;phase0a_new_canonical_structure.md;phase0a_phase_dependency_map.csv;phase0a_real_position_file_map.csv;phase0a_verification_report.md,tracked plus possible ignored runtime,authored/source evidence plus runtime outputs,historical,,,,,,verified annotated tag; every blob matches,low for active/runtime/experiment paths; inspect individually,high only for blob-verified retired duplicates
11_archive/phase5r_retired_20260831/00_project_control/audit_reports/phase0b,HISTORICAL_GIT_RECOVERABLE,Historical evidence plus Git-recoverable retirement and private predecessors,archive custodian,8,216313,phase0b_active_entrypoint_register.csv;phase0b_broken_path_resolution_plan.csv;phase0b_duplicate_resolution_plan.csv;phase0b_human_review_queue.csv;phase0b_migration_map.csv;phase0b_migration_plan.md;phase0b_phase_register.csv;phase0b_verification_report.md,tracked plus possible ignored runtime,authored/source evidence plus runtime outputs,historical,,,,,,verified annotated tag; every blob matches,low for active/runtime/experiment paths; inspect individually,high only for blob-verified retired duplicates
11_archive/phase5r_retired_20260831/00_project_control/audit_reports/phase0c,HISTORICAL_GIT_RECOVERABLE,Historical evidence plus Git-recoverable retirement and private predecessors,archive custodian,7,228893,phase0c_blocker_reduction_report.csv;phase0c_entrypoint_decision_register.csv;phase0c_legacy_quarantine_plan.csv;phase0c_phase5r_dependency_allowlist.csv;phase0c_reframe_decision_map.csv;phase0c_reframe_plan.md;phase0c_verification_report.md,tracked plus possible ignored runtime,authored/source evidence plus runtime outputs,historical,,,,00_project_control/equity_naming_policy.md,,verified annotated tag; every blob matches,low for active/runtime/experiment paths; inspect individually,high only for blob-verified retired duplicates
11_archive/phase5r_retired_20260831/00_project_control/audit_reports/phase0d,HISTORICAL_GIT_RECOVERABLE,Historical evidence plus Git-recoverable retirement and private predecessors,archive custodian,5,35053,phase0d_cleanup_lite_plan.md;phase0d_created_folders.csv;phase0d_deleted_cache_files.csv;phase0d_preservation_report.csv;phase0d_verification_report.md,tracked plus possible ignored runtime,authored/source evidence plus runtime outputs,historical,,,,,,verified annotated tag; every blob matches,low for active/runtime/experiment paths; inspect individually,high only for blob-verified retired duplicates
11_archive/phase5r_retired_20260831/00_project_control/future_v2_offline_integration_v1,HISTORICAL_GIT_RECOVERABLE,Historical evidence plus Git-recoverable retirement and private predecessors,archive custodian,2,2183,owner_approvals;project_owner_scope_authorization.json,tracked plus possible ignored runtime,authored/source evidence plus runtime outputs,historical,,,,,,verified annotated tag; every blob matches,low for active/runtime/experiment paths; inspect individually,high only for blob-verified retired duplicates
11_archive/phase5r_retired_20260831/00_project_control/future_v2_offline_integration_v1/owner_approvals,HISTORICAL_GIT_RECOVERABLE,Historical evidence plus Git-recoverable retirement and private predecessors,archive custodian,1,838,owner_approval_reference_template.json,tracked plus possible ignored runtime,authored/source evidence plus runtime outputs,historical,,,,,,verified annotated tag; every blob matches,low for active/runtime/experiment paths; inspect individually,high only for blob-verified retired duplicates
11_archive/phase5r_retired_20260831/00_project_control/phase5r,HISTORICAL_GIT_RECOVERABLE,Historical evidence plus Git-recoverable retirement and private predecessors,archive custodian,4,6451,phase5r_data_contract.md;phase5r_dependency_check_report.md;phase5r_manual_execution_boundary.md;phase5r_strategy_profile.md,tracked plus possible ignored runtime,authored/source evidence plus runtime outputs,historical,,,,,,verified annotated tag; every blob matches,low for active/runtime/experiment paths; inspect individually,high only for blob-verified retired duplicates
11_archive/phase5r_retired_20260831/00_project_control/project_docs,HISTORICAL_GIT_RECOVERABLE,Historical evidence plus Git-recoverable retirement and private predecessors,archive custodian,3,4428,.gitignore;AGENTS.md;README.md,tracked plus possible ignored runtime,authored/source evidence plus runtime outputs,historical,,,,,,verified annotated tag; every blob matches,low for active/runtime/experiment paths; inspect individually,high only for blob-verified retired duplicates
11_archive/phase5r_retired_20260831/00_project_control/run_logs,HISTORICAL_GIT_RECOVERABLE,Historical evidence plus Git-recoverable retirement and private predecessors,archive custodian,38,279386,phase0a_audit_run_log.csv;phase0b_run_log.csv;phase0c_run_log.csv;phase0d_cleanup_lite_run_log.csv;phase0f_archive_old_root_run_log.csv;phase5r_a_run_log.csv;phase5r_audit_trail.csv;phase5r_b1_run_log.csv;phase5r_b_run_log.csv;phase5r_c1_run_log.csv;phase5r_c2_live_delivery_run_log.csv;phase5r_c2_run_log.csv;phase5r_c3_daily_pipeline_run_log.csv;phase5r_c3l_confirmation_run_log.csv;phase5r_c4_run_log.csv;phase5r_c4r_run_log.csv;phase5r_c5_run_log.csv;phase5r_c5t_run_log.csv;phase5r_c6_run_log.csv;phase5r_c6l_run_log.csv;phase5r_c7_weekly_pipeline_run_log.csv;phase5r_c7l_run_log.csv;phase5r_c8_run_log.csv;phase5r_c9a_audit_log.csv;phase5r_d1_scheduler_setup_log.csv;phase5r_d2_launchd_stderr.log;phase5r_d2_launchd_stdout.log;phase5r_d2_scheduler_setup_log.csv;phase5r_d2l_installation_confirmation_log.csv;phase5r_d3_catchup.lock;phase5r_d3_catchup_check_log.csv;phase5r_d3_catchup_state.local.json;phase5r_d3_launchd_stderr.log;phase5r_d3_launchd_stdout.log;phase5r_d3f_hotfix_log.csv;phase5r_d3g_recovery_log.csv;phase5r_daily_activation_log.csv;phase5r_llm_upgrade_log.csv,tracked plus possible ignored runtime,authored/source evidence plus runtime outputs,historical,,,,,,verified annotated tag; every blob matches,low for active/runtime/experiment paths; inspect individually,high only for blob-verified retired duplicates
11_archive/phase5r_retired_20260831/01_policies,HISTORICAL_GIT_RECOVERABLE,Historical evidence plus Git-recoverable retirement and private predecessors,archive custodian,5,23261,phase5r_ai_assisted_review_correction_addendum_template.json;phase5r_llm_decision_authority_policy.md;phase5r_v10_ai_assisted_review_adoption_record_template.json;phase5r_v10_ai_assisted_review_limited_governance_amendment_draft.md;phase5r_v10_noncanonical_internal_use_policy.md,tracked plus possible ignored runtime,authored/source evidence plus runtime outputs,historical,,,,,,verified annotated tag; every blob matches,low for active/runtime/experiment paths; inspect individually,high only for blob-verified retired duplicates
11_archive/phase5r_retired_20260831/02_universe,HISTORICAL_GIT_RECOVERABLE,Historical evidence plus Git-recoverable retirement and private predecessors,archive custodian,2,2776,raw_sources;universe.csv,tracked plus possible ignored runtime,authored/source evidence plus runtime outputs,historical,,,,,,verified annotated tag; every blob matches,low for active/runtime/experiment paths; inspect individually,high only for blob-verified retired duplicates
11_archive/phase5r_retired_20260831/02_universe/raw_sources,HISTORICAL_GIT_RECOVERABLE,Historical evidence plus Git-recoverable retirement and private predecessors,archive custodian,1,972,real_candidate_sources.md,tracked plus possible ignored runtime,authored/source evidence plus runtime outputs,historical,,,,,,verified annotated tag; every blob matches,low for active/runtime/experiment paths; inspect individually,high only for blob-verified retired duplicates
11_archive/phase5r_retired_20260831/03_source_data,HISTORICAL_GIT_RECOVERABLE,Historical evidence plus Git-recoverable retirement and private predecessors,archive custodian,10,46675,phase5r,tracked plus possible ignored runtime,authored/source evidence plus runtime outputs,historical,,,,,,verified annotated tag; every blob matches,low for active/runtime/experiment paths; inspect individually,high only for blob-verified retired duplicates
11_archive/phase5r_retired_20260831/03_source_data/phase5r,HISTORICAL_GIT_RECOVERABLE,Historical evidence plus Git-recoverable retirement and private predecessors,archive custodian,10,46675,phase5r_b1_data_source_smoke_test.csv;phase5r_b_audit_trail.csv;phase5r_b_candidates_with_market_data.csv;phase5r_b_manual_market_data_fallback_template.csv;phase5r_b_manual_trade_tickets.csv;phase5r_b_market_data_quality_report.csv;phase5r_b_market_data_snapshot.csv;phase5r_b_signal_scores.csv;phase5r_dry_run_candidates.csv;phase5r_signal_scores.csv,tracked plus possible ignored runtime,authored/source evidence plus runtime outputs,historical,,,,,,verified annotated tag; every blob matches,low for active/runtime/experiment paths; inspect individually,high only for blob-verified retired duplicates
11_archive/phase5r_retired_20260831/04_research,HISTORICAL_GIT_RECOVERABLE,Historical evidence plus Git-recoverable retirement and private predecessors,archive custodian,55,171701,realtime_stock_picker_phase5r,tracked plus possible ignored runtime,authored/source evidence plus runtime outputs,historical,,,,,,verified annotated tag; every blob matches,low for active/runtime/experiment paths; inspect individually,high only for blob-verified retired duplicates
11_archive/phase5r_retired_20260831/04_research/realtime_stock_picker_phase5r,HISTORICAL_GIT_RECOVERABLE,Historical evidence plus Git-recoverable retirement and private predecessors,archive custodian,55,171701,phase5r_a_scaffold_report.md;phase5r_a_verification_report.md;phase5r_b_market_data_adapter_report.md;phase5r_b_verification_report.md;phase5r_c1_email_brief_report.md;phase5r_c1_verification_report.md;phase5r_c2_email_delivery_report.md;phase5r_c2_live_delivery_report.md;phase5r_c2_verification_report.md;phase5r_c3_pipeline_report.md;phase5r_c3_verification_report.md;phase5r_c3l_live_pipeline_report.md;phase5r_c4_portfolio_framework_report.md;phase5r_c4_verification_report.md;phase5r_c4r_position_intake_report.md;phase5r_c4r_verification_report.md;phase5r_c5_company_research_packets.csv;phase5r_c5_new_candidate_recommendations.csv;phase5r_c5_position_review_recommendations.csv;phase5r_c5_research_queue.csv;phase5r_c5_verification_report.md;phase5r_c5_weekly_conviction_memo.md;phase5r_c5_weekly_conviction_scores.csv;phase5r_c5t_manual_action_report.md;phase5r_c5t_verification_report.md;phase5r_c6_verification_report.md;phase5r_c6_weekly_email_report.md;phase5r_c6l_live_delivery_report.md;phase5r_c7_pipeline_report.md;phase5r_c7_verification_report.md;phase5r_c7l_live_pipeline_report.md;phase5r_c8_active_state_report.md;phase5r_c8_verification_report.md;phase5r_c9a_audit_report.md;phase5r_c9a_verification_report.md;phase5r_d1_scheduler_report.md;phase5r_d1_verification_report.md;phase5r_d2_scheduler_report.md;phase5r_d2_verification_report.md;phase5r_d2l_scheduler_installation_report.md;phase5r_d2l_verification_report.md;phase5r_d3_catchup_scheduler_report.md;phase5r_d3_verification_report.md;phase5r_d3f_hotfix_report.md;phase5r_d3f_verification_report.md;phase5r_d3g_hotfix_report.md;phase5r_d3g_verification_report.md;phase5r_daily_upgrade_report.md;phase5r_llm_decision_architecture_research.md;phase5r_llm_replay_corpus_design.md;phase5r_llm_shadow_verification_report.md;phase5r_model_api_upgrade_research_20260725.md;phase5r_model_pilot_go_no_go_report.md;phase5r_model_shadow_readiness_report.md;phase5r_production_shadow_v1.md,tracked plus possible ignored runtime,authored/source evidence plus runtime outputs,historical,,,,,,verified annotated tag; every blob matches,low for active/runtime/experiment paths; inspect individually,high only for blob-verified retired duplicates
11_archive/phase5r_retired_20260831/05_risk_and_positions,HISTORICAL_GIT_RECOVERABLE,Historical evidence plus Git-recoverable retirement and private predecessors,archive custodian,12,30863,phase5r;phase5r_c4_blank_position_review.md;phase5r_c4_portfolio_state_report.csv;phase5r_c4_position_schema.csv;phase5r_c4r_current_portfolio_summary.md;phase5r_c4r_current_position_validation.csv;phase5r_c4r_portfolio_concentration_report.csv;phase5r_c4r_position_review_queue.csv;phase5r_c5t_hold_vs_trim_checklist.csv;phase5r_c5t_manual_action_plan.md;phase5r_c5t_next_review_triggers.csv;phase5r_c5t_trim_scenario_table.csv,tracked plus possible ignored runtime,authored/source evidence plus runtime outputs,historical,,,,,,verified annotated tag; every blob matches,low for active/runtime/experiment paths; inspect individually,high only for blob-verified retired duplicates
11_archive/phase5r_retired_20260831/05_risk_and_positions/phase5r,HISTORICAL_GIT_RECOVERABLE,Historical evidence plus Git-recoverable retirement and private predecessors,archive custodian,1,11336,phase5r_manual_trade_tickets.csv,tracked plus possible ignored runtime,authored/source evidence plus runtime outputs,historical,,,,,,verified annotated tag; every blob matches,low for active/runtime/experiment paths; inspect individually,high only for blob-verified retired duplicates
11_archive/phase5r_retired_20260831/07_automation,HISTORICAL_GIT_RECOVERABLE,Historical evidence plus Git-recoverable retirement and private predecessors,archive custodian,33,88743,email_briefs;email_delivery;scheduler,tracked plus possible ignored runtime,authored/source evidence plus runtime outputs,historical,,,,00_project_control/macbook_github_macmini_workflow.md,,verified annotated tag; every blob matches,low for active/runtime/experiment paths; inspect individually,high only for blob-verified retired duplicates
11_archive/phase5r_retired_20260831/07_automation/email_briefs,HISTORICAL_GIT_RECOVERABLE,Historical evidence plus Git-recoverable retirement and private predecessors,archive custodian,8,12898,phase5r_c1_daily_email_body.html;phase5r_c1_daily_email_body.txt;phase5r_c1_daily_email_subject.txt;phase5r_c1_email_brief_metadata.csv;phase5r_c6_email_metadata.csv;phase5r_c6_weekly_email_body.html;phase5r_c6_weekly_email_body.txt;phase5r_c6_weekly_email_subject.txt,tracked plus possible ignored runtime,authored/source evidence plus runtime outputs,historical,,,,,,verified annotated tag; every blob matches,low for active/runtime/experiment paths; inspect individually,high only for blob-verified retired duplicates
11_archive/phase5r_retired_20260831/07_automation/email_delivery,HISTORICAL_GIT_RECOVERABLE,Historical evidence plus Git-recoverable retirement and private predecessors,archive custodian,4,18215,phase5r_c2_delivery_status.csv;phase5r_c2_last_email_preview.eml;phase5r_c6_delivery_status.csv;phase5r_c6_last_email_preview.eml,tracked plus possible ignored runtime,authored/source evidence plus runtime outputs,historical,,,,,,verified annotated tag; every blob matches,low for active/runtime/experiment paths; inspect individually,high only for blob-verified retired duplicates
11_archive/phase5r_retired_20260831/07_automation/scheduler,HISTORICAL_GIT_RECOVERABLE,Historical evidence plus Git-recoverable retirement and private predecessors,archive custodian,21,57630,check_phase5r_d1_scheduler_status.sh;check_phase5r_d2_scheduler_status.sh;check_phase5r_d3_catchup_status.sh;check_phase5r_llm_shadow_status.sh;com.steven.phase5r.dailybrief.plist.template;com.steven.phase5r.llmshadow.plist.template;com.steven.phase5r.weeklycatchup.plist.template;com.steven.phase5r.weeklyconviction.plist.template;install_phase5r_d1_scheduler.sh;install_phase5r_d2_weekly_scheduler.sh;install_phase5r_d3_catchup_scheduler.sh;install_phase5r_llm_shadow_scheduler.sh;migrate_phase5r_to_daily_workflow.sh;phase5r_d3_catchup_state.local.json.example;phase5r_d3_catchup_state.template.json;reset_phase5r_d3_failed_cycle_after_fix.sh;unblock_phase5r_d3_catchup_after_verification.sh;uninstall_phase5r_d1_scheduler.sh;uninstall_phase5r_d2_weekly_scheduler.sh;uninstall_phase5r_d3_catchup_scheduler.sh;uninstall_phase5r_llm_shadow_scheduler.sh,tracked plus possible ignored runtime,authored/source evidence plus runtime outputs,historical,,,,00_project_control/macbook_github_macmini_workflow.md,,verified annotated tag; every blob matches,low for active/runtime/experiment paths; inspect individually,high only for blob-verified retired duplicates
11_archive/phase5r_retired_20260831/08_reviews,HISTORICAL_GIT_RECOVERABLE,Historical evidence plus Git-recoverable retirement and private predecessors,archive custodian,35,169821,current;phase5r_llm_eval_cases;phase5r_model_pilot,tracked plus possible ignored runtime,authored/source evidence plus runtime outputs,historical,,,,,,verified annotated tag; every blob matches,low for active/runtime/experiment paths; inspect individually,high only for blob-verified retired duplicates
11_archive/phase5r_retired_20260831/08_reviews/current,HISTORICAL_GIT_RECOVERABLE,Historical evidence plus Git-recoverable retirement and private predecessors,archive custodian,6,18003,latest_phase5r_b_manual_trade_tickets.md;latest_phase5r_b_watchlist.md;latest_phase5r_c1_email_preview.md;latest_phase5r_c6_weekly_email_preview.md;latest_phase5r_manual_trade_tickets.md;latest_phase5r_watchlist.md,tracked plus possible ignored runtime,authored/source evidence plus runtime outputs,historical,,,,,,verified annotated tag; every blob matches,low for active/runtime/experiment paths; inspect individually,high only for blob-verified retired duplicates
11_archive/phase5r_retired_20260831/08_reviews/phase5r_llm_eval_cases,HISTORICAL_GIT_RECOVERABLE,Historical evidence plus Git-recoverable retirement and private predecessors,archive custodian,3,32250,v1,tracked plus possible ignored runtime,authored/source evidence plus runtime outputs,historical,,,,,,verified annotated tag; every blob matches,low for active/runtime/experiment paths; inspect individually,high only for blob-verified retired duplicates
11_archive/phase5r_retired_20260831/08_reviews/phase5r_llm_eval_cases/v1,HISTORICAL_GIT_RECOVERABLE,Historical evidence plus Git-recoverable retirement and private predecessors,archive custodian,3,32250,base_fixture.json;manifest.json;sources,tracked plus possible ignored runtime,authored/source evidence plus runtime outputs,historical,,,,,,verified annotated tag; every blob matches,low for active/runtime/experiment paths; inspect individually,high only for blob-verified retired duplicates
11_archive/phase5r_retired_20260831/08_reviews/phase5r_llm_eval_cases/v1/sources,HISTORICAL_GIT_RECOVERABLE,Historical evidence plus Git-recoverable retirement and private predecessors,archive custodian,1,208,sec_filing_excerpt.txt,tracked plus possible ignored runtime,authored/source evidence plus runtime outputs,historical,,,,,,verified annotated tag; every blob matches,low for active/runtime/experiment paths; inspect individually,high only for blob-verified retired duplicates
11_archive/phase5r_retired_20260831/08_reviews/phase5r_model_pilot,HISTORICAL_GIT_RECOVERABLE,Historical evidence plus Git-recoverable retirement and private predecessors,archive custodian,26,119568,ai_assisted_v10_review;future_v2_offline_integration_v1;phase5r_anonymous_review_materials_status.md;phase5r_anonymous_review_protocol.md;phase5r_model_pilot_terminal_no_go_report.md;phase5r_model_pilot_v10_independent_review_preflight.md;phase5r_model_pilot_v6_terminal_diagnosis.md;phase5r_model_pilot_v8_reliability_gate_proposal.md;phase5r_model_pilot_v9_terminal_diagnosis.md;replacement_v10;replacement_v2;replacement_v3;replacement_v4;replacement_v5;replacement_v6;replacement_v7;replacement_v8;replacement_v9,tracked plus possible ignored runtime,authored/source evidence plus runtime outputs,historical,,,,,,verified annotated tag; every blob matches,low for active/runtime/experiment paths; inspect individually,high only for blob-verified retired duplicates
11_archive/phase5r_retired_20260831/08_reviews/phase5r_model_pilot/ai_assisted_v10_review,HISTORICAL_GIT_RECOVERABLE,Historical evidence plus Git-recoverable retirement and private predecessors,archive custodian,6,56875,phase5r_model_pilot_v10_ai_assisted_review.json;phase5r_model_pilot_v10_ai_assisted_review_report.md;phase5r_model_pilot_v10_noncanonical_correction_addendum.json;phase5r_model_pilot_v10_noncanonical_correction_addendum.md;phase5r_v10_blind_key_boundary_incident.json;phase5r_v10_noncanonical_internal_improvement_backlog.md,tracked plus possible ignored runtime,authored/source evidence plus runtime outputs,historical,,,,,,verified annotated tag; every blob matches,low for active/runtime/experiment paths; inspect individually,high only for blob-verified retired duplicates
11_archive/phase5r_retired_20260831/08_reviews/phase5r_model_pilot/future_v2_offline_integration_v1,HISTORICAL_GIT_RECOVERABLE,Historical evidence plus Git-recoverable retirement and private predecessors,archive custodian,2,6085,README.md;readiness_report.md,tracked plus possible ignored runtime,authored/source evidence plus runtime outputs,historical,,,,,,verified annotated tag; every blob matches,low for active/runtime/experiment paths; inspect individually,high only for blob-verified retired duplicates
11_archive/phase5r_retired_20260831/08_reviews/phase5r_model_pilot/replacement_v10,HISTORICAL_GIT_RECOVERABLE,Historical evidence plus Git-recoverable retirement and private predecessors,archive custodian,1,4334,phase5r_model_pilot_v10_plan.json,tracked plus possible ignored runtime,authored/source evidence plus runtime outputs,historical,,,,,,verified annotated tag; every blob matches,low for active/runtime/experiment paths; inspect individually,high only for blob-verified retired duplicates
11_archive/phase5r_retired_20260831/08_reviews/phase5r_model_pilot/replacement_v2,HISTORICAL_GIT_RECOVERABLE,Historical evidence plus Git-recoverable retirement and private predecessors,archive custodian,1,3817,phase5r_model_pilot_v2_plan.json,tracked plus possible ignored runtime,authored/source evidence plus runtime outputs,historical,,,,,,verified annotated tag; every blob matches,low for active/runtime/experiment paths; inspect individually,high only for blob-verified retired duplicates
11_archive/phase5r_retired_20260831/08_reviews/phase5r_model_pilot/replacement_v3,HISTORICAL_GIT_RECOVERABLE,Historical evidence plus Git-recoverable retirement and private predecessors,archive custodian,1,4662,phase5r_model_pilot_v3_plan.json,tracked plus possible ignored runtime,authored/source evidence plus runtime outputs,historical,,,,,,verified annotated tag; every blob matches,low for active/runtime/experiment paths; inspect individually,high only for blob-verified retired duplicates
11_archive/phase5r_retired_20260831/08_reviews/phase5r_model_pilot/replacement_v4,HISTORICAL_GIT_RECOVERABLE,Historical evidence plus Git-recoverable retirement and private predecessors,archive custodian,1,5449,phase5r_model_pilot_v4_plan.json,tracked plus possible ignored runtime,authored/source evidence plus runtime outputs,historical,,,,,,verified annotated tag; every blob matches,low for active/runtime/experiment paths; inspect individually,high only for blob-verified retired duplicates
11_archive/phase5r_retired_20260831/08_reviews/phase5r_model_pilot/replacement_v5,HISTORICAL_GIT_RECOVERABLE,Historical evidence plus Git-recoverable retirement and private predecessors,archive custodian,1,4460,phase5r_model_pilot_v5_plan.json,tracked plus possible ignored runtime,authored/source evidence plus runtime outputs,historical,,,,,,verified annotated tag; every blob matches,low for active/runtime/experiment paths; inspect individually,high only for blob-verified retired duplicates
11_archive/phase5r_retired_20260831/08_reviews/phase5r_model_pilot/replacement_v6,HISTORICAL_GIT_RECOVERABLE,Historical evidence plus Git-recoverable retirement and private predecessors,archive custodian,3,8432,phase5r_model_pilot_v6_authorization_request.md;phase5r_model_pilot_v6_capability_gate_report.md;phase5r_model_pilot_v6_plan.json,tracked plus possible ignored runtime,authored/source evidence plus runtime outputs,historical,,,,,,verified annotated tag; every blob matches,low for active/runtime/experiment paths; inspect individually,high only for blob-verified retired duplicates
11_archive/phase5r_retired_20260831/08_reviews/phase5r_model_pilot/replacement_v7,HISTORICAL_GIT_RECOVERABLE,Historical evidence plus Git-recoverable retirement and private predecessors,archive custodian,1,2959,phase5r_model_pilot_v7_plan.json,tracked plus possible ignored runtime,authored/source evidence plus runtime outputs,historical,,,,,,verified annotated tag; every blob matches,low for active/runtime/experiment paths; inspect individually,high only for blob-verified retired duplicates
11_archive/phase5r_retired_20260831/08_reviews/phase5r_model_pilot/replacement_v8,HISTORICAL_GIT_RECOVERABLE,Historical evidence plus Git-recoverable retirement and private predecessors,archive custodian,1,1497,phase5r_model_pilot_v8_qualification_plan.json,tracked plus possible ignored runtime,authored/source evidence plus runtime outputs,historical,,,,,,verified annotated tag; every blob matches,low for active/runtime/experiment paths; inspect individually,high only for blob-verified retired duplicates
11_archive/phase5r_retired_20260831/08_reviews/phase5r_model_pilot/replacement_v9,HISTORICAL_GIT_RECOVERABLE,Historical evidence plus Git-recoverable retirement and private predecessors,archive custodian,1,3766,phase5r_model_pilot_v9_plan.json,tracked plus possible ignored runtime,authored/source evidence plus runtime outputs,historical,,,,,,verified annotated tag; every blob matches,low for active/runtime/experiment paths; inspect individually,high only for blob-verified retired duplicates
11_archive/phase5r_retired_20260831/09_scripts,HISTORICAL_GIT_RECOVERABLE,Historical evidence plus Git-recoverable retirement and private predecessors,archive custodian,147,3564929,phase5r,tracked plus possible ignored runtime,authored/source evidence plus runtime outputs,historical,,,,,,verified annotated tag; every blob matches,low for active/runtime/experiment paths; inspect individually,high only for blob-verified retired duplicates
11_archive/phase5r_retired_20260831/09_scripts/phase5r,HISTORICAL_GIT_RECOVERABLE,Historical evidence plus Git-recoverable retirement and private predecessors,archive custodian,147,3564929,check_phase5r_b1_market_data_source.py;create_phase5r_b2_manual_trade_tickets.py;create_phase5r_b_manual_fallback_template.py;create_phase5r_b_manual_trade_tickets.py;create_phase5r_c1_daily_email_brief.py;create_phase5r_c4_position_template.py;create_phase5r_c5_company_research_packets.py;create_phase5r_c5_research_queue.py;create_phase5r_c5_weekly_conviction_memo.py;create_phase5r_c5t_manual_action_plan.py;create_phase5r_c5t_trim_scenarios.py;create_phase5r_c6_weekly_email_brief.py;create_phase5r_c9b_execution_template.py;create_phase5r_llm_transition_annotation_template.py;create_phase5r_manual_trade_tickets.py;create_phase5r_universe_seed.py;enable_phase5r_llm_live_shadow.py;evaluate_phase5r_llm_decision.py;inventory_phase5r_llm_replay_corpus.py;phase5r_assertion_span_contract_v3.py;phase5r_llm_activation_receipt.py;phase5r_llm_blinded_challenger.py;phase5r_llm_citation_reviews.py;phase5r_llm_contract.py;phase5r_llm_cost_aware_router.py;phase5r_llm_evidence_contract_v2.py;phase5r_llm_evidence_contract_v2_handoff.py;phase5r_llm_internal_quality.py;phase5r_llm_provider.py;phase5r_llm_role_execution_ledger.py;phase5r_llm_shadow_router_gate.py;phase5r_llm_transition_annotations.py;phase5r_market_data_adapter.py;phase5r_market_data_contract.py;phase5r_massive_payload_adapter.py;phase5r_model_pilot_requirements.lock.txt;phase5r_model_pilot_v3_prompt.py;phase5r_model_pilot_v4_contract.py;phase5r_model_pilot_v5_contract.py;phase5r_model_pilot_v6_contract.py;phase5r_model_router.py;phase5r_point_in_time_performance.py;phase5r_production_shadow_email_gate.py;phase5r_production_shadow_requirements.txt;phase5r_production_shadow_v1.py;phase5r_sequential_portfolio_simulator.py;phase5r_strict_replay_artifacts.py;prepare_phase5r_llm_replay_corpus.py;record_phase5r_production_shadow_human_assessment.py;refresh_phase5r_c4r_current_position_intake.py;run_phase5r_b_market_data_update.py;run_phase5r_c3_daily_email_pipeline.py;run_phase5r_c7_weekly_conviction_pipeline.py;run_phase5r_d3_weekly_catchup.py;run_phase5r_dry_run_screener.py;run_phase5r_future_v2_offline_integration.py;run_phase5r_llm_provider_replay_evaluation.py;run_phase5r_llm_shadow.py;run_phase5r_llm_shadow_scheduler.py;run_phase5r_model_pilot.py;run_phase5r_model_pilot_v10.py;run_phase5r_model_pilot_v2.py;run_phase5r_model_pilot_v3.py;run_phase5r_model_pilot_v4.py;run_phase5r_model_pilot_v5.py;run_phase5r_model_pilot_v6.py;run_phase5r_model_pilot_v7.py;run_phase5r_model_pilot_v8_qualification.py;run_phase5r_model_pilot_v9.py;run_phase5r_production_shadow.py;score_phase5r_b_candidates.py;score_phase5r_c5_weekly_conviction.py;score_phase5r_candidates.py;send_phase5r_c2_daily_email.py;send_phase5r_c6_weekly_email.py;send_phase5r_production_shadow_email.py;tests;validate_phase5r_c4_position_state.py;verify_phase5r_b1_data_enablement.py;verify_phase5r_b2_read_only_boundary.py;verify_phase5r_b_read_only_boundary.py;verify_phase5r_c1_email_brief_boundary.py;verify_phase5r_c2_email_delivery_boundary.py;verify_phase5r_c3_daily_pipeline_boundary.py;verify_phase5r_c4_portfolio_boundary.py;verify_phase5r_c4r_boundary.py;verify_phase5r_c5_deep_research_boundary.py;verify_phase5r_c5t_manual_action_boundary.py;verify_phase5r_c6_weekly_email_boundary.py;verify_phase5r_c7_weekly_pipeline_boundary.py;verify_phase5r_c9_account_boundary.py;verify_phase5r_c9b_boundary.py;verify_phase5r_d1_scheduler_boundary.py;verify_phase5r_d2_weekly_scheduler_boundary.py;verify_phase5r_d3_catchup_scheduler_boundary.py;verify_phase5r_d3f_hotfix.py;verify_phase5r_llm_provider_replay_gate.py;verify_phase5r_llm_replay_corpus.py;verify_phase5r_llm_shadow_boundary.py;verify_phase5r_manual_execution_boundary.py;verify_phase5r_production_shadow_readiness.py;verify_phase5r_safe_shadow_readiness.py;verify_phase5r_v10_ai_review_governance.py,tracked plus possible ignored runtime,authored/source evidence plus runtime outputs,historical,,,,,,verified annotated tag; every blob matches,low for active/runtime/experiment paths; inspect individually,high only for blob-verified retired duplicates
11_archive/phase5r_retired_20260831/09_scripts/phase5r/tests,HISTORICAL_GIT_RECOVERABLE,Historical evidence plus Git-recoverable retirement and private predecessors,archive custodian,45,846735,fixtures;test_phase5r_assertion_span_contract_v3.py;test_phase5r_llm_blinded_challenger.py;test_phase5r_llm_citations.py;test_phase5r_llm_contract.py;test_phase5r_llm_cost_aware_router.py;test_phase5r_llm_evidence_contract_v2.py;test_phase5r_llm_evidence_contract_v2_handoff.py;test_phase5r_llm_internal_quality.py;test_phase5r_llm_numeric.py;test_phase5r_llm_policy_gate.py;test_phase5r_llm_provider.py;test_phase5r_llm_provider_replay_gate.py;test_phase5r_llm_provider_replay_runner.py;test_phase5r_llm_replay.py;test_phase5r_llm_replay_corpus.py;test_phase5r_llm_replay_inventory.py;test_phase5r_llm_role_execution_ledger.py;test_phase5r_llm_role_inputs.py;test_phase5r_llm_shadow_boundary.py;test_phase5r_llm_shadow_router_gate.py;test_phase5r_llm_transition_annotations.py;test_phase5r_llm_valuation_integration.py;test_phase5r_market_data_contract.py;test_phase5r_model_pilot.py;test_phase5r_model_pilot_v10.py;test_phase5r_model_pilot_v2.py;test_phase5r_model_pilot_v3.py;test_phase5r_model_pilot_v3_prompt.py;test_phase5r_model_pilot_v4.py;test_phase5r_model_pilot_v4_contract.py;test_phase5r_model_pilot_v5.py;test_phase5r_model_pilot_v5_contract.py;test_phase5r_model_pilot_v6.py;test_phase5r_model_pilot_v7.py;test_phase5r_model_pilot_v8_qualification.py;test_phase5r_model_pilot_v9.py;test_phase5r_point_in_time_performance.py;test_phase5r_production_shadow_email.py;test_phase5r_production_shadow_v1.py;test_phase5r_safe_shadow_readiness.py;test_phase5r_sequential_portfolio_simulator.py;test_phase5r_strict_replay_artifacts.py;test_run_phase5r_future_v2_offline_integration.py;test_verify_phase5r_v10_ai_review_governance.py,tracked plus possible ignored runtime,authored/source evidence plus runtime outputs,historical,,,,,,verified annotated tag; every blob matches,low for active/runtime/experiment paths; inspect individually,high only for blob-verified retired duplicates
11_archive/phase5r_retired_20260831/09_scripts/phase5r/tests/fixtures,HISTORICAL_GIT_RECOVERABLE,Historical evidence plus Git-recoverable retirement and private predecessors,archive custodian,1,3648,market_data,tracked plus possible ignored runtime,authored/source evidence plus runtime outputs,historical,,,,,,verified annotated tag; every blob matches,low for active/runtime/experiment paths; inspect individually,high only for blob-verified retired duplicates
11_archive/phase5r_retired_20260831/09_scripts/phase5r/tests/fixtures/market_data,HISTORICAL_GIT_RECOVERABLE,Historical evidence plus Git-recoverable retirement and private predecessors,archive custodian,1,3648,massive_valid_synthetic.json,tracked plus possible ignored runtime,authored/source evidence plus runtime outputs,historical,,,,,,verified annotated tag; every blob matches,low for active/runtime/experiment paths; inspect individually,high only for blob-verified retired duplicates
11_archive/portfolio_versions.local,HISTORICAL_UNIQUE,Historical evidence plus Git-recoverable retirement and private predecessors,archive custodian,0,0,,runtime-only,authored/source evidence plus runtime outputs,current,09_scripts/equity_research/portfolio_archive.py,,09_scripts/equity_research/tests/test_portfolio_archive.py,00_project_control/account_state_policy.md;05_risk_and_positions/README.md,,HEAD 5b314a1d43c6dde7691a3d0eec24d011facb8fd7 for tracked files; private state not recoverable from Git,low for active/runtime/experiment paths; inspect individually,low / not proposed
11_archive/runtime_naming_migration_20260923.local,HISTORICAL_UNIQUE,Historical evidence plus Git-recoverable retirement and private predecessors,archive custodian,0,0,,runtime-only,authored/source evidence plus runtime outputs,current,,,,,,HEAD 5b314a1d43c6dde7691a3d0eec24d011facb8fd7 for tracked files; private state not recoverable from Git,low for active/runtime/experiment paths; inspect individually,low / not proposed
11_archive/schedule_before_owner_windows_20260928,HISTORICAL_UNIQUE,Historical evidence plus Git-recoverable retirement and private predecessors,archive custodian,12,81983,00_project_control;09_scripts;README.md;full_universe_data_policy.archive.json;manifest.json;news_schedule.archive.json,tracked plus possible ignored runtime,authored/source evidence plus runtime outputs,historical,,,,00_project_control/collector_timing_20260928.md;00_project_control/daily_delivery_policy.md;00_project_control/daily_research_policy.md,,HEAD 5b314a1d43c6dde7691a3d0eec24d011facb8fd7 for tracked files; private state not recoverable from Git,low for active/runtime/experiment paths; inspect individually,low / not proposed
11_archive/schedule_before_owner_windows_20260928/00_project_control,HISTORICAL_UNIQUE,Historical evidence plus Git-recoverable retirement and private predecessors,archive custodian,7,75882,active_production_config.json;active_state_policy.md;analyst_followthrough.md;daily_delivery_policy.md;daily_research_policy.md;full_universe_data_policy.md;owner_review_preferences.md,tracked plus possible ignored runtime,authored/source evidence plus runtime outputs,historical,,,,,,HEAD 5b314a1d43c6dde7691a3d0eec24d011facb8fd7 for tracked files; private state not recoverable from Git,low for active/runtime/experiment paths; inspect individually,low / not proposed
11_archive/schedule_before_owner_windows_20260928/09_scripts,HISTORICAL_UNIQUE,Historical evidence plus Git-recoverable retirement and private predecessors,archive custodian,1,2683,equity_research,tracked plus possible ignored runtime,authored/source evidence plus runtime outputs,historical,,,,,,HEAD 5b314a1d43c6dde7691a3d0eec24d011facb8fd7 for tracked files; private state not recoverable from Git,low for active/runtime/experiment paths; inspect individually,low / not proposed
11_archive/schedule_before_owner_windows_20260928/09_scripts/equity_research,HISTORICAL_UNIQUE,Historical evidence plus Git-recoverable retirement and private predecessors,archive custodian,1,2683,news_schedule.py,tracked plus possible ignored runtime,authored/source evidence plus runtime outputs,historical,,,,,,HEAD 5b314a1d43c6dde7691a3d0eec24d011facb8fd7 for tracked files; private state not recoverable from Git,low for active/runtime/experiment paths; inspect individually,low / not proposed
graphify-out,GENERATED_REGENERABLE,Retained navigation fast path; source-excluded generated graph,Graphify CLI,10,6046856,.graphify_analysis.json;.graphify_labels.json;.graphify_labels.json.sig;.graphify_learning.json;.graphify_python;.graphify_root;.vocab.txt;GRAPH_REPORT.md;graph.json;manifest.json,tracked plus possible ignored runtime,generated,current,09_scripts/equity_research/check_active_display_names.py;09_scripts/equity_research/repair_graph_display_names.py,,09_scripts/equity_research/tests/test_active_display_names.py,.codex/skills/graphify/SKILL.md;.codex/skills/graphify/references/add-watch.md;.codex/skills/graphify/references/exports.md;.codex/skills/graphify/references/github-and-merge.md;.codex/skills/graphify/references/query.md;.codex/skills/graphify/references/transcribe.md;.codex/skills/graphify/references/update.md;00_project_control/equity_naming_policy.md;AGENTS.md,,HEAD 5b314a1d43c6dde7691a3d0eec24d011facb8fd7 for tracked files; private state not recoverable from Git,low for active/runtime/experiment paths; inspect individually,low / not proposed
graphify-out/2026-09-01,GENERATED_REGENERABLE,Retained navigation fast path; source-excluded generated graph,Graphify CLI,0,0,,runtime-only,generated,current,,,,,,HEAD 5b314a1d43c6dde7691a3d0eec24d011facb8fd7 for tracked files; private state not recoverable from Git,low for active/runtime/experiment paths; inspect individually,low / not proposed
graphify-out/2026-09-02,GENERATED_REGENERABLE,Retained navigation fast path; source-excluded generated graph,Graphify CLI,0,0,,runtime-only,generated,current,,,,,,HEAD 5b314a1d43c6dde7691a3d0eec24d011facb8fd7 for tracked files; private state not recoverable from Git,low for active/runtime/experiment paths; inspect individually,low / not proposed
graphify-out/2026-09-03,GENERATED_REGENERABLE,Retained navigation fast path; source-excluded generated graph,Graphify CLI,0,0,,runtime-only,generated,current,,,,,,HEAD 5b314a1d43c6dde7691a3d0eec24d011facb8fd7 for tracked files; private state not recoverable from Git,low for active/runtime/experiment paths; inspect individually,low / not proposed
graphify-out/2026-09-04,GENERATED_REGENERABLE,Retained navigation fast path; source-excluded generated graph,Graphify CLI,0,0,,runtime-only,generated,current,,,,,,HEAD 5b314a1d43c6dde7691a3d0eec24d011facb8fd7 for tracked files; private state not recoverable from Git,low for active/runtime/experiment paths; inspect individually,low / not proposed
graphify-out/2026-09-05,GENERATED_REGENERABLE,Retained navigation fast path; source-excluded generated graph,Graphify CLI,0,0,,runtime-only,generated,current,,,,,,HEAD 5b314a1d43c6dde7691a3d0eec24d011facb8fd7 for tracked files; private state not recoverable from Git,low for active/runtime/experiment paths; inspect individually,low / not proposed
graphify-out/2026-09-11,GENERATED_REGENERABLE,Retained navigation fast path; source-excluded generated graph,Graphify CLI,0,0,,runtime-only,generated,current,,,,,,HEAD 5b314a1d43c6dde7691a3d0eec24d011facb8fd7 for tracked files; private state not recoverable from Git,low for active/runtime/experiment paths; inspect individually,low / not proposed
graphify-out/2026-09-14,GENERATED_REGENERABLE,Retained navigation fast path; source-excluded generated graph,Graphify CLI,0,0,,runtime-only,generated,current,,,,,,HEAD 5b314a1d43c6dde7691a3d0eec24d011facb8fd7 for tracked files; private state not recoverable from Git,low for active/runtime/experiment paths; inspect individually,low / not proposed
graphify-out/2026-09-20,GENERATED_REGENERABLE,Retained navigation fast path; source-excluded generated graph,Graphify CLI,0,0,,runtime-only,generated,current,,,,,,HEAD 5b314a1d43c6dde7691a3d0eec24d011facb8fd7 for tracked files; private state not recoverable from Git,low for active/runtime/experiment paths; inspect individually,low / not proposed
graphify-out/2026-09-22,GENERATED_REGENERABLE,Retained navigation fast path; source-excluded generated graph,Graphify CLI,0,0,,runtime-only,generated,current,,,,,,HEAD 5b314a1d43c6dde7691a3d0eec24d011facb8fd7 for tracked files; private state not recoverable from Git,low for active/runtime/experiment paths; inspect individually,low / not proposed
graphify-out/2026-09-23,GENERATED_REGENERABLE,Retained navigation fast path; source-excluded generated graph,Graphify CLI,0,0,,runtime-only,generated,current,,,,,,HEAD 5b314a1d43c6dde7691a3d0eec24d011facb8fd7 for tracked files; private state not recoverable from Git,low for active/runtime/experiment paths; inspect individually,low / not proposed
graphify-out/2026-09-24,GENERATED_REGENERABLE,Retained navigation fast path; source-excluded generated graph,Graphify CLI,0,0,,runtime-only,generated,current,,,,,,HEAD 5b314a1d43c6dde7691a3d0eec24d011facb8fd7 for tracked files; private state not recoverable from Git,low for active/runtime/experiment paths; inspect individually,low / not proposed
graphify-out/2026-09-26,GENERATED_REGENERABLE,Retained navigation fast path; source-excluded generated graph,Graphify CLI,0,0,,runtime-only,generated,current,,,,,,HEAD 5b314a1d43c6dde7691a3d0eec24d011facb8fd7 for tracked files; private state not recoverable from Git,low for active/runtime/experiment paths; inspect individually,low / not proposed
graphify-out/2026-09-27,GENERATED_REGENERABLE,Retained navigation fast path; source-excluded generated graph,Graphify CLI,0,0,,runtime-only,generated,current,,,,,,HEAD 5b314a1d43c6dde7691a3d0eec24d011facb8fd7 for tracked files; private state not recoverable from Git,low for active/runtime/experiment paths; inspect individually,low / not proposed
graphify-out/2026-09-28,GENERATED_REGENERABLE,Retained navigation fast path; source-excluded generated graph,Graphify CLI,0,0,,runtime-only,generated,current,,,,,,HEAD 5b314a1d43c6dde7691a3d0eec24d011facb8fd7 for tracked files; private state not recoverable from Git,low for active/runtime/experiment paths; inspect individually,low / not proposed
graphify-out/2026-09-29,GENERATED_REGENERABLE,Retained navigation fast path; source-excluded generated graph,Graphify CLI,0,0,,runtime-only,generated,current,,,,,,HEAD 5b314a1d43c6dde7691a3d0eec24d011facb8fd7 for tracked files; private state not recoverable from Git,low for active/runtime/experiment paths; inspect individually,low / not proposed
graphify-out/2026-09-30,GENERATED_REGENERABLE,Retained navigation fast path; source-excluded generated graph,Graphify CLI,0,0,,runtime-only,generated,current,,,,,,HEAD 5b314a1d43c6dde7691a3d0eec24d011facb8fd7 for tracked files; private state not recoverable from Git,low for active/runtime/experiment paths; inspect individually,low / not proposed
graphify-out/2026-10-01,GENERATED_REGENERABLE,Retained navigation fast path; source-excluded generated graph,Graphify CLI,0,0,,runtime-only,generated,current,,,,,,HEAD 5b314a1d43c6dde7691a3d0eec24d011facb8fd7 for tracked files; private state not recoverable from Git,low for active/runtime/experiment paths; inspect individually,low / not proposed
graphify-out/2026-10-03,GENERATED_REGENERABLE,Retained navigation fast path; source-excluded generated graph,Graphify CLI,0,0,,runtime-only,generated,current,,,,,,HEAD 5b314a1d43c6dde7691a3d0eec24d011facb8fd7 for tracked files; private state not recoverable from Git,low for active/runtime/experiment paths; inspect individually,low / not proposed
graphify-out/reflections,GENERATED_REGENERABLE,Retained navigation fast path; source-excluded generated graph,Graphify CLI,0,0,,runtime-only,generated,current,,,,.codex/skills/graphify/references/query.md,,HEAD 5b314a1d43c6dde7691a3d0eec24d011facb8fd7 for tracked files; private state not recoverable from Git,low for active/runtime/experiment paths; inspect individually,low / not proposed
